trecho;quadro;quem;x;z;vel;pe0_ar;pe1_ar;cabeca_px;rosto_para_camera
largada;1;clown;-12.600;3.009;0.50;false;false;137.0;0.85
largada;1;acrobat;-13.800;3.300;0.00;false;false;107.6;0.87
largada;2;clown;-12.600;3.027;1.00;false;false;137.1;0.85
largada;2;acrobat;-13.800;3.300;0.00;false;false;107.6;0.87
largada;3;clown;-12.600;3.052;1.50;false;false;137.2;0.85
largada;3;acrobat;-13.800;3.300;0.00;false;false;107.6;0.87
largada;4;clown;-12.600;3.086;2.00;false;false;137.4;0.84
largada;4;acrobat;-13.800;3.300;0.00;false;false;107.6;0.87
largada;5;clown;-12.600;3.127;2.40;false;true;137.6;0.84
largada;5;acrobat;-13.800;3.300;0.00;false;false;107.5;0.87
largada;6;clown;-12.600;3.167;2.40;true;true;137.9;0.84
largada;6;acrobat;-13.800;3.300;0.00;false;false;107.5;0.87
largada;7;clown;-12.600;3.208;2.40;true;true;138.2;0.83
largada;7;acrobat;-13.800;3.300;0.00;false;false;107.5;0.87
largada;8;clown;-12.600;3.248;2.40;true;true;138.5;0.83
largada;8;acrobat;-13.800;3.300;0.00;false;false;107.5;0.87
largada;9;clown;-12.600;3.289;2.40;true;true;138.7;0.82
largada;9;acrobat;-13.800;3.300;0.00;false;false;107.5;0.87
largada;10;clown;-12.600;3.329;2.40;true;true;138.9;0.82
largada;10;acrobat;-13.800;3.300;0.00;false;false;107.5;0.87
largada;11;clown;-12.592;3.362;1.96;true;true;138.8;0.81
largada;11;acrobat;-13.800;3.300;0.00;false;false;107.5;0.88
largada;12;clown;-12.575;3.390;1.97;true;true;138.7;0.80
largada;12;acrobat;-13.800;3.300;0.00;false;false;107.5;0.88
largada;13;clown;-12.567;3.468;2.40;false;false;137.9;0.80
largada;13;acrobat;-13.800;3.300;0.00;false;false;107.5;0.88
largada;14;clown;-12.567;3.508;2.40;false;false;138.0;0.80
largada;14;acrobat;-13.800;3.300;0.00;false;false;107.5;0.88
largada;15;clown;-12.558;3.540;1.96;false;false;138.1;0.79
largada;15;acrobat;-13.800;3.300;0.00;false;false;107.4;0.88
largada;16;clown;-12.542;3.569;1.97;false;false;138.2;0.78
largada;16;acrobat;-13.800;3.300;0.00;false;false;107.4;0.88
largada;17;clown;-12.533;3.606;2.25;false;false;138.3;0.78
largada;17;acrobat;-13.800;3.300;0.00;false;false;107.4;0.88
largada;18;clown;-12.533;3.646;2.40;false;false;138.4;0.78
largada;18;acrobat;-13.800;3.300;0.00;false;false;107.4;0.88
largada;19;clown;-12.533;3.687;2.40;false;true;138.5;0.78
largada;19;acrobat;-13.800;3.300;0.00;false;false;107.4;0.88
largada;20;clown;-12.525;3.719;1.96;true;true;138.9;0.78
largada;20;acrobat;-13.800;3.300;0.00;false;false;107.4;0.88
largada;21;clown;-12.508;3.747;1.97;true;true;139.3;0.77
largada;21;acrobat;-13.800;3.300;0.00;false;false;107.4;0.88
largada;22;clown;-12.500;3.784;2.25;true;true;139.5;0.77
largada;22;acrobat;-13.800;3.300;0.00;false;false;107.4;0.88
largada;23;clown;-12.500;3.824;2.40;true;true;139.5;0.77
largada;23;acrobat;-13.792;3.305;0.57;false;false;107.5;0.86
largada;24;clown;-12.492;3.856;1.96;true;true;139.6;0.77
largada;24;acrobat;-13.780;3.309;0.72;false;false;107.6;0.83
largada;25;clown;-12.475;3.885;1.97;true;true;139.5;0.76
largada;25;acrobat;-13.769;3.314;0.72;false;false;107.6;0.80
largada;26;clown;-12.467;3.922;2.25;true;true;139.3;0.75
largada;26;acrobat;-13.758;3.320;0.72;false;false;107.6;0.76
largada;27;clown;-12.467;3.962;2.40;true;false;138.5;0.76
largada;27;acrobat;-13.747;3.325;0.72;false;false;107.6;0.73
largada;28;clown;-12.458;3.994;1.96;false;false;138.5;0.75
largada;28;acrobat;-13.737;3.331;0.72;false;false;107.7;0.70
largada;29;clown;-12.442;4.017;1.72;false;false;138.6;0.74
largada;29;acrobat;-13.726;3.337;0.72;false;false;107.7;0.67
largada;30;clown;-12.417;4.032;1.75;false;false;138.7;0.70
largada;30;acrobat;-13.715;3.342;0.72;false;false;107.6;0.65
largada;31;clown;-12.194;3.899;2.40;true;true;139.9;-0.11
largada;31;acrobat;-13.627;3.383;0.72;true;false;108.0;0.51
largada;32;clown;-12.158;3.880;2.50;true;true;139.5;-0.16
largada;32;acrobat;-13.616;3.387;0.72;true;false;108.0;0.49
largada;33;clown;-12.079;3.865;2.41;false;false;138.8;-0.17
largada;33;acrobat;-13.593;3.394;0.72;true;false;108.0;0.45
largada;34;clown;-12.040;3.865;2.40;false;false;138.9;-0.15
largada;34;acrobat;-13.581;3.398;0.72;true;false;108.0;0.44
largada;35;clown;-12.000;3.865;2.40;false;false;139.0;-0.14
largada;35;acrobat;-13.570;3.401;0.72;true;false;108.0;0.42
largada;36;clown;-11.921;3.865;2.40;false;false;139.3;-0.12
largada;36;acrobat;-13.546;3.408;0.72;true;false;107.9;0.40
curva1;37;clown;-11.882;3.865;2.40;false;true;139.4;-0.12
curva1;37;acrobat;-13.534;3.411;0.78;true;false;107.9;0.39
curva1;38;clown;-11.843;3.865;2.40;false;true;139.8;-0.11
curva1;38;acrobat;-13.520;3.415;0.84;true;true;107.8;0.38
curva1;39;clown;-11.764;3.866;2.40;true;true;140.5;-0.09
curva1;39;acrobat;-13.490;3.423;0.96;true;true;107.6;0.36
curva1;40;clown;-11.733;3.857;1.96;true;true;140.5;-0.11
curva1;40;acrobat;-13.474;3.427;0.99;true;true;107.7;0.36
curva1;41;clown;-11.693;3.857;2.40;true;true;140.4;-0.10
curva1;41;acrobat;-13.458;3.431;1.04;false;true;107.4;0.35
curva1;42;clown;-11.634;3.833;1.97;true;true;140.6;-0.17
curva1;42;acrobat;-13.423;3.439;1.08;false;true;107.6;0.34
curva1;43;clown;-11.598;3.825;2.25;true;false;139.9;-0.19
curva1;43;acrobat;-13.405;3.443;1.12;false;true;107.7;0.33
curva1;44;clown;-11.559;3.825;2.40;true;false;139.8;-0.18
curva1;44;acrobat;-13.386;3.447;1.16;false;true;107.7;0.33
curva1;45;clown;-11.500;3.800;1.97;false;false;139.5;-0.23
curva1;45;acrobat;-13.347;3.455;1.20;false;true;107.7;0.33
curva1;46;clown;-11.464;3.792;2.25;false;false;139.6;-0.24
curva1;46;acrobat;-13.327;3.458;1.23;false;true;107.7;0.32
curva1;47;clown;-11.425;3.792;2.40;false;false;139.7;-0.22
curva1;47;acrobat;-13.307;3.462;1.28;false;true;107.7;0.32
curva1;48;clown;-11.346;3.792;2.40;false;true;140.0;-0.19
curva1;48;acrobat;-13.263;3.469;1.36;false;true;107.5;0.31
curva1;49;clown;-11.315;3.784;1.96;false;true;140.3;-0.20
curva1;49;acrobat;-13.240;3.473;1.38;false;false;107.0;0.31
curva1;50;clown;-11.287;3.768;1.97;false;true;140.5;-0.23
curva1;50;acrobat;-13.218;3.477;1.38;false;false;107.0;0.31
curva1;51;clown;-11.260;3.743;2.26;true;true;140.6;-0.28
curva1;51;acrobat;-13.195;3.480;1.38;false;false;107.1;0.30
curva1;52;clown;-11.224;3.727;2.41;true;true;140.7;-0.29
curva1;52;acrobat;-13.172;3.483;1.41;false;false;107.1;0.29
curva1;53;clown;-11.184;3.719;2.45;true;true;140.6;-0.28
curva1;53;acrobat;-13.148;3.486;1.44;false;false;107.2;0.29
curva1;54;clown;-11.145;3.719;2.40;true;true;140.8;-0.25
curva1;54;acrobat;-13.124;3.489;1.48;true;false;107.2;0.28
curva1;55;clown;-11.105;3.719;2.40;true;true;140.9;-0.23
curva1;55;acrobat;-13.099;3.491;1.52;true;false;107.4;0.28
curva1;56;clown;-11.066;3.719;2.40;true;false;140.3;-0.21
curva1;56;acrobat;-13.074;3.494;1.55;true;false;107.6;0.27
curva1;57;clown;-11.027;3.719;2.40;true;false;140.3;-0.20
curva1;57;acrobat;-13.048;3.497;1.58;true;false;107.7;0.27
curva1;58;clown;-10.968;3.694;1.97;false;false;140.0;-0.26
curva1;58;acrobat;-12.995;3.503;1.59;true;false;107.9;0.25
curva1;59;clown;-10.932;3.686;2.25;false;false;140.0;-0.26
curva1;59;acrobat;-12.969;3.505;1.61;true;false;107.9;0.24
curva1;60;clown;-10.893;3.686;2.40;false;false;140.1;-0.24
curva1;60;acrobat;-12.942;3.507;1.64;true;false;107.9;0.23
curva1;61;clown;-10.854;3.686;2.40;false;false;140.2;-0.22
curva1;61;acrobat;-12.915;3.510;1.67;true;false;107.8;0.22
curva1;62;clown;-10.823;3.678;1.96;false;true;140.3;-0.23
curva1;62;acrobat;-12.887;3.512;1.68;true;false;107.6;0.22
curva1;63;clown;-10.795;3.662;1.97;false;true;140.5;-0.27
curva1;63;acrobat;-12.860;3.514;1.67;true;false;107.5;0.21
curva1;64;clown;-10.759;3.653;2.25;false;true;140.8;-0.26
curva1;64;acrobat;-12.832;3.516;1.69;false;true;107.1;0.21
curva1;65;clown;-10.720;3.653;2.40;true;true;141.0;-0.23
curva1;65;acrobat;-12.803;3.518;1.72;false;true;107.3;0.21
curva1;66;clown;-10.689;3.645;1.96;true;true;141.0;-0.23
curva1;66;acrobat;-12.775;3.520;1.72;false;true;107.4;0.20
curva1;67;clown;-10.661;3.629;1.97;true;true;140.9;-0.27
curva1;67;acrobat;-12.747;3.521;1.72;false;true;107.6;0.20
curva1;68;clown;-10.586;3.621;2.40;true;true;141.3;-0.24
curva1;68;acrobat;-12.689;3.524;1.76;false;true;107.8;0.20
curva1;69;clown;-10.546;3.621;2.40;true;false;140.7;-0.23
curva1;69;acrobat;-12.660;3.525;1.79;false;true;107.8;0.20
curva1;70;clown;-10.515;3.613;1.96;true;false;140.6;-0.24
curva1;70;acrobat;-12.630;3.527;1.79;false;true;107.7;0.21
curva1;71;clown;-10.488;3.596;1.97;true;false;140.3;-0.28
curva1;71;acrobat;-12.601;3.528;1.79;false;true;107.6;0.21
curva1;72;clown;-10.452;3.588;2.25;false;false;140.1;-0.28
curva1;72;acrobat;-12.571;3.529;1.80;false;true;107.5;0.20
curva1;73;clown;-10.413;3.588;2.40;false;false;140.2;-0.26
curva1;73;acrobat;-12.541;3.529;1.82;false;false;107.0;0.20
curva1;74;clown;-10.373;3.588;2.40;false;false;140.3;-0.24
curva1;74;acrobat;-12.511;3.530;1.85;false;false;107.1;0.20
curva1;75;clown;-10.342;3.580;1.96;false;false;140.3;-0.25
curva1;75;acrobat;-12.481;3.531;1.85;true;false;107.1;0.20
curva1;76;clown;-10.315;3.564;1.97;false;false;140.3;-0.28
curva1;76;acrobat;-12.450;3.532;1.84;true;false;107.3;0.19
curva1;77;clown;-10.279;3.556;2.25;false;true;140.4;-0.28
curva1;77;acrobat;-12.420;3.532;1.85;true;false;107.5;0.19
curva1;78;clown;-10.200;3.556;2.40;false;true;141.3;-0.24
curva1;78;acrobat;-12.358;3.533;1.89;true;false;107.8;0.17
curva1;79;clown;-10.169;3.548;1.96;true;true;141.3;-0.24
curva1;79;acrobat;-12.327;3.533;1.89;true;false;107.8;0.17
curva1;80;clown;-10.142;3.531;1.97;true;true;141.3;-0.27
curva1;80;acrobat;-12.296;3.533;1.88;true;false;107.8;0.16
curva1;81;clown;-10.106;3.523;2.25;true;true;141.2;-0.26
curva1;81;acrobat;-12.265;3.533;1.90;true;false;107.8;0.15
curva1;82;clown;-10.067;3.523;2.40;true;true;141.3;-0.24
curva1;82;acrobat;-12.233;3.533;1.92;true;false;107.6;0.15
curva1;83;clown;-10.036;3.515;1.96;true;true;141.3;-0.25
curva1;83;acrobat;-12.202;3.532;1.91;false;false;107.1;0.15
curva1;84;clown;-10.008;3.499;1.97;true;false;140.6;-0.29
curva1;84;acrobat;-12.171;3.532;1.91;false;true;107.1;0.14
curva1;85;clown;-9.972;3.491;2.25;true;false;140.5;-0.29
curva1;85;acrobat;-12.139;3.531;1.92;false;true;107.3;0.14
curva1;86;clown;-9.933;3.491;2.40;true;false;140.3;-0.27
curva1;86;acrobat;-12.107;3.531;1.94;false;true;107.5;0.14
curva1;87;clown;-9.874;3.466;1.97;false;false;140.3;-0.31
curva1;87;acrobat;-12.044;3.529;1.92;false;true;107.8;0.14
curva1;88;clown;-9.839;3.458;2.25;false;false;140.4;-0.31
curva1;88;acrobat;-12.012;3.528;1.94;false;true;107.8;0.14
curva1;89;clown;-9.799;3.458;2.40;false;false;140.5;-0.28
curva1;89;acrobat;-11.980;3.527;1.95;false;true;107.8;0.15
curva1;90;clown;-9.760;3.458;2.40;false;true;140.6;-0.26
curva1;90;acrobat;-11.948;3.526;1.97;false;true;107.7;0.15
curva1;91;clown;-9.729;3.450;1.96;false;true;140.9;-0.26
curva1;91;acrobat;-11.915;3.525;1.97;false;true;107.5;0.15
curva1;92;clown;-9.646;3.382;2.40;true;true;141.2;-0.37
curva1;92;acrobat;-11.820;3.520;1.94;true;false;107.1;0.14
curva1;93;clown;-9.611;3.362;2.50;true;true;141.0;-0.38
curva1;93;acrobat;-11.788;3.518;1.96;true;false;107.4;0.13
curva1;94;clown;-9.571;3.351;2.50;true;true;140.9;-0.37
curva1;94;acrobat;-11.755;3.516;1.97;true;false;107.6;0.13
curva1;95;clown;-9.532;3.347;2.41;true;true;141.1;-0.34
curva1;95;acrobat;-11.723;3.513;1.99;true;false;107.7;0.12
curva1;96;clown;-9.493;3.347;2.40;true;false;140.6;-0.31
curva1;96;acrobat;-11.690;3.511;2.01;true;false;107.8;0.12
curva1;97;clown;-9.415;3.348;2.40;true;false;140.8;-0.27
curva1;97;acrobat;-11.624;3.506;2.04;true;false;107.8;0.09
curva1;98;clown;-9.375;3.348;2.40;true;false;140.6;-0.26
curva1;98;acrobat;-11.590;3.504;2.05;true;false;107.7;0.09
curva1;99;clown;-9.336;3.348;2.40;false;false;140.4;-0.24
curva1;99;acrobat;-11.556;3.502;2.06;true;false;107.5;0.09
reta;100;clown;-9.297;3.348;2.40;false;false;140.4;-0.22
reta;100;acrobat;-11.522;3.499;2.07;false;false;107.1;0.09
reta;101;clown;-9.219;3.348;2.40;false;true;141.1;-0.20
reta;101;acrobat;-11.454;3.495;2.10;false;true;107.4;0.09
reta;102;clown;-9.180;3.348;2.40;false;true;141.3;-0.19
reta;102;acrobat;-11.419;3.493;2.11;false;true;107.6;0.09
reta;103;clown;-9.140;3.348;2.40;false;true;141.4;-0.17
reta;103;acrobat;-11.385;3.490;2.12;false;true;107.7;0.09
reta;104;clown;-9.062;3.348;2.40;false;true;141.7;-0.15
reta;104;acrobat;-11.315;3.486;2.14;false;true;107.8;0.11
reta;105;clown;-9.023;3.348;2.40;true;true;141.5;-0.14
reta;105;acrobat;-11.280;3.484;2.15;false;true;107.7;0.11
reta;106;clown;-8.984;3.348;2.40;true;true;141.5;-0.14
reta;106;acrobat;-11.244;3.482;2.16;false;true;107.6;0.12
reta;107;clown;-8.945;3.348;2.40;true;false;141.2;-0.13
reta;107;acrobat;-11.209;3.480;2.17;false;false;107.1;0.12
reta;108;clown;-8.866;3.348;2.40;true;false;141.7;-0.14
reta;108;acrobat;-11.138;3.476;2.19;true;false;107.1;0.12
reta;109;clown;-8.827;3.348;2.40;true;false;141.6;-0.15
reta;109;acrobat;-11.102;3.474;2.19;true;false;107.4;0.12
reta;110;clown;-8.788;3.348;2.40;true;false;141.5;-0.15
reta;110;acrobat;-11.066;3.472;2.20;true;false;107.6;0.12
reta;111;clown;-8.749;3.348;2.40;true;false;141.2;-0.15
reta;111;acrobat;-11.030;3.470;2.21;true;false;107.8;0.12
reta;112;clown;-8.671;3.348;2.40;false;true;141.2;-0.15
reta;112;acrobat;-10.957;3.467;2.22;true;false;107.8;0.10
reta;113;clown;-8.632;3.348;2.40;false;true;141.4;-0.15
reta;113;acrobat;-10.921;3.465;2.23;true;false;107.7;0.09
reta;114;clown;-8.592;3.348;2.40;false;true;141.7;-0.15
reta;114;acrobat;-10.884;3.463;2.23;true;false;107.6;0.10
reta;115;clown;-8.553;3.348;2.40;false;true;141.8;-0.14
reta;115;acrobat;-10.847;3.461;2.24;false;false;107.1;0.10
reta;116;clown;-8.475;3.348;2.40;false;true;142.1;-0.12
reta;116;acrobat;-10.774;3.458;2.25;false;true;107.4;0.09
reta;117;clown;-8.436;3.348;2.40;true;true;141.9;-0.12
reta;117;acrobat;-10.737;3.456;2.26;false;true;107.6;0.10
reta;118;clown;-8.397;3.348;2.40;true;true;141.9;-0.12
reta;118;acrobat;-10.700;3.454;2.26;false;true;107.7;0.10
reta;119;clown;-8.358;3.348;2.40;true;false;141.7;-0.12
reta;119;acrobat;-10.663;3.453;2.27;false;true;107.8;0.11
reta;120;clown;-8.319;3.348;2.40;true;false;141.9;-0.12
reta;120;acrobat;-10.626;3.451;2.27;false;true;107.7;0.12
reta;121;clown;-8.280;3.348;2.40;true;false;142.0;-0.13
reta;121;acrobat;-10.589;3.450;2.28;false;true;107.6;0.13
reta;122;clown;-8.241;3.348;2.40;true;false;141.9;-0.14
reta;122;acrobat;-10.551;3.448;2.28;false;true;107.5;0.13
reta;123;clown;-8.202;3.348;2.40;true;false;141.8;-0.15
reta;123;acrobat;-10.514;3.446;2.28;false;false;107.0;0.13
reta;124;clown;-8.124;3.348;2.40;false;false;141.6;-0.15
reta;124;acrobat;-10.439;3.443;2.29;true;false;107.3;0.13
reta;125;clown;-8.084;3.348;2.40;false;true;141.6;-0.15
reta;125;acrobat;-10.402;3.442;2.30;true;false;107.5;0.13
reta;126;clown;-8.045;3.348;2.40;false;true;141.9;-0.15
reta;126;acrobat;-10.364;3.440;2.30;true;false;107.7;0.12
reta;127;clown;-8.006;3.348;2.40;false;true;142.1;-0.15
reta;127;acrobat;-10.326;3.439;2.30;true;false;107.8;0.12
reta;128;clown;-7.967;3.348;2.40;false;true;142.2;-0.14
reta;128;acrobat;-10.289;3.438;2.31;true;false;107.7;0.11
reta;129;clown;-7.889;3.348;2.40;false;true;142.5;-0.13
reta;129;acrobat;-10.213;3.435;2.31;true;false;107.5;0.10
reta;130;clown;-7.850;3.348;2.40;true;true;142.3;-0.12
reta;130;acrobat;-10.175;3.433;2.32;false;false;107.1;0.10
reta;131;clown;-7.811;3.348;2.40;true;true;142.2;-0.12
reta;131;acrobat;-10.138;3.432;2.32;false;true;107.1;0.11
reta;132;clown;-7.772;3.348;2.40;true;false;142.0;-0.12
reta;132;acrobat;-10.100;3.431;2.32;false;true;107.3;0.11
reta;133;clown;-7.733;3.348;2.40;true;false;142.1;-0.12
reta;133;acrobat;-10.062;3.430;2.32;false;true;107.6;0.11
reta;134;clown;-7.655;3.348;2.40;true;false;142.5;-0.15
reta;134;acrobat;-9.986;3.427;2.33;false;true;107.7;0.12
reta;135;clown;-7.616;3.348;2.40;true;false;142.3;-0.15
reta;135;acrobat;-9.948;3.426;2.33;false;true;107.7;0.13
reta;136;clown;-7.577;3.348;2.40;true;false;142.0;-0.15
reta;136;acrobat;-9.909;3.425;2.33;false;true;107.6;0.13
reta;137;clown;-7.538;3.348;2.40;false;false;141.6;-0.15
reta;137;acrobat;-9.871;3.423;2.33;false;true;107.4;0.14
reta;138;clown;-7.499;3.348;2.40;false;true;141.6;-0.15
reta;138;acrobat;-9.833;3.422;2.34;false;false;107.0;0.14
reta;139;clown;-7.460;3.348;2.40;false;true;142.0;-0.15
reta;139;acrobat;-9.795;3.421;2.34;true;false;107.0;0.14
reta;140;clown;-7.148;3.348;2.40;true;false;143.1;-0.12
reta;140;acrobat;-9.489;3.412;2.35;false;false;107.1;0.12
reta;141;clown;-7.109;3.348;2.40;true;false;142.3;-0.13
reta;141;acrobat;-9.450;3.411;2.35;false;true;107.0;0.12
reta;142;clown;-7.070;3.348;2.40;true;false;142.3;-0.14
reta;142;acrobat;-9.412;3.410;2.35;false;true;107.3;0.12
reta;143;clown;-6.992;3.348;2.40;true;false;142.2;-0.15
reta;143;acrobat;-9.335;3.408;2.36;false;true;107.7;0.12
reta;144;clown;-6.953;3.348;2.40;false;false;141.8;-0.15
reta;144;acrobat;-9.297;3.407;2.36;false;true;107.7;0.13
reta;145;clown;-6.914;3.348;2.40;false;true;141.9;-0.15
reta;145;acrobat;-9.258;3.407;2.36;false;true;107.6;0.14
reta;146;clown;-6.875;3.348;2.40;false;true;142.2;-0.15
reta;146;acrobat;-9.220;3.406;2.36;false;true;107.5;0.14
reta;147;clown;-6.836;3.348;2.40;false;true;142.4;-0.15
reta;147;acrobat;-9.181;3.405;2.36;false;true;107.3;0.14
reta;148;clown;-6.797;3.349;2.40;false;true;142.6;-0.14
reta;148;acrobat;-9.143;3.404;2.36;false;false;107.0;0.15
reta;149;clown;-6.720;3.349;2.40;false;true;142.9;-0.13
reta;149;acrobat;-9.065;3.402;2.36;true;false;107.3;0.14
reta;150;clown;-6.681;3.349;2.40;true;true;142.6;-0.13
reta;150;acrobat;-9.027;3.401;2.37;true;false;107.5;0.14
reta;151;clown;-6.642;3.349;2.40;true;true;142.6;-0.13
reta;151;acrobat;-8.988;3.400;2.37;true;false;107.6;0.14
reta;152;clown;-6.603;3.349;2.40;true;false;142.3;-0.12
reta;152;acrobat;-8.950;3.400;2.37;true;false;107.7;0.13
reta;153;clown;-6.564;3.349;2.40;true;false;142.5;-0.12
reta;153;acrobat;-8.911;3.399;2.37;true;false;107.6;0.12
reta;154;clown;-6.525;3.349;2.40;true;false;142.6;-0.13
reta;154;acrobat;-8.873;3.398;2.37;true;false;107.5;0.12
reta;155;clown;-6.486;3.349;2.40;true;false;142.5;-0.14
reta;155;acrobat;-8.834;3.397;2.37;true;false;107.4;0.12
reta;156;clown;-6.408;3.349;2.40;true;false;142.5;-0.15
reta;156;acrobat;-8.757;3.396;2.37;false;true;107.0;0.12
reta;157;clown;-6.369;3.349;2.40;false;false;142.1;-0.15
reta;157;acrobat;-8.718;3.395;2.37;false;true;107.3;0.12
reta;158;clown;-6.330;3.349;2.40;false;true;142.1;-0.15
reta;158;acrobat;-8.680;3.394;2.37;false;true;107.5;0.12
reta;159;clown;-6.291;3.349;2.40;false;true;142.4;-0.15
reta;159;acrobat;-8.641;3.393;2.37;false;true;107.6;0.13
reta;160;clown;-6.252;3.349;2.40;false;true;142.6;-0.15
reta;160;acrobat;-8.602;3.393;2.37;false;true;107.7;0.13
reta;161;clown;-6.213;3.349;2.40;false;true;142.7;-0.14
reta;161;acrobat;-8.564;3.392;2.37;false;true;107.6;0.14
reta;162;clown;-6.135;3.349;2.40;false;true;143.1;-0.13
reta;162;acrobat;-8.486;3.391;2.38;false;true;107.3;0.14
reta;163;clown;-6.097;3.349;2.40;true;true;142.8;-0.13
reta;163;acrobat;-8.447;3.390;2.38;false;false;106.9;0.15
reta;164;clown;-6.058;3.349;2.40;true;true;142.8;-0.13
reta;164;acrobat;-8.409;3.389;2.38;true;false;107.0;0.15
reta;165;clown;-6.019;3.349;2.40;true;false;142.5;-0.13
reta;165;acrobat;-8.370;3.389;2.38;true;false;107.2;0.15
reta;166;clown;-5.980;3.349;2.40;true;false;142.7;-0.13
reta;166;acrobat;-8.331;3.388;2.38;true;false;107.4;0.15
reta;167;clown;-5.902;3.349;2.40;true;false;143.0;-0.15
reta;167;acrobat;-8.254;3.387;2.38;true;false;107.7;0.13
reta;168;clown;-5.863;3.349;2.40;true;false;142.7;-0.15
reta;168;acrobat;-8.215;3.386;2.38;true;false;107.6;0.12
reta;169;clown;-5.824;3.349;2.40;true;false;142.5;-0.15
reta;169;acrobat;-8.177;3.386;2.38;true;false;107.5;0.12
reta;170;clown;-5.785;3.349;2.40;false;false;142.1;-0.15
reta;170;acrobat;-8.138;3.385;2.38;true;false;107.3;0.12
reta;171;clown;-5.746;3.349;2.40;false;true;142.1;-0.15
reta;171;acrobat;-8.099;3.385;2.38;false;false;107.0;0.12
reta;172;clown;-5.707;3.349;2.40;false;true;142.4;-0.15
reta;172;acrobat;-8.060;3.384;2.38;false;true;107.0;0.12
reta;173;clown;-5.630;3.349;2.40;false;true;143.2;-0.15
reta;173;acrobat;-7.983;3.383;2.38;false;true;107.5;0.12
reta;174;clown;-5.591;3.349;2.40;false;true;143.2;-0.14
reta;174;acrobat;-7.944;3.382;2.38;false;true;107.6;0.13
reta;175;clown;-5.552;3.349;2.40;false;true;143.0;-0.13
reta;175;acrobat;-7.905;3.382;2.38;false;true;107.6;0.14
reta;176;clown;-5.513;3.349;2.40;true;true;142.8;-0.13
reta;176;acrobat;-7.867;3.381;2.38;false;true;107.6;0.15
reta;177;clown;-5.474;3.349;2.40;true;true;142.7;-0.13
reta;177;acrobat;-7.828;3.381;2.38;false;true;107.5;0.15
reta;178;clown;-5.396;3.349;2.40;true;false;143.0;-0.13
reta;178;acrobat;-7.751;3.380;2.38;false;false;106.9;0.15
reta;179;clown;-5.357;3.349;2.40;true;false;143.0;-0.14
reta;179;acrobat;-7.712;3.379;2.38;true;false;107.0;0.15
reta;180;clown;-5.318;3.349;2.40;true;false;142.9;-0.15
reta;180;acrobat;-7.673;3.379;2.38;true;false;107.2;0.15
reta;181;clown;-5.279;3.349;2.40;true;false;142.7;-0.15
reta;181;acrobat;-7.634;3.378;2.39;true;false;107.4;0.15
reta;182;clown;-5.241;3.349;2.40;true;false;142.5;-0.15
reta;182;acrobat;-7.595;3.378;2.39;true;false;107.6;0.15
reta;183;clown;-5.163;3.349;2.40;false;true;142.5;-0.16
reta;183;acrobat;-7.518;3.377;2.39;true;false;107.6;0.13
reta;184;clown;-5.124;3.349;2.40;false;true;142.7;-0.16
reta;184;acrobat;-7.479;3.376;2.39;true;false;107.5;0.12
reta;185;clown;-5.085;3.349;2.40;false;true;143.0;-0.16
reta;185;acrobat;-7.440;3.376;2.39;true;false;107.3;0.12
reta;186;clown;-5.046;3.349;2.40;false;true;143.1;-0.15
reta;186;acrobat;-7.402;3.376;2.39;false;false;106.9;0.12
reta;187;clown;-5.007;3.349;2.40;false;true;143.1;-0.14
reta;187;acrobat;-7.363;3.375;2.39;false;true;107.0;0.13
reta;188;clown;-4.968;3.349;2.40;false;true;143.0;-0.13
reta;188;acrobat;-7.324;3.375;2.39;false;true;107.2;0.13
reta;189;clown;-4.890;3.349;2.40;true;true;143.1;-0.13
reta;189;acrobat;-7.247;3.374;2.39;false;true;107.6;0.13
reta;190;clown;-4.852;3.349;2.40;true;false;142.8;-0.13
reta;190;acrobat;-7.208;3.373;2.39;false;true;107.6;0.14
reta;191;clown;-4.813;3.349;2.40;true;false;142.9;-0.13
reta;191;acrobat;-7.169;3.373;2.39;false;true;107.6;0.15
reta;192;clown;-4.774;3.349;2.40;true;false;142.9;-0.14
reta;192;acrobat;-7.130;3.373;2.39;false;true;107.5;0.15
reta;193;clown;-4.696;3.349;2.40;true;false;143.1;-0.16
reta;193;acrobat;-7.053;3.372;2.39;false;false;106.9;0.15
reta;194;clown;-4.657;3.349;2.40;true;false;142.7;-0.15
reta;194;acrobat;-7.014;3.372;2.39;true;false;106.9;0.15
reta;195;clown;-4.618;3.349;2.40;false;false;142.2;-0.15
reta;195;acrobat;-6.975;3.371;2.39;true;false;107.2;0.15
reta;196;clown;-4.540;3.349;2.40;false;true;142.9;-0.16
reta;196;acrobat;-6.897;3.370;2.39;true;false;107.6;0.15
reta;197;clown;-4.501;3.349;2.40;false;true;143.1;-0.16
reta;197;acrobat;-6.859;3.370;2.39;true;false;107.6;0.14
reta;198;clown;-4.463;3.349;2.40;false;true;143.1;-0.15
reta;198;acrobat;-6.820;3.370;2.39;true;false;107.6;0.13
reta;199;clown;-4.385;3.348;2.40;false;true;143.4;-0.13
reta;199;acrobat;-6.742;3.369;2.39;true;false;107.3;0.12
reta;200;clown;-4.346;3.348;2.40;true;true;143.1;-0.13
reta;200;acrobat;-6.703;3.369;2.39;false;false;106.9;0.13
curva2;201;clown;-4.288;3.324;1.97;true;false;142.9;-0.21
curva2;201;acrobat;-6.627;3.368;2.35;false;true;107.3;0.12
curva2;202;clown;-4.260;3.300;2.26;true;false;142.7;-0.27
curva2;202;acrobat;-6.589;3.367;2.32;false;true;107.5;0.12
curva2;203;clown;-4.232;3.272;2.40;true;false;142.4;-0.33
curva2;203;acrobat;-6.552;3.365;2.30;false;true;107.6;0.13
curva2;204;clown;-4.177;3.216;2.40;true;false;142.2;-0.43
curva2;204;acrobat;-6.478;3.361;2.26;false;true;107.6;0.13
curva2;205;clown;-4.149;3.188;2.40;true;false;141.6;-0.46
curva2;205;acrobat;-6.442;3.358;2.25;false;true;107.5;0.13
curva2;206;clown;-4.121;3.160;2.40;false;false;141.1;-0.48
curva2;206;acrobat;-6.406;3.355;2.23;false;true;107.3;0.13
curva2;207;clown;-4.066;3.105;2.40;false;true;141.1;-0.52
curva2;207;acrobat;-6.335;3.348;2.20;true;false;107.0;0.11
curva2;208;clown;-4.038;3.077;2.40;false;true;141.2;-0.53
curva2;208;acrobat;-6.300;3.344;2.19;true;false;107.2;0.11
curva2;209;clown;-4.010;3.049;2.40;false;true;141.3;-0.54
curva2;209;acrobat;-6.265;3.339;2.18;true;false;107.4;0.10
curva2;210;clown;-3.983;3.021;2.40;false;true;141.3;-0.54
curva2;210;acrobat;-6.230;3.334;2.17;true;false;107.6;0.09
curva2;211;clown;-3.927;2.966;2.40;true;true;141.2;-0.55
curva2;211;acrobat;-6.161;3.324;2.15;true;false;107.7;0.06
curva2;212;clown;-3.899;2.938;2.40;true;true;140.9;-0.55
curva2;212;acrobat;-6.127;3.318;2.15;true;false;107.6;0.05
curva2;213;clown;-3.872;2.910;2.40;true;true;141.0;-0.56
curva2;213;acrobat;-6.093;3.312;2.14;true;false;107.5;0.04
curva2;214;clown;-3.844;2.882;2.40;true;false;140.5;-0.56
curva2;214;acrobat;-6.059;3.305;2.13;false;false;107.0;0.03
curva2;215;clown;-3.816;2.854;2.40;true;false;140.4;-0.57
curva2;215;acrobat;-6.025;3.298;2.13;false;false;107.0;0.03
curva2;216;clown;-3.788;2.826;2.40;true;false;140.3;-0.57
curva2;216;acrobat;-5.991;3.291;2.13;false;true;107.1;0.02
curva2;217;clown;-3.733;2.771;2.40;true;false;139.9;-0.59
curva2;217;acrobat;-5.924;3.276;2.12;false;true;107.5;0.00
curva2;218;clown;-3.705;2.743;2.40;false;false;139.5;-0.59
curva2;218;acrobat;-5.891;3.268;2.12;false;true;107.7;0.00
curva2;219;clown;-3.677;2.715;2.40;false;false;139.4;-0.59
curva2;219;acrobat;-5.858;3.260;2.12;false;true;107.8;0.01
curva2;220;clown;-3.622;2.659;2.40;false;true;139.7;-0.59
curva2;220;acrobat;-5.792;3.242;2.12;false;true;107.7;0.00
curva2;221;clown;-3.594;2.631;2.40;false;true;139.8;-0.59
curva2;221;acrobat;-5.759;3.233;2.11;false;true;107.6;-0.00
curva2;222;clown;-3.566;2.603;2.40;false;true;139.8;-0.58
curva2;222;acrobat;-5.726;3.223;2.12;false;false;107.1;-0.01
curva2;223;clown;-3.511;2.547;2.40;true;true;139.8;-0.58
curva2;223;acrobat;-5.660;3.204;2.12;true;false;107.3;-0.02
curva2;224;clown;-3.483;2.520;2.40;true;true;139.5;-0.58
curva2;224;acrobat;-5.628;3.193;2.12;true;false;107.5;-0.03
curva2;225;clown;-3.455;2.492;2.40;true;true;139.6;-0.58
curva2;225;acrobat;-5.595;3.183;2.12;true;false;107.7;-0.04
curva2;226;clown;-3.427;2.464;2.40;true;false;139.2;-0.58
curva2;226;acrobat;-5.562;3.172;2.12;true;false;107.8;-0.05
curva2;227;clown;-3.371;2.408;2.40;true;false;139.2;-0.59
curva2;227;acrobat;-5.497;3.149;2.13;true;false;107.8;-0.08
curva2;228;clown;-3.344;2.380;2.40;true;false;139.0;-0.59
curva2;228;acrobat;-5.465;3.138;2.13;true;false;107.7;-0.09
curva2;229;clown;-3.316;2.352;2.40;true;false;138.7;-0.59
curva2;229;acrobat;-5.432;3.126;2.13;false;false;107.1;-0.09
curva2;230;clown;-3.288;2.324;2.40;false;false;138.3;-0.59
curva2;230;acrobat;-5.400;3.114;2.13;false;false;107.2;-0.10
curva2;231;clown;-3.065;2.101;2.40;true;true;138.6;-0.58
curva2;231;acrobat;-5.142;3.008;2.16;false;true;107.7;-0.11
curva2;232;clown;-3.010;2.045;2.40;true;false;138.2;-0.58
curva2;232;acrobat;-5.078;2.979;2.17;true;false;107.3;-0.12
curva2;233;clown;-2.954;1.989;2.40;true;false;138.2;-0.59
curva2;233;acrobat;-5.014;2.949;2.18;true;false;107.8;-0.13
curva2;234;clown;-2.926;1.961;2.40;true;false;138.0;-0.59
curva2;234;acrobat;-4.982;2.934;2.18;true;false;107.9;-0.14
curva2;235;clown;-2.870;1.905;2.40;false;false;137.5;-0.59
curva2;235;acrobat;-4.918;2.903;2.19;true;false;108.0;-0.16
curva2;236;clown;-2.842;1.877;2.40;false;false;137.5;-0.59
curva2;236;acrobat;-4.886;2.887;2.20;true;false;107.9;-0.17
curva2;237;clown;-2.814;1.849;2.40;false;true;137.5;-0.59
curva2;237;acrobat;-4.854;2.871;2.20;true;false;107.8;-0.18
curva2;238;clown;-2.786;1.821;2.40;false;true;137.7;-0.59
curva2;238;acrobat;-4.822;2.855;2.21;false;false;107.4;-0.18
curva2;239;clown;-2.759;1.793;2.40;false;true;137.9;-0.59
curva2;239;acrobat;-4.790;2.838;2.21;false;false;107.4;-0.18
curva2;240;clown;-2.703;1.737;2.40;false;true;138.0;-0.58
curva2;240;acrobat;-4.726;2.805;2.22;false;true;107.7;-0.19
curva2;241;clown;-2.675;1.709;2.40;true;true;137.9;-0.58
curva2;241;acrobat;-4.694;2.788;2.22;false;true;107.9;-0.20
curva2;242;clown;-2.647;1.681;2.40;true;true;137.7;-0.58
curva2;242;acrobat;-4.663;2.770;2.23;false;true;108.1;-0.20
curva2;243;clown;-2.619;1.653;2.40;true;true;137.8;-0.58
curva2;243;acrobat;-4.631;2.753;2.23;false;true;108.2;-0.19
curva2;244;clown;-2.591;1.624;2.40;true;false;137.5;-0.58
curva2;244;acrobat;-4.599;2.735;2.23;false;true;108.2;-0.19
curva2;245;clown;-2.563;1.596;2.40;true;false;137.5;-0.58
curva2;245;acrobat;-4.567;2.717;2.24;false;true;108.1;-0.19
curva2;246;clown;-2.507;1.540;2.40;true;false;137.3;-0.60
curva2;246;acrobat;-4.504;2.681;2.25;false;false;107.4;-0.20
curva2;247;clown;-2.479;1.512;2.40;true;false;137.0;-0.60
curva2;247;acrobat;-4.472;2.663;2.25;true;false;107.4;-0.20
curva2;248;clown;-2.451;1.484;2.40;false;false;136.8;-0.59
curva2;248;acrobat;-4.440;2.644;2.25;true;false;107.7;-0.20
curva2;249;clown;-2.423;1.456;2.40;false;false;136.8;-0.59
curva2;249;acrobat;-4.409;2.626;2.26;true;false;108.0;-0.20
curva2;250;clown;-2.348;1.425;2.50;false;true;137.2;-0.55
curva2;250;acrobat;-4.345;2.588;2.28;true;false;108.2;-0.22
curva2;251;clown;-2.309;1.422;2.41;false;true;137.6;-0.50
curva2;251;acrobat;-4.313;2.570;2.27;true;false;108.2;-0.23
curva2;252;clown;-2.231;1.422;2.40;false;true;138.1;-0.39
curva2;252;acrobat;-4.249;2.534;2.26;true;false;107.9;-0.24
curva2;253;clown;-2.192;1.422;2.40;false;true;138.2;-0.34
curva2;253;acrobat;-4.216;2.516;2.25;false;false;107.5;-0.23
curva2;254;clown;-2.161;1.413;1.96;true;true;138.0;-0.33
curva2;254;acrobat;-4.184;2.499;2.24;false;true;107.6;-0.23
curva2;255;clown;-2.083;1.413;2.40;true;false;138.1;-0.27
curva2;255;acrobat;-4.120;2.466;2.23;false;true;108.0;-0.23
curva2;256;clown;-2.052;1.405;1.96;true;false;138.2;-0.27
curva2;256;acrobat;-4.088;2.449;2.22;false;true;108.2;-0.22
curva2;257;clown;-1.996;1.364;2.26;true;false;138.2;-0.36
curva2;257;acrobat;-4.024;2.416;2.21;false;true;108.2;-0.20
curva2;258;clown;-1.960;1.347;2.41;true;false;138.1;-0.37
curva2;258;acrobat;-3.992;2.399;2.22;false;true;108.1;-0.19
curva2;259;clown;-1.882;1.339;2.40;false;false;137.8;-0.33
curva2;259;acrobat;-3.927;2.366;2.22;false;false;107.5;-0.19
freio;260;clown;-1.851;1.339;1.90;false;true;137.9;-0.29
freio;260;acrobat;-3.895;2.350;2.20;false;false;107.5;-0.19
freio;261;clown;-1.815;1.339;0.90;false;true;138.5;-0.24
freio;261;acrobat;-3.833;2.320;2.11;true;false;107.8;-0.18
freio;262;clown;-1.809;1.339;0.40;false;true;138.5;-0.22
freio;262;acrobat;-3.803;2.305;2.04;true;false;108.0;-0.18
freio;263;clown;-1.809;1.339;0.00;true;true;138.5;-0.20
freio;263;acrobat;-3.775;2.292;1.96;true;false;108.2;-0.18
freio;264;clown;-1.809;1.339;0.00;true;true;138.3;-0.17
freio;264;acrobat;-3.721;2.265;1.81;true;false;108.3;-0.19
freio;265;clown;-1.809;1.339;0.00;true;true;138.2;-0.15
freio;265;acrobat;-3.695;2.253;1.74;true;false;108.3;-0.20
freio;266;clown;-1.809;1.339;0.00;true;true;138.0;-0.13
freio;266;acrobat;-3.671;2.241;1.67;true;false;108.3;-0.20
freio;267;clown;-1.809;1.339;0.00;true;true;137.7;-0.10
freio;267;acrobat;-3.625;2.219;1.54;true;false;108.0;-0.20
freio;268;clown;-1.809;1.339;0.00;true;true;137.4;-0.08
freio;268;acrobat;-3.604;2.208;1.48;false;false;107.5;-0.19
freio;269;clown;-1.809;1.339;0.00;true;true;137.2;-0.06
freio;269;acrobat;-3.583;2.198;1.43;false;true;107.6;-0.19
freio;270;clown;-1.809;1.339;0.00;true;true;137.0;-0.04
freio;270;acrobat;-3.544;2.179;1.32;false;true;107.9;-0.19
freio;271;clown;-1.809;1.339;0.00;true;true;137.0;-0.04
freio;271;acrobat;-3.526;2.170;1.27;false;true;108.1;-0.19
freio;272;clown;-1.809;1.339;0.00;true;false;136.5;-0.04
freio;272;acrobat;-3.491;2.154;1.17;false;true;108.3;-0.19
freio;273;clown;-1.809;1.339;0.00;true;false;136.5;-0.04
freio;273;acrobat;-3.475;2.146;1.13;false;true;108.4;-0.19
freio;274;clown;-1.809;1.339;0.00;true;false;136.6;-0.03
freio;274;acrobat;-3.460;2.138;1.08;false;true;108.4;-0.18
freio;275;clown;-1.809;1.339;0.00;true;false;136.7;-0.03
freio;275;acrobat;-3.431;2.124;1.00;false;true;108.4;-0.18
freio;276;clown;-1.809;1.339;0.00;false;false;136.5;-0.03
freio;276;acrobat;-3.417;2.117;0.96;false;true;108.4;-0.17
freio;277;clown;-1.809;1.339;0.00;false;false;136.5;-0.03
freio;277;acrobat;-3.404;2.111;0.93;false;true;108.3;-0.17
freio;278;clown;-1.809;1.339;0.00;false;false;136.6;-0.03
freio;278;acrobat;-3.379;2.099;0.86;false;true;108.1;-0.16
freio;279;clown;-1.809;1.339;0.00;false;false;136.7;-0.02
freio;279;acrobat;-3.367;2.093;0.83;false;true;108.1;-0.16
freio;280;clown;-1.809;1.339;0.00;false;false;136.7;-0.02
freio;280;acrobat;-3.356;2.088;0.79;false;true;108.0;-0.16
freio;281;clown;-1.809;1.339;0.00;false;false;136.9;-0.02
freio;281;acrobat;-3.335;2.077;0.74;false;false;107.6;-0.16
freio;282;clown;-1.809;1.339;0.00;false;false;136.9;-0.02
freio;282;acrobat;-3.325;2.072;0.72;false;false;107.6;-0.16
freio;283;clown;-1.809;1.339;0.00;false;false;137.0;-0.02
freio;283;acrobat;-3.305;2.062;0.72;false;false;107.7;-0.16
freio;284;clown;-1.809;1.339;0.00;false;false;137.1;-0.02
freio;284;acrobat;-3.295;2.057;0.72;false;false;107.8;-0.16
freio;285;clown;-1.809;1.339;0.00;false;false;137.1;-0.02
freio;285;acrobat;-3.274;2.048;0.72;true;false;107.9;-0.16
freio;286;clown;-1.809;1.339;0.00;false;false;137.2;-0.02
freio;286;acrobat;-3.254;2.038;0.72;true;false;108.2;-0.16
freio;287;clown;-1.809;1.339;0.00;false;false;137.3;-0.02
freio;287;acrobat;-3.244;2.033;0.72;true;false;108.3;-0.16
freio;288;clown;-1.809;1.339;0.00;true;false;137.3;0.18
freio;288;acrobat;-3.224;2.023;0.72;true;false;108.4;-0.17
freio;289;clown;-1.809;1.339;0.00;true;true;137.4;0.27
freio;289;acrobat;-3.214;2.018;0.72;true;false;108.4;-0.17
freio;290;clown;-1.809;1.339;0.00;true;true;137.5;0.42
freio;290;acrobat;-3.194;2.008;0.72;true;false;108.5;-0.17
freio;291;clown;-1.809;1.339;0.00;true;true;137.6;0.54
freio;291;acrobat;-3.174;1.998;0.72;true;false;108.4;-0.18
freio;292;clown;-1.809;1.339;0.00;true;true;137.6;0.59
freio;292;acrobat;-3.164;1.993;0.72;true;false;108.4;-0.18
freio;293;clown;-1.809;1.339;0.00;true;true;137.8;0.66
freio;293;acrobat;-3.143;1.983;0.72;true;false;108.3;-0.19
freio;294;clown;-1.809;1.339;0.00;true;true;137.8;0.70
freio;294;acrobat;-3.133;1.978;0.72;true;false;108.2;-0.19
freio;295;clown;-1.809;1.339;0.00;true;true;137.9;0.75
freio;295;acrobat;-3.113;1.968;0.72;true;false;108.0;-0.19
freio;296;clown;-1.809;1.339;0.00;true;true;138.0;0.77
freio;296;acrobat;-3.103;1.963;0.72;false;false;107.5;-0.19
freio;297;clown;-1.809;1.339;0.00;true;true;138.0;0.79
freio;297;acrobat;-3.092;1.958;0.72;false;false;107.6;-0.19
freio;298;clown;-1.809;1.339;0.00;true;true;138.2;0.81
freio;298;acrobat;-3.072;1.948;0.72;false;true;107.8;-0.19
freio;299;clown;-1.809;1.339;0.00;true;true;138.2;0.82
freio;299;acrobat;-3.062;1.944;0.72;false;true;107.9;-0.19
freio;300;clown;-1.809;1.339;0.00;true;true;138.3;0.83
freio;300;acrobat;-3.060;1.943;0.15;true;true;108.1;-0.18
freio;301;clown;-1.809;1.339;0.00;false;true;137.9;0.84
freio;301;acrobat;-3.060;1.943;0.00;true;true;108.3;-0.16
freio;302;clown;-1.809;1.339;0.00;false;false;138.0;0.86
freio;302;acrobat;-3.060;1.943;0.00;true;true;108.6;-0.14
freio;303;clown;-1.809;1.339;0.00;false;false;138.2;0.86
freio;303;acrobat;-3.060;1.943;0.00;true;true;108.8;-0.13
freio;304;clown;-1.809;1.339;0.00;false;false;138.3;0.87
freio;304;acrobat;-3.060;1.943;0.00;true;true;108.9;-0.11
freio;305;clown;-1.809;1.339;0.00;false;false;138.5;0.87
freio;305;acrobat;-3.060;1.943;0.00;true;true;109.1;-0.09
freio;306;clown;-1.809;1.339;0.00;false;false;138.6;0.88
freio;306;acrobat;-3.060;1.943;0.00;true;true;109.2;-0.07
freio;307;clown;-1.809;1.339;0.00;false;false;138.7;0.88
freio;307;acrobat;-3.060;1.943;0.00;true;true;109.3;-0.06
freio;308;clown;-1.809;1.339;0.00;false;false;138.8;0.88
freio;308;acrobat;-3.060;1.943;0.00;true;true;109.4;-0.06
freio;309;clown;-1.809;1.339;0.00;true;false;138.9;0.88
freio;309;acrobat;-3.060;1.943;0.00;true;true;109.4;-0.06
freio;310;clown;-1.809;1.339;0.00;true;true;139.1;0.89
freio;310;acrobat;-3.060;1.943;0.00;true;true;109.6;-0.06
freio;311;clown;-1.809;1.339;0.00;true;true;139.1;0.89
freio;311;acrobat;-3.060;1.943;0.00;true;true;109.6;-0.06
freio;312;clown;-1.809;1.339;0.00;true;true;139.2;0.89
freio;312;acrobat;-3.060;1.943;0.00;true;false;109.3;-0.06
freio;313;clown;-1.809;1.339;0.00;true;true;139.2;0.89
freio;313;acrobat;-3.060;1.943;0.00;true;false;109.4;-0.06
freio;314;clown;-1.809;1.339;0.00;true;true;139.3;0.89
freio;314;acrobat;-3.060;1.943;0.00;false;false;109.4;-0.06
freio;315;clown;-1.809;1.339;0.00;true;true;139.4;0.90
freio;315;acrobat;-3.060;1.943;0.00;false;false;109.5;-0.06
freio;316;clown;-1.809;1.339;0.00;true;true;139.4;0.90
freio;316;acrobat;-3.060;1.943;0.00;false;false;109.6;-0.06
freio;317;clown;-1.809;1.339;0.00;true;true;139.5;0.90
freio;317;acrobat;-3.060;1.943;0.00;false;false;109.7;-0.06
freio;318;clown;-1.809;1.339;0.00;true;true;139.5;0.90
freio;318;acrobat;-3.060;1.943;0.00;false;false;109.8;-0.06
freio;319;clown;-1.809;1.339;0.00;true;true;139.6;0.90
freio;319;acrobat;-3.060;1.943;0.00;false;false;109.8;-0.06
freio;320;clown;-1.809;1.339;0.00;false;false;139.4;0.90
freio;320;acrobat;-3.060;1.943;0.00;false;false;110.3;-0.07
freio;321;clown;-1.809;1.339;0.00;false;false;139.5;0.90
freio;321;acrobat;-3.060;1.943;0.00;false;false;110.3;-0.07
freio;322;clown;-1.809;1.339;0.00;false;false;139.6;0.90
freio;322;acrobat;-3.060;1.943;0.00;false;false;110.4;-0.07
freio;323;clown;-1.809;1.339;0.00;false;false;139.7;0.90
freio;323;acrobat;-3.060;1.943;0.00;false;false;110.4;-0.07
freio;324;clown;-1.809;1.339;0.00;false;false;139.8;0.90
freio;324;acrobat;-3.060;1.943;0.00;false;false;110.4;0.04
freio;325;clown;-1.809;1.339;0.00;false;false;139.9;0.90
freio;325;acrobat;-3.060;1.943;0.00;true;false;110.5;0.25
freio;326;clown;-1.809;1.339;0.00;false;false;140.0;0.90
freio;326;acrobat;-3.060;1.943;0.00;true;true;110.5;0.34
freio;327;clown;-1.809;1.339;0.00;false;false;140.1;0.90
freio;327;acrobat;-3.060;1.943;0.00;true;true;110.5;0.42
freio;328;clown;-1.809;1.339;0.00;false;false;140.1;0.90
freio;328;acrobat;-3.060;1.943;0.00;true;true;110.5;0.49
freio;329;clown;-1.809;1.339;0.00;false;false;140.1;0.90
freio;329;acrobat;-3.060;1.943;0.00;true;true;110.5;0.55
freio;330;clown;-1.809;1.339;0.00;false;false;140.2;0.91
freio;330;acrobat;-3.060;1.943;0.00;true;true;110.6;0.60
freio;331;clown;-1.809;1.339;0.00;false;false;140.2;0.91
freio;331;acrobat;-3.060;1.943;0.00;true;true;110.6;0.65
freio;332;clown;-1.809;1.339;0.00;false;false;140.2;0.91
freio;332;acrobat;-3.060;1.943;0.00;true;true;110.6;0.72
freio;333;clown;-1.809;1.339;0.00;false;false;140.2;0.91
freio;333;acrobat;-3.060;1.943;0.00;true;true;110.6;0.75
freio;334;clown;-1.809;1.339;0.00;false;false;140.2;0.91
freio;334;acrobat;-3.060;1.943;0.00;true;true;110.6;0.77
freio;335;clown;-1.809;1.339;0.00;false;false;140.2;0.91
freio;335;acrobat;-3.060;1.943;0.00;true;true;110.6;0.80
freio;336;clown;-1.809;1.339;0.00;false;false;140.2;0.91
freio;336;acrobat;-3.060;1.943;0.00;true;true;110.6;0.81
freio;337;clown;-1.809;1.339;0.00;false;false;140.2;0.91
freio;337;acrobat;-3.060;1.943;0.00;true;true;110.6;0.83
freio;338;clown;-1.809;1.339;0.00;false;false;140.1;0.91
freio;338;acrobat;-3.060;1.943;0.00;true;true;110.5;0.85
freio;339;clown;-1.809;1.339;0.00;false;false;140.1;0.91
freio;339;acrobat;-3.060;1.943;0.00;true;true;110.5;0.86
freio;340;clown;-1.809;1.339;0.00;false;false;140.1;0.91
freio;340;acrobat;-3.060;1.943;0.00;true;true;110.5;0.87
freio;341;clown;-1.809;1.339;0.00;false;false;140.1;0.91
freio;341;acrobat;-3.060;1.943;0.00;false;true;110.1;0.87
freio;342;clown;-1.809;1.339;0.00;false;false;140.1;0.91
freio;342;acrobat;-3.060;1.943;0.00;false;false;110.1;0.88
freio;343;clown;-1.809;1.339;0.00;false;false;140.0;0.91
freio;343;acrobat;-3.060;1.943;0.00;false;false;110.1;0.88
freio;344;clown;-1.809;1.339;0.00;false;false;140.0;0.91
freio;344;acrobat;-3.060;1.943;0.00;false;false;110.1;0.89
freio;345;clown;-1.809;1.339;0.00;false;false;140.0;0.91
freio;345;acrobat;-3.060;1.943;0.00;false;false;110.2;0.89
freio;346;clown;-1.809;1.339;0.00;false;false;139.9;0.91
freio;346;acrobat;-3.060;1.943;0.00;false;false;110.2;0.89
freio;347;clown;-1.809;1.339;0.00;false;false;139.9;0.91
freio;347;acrobat;-3.060;1.943;0.00;false;false;110.2;0.89
freio;348;clown;-1.809;1.339;0.00;false;false;139.9;0.91
freio;348;acrobat;-3.060;1.943;0.00;false;false;110.2;0.89
freio;349;clown;-1.809;1.339;0.00;false;false;139.8;0.91
freio;349;acrobat;-3.060;1.943;0.00;false;false;110.2;0.90
8dir;350;clown;-1.802;1.339;0.50;false;false;139.6;0.85
8dir;350;acrobat;-3.060;1.943;0.00;false;false;110.2;0.90
8dir;351;clown;-1.762;1.339;1.50;false;false;139.3;0.69
8dir;351;acrobat;-3.043;1.934;0.72;false;false;109.8;0.75
8dir;352;clown;-1.729;1.339;2.00;true;false;139.1;0.60
8dir;352;acrobat;-3.033;1.929;0.72;false;false;109.6;0.65
8dir;353;clown;-1.690;1.339;2.40;true;false;139.1;0.52
8dir;353;acrobat;-3.022;1.925;0.72;false;false;109.3;0.55
8dir;354;clown;-1.651;1.339;2.40;true;true;139.1;0.44
8dir;354;acrobat;-3.012;1.920;0.72;false;false;109.1;0.45
8dir;355;clown;-1.612;1.339;2.40;true;true;139.1;0.37
8dir;355;acrobat;-3.002;1.916;0.72;false;false;108.9;0.37
8dir;356;clown;-1.573;1.339;2.40;true;true;139.0;0.30
8dir;356;acrobat;-2.991;1.912;0.72;false;false;108.6;0.29
8dir;357;clown;-1.495;1.338;2.40;true;true;138.9;0.19
8dir;357;acrobat;-2.970;1.903;0.72;false;true;108.3;0.18
8dir;358;clown;-1.456;1.338;2.40;true;true;138.8;0.15
8dir;358;acrobat;-2.960;1.899;0.72;false;true;108.2;0.13
8dir;359;clown;-1.417;1.338;2.40;false;true;138.2;0.13
8dir;359;acrobat;-2.949;1.896;0.72;true;true;108.2;0.10
8dir;360;clown;-1.378;1.338;2.40;false;true;138.0;0.10
8dir;360;acrobat;-2.939;1.892;0.72;true;true;108.3;0.07
8dir;361;clown;-1.339;1.338;2.40;false;false;138.0;0.08
8dir;361;acrobat;-2.928;1.888;0.72;true;true;108.3;0.05
8dir;362;clown;-1.300;1.338;2.40;false;false;138.1;0.06
8dir;362;acrobat;-2.917;1.884;0.77;true;true;108.4;0.03
8dir;363;clown;-1.222;1.338;2.40;false;false;138.4;0.03
8dir;363;acrobat;-2.891;1.876;0.88;true;true;108.4;0.00
8dir;364;clown;-1.182;1.338;2.40;true;false;138.5;0.02
8dir;364;acrobat;-2.877;1.871;0.94;true;true;108.4;-0.00
8dir;365;clown;-1.143;1.338;2.40;true;false;138.9;0.00
8dir;365;acrobat;-2.862;1.867;0.99;true;true;108.4;-0.01
8dir;366;clown;-1.065;1.338;2.40;true;false;139.6;-0.03
8dir;366;acrobat;-2.830;1.857;1.10;true;true;108.4;-0.02
8dir;367;clown;-1.026;1.338;2.40;true;true;139.7;-0.05
8dir;367;acrobat;-2.812;1.852;1.14;true;true;108.4;-0.03
8dir;368;clown;-0.987;1.338;2.40;true;true;139.7;-0.06
8dir;368;acrobat;-2.794;1.847;1.19;true;true;108.3;-0.03
8dir;369;clown;-0.948;1.338;2.40;true;true;139.7;-0.06
8dir;369;acrobat;-2.775;1.841;1.24;true;true;108.3;-0.03
8dir;370;clown;-0.870;1.338;2.40;false;true;139.6;-0.07
8dir;370;acrobat;-2.735;1.830;1.32;true;false;107.6;-0.04
8dir;371;clown;-0.831;1.338;2.40;false;true;139.5;-0.07
8dir;371;acrobat;-2.714;1.825;1.36;true;false;107.6;-0.04
8dir;372;clown;-0.792;1.338;2.40;false;true;139.4;-0.06
8dir;372;acrobat;-2.692;1.819;1.40;false;false;107.5;-0.04
8dir;373;clown;-0.753;1.338;2.40;false;true;139.2;-0.06
8dir;373;acrobat;-2.669;1.814;1.44;false;false;107.5;-0.03
8dir;374;clown;-0.714;1.338;2.40;false;false;139.0;-0.06
8dir;374;acrobat;-2.646;1.808;1.47;false;false;107.5;-0.03
8dir;375;clown;-0.635;1.337;2.40;false;false;139.4;-0.07
8dir;375;acrobat;-2.599;1.797;1.54;false;false;107.6;-0.03
8dir;376;clown;-0.596;1.337;2.40;true;false;139.4;-0.07
8dir;376;acrobat;-2.574;1.791;1.57;false;false;107.6;-0.03
8dir;377;clown;-0.518;1.337;2.40;true;false;140.2;-0.08
8dir;377;acrobat;-2.523;1.780;1.63;false;false;107.7;-0.02
8dir;378;clown;-0.479;1.337;2.40;true;false;140.4;-0.09
8dir;378;acrobat;-2.497;1.774;1.66;false;false;107.7;-0.02
8dir;379;clown;-0.440;1.337;2.40;true;true;140.5;-0.10
8dir;379;acrobat;-2.470;1.768;1.69;false;false;107.8;-0.02
8dir;380;clown;-0.401;1.337;2.40;true;true;140.5;-0.11
8dir;380;acrobat;-2.443;1.762;1.71;false;false;107.8;-0.01
8dir;381;clown;-0.322;1.337;2.40;true;true;140.9;-0.11
8dir;381;acrobat;-2.388;1.751;1.76;false;true;107.8;-0.01
8dir;382;clown;-0.283;1.337;2.40;false;true;140.4;-0.11
8dir;382;acrobat;-2.359;1.746;1.79;false;true;107.9;-0.01
8dir;383;clown;-0.244;1.337;2.40;false;true;140.3;-0.10
8dir;383;acrobat;-2.331;1.740;1.81;false;true;108.1;-0.00
8dir;384;clown;-0.166;1.337;2.40;false;true;140.1;-0.09
8dir;384;acrobat;-2.272;1.729;1.85;true;true;108.2;0.01
8dir;385;clown;-0.127;1.337;2.40;false;false;139.9;-0.09
8dir;385;acrobat;-2.242;1.723;1.87;true;true;108.2;0.02
8dir;386;clown;-0.088;1.337;2.40;false;false;139.9;-0.09
8dir;386;acrobat;-2.212;1.718;1.89;true;true;108.2;0.02
8dir;387;clown;-0.009;1.337;2.40;true;false;140.3;-0.10
8dir;387;acrobat;-2.151;1.707;1.93;true;true;108.2;0.02
8dir;388;clown;0.030;1.337;2.40;true;false;140.6;-0.10
8dir;388;acrobat;-2.119;1.702;1.95;true;false;107.8;0.02
8dir;389;clown;0.069;1.337;2.40;true;false;140.8;-0.10
8dir;389;acrobat;-2.088;1.696;1.96;true;false;107.7;0.02
8dir;390;clown;0.147;1.336;2.40;true;true;141.4;-0.13
8dir;390;acrobat;-2.024;1.686;2.00;false;false;107.3;0.01
8dir;391;clown;0.186;1.336;2.40;true;true;141.3;-0.13
8dir;391;acrobat;-1.992;1.681;2.01;false;false;107.4;0.02
8dir;392;clown;0.217;1.336;1.90;true;true;141.2;-0.13
8dir;392;acrobat;-1.960;1.676;2.01;false;false;107.4;0.02
8dir;393;clown;0.254;1.336;0.90;false;true;140.9;-0.13
8dir;393;acrobat;-1.897;1.666;1.94;false;false;107.5;0.02
8dir;394;clown;0.260;1.336;0.40;false;true;140.8;-0.12
8dir;394;acrobat;-1.867;1.661;1.88;false;false;107.5;0.03
8dir;395;clown;0.260;1.336;0.00;true;true;140.6;-0.12
8dir;395;acrobat;-1.838;1.657;1.80;false;false;107.6;0.03
8dir;396;clown;0.260;1.336;0.00;true;true;140.3;-0.11
8dir;396;acrobat;-1.811;1.653;1.73;false;false;107.6;0.03
8dir;397;clown;0.260;1.336;0.00;true;true;140.0;-0.11
8dir;397;acrobat;-1.759;1.645;1.60;false;true;107.7;0.03
8dir;398;clown;0.260;1.336;0.00;true;true;139.8;-0.10
8dir;398;acrobat;-1.734;1.641;1.54;false;true;107.8;0.03
8dir;399;clown;0.260;1.336;0.00;true;true;139.6;-0.10
8dir;399;acrobat;-1.710;1.637;1.48;false;true;107.9;0.03
8dir;400;clown;0.260;1.336;0.00;true;true;139.4;-0.09
8dir;400;acrobat;-1.688;1.634;1.42;false;true;108.0;0.04
8dir;401;clown;0.260;1.336;0.00;true;false;138.7;-0.09
8dir;401;acrobat;-1.645;1.627;1.32;false;true;108.1;0.04
8dir;402;clown;0.260;1.336;0.00;true;false;138.5;-0.09
8dir;402;acrobat;-1.625;1.624;1.27;true;true;108.2;0.05
8dir;403;clown;0.260;1.336;0.00;true;false;138.4;-0.09
8dir;403;acrobat;-1.606;1.621;1.22;true;true;108.1;0.05
8dir;404;clown;0.260;1.336;0.00;true;false;138.4;-0.09
8dir;404;acrobat;-1.588;1.618;1.17;true;true;108.1;0.05
8dir;405;clown;0.260;1.336;0.00;true;false;138.5;-0.09
8dir;405;acrobat;-1.553;1.613;1.08;true;true;108.0;0.05
8dir;406;clown;0.260;1.336;0.00;true;false;138.5;-0.09
8dir;406;acrobat;-1.537;1.610;1.04;true;true;108.1;0.05
8dir;407;clown;0.260;1.336;0.00;true;false;138.4;-0.08
8dir;407;acrobat;-1.521;1.608;1.00;true;true;108.1;0.06
8dir;408;clown;0.260;1.336;0.00;true;false;138.4;-0.08
8dir;408;acrobat;-1.506;1.605;0.96;true;true;108.1;0.06
8dir;409;clown;0.260;1.336;0.00;true;false;138.4;-0.08
8dir;409;acrobat;-1.491;1.603;0.93;true;false;107.8;0.06
8dir;410;clown;0.283;1.360;1.41;false;false;138.4;0.08
8dir;410;acrobat;-1.463;1.599;0.91;true;false;107.8;0.05
8dir;411;clown;0.308;1.384;2.12;false;false;138.7;0.15
8dir;411;acrobat;-1.449;1.597;0.92;true;false;107.8;0.05
8dir;412;clown;0.335;1.412;2.40;false;true;138.9;0.20
8dir;412;acrobat;-1.434;1.596;0.94;true;false;107.8;0.05
8dir;413;clown;0.363;1.439;2.40;false;true;139.4;0.25
8dir;413;acrobat;-1.419;1.594;0.97;true;false;107.8;0.06
8dir;414;clown;0.390;1.467;2.40;false;true;139.8;0.29
8dir;414;acrobat;-1.403;1.593;0.99;true;false;107.7;0.06
8dir;415;clown;0.418;1.494;2.40;false;true;140.2;0.32
8dir;415;acrobat;-1.387;1.592;1.02;true;false;107.7;0.07
8dir;416;clown;0.445;1.522;2.40;false;true;140.5;0.36
8dir;416;acrobat;-1.371;1.592;1.04;true;false;107.6;0.07
8dir;417;clown;0.500;1.577;2.40;true;true;140.9;0.41
8dir;417;acrobat;-1.337;1.591;1.09;false;false;107.3;0.09
8dir;418;clown;0.528;1.605;2.40;true;true;141.2;0.42
8dir;418;acrobat;-1.319;1.591;1.12;false;false;107.3;0.10
8dir;419;clown;0.556;1.632;2.40;true;false;140.9;0.43
8dir;419;acrobat;-1.301;1.592;1.14;false;false;107.3;0.11
8dir;420;clown;0.583;1.660;2.40;true;false;141.0;0.44
8dir;420;acrobat;-1.282;1.592;1.16;false;false;107.4;0.12
8dir;421;clown;0.611;1.688;2.40;true;false;141.1;0.43
8dir;421;acrobat;-1.263;1.593;1.19;false;false;107.4;0.13
8dir;422;clown;0.639;1.715;2.40;true;false;141.0;0.43
8dir;422;acrobat;-1.244;1.594;1.21;false;false;107.4;0.14
8dir;423;clown;0.694;1.771;2.40;false;false;140.8;0.44
8dir;423;acrobat;-1.204;1.598;1.26;false;false;107.5;0.16
8dir;424;clown;0.722;1.798;2.40;false;true;140.9;0.44
8dir;424;acrobat;-1.184;1.600;1.29;false;true;107.5;0.17
8dir;425;clown;0.749;1.826;2.40;false;true;141.3;0.44
8dir;425;acrobat;-1.163;1.602;1.31;false;true;107.6;0.18
8dir;426;clown;0.777;1.854;2.40;false;true;141.7;0.45
8dir;426;acrobat;-1.142;1.605;1.34;false;true;107.7;0.19
8dir;427;clown;0.804;1.881;2.40;false;true;142.0;0.46
8dir;427;acrobat;-1.121;1.608;1.36;false;true;107.8;0.20
8dir;428;clown;0.832;1.909;2.40;false;true;142.1;0.47
8dir;428;acrobat;-1.099;1.611;1.38;false;true;107.9;0.21
8dir;429;clown;0.860;1.937;2.40;false;true;142.1;0.47
8dir;429;acrobat;-1.077;1.615;1.41;false;true;107.9;0.23
8dir;430;clown;0.887;1.964;2.40;true;true;142.0;0.47
8dir;430;acrobat;-1.054;1.619;1.43;false;true;107.9;0.24
8dir;431;clown;0.943;2.020;2.40;true;false;142.2;0.47
8dir;431;acrobat;-1.008;1.628;1.47;false;true;107.9;0.27
8dir;432;clown;0.971;2.048;2.40;true;false;142.4;0.47
8dir;432;acrobat;-0.985;1.633;1.49;false;true;107.7;0.28
8dir;433;clown;0.998;2.076;2.40;true;false;142.4;0.46
8dir;433;acrobat;-0.961;1.638;1.52;true;true;107.6;0.28
8dir;434;clown;1.026;2.103;2.40;true;false;142.4;0.45
8dir;434;acrobat;-0.937;1.644;1.54;true;true;107.5;0.29
8dir;435;clown;1.082;2.159;2.40;true;false;142.3;0.44
8dir;435;acrobat;-0.888;1.656;1.58;true;false;107.4;0.31
8dir;436;clown;1.109;2.187;2.40;false;false;141.9;0.44
8dir;436;acrobat;-0.863;1.662;1.60;true;false;107.5;0.31
8dir;437;clown;1.137;2.215;2.40;false;true;142.0;0.44
8dir;437;acrobat;-0.838;1.669;1.62;true;false;107.6;0.32
8dir;438;clown;1.165;2.243;2.40;false;true;142.3;0.44
8dir;438;acrobat;-0.813;1.677;1.64;true;false;107.6;0.32
8dir;439;clown;1.193;2.270;2.40;false;true;142.7;0.44
8dir;439;acrobat;-0.787;1.684;1.66;true;false;107.5;0.32
8dir;440;clown;1.221;2.298;2.40;false;true;142.9;0.45
8dir;440;acrobat;-0.762;1.692;1.68;true;false;107.5;0.33
8dir;441;clown;1.276;2.354;2.40;false;true;143.3;0.46
8dir;441;acrobat;-0.709;1.709;1.72;true;false;107.3;0.33
8dir;442;clown;1.304;2.382;2.40;true;true;143.1;0.46
8dir;442;acrobat;-0.683;1.718;1.73;false;false;106.9;0.34
8dir;443;clown;1.332;2.409;2.40;true;true;143.1;0.46
8dir;443;acrobat;-0.656;1.727;1.75;false;false;106.9;0.34
8dir;444;clown;1.360;2.437;2.40;true;false;142.9;0.46
8dir;444;acrobat;-0.629;1.736;1.77;false;false;107.0;0.35
8dir;445;clown;1.387;2.465;2.40;true;false;143.1;0.46
8dir;445;acrobat;-0.602;1.746;1.79;false;false;107.0;0.36
8dir;446;clown;1.415;2.493;2.40;true;false;143.2;0.45
8dir;446;acrobat;-0.575;1.756;1.80;false;true;107.0;0.36
8dir;447;clown;1.443;2.521;2.40;true;false;143.1;0.44
8dir;447;acrobat;-0.547;1.766;1.82;false;true;107.2;0.37
8dir;448;clown;1.471;2.549;2.40;true;false;142.9;0.44
8dir;448;acrobat;-0.520;1.777;1.84;false;true;107.4;0.38
8dir;449;clown;1.499;2.577;2.40;true;false;142.7;0.43
8dir;449;acrobat;-0.492;1.788;1.85;false;true;107.5;0.39
8dir;450;clown;1.555;2.633;2.40;false;true;142.7;0.43
8dir;450;acrobat;-0.436;1.811;1.88;false;true;107.7;0.41
8dir;451;clown;1.583;2.661;2.40;false;true;143.0;0.43
8dir;451;acrobat;-0.408;1.823;1.90;false;true;107.6;0.42
8dir;452;clown;1.602;2.680;1.69;false;true;143.3;0.43
8dir;452;acrobat;-0.380;1.835;1.89;false;true;107.5;0.43
8dir;453;clown;1.614;2.692;0.99;false;true;143.3;0.44
8dir;453;acrobat;-0.353;1.847;1.85;false;true;107.3;0.43
8dir;454;clown;1.617;2.695;0.28;false;true;143.4;0.44
8dir;454;acrobat;-0.326;1.858;1.79;false;true;107.1;0.43
8dir;455;clown;1.617;2.695;0.00;false;true;143.4;0.44
8dir;455;acrobat;-0.301;1.869;1.72;true;false;106.7;0.44
8dir;456;clown;1.617;2.695;0.00;false;true;143.5;0.44
8dir;456;acrobat;-0.276;1.879;1.65;true;false;106.9;0.44
8dir;457;clown;1.617;2.695;0.00;false;true;143.6;0.44
8dir;457;acrobat;-0.253;1.889;1.59;true;false;107.1;0.44
8dir;458;clown;1.617;2.695;0.00;false;true;143.6;0.45
8dir;458;acrobat;-0.231;1.899;1.53;true;false;107.2;0.44
8dir;459;clown;1.617;2.695;0.00;false;true;143.9;0.44
8dir;459;acrobat;-0.188;1.917;1.41;true;false;107.5;0.44
8dir;460;clown;1.617;2.695;0.00;false;true;143.9;0.44
8dir;460;acrobat;-0.168;1.926;1.36;true;false;107.5;0.44
8dir;461;clown;1.617;2.695;0.00;false;true;144.0;0.44
8dir;461;acrobat;-0.149;1.934;1.30;true;false;107.5;0.44
8dir;462;clown;1.617;2.695;0.00;false;true;144.1;0.44
8dir;462;acrobat;-0.131;1.942;1.25;true;false;107.5;0.43
8dir;463;clown;1.617;2.695;0.00;false;true;144.0;0.44
8dir;463;acrobat;-0.113;1.950;1.21;true;false;107.4;0.43
8dir;464;clown;1.617;2.695;0.00;false;false;143.4;0.45
8dir;464;acrobat;-0.096;1.957;1.16;true;false;107.3;0.43
8dir;465;clown;1.617;2.695;0.00;false;false;143.4;0.45
8dir;465;acrobat;-0.080;1.964;1.12;true;false;107.2;0.43
8dir;466;clown;1.617;2.695;0.00;false;false;143.6;0.45
8dir;466;acrobat;-0.050;1.977;1.03;false;false;106.7;0.43
8dir;467;clown;1.617;2.695;0.00;false;false;143.6;0.46
8dir;467;acrobat;-0.035;1.983;0.99;false;false;106.8;0.43
8dir;468;clown;1.617;2.695;0.00;false;false;143.5;0.46
8dir;468;acrobat;-0.022;1.989;0.96;false;false;106.8;0.43
8dir;469;clown;1.617;2.695;0.00;false;false;143.5;0.46
8dir;469;acrobat;-0.008;1.995;0.92;false;false;106.8;0.43
8dir;470;clown;1.616;2.703;0.50;false;false;143.3;0.54
8dir;470;acrobat;0.005;2.000;0.89;false;false;106.9;0.43
8dir;471;clown;1.616;2.720;1.00;false;false;143.1;0.60
8dir;471;acrobat;0.017;2.006;0.88;false;false;106.9;0.43
8dir;472;clown;1.616;2.745;1.50;false;false;142.9;0.65
8dir;472;acrobat;0.029;2.012;0.87;false;true;106.9;0.44
8dir;473;clown;1.616;2.778;2.00;false;true;142.6;0.68
8dir;473;acrobat;0.042;2.018;0.87;false;true;107.0;0.44
8dir;474;clown;1.616;2.818;2.40;false;true;142.5;0.71
8dir;474;acrobat;0.054;2.024;0.88;false;true;107.1;0.45
8dir;475;clown;1.616;2.858;2.40;false;true;142.4;0.73
8dir;475;acrobat;0.066;2.031;0.89;false;true;107.2;0.45
8dir;476;clown;1.616;2.938;2.40;true;true;142.1;0.75
8dir;476;acrobat;0.091;2.045;0.92;false;true;107.4;0.47
8dir;477;clown;1.616;2.978;2.40;true;true;141.8;0.76
8dir;477;acrobat;0.104;2.053;0.93;false;true;107.4;0.48
8dir;478;clown;1.616;3.018;2.40;true;true;141.6;0.76
8dir;478;acrobat;0.116;2.061;0.95;false;true;107.5;0.49
8dir;479;clown;1.616;3.059;2.40;true;true;141.6;0.77
8dir;479;acrobat;0.129;2.069;0.96;false;true;107.5;0.50
8dir;480;clown;1.616;3.099;2.40;true;false;140.8;0.77
8dir;480;acrobat;0.142;2.078;0.98;false;true;107.4;0.52
8dir;481;clown;1.616;3.139;2.40;true;false;140.6;0.77
8dir;481;acrobat;0.155;2.087;1.00;false;true;107.4;0.53
8dir;482;clown;1.616;3.180;2.40;true;false;140.3;0.77
8dir;482;acrobat;0.168;2.097;1.02;false;true;107.3;0.54
8dir;483;clown;1.616;3.260;2.40;false;false;140.3;0.76
8dir;483;acrobat;0.194;2.118;1.06;false;true;107.3;0.57
8dir;484;clown;1.616;3.300;2.40;false;false;140.3;0.77
8dir;484;acrobat;0.207;2.129;1.08;false;true;107.2;0.58
8dir;485;clown;1.616;3.340;2.40;false;true;140.3;0.77
8dir;485;acrobat;0.220;2.140;1.10;false;true;107.1;0.59
8dir;486;clown;1.616;3.381;2.40;false;true;140.6;0.77
8dir;486;acrobat;0.234;2.152;1.12;false;true;106.9;0.60
8dir;487;clown;1.616;3.461;2.40;false;true;141.2;0.77
8dir;487;acrobat;0.261;2.177;1.16;true;false;106.6;0.61
8dir;488;clown;1.615;3.501;2.40;true;true;141.2;0.77
8dir;488;acrobat;0.274;2.191;1.19;true;false;106.7;0.62
8dir;489;clown;1.615;3.542;2.40;true;true;141.1;0.77
8dir;489;acrobat;0.288;2.205;1.21;true;false;106.8;0.63
8dir;490;clown;1.615;3.583;2.40;true;true;140.9;0.77
8dir;490;acrobat;0.302;2.219;1.23;true;false;106.9;0.64
8dir;491;clown;1.615;3.665;2.40;true;false;140.3;0.76
8dir;491;acrobat;0.329;2.249;1.28;true;false;107.2;0.65
8dir;492;clown;1.615;3.706;2.40;true;false;140.1;0.76
8dir;492;acrobat;0.343;2.265;1.30;true;false;107.2;0.66
8dir;493;clown;1.615;3.747;2.40;true;false;139.8;0.76
8dir;493;acrobat;0.357;2.281;1.33;true;false;107.3;0.66
8dir;494;clown;1.615;3.830;2.40;false;false;139.2;0.75
8dir;494;acrobat;0.385;2.315;1.38;true;false;107.3;0.67
8dir;495;clown;1.615;3.871;2.40;false;false;139.1;0.75
8dir;495;acrobat;0.399;2.333;1.40;true;false;107.2;0.68
8dir;496;clown;1.615;3.912;2.40;false;true;139.1;0.75
8dir;496;acrobat;0.413;2.351;1.42;true;false;107.1;0.68
8dir;497;clown;1.615;3.953;2.40;false;true;139.3;0.75
8dir;497;acrobat;0.427;2.370;1.45;true;false;107.0;0.69
8dir;498;clown;1.615;4.036;2.40;false;true;139.6;0.75
8dir;498;acrobat;0.455;2.409;1.49;false;false;106.7;0.70
8dir;499;clown;1.615;4.077;2.40;false;true;139.6;0.75
8dir;499;acrobat;0.469;2.429;1.52;false;true;106.7;0.70
8dir;500;clown;1.615;4.119;2.40;true;true;139.4;0.75
8dir;500;acrobat;0.483;2.450;1.54;false;true;106.9;0.71
8dir;501;clown;1.615;4.160;2.40;true;true;139.1;0.75
8dir;501;acrobat;0.497;2.471;1.56;false;true;107.0;0.72
8dir;502;clown;1.615;4.243;2.40;true;false;138.6;0.75
8dir;502;acrobat;0.525;2.515;1.61;false;true;107.4;0.73
8dir;503;clown;1.615;4.285;2.40;true;false;138.5;0.74
8dir;503;acrobat;0.539;2.538;1.63;false;true;107.4;0.74
8dir;504;clown;1.615;4.368;2.40;true;false;137.9;0.74
8dir;504;acrobat;0.567;2.585;1.67;false;true;107.5;0.75
8dir;505;clown;1.615;4.409;2.40;true;false;137.5;0.74
8dir;505;acrobat;0.581;2.609;1.69;false;true;107.4;0.76
8dir;506;clown;1.614;4.493;2.40;false;true;136.9;0.73
8dir;506;acrobat;0.608;2.658;1.73;false;true;107.3;0.77
8dir;507;clown;1.614;4.534;2.40;false;true;137.1;0.73
8dir;507;acrobat;0.621;2.684;1.75;false;false;106.8;0.77
8dir;508;clown;1.614;4.576;2.40;false;true;137.4;0.73
8dir;508;acrobat;0.635;2.710;1.77;true;false;106.9;0.77
8dir;509;clown;1.614;4.658;2.40;false;true;137.4;0.73
8dir;509;acrobat;0.662;2.762;1.80;true;false;107.4;0.78
8dir;510;clown;1.614;4.699;2.40;false;true;137.3;0.73
8dir;510;acrobat;0.675;2.789;1.82;true;false;107.5;0.78
8dir;511;clown;1.614;4.741;2.40;true;true;137.0;0.73
8dir;511;acrobat;0.688;2.816;1.84;true;false;107.7;0.78
8dir;512;clown;1.614;4.774;1.90;true;true;137.0;0.73
8dir;512;acrobat;0.701;2.844;1.84;true;false;107.7;0.78
8dir;513;clown;1.613;4.816;0.90;true;false;136.7;0.73
8dir;513;acrobat;0.726;2.898;1.78;true;false;107.8;0.78
8dir;514;clown;1.613;4.825;0.40;true;false;136.9;0.73
8dir;514;acrobat;0.738;2.924;1.73;true;false;107.7;0.79
8dir;515;clown;1.613;4.825;0.00;true;true;137.2;0.74
8dir;515;acrobat;0.749;2.949;1.66;true;false;107.6;0.79
8dir;516;clown;1.613;4.825;0.00;true;true;137.3;0.75
8dir;516;acrobat;0.760;2.972;1.60;false;false;107.2;0.79
8dir;517;clown;1.613;4.825;0.00;true;true;137.5;0.76
8dir;517;acrobat;0.780;3.017;1.47;false;true;107.5;0.79
8dir;518;clown;1.613;4.825;0.00;true;true;137.5;0.77
8dir;518;acrobat;0.790;3.039;1.42;false;true;107.6;0.79
8dir;519;clown;1.613;4.825;0.00;true;true;137.6;0.78
8dir;519;acrobat;0.800;3.059;1.36;false;true;107.8;0.79
8dir;520;clown;1.613;4.825;0.00;true;true;137.7;0.78
8dir;520;acrobat;0.809;3.079;1.31;false;true;107.9;0.80
8dir;521;clown;1.613;4.825;0.00;true;true;137.7;0.79
8dir;521;acrobat;0.817;3.098;1.25;false;true;108.0;0.80
8dir;522;clown;1.613;4.825;0.00;true;true;137.5;0.80
8dir;522;acrobat;0.833;3.133;1.16;false;true;108.2;0.80
8dir;523;clown;1.613;4.825;0.00;false;true;136.9;0.80
8dir;523;acrobat;0.841;3.150;1.11;false;true;108.2;0.80
8dir;524;clown;1.613;4.825;0.00;false;true;136.9;0.80
8dir;524;acrobat;0.848;3.166;1.07;false;true;108.1;0.80
8dir;525;clown;1.613;4.825;0.00;false;true;137.0;0.80
8dir;525;acrobat;0.855;3.181;1.02;false;true;108.0;0.81
8dir;526;clown;1.613;4.825;0.00;false;true;137.0;0.80
8dir;526;acrobat;0.862;3.196;0.98;false;true;108.0;0.81
8dir;527;clown;1.613;4.825;0.00;false;true;137.0;0.81
8dir;527;acrobat;0.869;3.210;0.94;false;true;107.9;0.81
8dir;528;clown;1.613;4.825;0.00;false;true;137.0;0.81
8dir;528;acrobat;0.875;3.224;0.91;false;true;107.8;0.81
8dir;529;clown;1.613;4.825;0.00;false;true;137.0;0.81
8dir;529;acrobat;0.887;3.250;0.84;false;false;107.4;0.81
8dir;530;clown;1.603;4.835;0.71;false;false;136.5;0.81
8dir;530;acrobat;0.892;3.262;0.81;false;false;107.4;0.81
8dir;531;clown;1.585;4.853;1.41;false;false;136.5;0.80
8dir;531;acrobat;0.897;3.274;0.80;false;false;107.4;0.81
8dir;532;clown;1.559;4.879;2.12;false;false;136.4;0.78
8dir;532;acrobat;0.902;3.287;0.81;false;false;107.5;0.81
8dir;533;clown;1.530;4.908;2.40;false;false;136.3;0.76
8dir;533;acrobat;0.907;3.299;0.81;false;false;107.5;0.81
8dir;534;clown;1.501;4.938;2.40;false;false;136.2;0.74
8dir;534;acrobat;0.912;3.312;0.82;true;false;107.5;0.82
8dir;535;clown;1.442;4.997;2.40;true;true;136.2;0.70
8dir;535;acrobat;0.920;3.339;0.85;true;false;107.9;0.82
8dir;536;clown;1.413;5.026;2.40;true;true;136.4;0.68
8dir;536;acrobat;0.924;3.352;0.86;true;false;108.0;0.83
8dir;537;clown;1.384;5.055;2.40;true;true;136.6;0.66
8dir;537;acrobat;0.928;3.366;0.87;true;false;108.1;0.83
8dir;538;clown;1.355;5.084;2.40;true;true;136.7;0.64
8dir;538;acrobat;0.931;3.381;0.89;true;false;108.2;0.83
8dir;539;clown;1.326;5.113;2.40;true;true;136.6;0.62
8dir;539;acrobat;0.935;3.395;0.90;true;false;108.2;0.84
8dir;540;clown;1.297;5.142;2.40;true;true;136.5;0.61
8dir;540;acrobat;0.938;3.410;0.92;true;false;108.3;0.84
8dir;541;clown;1.268;5.171;2.40;true;true;136.2;0.61
8dir;541;acrobat;0.941;3.426;0.94;true;false;108.3;0.84
8dir;542;clown;1.210;5.229;2.40;false;false;135.2;0.59
8dir;542;acrobat;0.946;3.458;0.98;true;false;108.4;0.85
8dir;543;clown;1.181;5.258;2.40;false;false;135.2;0.58
8dir;543;acrobat;0.948;3.474;1.00;true;false;108.4;0.85
8dir;544;clown;1.152;5.287;2.40;false;false;135.2;0.58
8dir;544;acrobat;0.950;3.491;1.02;true;false;108.3;0.85
8dir;545;clown;1.123;5.316;2.40;false;false;135.2;0.57
8dir;545;acrobat;0.951;3.509;1.04;true;false;108.3;0.85
8dir;546;clown;1.094;5.345;2.40;false;false;135.2;0.57
8dir;546;acrobat;0.952;3.527;1.06;true;false;108.2;0.86
8dir;547;clown;1.064;5.374;2.40;false;true;135.2;0.56
8dir;547;acrobat;0.954;3.546;1.08;true;true;108.1;0.86
8dir;548;clown;1.035;5.403;2.40;false;true;135.5;0.56
8dir;548;acrobat;0.954;3.565;1.10;true;true;108.0;0.86
8dir;549;clown;0.977;5.462;2.40;true;true;135.8;0.54
8dir;549;acrobat;0.955;3.605;1.15;false;true;107.9;0.86
8dir;550;clown;0.750;5.688;2.40;false;false;135.1;0.53
8dir;550;acrobat;0.945;3.776;1.31;false;true;108.2;0.87
8dir;551;clown;0.693;5.744;2.40;false;false;135.3;0.53
8dir;551;acrobat;0.939;3.823;1.35;false;true;108.0;0.86
8dir;552;clown;0.665;5.773;2.40;false;false;135.4;0.52
8dir;552;acrobat;0.936;3.846;1.37;false;false;107.6;0.86
8dir;553;clown;0.636;5.801;2.40;false;true;135.5;0.52
8dir;553;acrobat;0.932;3.870;1.39;false;false;107.6;0.86
8dir;554;clown;0.607;5.830;2.40;false;true;135.9;0.52
8dir;554;acrobat;0.928;3.894;1.41;false;false;107.6;0.86
8dir;555;clown;0.579;5.858;2.40;true;true;136.2;0.51
8dir;555;acrobat;0.924;3.918;1.43;false;false;107.7;0.86
8dir;556;clown;0.550;5.887;2.40;true;true;136.4;0.51
8dir;556;acrobat;0.919;3.943;1.45;false;false;107.7;0.86
8dir;557;clown;0.493;5.944;2.40;true;true;136.5;0.50
8dir;557;acrobat;0.909;3.992;1.49;true;false;108.0;0.86
8dir;558;clown;0.465;5.971;2.40;true;true;136.6;0.50
8dir;558;acrobat;0.903;4.017;1.51;true;false;108.2;0.86
8dir;559;clown;0.437;6.000;2.40;true;true;136.6;0.50
8dir;559;acrobat;0.897;4.043;1.53;true;false;108.3;0.85
8dir;560;clown;0.409;6.027;2.40;true;false;135.9;0.50
8dir;560;acrobat;0.891;4.070;1.54;true;false;108.3;0.85
8dir;561;clown;0.382;6.054;2.40;true;false;135.8;0.50
8dir;561;acrobat;0.884;4.097;1.56;true;false;108.3;0.85
8dir;562;clown;0.354;6.082;2.40;false;false;135.8;0.50
8dir;562;acrobat;0.877;4.124;1.57;true;false;108.2;0.85
8dir;563;clown;0.327;6.109;2.40;false;false;136.0;0.50
8dir;563;acrobat;0.869;4.151;1.58;true;false;108.1;0.85
8dir;564;clown;0.272;6.163;2.40;false;false;136.3;0.50
8dir;564;acrobat;0.853;4.207;1.61;true;true;107.9;0.85
8dir;565;clown;0.244;6.191;2.40;false;false;136.5;0.50
8dir;565;acrobat;0.845;4.234;1.62;true;true;107.7;0.85
8dir;566;clown;0.217;6.218;2.40;false;true;136.7;0.50
8dir;566;acrobat;0.836;4.262;1.63;false;true;107.4;0.84
8dir;567;clown;0.188;6.246;2.40;false;true;137.1;0.49
8dir;567;acrobat;0.827;4.290;1.65;false;true;107.5;0.84
8dir;568;clown;0.160;6.274;2.40;true;true;137.5;0.49
8dir;568;acrobat;0.817;4.318;1.66;false;true;107.5;0.84
8dir;569;clown;0.132;6.302;2.40;true;true;137.8;0.48
8dir;569;acrobat;0.808;4.347;1.68;false;true;107.5;0.84
8dir;570;clown;0.075;6.358;2.40;true;true;137.9;0.48
8dir;570;acrobat;0.788;4.403;1.71;false;true;107.6;0.83
8dir;571;clown;0.047;6.386;2.40;true;true;138.0;0.48
8dir;571;acrobat;0.777;4.431;1.72;false;true;107.4;0.83
8dir;572;clown;0.027;6.406;1.69;true;true;138.0;0.48
8dir;572;acrobat;0.767;4.459;1.71;false;true;107.3;0.82
8dir;573;clown;0.016;6.417;0.99;true;false;137.3;0.48
8dir;573;acrobat;0.756;4.487;1.67;false;true;107.1;0.82
8dir;574;clown;0.012;6.421;0.28;true;true;137.4;0.48
8dir;574;acrobat;0.746;4.513;1.61;false;false;106.8;0.82
8dir;575;clown;0.012;6.421;0.00;true;true;137.5;0.49
8dir;575;acrobat;0.736;4.539;1.54;false;false;106.8;0.82
8dir;576;clown;0.012;6.421;0.00;false;true;137.6;0.50
8dir;576;acrobat;0.718;4.587;1.42;false;false;106.8;0.81
8dir;577;clown;0.012;6.421;0.00;false;true;137.9;0.51
8dir;577;acrobat;0.709;4.610;1.35;true;false;106.8;0.81
8dir;578;clown;0.012;6.421;0.00;false;true;138.1;0.52
8dir;578;acrobat;0.701;4.632;1.30;true;false;106.9;0.81
8dir;579;clown;0.012;6.421;0.00;false;true;138.3;0.52
8dir;579;acrobat;0.693;4.654;1.24;true;false;107.0;0.81
8dir;580;clown;0.012;6.421;0.00;false;true;138.6;0.53
8dir;580;acrobat;0.685;4.674;1.18;true;false;107.1;0.81
8dir;581;clown;0.012;6.421;0.00;false;true;138.8;0.53
8dir;581;acrobat;0.678;4.694;1.13;true;false;107.2;0.81
8dir;582;clown;0.012;6.421;0.00;false;true;139.0;0.54
8dir;582;acrobat;0.671;4.712;1.08;true;false;107.3;0.82
8dir;583;clown;0.012;6.421;0.00;false;true;139.2;0.54
8dir;583;acrobat;0.657;4.748;0.99;true;false;107.3;0.82
8dir;584;clown;0.012;6.421;0.00;false;true;139.4;0.54
8dir;584;acrobat;0.651;4.765;0.94;true;false;107.2;0.82
8dir;585;clown;0.012;6.421;0.00;false;true;139.5;0.54
8dir;585;acrobat;0.645;4.781;0.90;true;false;107.2;0.82
8dir;586;clown;0.012;6.421;0.00;false;true;139.6;0.55
8dir;586;acrobat;0.639;4.797;0.86;true;false;107.1;0.82
8dir;587;clown;0.012;6.421;0.00;false;true;139.7;0.55
8dir;587;acrobat;0.633;4.812;0.82;true;false;107.1;0.82
8dir;588;clown;0.012;6.421;0.00;false;true;139.8;0.55
8dir;588;acrobat;0.628;4.826;0.78;true;false;107.0;0.82
8dir;589;clown;0.012;6.421;0.00;false;false;139.3;0.55
8dir;589;acrobat;0.617;4.854;0.72;true;false;106.8;0.82
8dir;590;clown;0.003;6.420;0.50;false;false;139.3;0.48
8dir;590;acrobat;0.612;4.867;0.72;true;true;106.7;0.82
8dir;591;clown;-0.012;6.420;1.00;false;false;139.3;0.42
8dir;591;acrobat;0.607;4.881;0.72;true;true;106.6;0.82
8dir;592;clown;-0.036;6.420;1.50;false;false;139.3;0.36
8dir;592;acrobat;0.601;4.894;0.72;false;true;106.3;0.82
8dir;593;clown;-0.068;6.420;2.00;false;true;139.3;0.31
8dir;593;acrobat;0.596;4.907;0.72;false;true;106.4;0.82
8dir;594;clown;-0.107;6.420;2.40;false;true;139.4;0.27
8dir;594;acrobat;0.590;4.921;0.72;false;true;106.5;0.81
8dir;595;clown;-0.188;6.420;2.40;false;true;139.5;0.18
8dir;595;acrobat;0.577;4.946;0.72;false;true;106.7;0.81
8dir;596;clown;-0.228;6.420;2.40;true;true;139.5;0.14
8dir;596;acrobat;0.570;4.959;0.72;false;true;106.7;0.80
8dir;597;clown;-0.268;6.420;2.40;true;true;139.4;0.12
8dir;597;acrobat;0.563;4.972;0.72;false;true;106.8;0.80
8dir;598;clown;-0.308;6.420;2.40;true;true;139.2;0.09
8dir;598;acrobat;0.556;4.984;0.72;false;true;106.8;0.79
8dir;599;clown;-0.348;6.420;2.40;true;true;139.4;0.07
8dir;599;acrobat;0.549;4.996;0.72;false;true;106.8;0.79
8dir;600;clown;-0.428;6.420;2.40;true;false;139.0;0.05
8dir;600;acrobat;0.533;5.021;0.75;false;true;106.8;0.77
8dir;601;clown;-0.468;6.420;2.40;true;false;138.9;0.05
8dir;601;acrobat;0.524;5.033;0.77;false;true;106.8;0.77
8dir;602;clown;-0.503;6.420;2.40;true;false;138.8;0.04
8dir;602;acrobat;0.515;5.045;0.78;false;true;106.7;0.76
8dir;603;clown;-0.539;6.420;2.40;false;false;138.8;0.03
8dir;603;acrobat;0.506;5.057;0.80;false;true;106.6;0.75
8dir;604;clown;-0.575;6.420;2.40;false;false;139.0;0.03
8dir;604;acrobat;0.497;5.069;0.82;false;true;106.5;0.74
8dir;605;clown;-0.651;6.421;2.40;false;true;139.5;0.01
8dir;605;acrobat;0.478;5.092;0.86;false;false;106.0;0.73
8dir;606;clown;-0.689;6.421;2.40;false;true;140.0;0.00
8dir;606;acrobat;0.468;5.104;0.88;false;false;106.1;0.72
8dir;607;clown;-0.727;6.421;2.40;false;true;140.4;-0.01
8dir;607;acrobat;0.458;5.116;0.91;false;false;106.1;0.71
8dir;608;clown;-0.802;6.421;2.40;false;true;141.0;-0.04
8dir;608;acrobat;0.435;5.140;0.95;false;false;106.2;0.70
8dir;609;clown;-0.840;6.421;2.40;true;true;141.0;-0.04
8dir;609;acrobat;0.423;5.152;0.98;true;false;106.2;0.69
8dir;610;clown;-0.878;6.422;2.40;true;true;141.0;-0.04
8dir;610;acrobat;0.411;5.164;1.00;true;false;106.4;0.68
8dir;611;clown;-0.954;6.422;2.40;true;false;141.1;-0.05
8dir;611;acrobat;0.385;5.189;1.05;true;false;106.6;0.67
8dir;612;clown;-0.987;6.422;2.40;true;false;141.4;-0.05
8dir;612;acrobat;0.372;5.201;1.07;true;false;106.7;0.67
8dir;613;clown;-1.021;6.422;2.40;true;false;141.5;-0.04
8dir;613;acrobat;0.358;5.214;1.09;true;false;106.8;0.66
8dir;614;clown;-1.055;6.422;2.40;true;false;141.5;-0.04
8dir;614;acrobat;0.344;5.226;1.10;true;false;106.8;0.66
8dir;615;clown;-1.125;6.423;2.40;false;false;141.4;-0.04
8dir;615;acrobat;0.315;5.251;1.14;true;false;106.8;0.65
8dir;616;clown;-1.160;6.423;2.40;false;true;141.6;-0.04
8dir;616;acrobat;0.299;5.263;1.16;true;false;106.8;0.64
8dir;617;clown;-1.230;6.423;2.40;false;true;142.7;-0.05
8dir;617;acrobat;0.268;5.288;1.20;true;false;106.7;0.63
8dir;618;clown;-1.265;6.424;2.40;false;true;143.0;-0.06
8dir;618;acrobat;0.251;5.301;1.22;true;false;106.5;0.63
8dir;619;clown;-1.300;6.424;2.40;false;true;143.1;-0.07
8dir;619;acrobat;0.234;5.314;1.23;true;true;106.4;0.62
8dir;620;clown;-1.370;6.424;2.40;true;true;143.5;-0.08
8dir;620;acrobat;0.198;5.339;1.27;false;true;106.0;0.61
8dir;621;clown;-1.405;6.424;2.40;true;true;143.5;-0.08
8dir;621;acrobat;0.180;5.352;1.29;false;true;106.1;0.60
8dir;622;clown;-1.439;6.425;2.40;true;false;143.4;-0.08
8dir;622;acrobat;0.161;5.364;1.30;false;true;106.1;0.59
8dir;623;clown;-1.475;6.425;2.40;true;false;143.7;-0.08
8dir;623;acrobat;0.143;5.377;1.32;false;true;106.2;0.59
8dir;624;clown;-1.545;6.425;2.40;true;false;144.2;-0.07
8dir;624;acrobat;0.104;5.402;1.35;false;true;106.3;0.57
8dir;625;clown;-1.578;6.425;2.40;true;false;144.1;-0.06
8dir;625;acrobat;0.084;5.414;1.37;false;true;106.2;0.56
8dir;626;clown;-1.612;6.425;2.40;true;false;144.0;-0.06
8dir;626;acrobat;0.064;5.426;1.38;false;true;106.2;0.55
8dir;627;clown;-1.645;6.425;2.40;false;true;143.7;-0.06
8dir;627;acrobat;0.043;5.438;1.39;false;true;106.1;0.54
8dir;628;clown;-1.678;6.426;2.40;false;true;144.2;-0.07
8dir;628;acrobat;0.023;5.450;1.40;false;true;105.9;0.53
8dir;629;clown;-1.745;6.426;2.40;false;true;145.3;-0.08
8dir;629;acrobat;-0.018;5.474;1.43;false;false;105.4;0.52
8dir;630;clown;-1.778;6.426;2.40;false;true;145.4;-0.09
8dir;630;acrobat;-0.039;5.485;1.44;false;false;105.4;0.51
8dir;631;clown;-1.845;6.426;2.40;true;true;145.8;-0.10
8dir;631;acrobat;-0.080;5.507;1.47;false;false;105.5;0.50
8dir;632;clown;-1.871;6.426;1.90;true;true;145.7;-0.10
8dir;632;acrobat;-0.100;5.518;1.47;false;false;105.5;0.50
8dir;633;clown;-1.888;6.426;1.40;true;false;145.4;-0.10
8dir;633;acrobat;-0.120;5.529;1.45;false;false;105.5;0.49
8dir;634;clown;-1.898;6.426;0.90;true;false;145.3;-0.10
8dir;634;acrobat;-0.140;5.539;1.42;true;false;105.5;0.49
8dir;635;clown;-1.901;6.427;0.00;true;true;145.7;-0.09
8dir;635;acrobat;-0.176;5.557;1.32;true;false;105.9;0.48
8dir;636;clown;-1.901;6.427;0.00;true;true;145.7;-0.08
8dir;636;acrobat;-0.193;5.566;1.28;true;false;106.0;0.48
8dir;637;clown;-1.901;6.427;0.00;true;true;145.6;-0.08
8dir;637;acrobat;-0.209;5.574;1.23;true;false;106.0;0.48
8dir;638;clown;-1.901;6.427;0.00;true;true;145.6;-0.07
8dir;638;acrobat;-0.225;5.583;1.18;true;false;106.0;0.49
8dir;639;clown;-1.901;6.427;0.00;true;true;145.5;-0.07
8dir;639;acrobat;-0.240;5.590;1.14;true;false;106.0;0.49
8dir;640;clown;-1.901;6.427;0.00;true;true;145.8;-0.06
8dir;640;acrobat;-0.269;5.605;1.06;true;false;106.1;0.49
8dir;641;clown;-1.901;6.427;0.00;true;true;145.7;-0.05
8dir;641;acrobat;-0.282;5.612;1.02;true;false;106.0;0.49
8dir;642;clown;-1.901;6.427;0.00;true;true;145.6;-0.04
8dir;642;acrobat;-0.295;5.619;0.99;true;false;106.0;0.49
8dir;643;clown;-1.901;6.427;0.00;true;true;145.5;-0.04
8dir;643;acrobat;-0.308;5.625;0.95;true;false;105.9;0.49
8dir;644;clown;-1.901;6.427;0.00;false;true;144.7;-0.04
8dir;644;acrobat;-0.320;5.631;0.92;true;false;105.8;0.49
8dir;645;clown;-1.901;6.427;0.00;false;true;144.6;-0.03
8dir;645;acrobat;-0.331;5.637;0.89;true;false;105.7;0.49
8dir;646;clown;-1.901;6.427;0.00;false;true;144.5;-0.03
8dir;646;acrobat;-0.342;5.643;0.86;true;false;105.6;0.49
8dir;647;clown;-1.901;6.427;0.00;false;true;144.4;-0.03
8dir;647;acrobat;-0.365;5.655;0.80;false;true;105.3;0.49
8dir;648;clown;-1.901;6.427;0.00;false;true;144.3;-0.03
8dir;648;acrobat;-0.376;5.660;0.77;false;true;105.3;0.49
8dir;649;clown;-1.901;6.427;0.00;false;true;144.2;-0.03
8dir;649;acrobat;-0.386;5.666;0.74;false;true;105.4;0.49
8dir;650;clown;-1.906;6.421;0.71;false;true;144.0;-0.11
8dir;650;acrobat;-0.396;5.671;0.72;false;true;105.5;0.49
8dir;651;clown;-1.919;6.408;1.41;false;false;143.5;-0.18
8dir;651;acrobat;-0.407;5.676;0.72;false;true;105.6;0.49
8dir;652;clown;-1.940;6.386;2.12;false;false;143.4;-0.24
8dir;652;acrobat;-0.417;5.681;0.72;false;true;105.6;0.49
8dir;653;clown;-1.992;6.335;2.40;false;false;143.5;-0.33
8dir;653;acrobat;-0.438;5.690;0.72;false;true;105.8;0.47
8dir;654;clown;-2.018;6.308;2.40;false;false;143.3;-0.36
8dir;654;acrobat;-0.448;5.695;0.72;false;true;105.8;0.47
8dir;655;clown;-2.045;6.282;2.40;true;false;143.2;-0.39
8dir;655;acrobat;-0.459;5.699;0.72;false;true;105.8;0.46
8dir;656;clown;-2.071;6.255;2.40;true;true;143.4;-0.42
8dir;656;acrobat;-0.468;5.702;0.73;false;true;105.8;0.44
8dir;657;clown;-2.097;6.228;2.40;true;true;143.6;-0.44
8dir;657;acrobat;-0.478;5.706;0.75;false;true;105.8;0.43
8dir;658;clown;-2.124;6.202;2.40;true;true;143.7;-0.45
8dir;658;acrobat;-0.487;5.709;0.77;false;true;105.7;0.42
8dir;659;clown;-2.150;6.175;2.40;true;true;143.7;-0.47
8dir;659;acrobat;-0.498;5.712;0.79;false;true;105.7;0.41
8dir;660;clown;-2.203;6.122;2.40;true;true;143.8;-0.49
8dir;660;acrobat;-0.519;5.718;0.83;false;true;105.6;0.38
8dir;661;clown;-2.230;6.096;2.40;true;true;143.5;-0.50
8dir;661;acrobat;-0.530;5.720;0.85;false;true;105.5;0.37
8dir;662;clown;-2.256;6.069;2.40;false;true;142.7;-0.51
8dir;662;acrobat;-0.541;5.723;0.87;false;false;105.0;0.36
8dir;663;clown;-2.283;6.043;2.40;false;false;142.6;-0.52
8dir;663;acrobat;-0.553;5.725;0.89;false;false;105.1;0.35
8dir;664;clown;-2.309;6.016;2.40;false;false;142.6;-0.52
8dir;664;acrobat;-0.565;5.727;0.91;false;false;105.1;0.33
8dir;665;clown;-2.364;5.961;2.40;false;false;142.7;-0.53
8dir;665;acrobat;-0.590;5.731;0.96;false;false;105.3;0.31
8dir;666;clown;-2.392;5.933;2.40;false;false;142.6;-0.53
8dir;666;acrobat;-0.603;5.733;0.99;false;false;105.3;0.30
8dir;667;clown;-2.421;5.903;2.40;false;false;142.4;-0.54
8dir;667;acrobat;-0.617;5.734;1.02;false;false;105.4;0.29
8dir;668;clown;-2.450;5.873;2.40;true;false;142.2;-0.54
8dir;668;acrobat;-0.631;5.735;1.05;false;false;105.4;0.27
8dir;669;clown;-2.480;5.844;2.40;true;true;142.2;-0.54
8dir;669;acrobat;-0.646;5.736;1.08;false;false;105.5;0.26
8dir;670;clown;-2.509;5.814;2.40;true;true;142.3;-0.54
8dir;670;acrobat;-0.661;5.737;1.11;false;false;105.6;0.25
8dir;671;clown;-2.567;5.755;2.40;true;true;141.8;-0.54
8dir;671;acrobat;-0.693;5.738;1.18;true;false;105.7;0.22
8dir;672;clown;-2.596;5.726;2.40;true;true;141.4;-0.54
8dir;672;acrobat;-0.709;5.738;1.21;true;false;105.9;0.21
8dir;673;clown;-2.654;5.667;2.40;true;true;140.5;-0.55
8dir;673;acrobat;-0.744;5.737;1.27;true;false;106.2;0.19
8dir;674;clown;-2.684;5.638;2.40;false;true;139.5;-0.55
8dir;674;acrobat;-0.761;5.736;1.30;true;false;106.3;0.18
8dir;675;clown;-2.713;5.608;2.40;false;false;139.1;-0.55
8dir;675;acrobat;-0.780;5.735;1.33;true;false;106.5;0.18
8dir;676;clown;-2.742;5.579;2.40;false;false;138.9;-0.55
8dir;676;acrobat;-0.798;5.734;1.36;true;false;106.6;0.17
8dir;677;clown;-2.771;5.550;2.40;false;false;138.6;-0.56
8dir;677;acrobat;-0.817;5.732;1.40;true;false;106.7;0.16
8dir;678;clown;-2.829;5.491;2.40;true;false;138.4;-0.56
8dir;678;acrobat;-0.857;5.728;1.46;true;true;106.8;0.14
8dir;679;clown;-2.859;5.461;2.40;true;true;138.4;-0.56
8dir;679;acrobat;-0.877;5.725;1.49;true;true;106.8;0.13
8dir;680;clown;-2.888;5.432;2.40;true;true;138.3;-0.55
8dir;680;acrobat;-0.898;5.722;1.52;true;true;106.9;0.12
8dir;681;clown;-2.917;5.403;2.40;true;true;138.1;-0.55
8dir;681;acrobat;-0.919;5.719;1.55;true;true;107.2;0.11
8dir;682;clown;-2.975;5.344;2.40;true;true;137.6;-0.56
8dir;682;acrobat;-0.962;5.712;1.60;false;true;107.1;0.09
8dir;683;clown;-3.005;5.314;2.40;true;true;137.3;-0.56
8dir;683;acrobat;-0.986;5.707;1.63;false;true;107.3;0.08
8dir;684;clown;-3.034;5.285;2.40;false;true;136.4;-0.56
8dir;684;acrobat;-1.010;5.702;1.66;false;true;107.5;0.06
8dir;685;clown;-3.063;5.255;2.40;false;true;136.0;-0.56
8dir;685;acrobat;-1.034;5.697;1.68;false;true;107.6;0.05
8dir;686;clown;-3.092;5.226;2.40;false;false;135.7;-0.56
8dir;686;acrobat;-1.058;5.692;1.71;false;true;107.6;0.04
8dir;687;clown;-3.122;5.196;2.40;false;false;135.6;-0.56
8dir;687;acrobat;-1.083;5.686;1.73;false;true;107.7;0.02
8dir;688;clown;-3.180;5.137;2.40;true;false;135.4;-0.57
8dir;688;acrobat;-1.133;5.673;1.78;false;false;107.5;0.00
8dir;689;clown;-3.209;5.108;2.40;true;false;135.4;-0.57
8dir;689;acrobat;-1.158;5.666;1.81;false;false;107.7;-0.00
8dir;690;clown;-3.239;5.078;2.40;true;true;135.4;-0.56
8dir;690;acrobat;-1.184;5.659;1.83;false;false;108.0;-0.01
8dir;691;clown;-3.268;5.049;2.40;true;true;135.2;-0.56
8dir;691;acrobat;-1.210;5.651;1.85;false;false;108.2;-0.02
8dir;692;clown;-3.289;5.027;1.69;true;true;135.1;-0.56
8dir;692;acrobat;-1.236;5.643;1.85;false;false;108.4;-0.03
8dir;693;clown;-3.303;5.013;0.99;true;true;135.1;-0.56
8dir;693;acrobat;-1.262;5.636;1.83;false;false;108.6;-0.03
8dir;694;clown;-3.309;5.007;0.00;true;true;135.0;-0.55
8dir;694;acrobat;-1.311;5.621;1.72;true;false;109.0;-0.05
8dir;695;clown;-3.309;5.007;0.00;true;true;135.0;-0.54
8dir;695;acrobat;-1.334;5.614;1.66;true;false;109.3;-0.05
8dir;696;clown;-3.309;5.007;0.00;false;true;134.5;-0.54
8dir;696;acrobat;-1.356;5.607;1.60;true;false;109.6;-0.05
8dir;697;clown;-3.309;5.007;0.00;false;true;134.5;-0.53
8dir;697;acrobat;-1.376;5.601;1.54;true;false;109.8;-0.05
8dir;698;clown;-3.309;5.007;0.00;false;true;134.5;-0.53
8dir;698;acrobat;-1.395;5.595;1.49;true;false;110.0;-0.04
8dir;699;clown;-3.309;5.007;0.00;false;true;134.5;-0.52
8dir;699;acrobat;-1.413;5.589;1.45;true;false;110.1;-0.04
8dir;700;clown;-3.309;5.007;0.00;false;true;134.5;-0.51
8dir;700;acrobat;-1.448;5.578;1.36;true;false;110.1;-0.04
8dir;701;clown;-3.309;5.007;0.00;false;true;134.6;-0.50
8dir;701;acrobat;-1.466;5.572;1.31;true;true;110.1;-0.04
8dir;702;clown;-3.309;5.007;0.00;false;true;134.7;-0.50
8dir;702;acrobat;-1.484;5.567;1.27;true;true;110.0;-0.04
8dir;703;clown;-3.309;5.007;0.00;false;false;134.4;-0.50
8dir;703;acrobat;-1.503;5.561;1.22;true;true;110.1;-0.04
8dir;704;clown;-3.309;5.007;0.00;false;false;134.5;-0.50
8dir;704;acrobat;-1.520;5.556;1.17;false;true;109.8;-0.04
8dir;705;clown;-3.309;5.007;0.00;false;false;134.6;-0.49
8dir;705;acrobat;-1.537;5.550;1.13;false;true;110.0;-0.05
8dir;706;clown;-3.309;5.007;0.00;false;false;134.7;-0.49
8dir;706;acrobat;-1.569;5.540;1.05;false;true;110.2;-0.05
8dir;707;clown;-3.309;5.007;0.00;false;false;134.8;-0.49
8dir;707;acrobat;-1.584;5.536;1.01;false;true;110.3;-0.05
8dir;708;clown;-3.309;5.007;0.00;false;false;134.9;-0.49
8dir;708;acrobat;-1.599;5.531;0.97;false;true;110.4;-0.05
8dir;709;clown;-3.309;5.007;0.00;false;false;135.0;-0.49
8dir;709;acrobat;-1.612;5.527;0.93;false;true;110.5;-0.06
8dir;710;clown;-3.309;4.975;1.00;false;false;134.9;-0.57
8dir;710;acrobat;-1.639;5.519;0.89;false;true;110.5;-0.07
8dir;711;clown;-3.309;4.948;1.50;false;false;134.7;-0.59
8dir;711;acrobat;-1.652;5.514;0.88;false;true;110.5;-0.07
8dir;712;clown;-3.309;4.914;2.00;false;true;134.5;-0.61
8dir;712;acrobat;-1.664;5.510;0.87;false;true;110.5;-0.08
8dir;713;clown;-3.310;4.873;2.40;false;true;134.5;-0.63
8dir;713;acrobat;-1.677;5.505;0.87;false;true;110.4;-0.09
8dir;714;clown;-3.310;4.833;2.40;false;true;134.4;-0.64
8dir;714;acrobat;-1.689;5.499;0.88;false;true;110.4;-0.10
8dir;715;clown;-3.310;4.792;2.40;true;true;134.4;-0.65
8dir;715;acrobat;-1.702;5.494;0.88;false;true;110.3;-0.10
8dir;716;clown;-3.310;4.711;2.40;true;true;133.9;-0.67
8dir;716;acrobat;-1.727;5.482;0.90;false;false;109.9;-0.13
8dir;717;clown;-3.310;4.671;2.40;true;true;133.8;-0.68
8dir;717;acrobat;-1.740;5.475;0.91;false;false;110.0;-0.14
8dir;718;clown;-3.310;4.630;2.40;true;true;133.7;-0.68
8dir;718;acrobat;-1.753;5.468;0.92;false;false;110.1;-0.15
8dir;719;clown;-3.310;4.589;2.40;true;false;133.0;-0.68
8dir;719;acrobat;-1.767;5.460;0.93;false;false;110.2;-0.16
8dir;720;clown;-3.310;4.548;2.40;true;false;132.7;-0.68
8dir;720;acrobat;-1.781;5.451;0.94;false;false;110.2;-0.17
8dir;721;clown;-3.311;4.466;2.40;false;false;132.1;-0.68
8dir;721;acrobat;-1.809;5.433;0.97;false;false;110.3;-0.20
8dir;722;clown;-3.311;4.426;2.40;false;false;132.1;-0.69
8dir;722;acrobat;-1.823;5.423;0.98;false;false;110.3;-0.21
8dir;723;clown;-3.311;4.386;2.40;false;false;132.1;-0.69
8dir;723;acrobat;-1.838;5.412;0.99;false;false;110.4;-0.22
8dir;724;clown;-3.311;4.306;2.40;false;true;132.2;-0.69
8dir;724;acrobat;-1.867;5.390;1.02;true;false;110.3;-0.25
8dir;725;clown;-3.311;4.266;2.40;false;true;132.4;-0.69
8dir;725;acrobat;-1.882;5.378;1.03;true;false;110.4;-0.26
8dir;726;clown;-3.311;4.226;2.40;false;true;132.6;-0.69
8dir;726;acrobat;-1.897;5.365;1.04;true;false;110.6;-0.27
8dir;727;clown;-3.311;4.146;2.40;true;true;132.3;-0.69
8dir;727;acrobat;-1.926;5.340;1.08;true;false;110.6;-0.29
8dir;728;clown;-3.311;4.107;2.40;true;true;132.3;-0.69
8dir;728;acrobat;-1.941;5.326;1.09;true;false;110.7;-0.30
8dir;729;clown;-3.312;4.067;2.40;true;true;132.4;-0.69
8dir;729;acrobat;-1.955;5.312;1.11;true;false;110.8;-0.31
8dir;730;clown;-3.312;3.987;2.40;true;false;131.8;-0.70
8dir;730;acrobat;-1.985;5.283;1.14;true;true;110.6;-0.32
8dir;731;clown;-3.312;3.947;2.40;true;false;131.7;-0.70
8dir;731;acrobat;-1.999;5.268;1.16;true;true;110.7;-0.33
8dir;732;clown;-3.312;3.867;2.40;false;false;131.1;-0.70
8dir;732;acrobat;-2.030;5.235;1.19;true;true;110.3;-0.35
8dir;733;clown;-3.312;3.827;2.40;false;false;131.1;-0.70
8dir;733;acrobat;-2.045;5.218;1.21;true;true;110.4;-0.36
8dir;734;clown;-3.312;3.787;2.40;false;false;131.2;-0.70
8dir;734;acrobat;-2.060;5.201;1.23;true;true;110.4;-0.37
8dir;735;clown;-3.312;3.707;2.40;false;true;131.3;-0.70
8dir;735;acrobat;-2.090;5.165;1.26;false;true;109.7;-0.39
8dir;736;clown;-3.312;3.667;2.40;false;true;131.6;-0.70
8dir;736;acrobat;-2.105;5.146;1.28;false;true;109.7;-0.40
8dir;737;clown;-3.312;3.627;2.40;false;true;131.8;-0.70
8dir;737;acrobat;-2.120;5.127;1.30;false;true;109.7;-0.41
8dir;738;clown;-3.313;3.587;2.40;true;true;131.9;-0.70
8dir;738;acrobat;-2.135;5.108;1.31;false;true;109.6;-0.42
8dir;739;clown;-3.313;3.507;2.40;true;true;131.6;-0.71
8dir;739;acrobat;-2.165;5.067;1.35;false;true;109.1;-0.44
8dir;740;clown;-3.313;3.467;2.40;true;true;131.7;-0.71
8dir;740;acrobat;-2.180;5.047;1.37;false;false;108.8;-0.45
8dir;741;clown;-3.313;3.427;2.40;true;false;131.3;-0.71
8dir;741;acrobat;-2.194;5.026;1.39;false;false;108.8;-0.45
8dir;742;clown;-3.313;3.387;2.40;true;false;131.3;-0.71
8dir;742;acrobat;-2.209;5.004;1.40;false;false;108.8;-0.46
8dir;743;clown;-3.313;3.347;2.40;true;false;131.2;-0.71
8dir;743;acrobat;-2.223;4.982;1.42;false;false;108.8;-0.46
8dir;744;clown;-3.313;3.306;2.40;true;false;131.1;-0.71
8dir;744;acrobat;-2.238;4.960;1.44;true;false;108.8;-0.47
8dir;745;clown;-3.313;3.226;2.40;false;false;130.7;-0.71
8dir;745;acrobat;-2.266;4.915;1.47;true;false;108.9;-0.48
8dir;746;clown;-3.313;3.186;2.40;false;false;130.8;-0.71
8dir;746;acrobat;-2.280;4.892;1.49;true;false;109.1;-0.48
8dir;747;clown;-3.314;3.146;2.40;false;true;130.9;-0.71
8dir;747;acrobat;-2.293;4.869;1.51;true;false;109.3;-0.49
8dir;748;clown;-3.314;3.106;2.40;false;true;131.2;-0.71
8dir;748;acrobat;-2.307;4.845;1.53;true;false;109.4;-0.49
8dir;749;clown;-3.314;3.026;2.40;false;true;131.3;-0.72
8dir;749;acrobat;-2.334;4.797;1.56;true;false;109.1;-0.50
8dir;750;clown;-3.314;2.986;2.40;true;true;131.4;-0.72
8dir;750;acrobat;-2.348;4.772;1.58;true;false;109.0;-0.50
8dir;751;clown;-3.314;2.946;2.40;true;true;131.4;-0.72
8dir;751;acrobat;-2.361;4.747;1.60;true;false;108.9;-0.50
8dir;752;clown;-3.314;2.914;1.90;true;true;131.5;-0.72
8dir;752;acrobat;-2.374;4.722;1.60;true;true;108.8;-0.51
8dir;753;clown;-3.314;2.891;1.40;true;true;131.8;-0.72
8dir;753;acrobat;-2.387;4.697;1.58;false;true;108.4;-0.51
8dir;754;clown;-3.314;2.869;0.40;true;false;131.4;-0.71
8dir;754;acrobat;-2.412;4.649;1.49;false;true;108.5;-0.52
8dir;755;clown;-3.314;2.869;0.00;true;true;131.9;-0.71
8dir;755;acrobat;-2.423;4.626;1.43;false;true;108.7;-0.52
8dir;756;clown;-3.314;2.869;0.00;true;true;132.4;-0.70
8dir;756;acrobat;-2.434;4.604;1.37;false;true;108.8;-0.52
8dir;757;clown;-3.314;2.869;0.00;true;true;132.8;-0.69
8dir;757;acrobat;-2.445;4.583;1.31;false;true;108.9;-0.53
8dir;758;clown;-3.314;2.869;0.00;true;true;133.4;-0.68
8dir;758;acrobat;-2.465;4.543;1.20;false;true;108.7;-0.54
8dir;759;clown;-3.314;2.869;0.00;true;true;133.9;-0.68
8dir;759;acrobat;-2.475;4.524;1.15;false;true;108.7;-0.54
8dir;760;clown;-3.314;2.869;0.00;true;true;134.4;-0.67
8dir;760;acrobat;-2.484;4.506;1.09;false;true;108.7;-0.54
8dir;761;clown;-3.314;2.869;0.00;true;true;134.8;-0.66
8dir;761;acrobat;-2.493;4.489;1.05;false;true;108.6;-0.54
8dir;762;clown;-3.314;2.869;0.00;false;true;134.8;-0.66
8dir;762;acrobat;-2.501;4.472;1.00;false;true;108.6;-0.54
8dir;763;clown;-3.314;2.869;0.00;false;true;135.1;-0.65
8dir;763;acrobat;-2.516;4.444;0.92;false;false;108.0;-0.54
8dir;764;clown;-3.314;2.869;0.00;false;true;135.3;-0.65
8dir;764;acrobat;-2.523;4.431;0.88;false;false;108.1;-0.54
8dir;765;clown;-3.314;2.869;0.00;false;true;135.4;-0.65
8dir;765;acrobat;-2.529;4.418;0.84;false;false;108.2;-0.54
8dir;766;clown;-3.314;2.869;0.00;false;true;135.6;-0.65
8dir;766;acrobat;-2.536;4.406;0.81;false;false;108.3;-0.54
8dir;767;clown;-3.314;2.869;0.00;false;true;135.7;-0.65
8dir;767;acrobat;-2.542;4.394;0.77;false;false;108.4;-0.54
8dir;768;clown;-3.314;2.869;0.00;false;true;135.8;-0.65
8dir;768;acrobat;-2.553;4.372;0.72;false;false;108.5;-0.54
8dir;769;clown;-3.314;2.869;0.00;false;true;135.9;-0.65
8dir;769;acrobat;-2.559;4.361;0.72;true;false;108.6;-0.54
8dir;770;clown;-3.306;2.861;0.71;false;false;135.3;-0.64
8dir;770;acrobat;-2.564;4.350;0.72;true;false;108.8;-0.54
8dir;771;clown;-3.290;2.845;1.41;false;false;135.1;-0.63
8dir;771;acrobat;-2.570;4.339;0.72;true;false;108.9;-0.54
8dir;772;clown;-3.238;2.792;2.40;false;false;134.5;-0.60
8dir;772;acrobat;-2.580;4.316;0.72;true;false;109.1;-0.55
8dir;773;clown;-3.210;2.764;2.40;false;false;134.3;-0.59
8dir;773;acrobat;-2.585;4.305;0.72;true;false;109.2;-0.55
8dir;774;clown;-3.182;2.736;2.40;false;true;134.1;-0.58
8dir;774;acrobat;-2.589;4.293;0.72;true;false;109.3;-0.55
8dir;775;clown;-3.127;2.681;2.40;true;true;133.9;-0.56
8dir;775;acrobat;-2.597;4.270;0.72;true;false;109.3;-0.56
8dir;776;clown;-3.099;2.653;2.40;true;true;133.8;-0.55
8dir;776;acrobat;-2.601;4.259;0.72;true;false;109.3;-0.57
8dir;777;clown;-3.071;2.625;2.40;true;true;133.8;-0.54
8dir;777;acrobat;-2.604;4.247;0.72;true;false;109.4;-0.57
8dir;778;clown;-3.043;2.597;2.40;true;true;133.8;-0.53
8dir;778;acrobat;-2.608;4.235;0.74;true;false;109.4;-0.57
8dir;779;clown;-2.988;2.541;2.40;true;true;133.4;-0.52
8dir;779;acrobat;-2.614;4.210;0.78;true;false;109.2;-0.58
8dir;780;clown;-2.960;2.513;2.40;true;false;132.8;-0.52
8dir;780;acrobat;-2.616;4.197;0.80;true;false;109.2;-0.58
8dir;781;clown;-2.932;2.485;2.40;false;false;132.8;-0.51
8dir;781;acrobat;-2.619;4.183;0.82;true;false;109.1;-0.59
8dir;782;clown;-2.877;2.429;2.40;false;false;132.7;-0.51
8dir;782;acrobat;-2.623;4.155;0.86;true;false;108.9;-0.60
8dir;783;clown;-2.849;2.401;2.40;false;false;132.8;-0.51
8dir;783;acrobat;-2.625;4.141;0.88;false;true;108.5;-0.60
8dir;784;clown;-2.821;2.374;2.40;false;false;132.9;-0.51
8dir;784;acrobat;-2.627;4.126;0.91;false;true;108.6;-0.60
8dir;785;clown;-2.793;2.346;2.40;false;true;133.0;-0.50
8dir;785;acrobat;-2.629;4.110;0.93;false;true;108.8;-0.60
8dir;786;clown;-2.737;2.290;2.40;true;true;133.3;-0.50
8dir;786;acrobat;-2.631;4.078;0.98;false;true;109.0;-0.61
8dir;787;clown;-2.710;2.262;2.40;true;true;133.5;-0.50
8dir;787;acrobat;-2.632;4.062;1.00;false;true;109.1;-0.61
8dir;788;clown;-2.682;2.234;2.40;true;true;133.6;-0.49
8dir;788;acrobat;-2.632;4.044;1.03;false;true;109.2;-0.62
8dir;789;clown;-2.654;2.206;2.40;true;true;133.6;-0.49
8dir;789;acrobat;-2.633;4.027;1.05;false;true;109.3;-0.62
8dir;790;clown;-2.598;2.150;2.40;true;true;133.4;-0.50
8dir;790;acrobat;-2.632;3.991;1.10;false;true;109.4;-0.63
8dir;791;clown;-2.570;2.122;2.40;true;false;132.9;-0.51
8dir;791;acrobat;-2.632;3.972;1.13;false;true;109.4;-0.63
8dir;792;clown;-2.542;2.094;2.40;true;false;132.7;-0.51
8dir;792;acrobat;-2.631;3.953;1.15;false;true;109.3;-0.63
8dir;793;clown;-2.514;2.066;2.40;false;false;132.7;-0.51
8dir;793;acrobat;-2.630;3.933;1.18;false;true;109.3;-0.63
8dir;794;clown;-2.459;2.010;2.40;false;false;132.6;-0.52
8dir;794;acrobat;-2.627;3.893;1.23;false;true;109.0;-0.63
8dir;795;clown;-2.431;1.982;2.40;false;false;132.7;-0.52
8dir;795;acrobat;-2.625;3.873;1.25;false;true;108.9;-0.63
8dir;796;clown;-2.403;1.954;2.40;false;false;132.8;-0.52
8dir;796;acrobat;-2.622;3.852;1.28;false;false;108.4;-0.62
8dir;797;clown;-2.375;1.926;2.40;false;true;132.9;-0.52
8dir;797;acrobat;-2.620;3.830;1.30;false;false;108.5;-0.62
8dir;798;clown;-2.319;1.870;2.40;true;true;133.2;-0.52
8dir;798;acrobat;-2.613;3.787;1.35;true;false;108.5;-0.62
8dir;799;clown;-2.291;1.842;2.40;true;true;133.4;-0.51
8dir;799;acrobat;-2.610;3.764;1.37;true;false;108.7;-0.62
8dir;800;clown;-2.263;1.814;2.40;true;true;133.5;-0.51
8dir;800;acrobat;-2.606;3.741;1.39;true;false;108.9;-0.62
8dir;801;clown;-2.208;1.758;2.40;true;true;133.4;-0.51
8dir;801;acrobat;-2.597;3.695;1.44;true;false;109.2;-0.62
8dir;802;clown;-2.180;1.730;2.40;true;true;133.4;-0.52
8dir;802;acrobat;-2.592;3.671;1.46;true;false;109.3;-0.62
8dir;803;clown;-2.152;1.702;2.40;true;false;132.8;-0.52
8dir;803;acrobat;-2.587;3.648;1.48;true;false;109.3;-0.62
8dir;804;clown;-2.124;1.674;2.40;true;false;132.7;-0.53
8dir;804;acrobat;-2.581;3.623;1.51;true;false;109.3;-0.62
8dir;805;clown;-2.096;1.646;2.40;false;false;132.6;-0.53
8dir;805;acrobat;-2.575;3.599;1.53;true;false;109.3;-0.62
8dir;806;clown;-2.040;1.589;2.40;false;false;132.6;-0.53
8dir;806;acrobat;-2.562;3.549;1.57;true;false;109.0;-0.62
8dir;807;clown;-2.012;1.561;2.40;false;false;132.7;-0.53
8dir;807;acrobat;-2.556;3.524;1.59;true;false;108.8;-0.61
8dir;808;clown;-1.984;1.533;2.40;false;false;132.7;-0.54
8dir;808;acrobat;-2.548;3.498;1.61;false;false;108.4;-0.61
8dir;809;clown;-1.956;1.505;2.40;false;true;132.8;-0.54
8dir;809;acrobat;-2.541;3.472;1.63;false;true;108.4;-0.61
8dir;810;clown;-1.900;1.449;2.40;true;true;133.2;-0.54
8dir;810;acrobat;-2.525;3.420;1.67;false;true;108.8;-0.61
8dir;811;clown;-1.872;1.421;2.40;true;true;133.3;-0.53
8dir;811;acrobat;-2.516;3.394;1.69;false;true;109.0;-0.60
8dir;812;clown;-1.852;1.401;1.69;true;true;133.4;-0.53
8dir;812;acrobat;-2.507;3.367;1.68;false;true;109.1;-0.60
8dir;813;clown;-1.841;1.390;0.99;true;true;133.5;-0.53
8dir;813;acrobat;-2.499;3.341;1.65;false;true;109.2;-0.60
8dir;814;clown;-1.838;1.386;0.28;true;true;133.5;-0.53
8dir;814;acrobat;-2.490;3.316;1.59;false;true;109.2;-0.60
8dir;815;clown;-1.838;1.386;0.00;true;true;133.5;-0.53
8dir;815;acrobat;-2.482;3.292;1.53;false;true;109.2;-0.59
8dir;816;clown;-1.838;1.386;0.00;true;true;133.3;-0.53
8dir;816;acrobat;-2.467;3.247;1.41;false;true;108.9;-0.59
8dir;817;clown;-1.838;1.386;0.00;true;true;133.3;-0.53
8dir;817;acrobat;-2.460;3.226;1.35;false;true;108.8;-0.59
8dir;818;clown;-1.838;1.386;0.00;true;true;133.3;-0.53
8dir;818;acrobat;-2.453;3.206;1.30;false;false;108.3;-0.58
8dir;819;clown;-1.838;1.386;0.00;true;false;132.8;-0.53
8dir;819;acrobat;-2.447;3.186;1.25;false;false;108.4;-0.58
8dir;820;clown;-1.838;1.386;0.00;true;false;132.8;-0.53
8dir;820;acrobat;-2.441;3.168;1.20;false;false;108.4;-0.58
8dir;821;clown;-1.838;1.386;0.00;true;false;132.7;-0.53
8dir;821;acrobat;-2.429;3.132;1.11;true;false;108.6;-0.58
8dir;822;clown;-1.838;1.386;0.00;true;false;132.9;-0.52
8dir;822;acrobat;-2.423;3.116;1.06;true;false;108.8;-0.58
8dir;823;clown;-1.838;1.386;0.00;false;false;132.8;-0.52
8dir;823;acrobat;-2.418;3.100;1.02;true;false;108.9;-0.58
8dir;824;clown;-1.838;1.386;0.00;false;false;132.9;-0.52
8dir;824;acrobat;-2.408;3.070;0.94;true;false;109.1;-0.58
8dir;825;clown;-1.838;1.386;0.00;false;false;133.0;-0.52
8dir;825;acrobat;-2.403;3.056;0.91;true;false;109.2;-0.58
8dir;826;clown;-1.838;1.386;0.00;false;false;133.2;-0.52
8dir;826;acrobat;-2.399;3.042;0.87;true;false;109.3;-0.58
8dir;827;clown;-1.838;1.386;0.00;false;false;133.3;-0.52
8dir;827;acrobat;-2.390;3.017;0.80;true;false;109.3;-0.58
8dir;828;clown;-1.838;1.386;0.00;false;false;133.4;-0.52
8dir;828;acrobat;-2.386;3.005;0.77;true;false;109.3;-0.59
8dir;829;clown;-1.838;1.386;0.00;false;false;133.5;-0.52
8dir;829;acrobat;-2.383;2.993;0.74;true;false;109.3;-0.59
tab;830;clown;-1.846;1.406;0.72;true;false;133.9;-0.02
tab;830;acrobat;-2.375;2.978;0.86;true;true;109.2;-0.57
tab;831;clown;-1.849;1.417;0.72;true;false;134.2;0.21
tab;831;acrobat;-2.358;2.959;1.56;true;true;109.0;-0.56
tab;832;clown;-1.857;1.440;0.72;true;true;134.7;0.55
tab;832;acrobat;-2.306;2.903;2.40;false;true;108.9;-0.54
tab;833;clown;-1.861;1.451;0.72;true;true;135.0;0.66
tab;833;acrobat;-2.278;2.875;2.40;false;true;108.9;-0.52
tab;834;clown;-1.864;1.462;0.72;true;true;135.2;0.73
tab;834;acrobat;-2.250;2.847;2.40;false;true;108.9;-0.50
tab;835;clown;-1.867;1.474;0.72;true;true;135.5;0.78
tab;835;acrobat;-2.223;2.819;2.40;false;true;108.7;-0.49
tab;836;clown;-1.867;1.477;0.19;true;true;135.5;0.78
tab;836;acrobat;-2.195;2.791;2.40;false;true;108.5;-0.48
tab;837;clown;-1.867;1.477;0.00;true;true;135.4;0.78
tab;837;acrobat;-2.167;2.763;2.40;false;false;108.3;-0.47
tab;838;clown;-1.867;1.477;0.00;true;true;135.2;0.78
tab;838;acrobat;-2.111;2.708;2.40;false;false;108.4;-0.46
tab;839;clown;-1.867;1.477;0.00;true;true;135.1;0.78
tab;839;acrobat;-2.083;2.680;2.40;false;false;108.4;-0.46
tab;840;clown;-1.867;1.477;0.00;true;true;135.0;0.78
tab;840;acrobat;-2.056;2.652;2.40;false;false;108.4;-0.46
tab;841;clown;-1.867;1.477;0.00;true;true;135.0;0.78
tab;841;acrobat;-2.028;2.624;2.40;true;false;108.5;-0.45
tab;842;clown;-1.867;1.477;0.00;true;true;135.0;0.77
tab;842;acrobat;-2.000;2.596;2.40;true;false;108.7;-0.46
tab;843;clown;-1.867;1.477;0.00;true;true;135.1;0.77
tab;843;acrobat;-1.972;2.568;2.40;true;false;109.0;-0.46
tab;844;clown;-1.867;1.477;0.00;true;true;135.2;0.78
tab;844;acrobat;-1.917;2.512;2.40;true;false;109.1;-0.47
tab;845;clown;-1.867;1.477;0.00;false;true;134.8;0.78
tab;845;acrobat;-1.889;2.484;2.40;true;true;109.0;-0.47
tab;846;clown;-1.867;1.477;0.00;false;true;135.0;0.78
tab;846;acrobat;-1.861;2.456;2.40;true;true;108.9;-0.47
tab;847;clown;-1.867;1.477;0.00;false;false;135.0;0.78
tab;847;acrobat;-1.833;2.428;2.40;true;true;109.0;-0.47
tab;848;clown;-1.867;1.477;0.00;false;false;135.1;0.78
tab;848;acrobat;-1.805;2.400;2.40;false;true;108.7;-0.47
tab;849;clown;-1.867;1.477;0.00;false;false;135.3;0.78
tab;849;acrobat;-1.777;2.372;2.40;false;true;108.7;-0.47
tab;850;clown;-1.867;1.477;0.00;false;false;135.4;0.78
tab;850;acrobat;-1.749;2.344;2.40;false;true;108.7;-0.47
tab;851;clown;-1.867;1.477;0.00;false;false;135.6;0.78
tab;851;acrobat;-1.694;2.288;2.40;false;true;108.3;-0.46
tab;852;clown;-1.867;1.477;0.00;false;false;135.8;0.78
tab;852;acrobat;-1.666;2.260;2.40;false;false;108.1;-0.46
tab;853;clown;-1.867;1.477;0.00;false;false;136.0;0.78
tab;853;acrobat;-1.638;2.232;2.40;false;false;108.1;-0.46
tab;854;clown;-1.867;1.477;0.00;false;false;136.1;0.78
tab;854;acrobat;-1.610;2.204;2.40;false;false;108.1;-0.46
tab;855;clown;-1.867;1.477;0.00;false;false;136.3;0.78
tab;855;acrobat;-1.582;2.176;2.40;false;false;108.2;-0.46
tab;856;clown;-1.867;1.477;0.00;false;false;136.4;0.78
tab;856;acrobat;-1.526;2.120;2.40;true;false;108.4;-0.47
tab;857;clown;-1.867;1.477;0.00;false;false;136.5;0.78
tab;857;acrobat;-1.498;2.092;2.40;true;false;108.6;-0.48
tab;858;clown;-1.867;1.477;0.00;false;false;136.6;0.78
tab;858;acrobat;-1.470;2.064;2.40;true;false;108.8;-0.48
tab;859;clown;-1.867;1.477;0.00;false;false;136.7;0.78
tab;859;acrobat;-1.443;2.036;2.40;true;false;108.8;-0.49
tab;860;clown;-1.867;1.477;0.00;false;false;136.8;0.79
tab;860;acrobat;-1.415;2.008;2.40;true;false;108.8;-0.50
tab;861;clown;-1.867;1.477;0.00;false;false;136.9;0.79
tab;861;acrobat;-1.387;1.980;2.40;true;true;108.6;-0.50
tab;862;clown;-1.867;1.477;0.00;false;false;137.1;0.79
tab;862;acrobat;-1.331;1.924;2.40;false;true;108.3;-0.50
tab;863;clown;-1.867;1.477;0.00;false;false;137.2;0.79
tab;863;acrobat;-1.303;1.896;2.40;false;true;108.4;-0.50
tab;864;clown;-1.867;1.477;0.00;false;false;137.3;0.79
tab;864;acrobat;-1.275;1.868;2.40;false;true;108.4;-0.50
tab;865;clown;-1.867;1.477;0.00;false;false;137.4;0.79
tab;865;acrobat;-1.247;1.840;2.40;false;true;108.4;-0.50
tab;866;clown;-1.867;1.477;0.00;false;false;137.5;0.80
tab;866;acrobat;-1.219;1.812;2.40;false;true;108.2;-0.49
tab;867;clown;-1.867;1.477;0.00;false;false;137.6;0.81
tab;867;acrobat;-1.191;1.784;2.40;false;true;108.0;-0.49
tab;868;clown;-1.867;1.477;0.00;false;false;137.7;0.82
tab;868;acrobat;-1.163;1.756;2.40;false;false;107.8;-0.49
tab;869;clown;-1.867;1.477;0.00;false;false;137.8;0.83
tab;869;acrobat;-1.135;1.728;2.40;false;false;107.8;-0.49
tab;870;clown;-1.867;1.477;0.00;false;false;137.9;0.84
tab;870;acrobat;-1.107;1.700;2.40;false;false;107.8;-0.49
tab;871;clown;-1.867;1.477;0.00;false;false;138.0;0.85
tab;871;acrobat;-1.051;1.643;2.40;true;false;108.0;-0.50
tab;872;clown;-1.867;1.477;0.00;true;false;138.1;0.86
tab;872;acrobat;-1.023;1.615;2.40;true;false;108.3;-0.51
tab;873;clown;-1.867;1.477;0.00;true;true;138.2;0.86
tab;873;acrobat;-0.995;1.587;2.40;true;false;108.4;-0.51
tab;874;clown;-1.867;1.477;0.00;true;true;138.3;0.86
tab;874;acrobat;-0.967;1.559;2.40;true;false;108.4;-0.52
tab;875;clown;-1.867;1.477;0.00;true;true;138.4;0.87
tab;875;acrobat;-0.939;1.531;2.40;true;false;108.4;-0.53
tab;876;clown;-1.867;1.477;0.00;true;true;138.5;0.87
tab;876;acrobat;-0.911;1.503;2.40;true;false;108.3;-0.53
tab;877;clown;-1.867;1.477;0.00;true;true;138.6;0.87
tab;877;acrobat;-0.883;1.475;2.40;true;true;108.0;-0.53
tab;878;clown;-1.867;1.477;0.00;true;true;138.7;0.88
tab;878;acrobat;-0.827;1.418;2.40;false;true;108.0;-0.53
tab;879;clown;-1.867;1.477;0.00;true;true;138.8;0.88
tab;879;acrobat;-0.799;1.390;2.40;false;true;108.1;-0.53
tab;880;clown;-1.867;1.477;0.00;true;true;138.9;0.88
tab;880;acrobat;-0.771;1.362;2.40;false;true;108.1;-0.53
tab;881;clown;-1.867;1.477;0.00;true;true;139.0;0.88
tab;881;acrobat;-0.743;1.334;2.40;false;true;108.0;-0.52
tab;882;clown;-1.867;1.477;0.00;true;true;139.1;0.89
tab;882;acrobat;-0.687;1.277;2.40;false;true;107.7;-0.52
tab;883;clown;-1.867;1.477;0.00;true;true;139.2;0.89
tab;883;acrobat;-0.658;1.249;2.40;false;false;107.4;-0.52
tab;884;clown;-1.867;1.477;0.00;true;true;139.3;0.89
tab;884;acrobat;-0.630;1.221;2.40;false;false;107.4;-0.52
tab;885;clown;-1.867;1.477;0.00;true;true;139.4;0.89
tab;885;acrobat;-0.602;1.193;2.40;true;false;107.4;-0.53
tab;886;clown;-1.867;1.477;0.00;true;true;139.4;0.89
tab;886;acrobat;-0.574;1.164;2.40;true;false;107.6;-0.53
tab;887;clown;-1.867;1.477;0.00;true;true;139.5;0.89
tab;887;acrobat;-0.546;1.136;2.40;true;false;107.8;-0.53
tab;888;clown;-1.867;1.477;0.00;false;false;139.1;0.89
tab;888;acrobat;-0.490;1.080;2.40;true;false;108.0;-0.55
tab;889;clown;-1.860;1.473;0.54;false;false;138.9;0.83
tab;889;acrobat;-0.462;1.051;2.40;true;false;107.9;-0.55
tab;890;clown;-1.849;1.470;0.72;false;false;138.8;0.75
tab;890;acrobat;-0.434;1.023;2.40;true;false;107.8;-0.55
tab;891;clown;-1.838;1.467;0.72;false;false;138.6;0.66
tab;891;acrobat;-0.406;0.995;2.40;true;false;107.6;-0.56
tab;892;clown;-1.827;1.463;0.72;true;false;138.4;0.57
tab;892;acrobat;-0.377;0.967;2.40;false;true;107.2;-0.55
tab;893;clown;-1.817;1.459;0.72;true;true;138.3;0.48
tab;893;acrobat;-0.349;0.938;2.40;false;true;107.4;-0.56
tab;894;clown;-1.806;1.455;0.72;true;true;138.2;0.40
tab;894;acrobat;-0.321;0.910;2.40;false;true;107.6;-0.56
tab;895;clown;-1.795;1.451;0.72;true;true;138.1;0.33
tab;895;acrobat;-0.293;0.907;1.70;false;true;107.8;-0.50
tab;896;clown;-1.774;1.444;0.72;true;true;137.8;0.21
tab;896;acrobat;-0.237;0.901;1.70;false;true;108.0;-0.39
tab;897;clown;-1.763;1.440;0.72;true;true;137.6;0.17
tab;897;acrobat;-0.209;0.901;1.70;false;true;108.1;-0.34
tab;898;clown;-1.753;1.436;0.72;true;true;137.6;0.13
tab;898;acrobat;-0.181;0.901;1.70;false;true;108.1;-0.29
tab;899;clown;-1.742;1.432;0.72;true;true;137.7;0.10
tab;899;acrobat;-0.152;0.901;1.70;false;true;108.1;-0.25
tab;900;clown;-1.731;1.429;0.72;true;true;137.7;0.07
tab;900;acrobat;-0.124;0.901;1.70;false;true;108.1;-0.22
tab;901;clown;-1.720;1.425;0.72;true;true;137.7;0.05
tab;901;acrobat;-0.096;0.901;1.70;false;false;107.7;-0.19
tab;902;clown;-1.709;1.421;0.74;true;true;137.7;0.03
tab;902;acrobat;-0.068;0.901;1.70;true;false;107.8;-0.17
tab;903;clown;-1.686;1.414;0.81;true;true;137.5;-0.00
tab;903;acrobat;-0.012;0.901;1.70;true;false;108.4;-0.14
tab;904;clown;-1.673;1.410;0.84;true;true;137.4;-0.01
tab;904;acrobat;0.017;0.901;1.70;true;false;108.6;-0.13
tab;905;clown;-1.660;1.406;0.87;true;true;137.3;-0.02
tab;905;acrobat;0.045;0.901;1.70;true;false;108.7;-0.13
tab;906;clown;-1.646;1.402;0.91;false;true;136.6;-0.02
tab;906;acrobat;0.073;0.901;1.70;true;false;108.9;-0.12
tab;907;clown;-1.632;1.397;0.94;false;false;136.7;-0.03
tab;907;acrobat;0.101;0.901;1.70;true;false;108.9;-0.12
tab;908;clown;-1.617;1.393;0.97;false;false;136.7;-0.03
tab;908;acrobat;0.129;0.901;1.70;true;false;109.0;-0.12
tab;909;clown;-1.586;1.384;1.02;false;false;136.8;-0.03
tab;909;acrobat;0.186;0.901;1.70;true;false;108.9;-0.11
tab;910;clown;-1.570;1.380;1.05;false;false;136.9;-0.03
tab;910;acrobat;0.214;0.901;1.70;false;false;108.4;-0.11
tab;911;clown;-1.553;1.375;1.07;false;false;137.0;-0.03
tab;911;acrobat;0.242;0.901;1.70;false;true;108.5;-0.10
tab;912;clown;-1.536;1.371;1.10;false;false;137.0;-0.03
tab;912;acrobat;0.270;0.901;1.70;false;true;108.7;-0.10
tab;913;clown;-1.519;1.366;1.12;false;false;137.1;-0.03
tab;913;acrobat;0.299;0.901;1.70;false;true;108.9;-0.10
tab;914;clown;-1.501;1.362;1.14;false;false;137.1;-0.03
tab;914;acrobat;0.327;0.901;1.70;false;true;109.1;-0.10
tab;915;clown;-1.464;1.352;1.18;false;false;137.2;-0.03
tab;915;acrobat;0.383;0.901;1.70;false;true;109.4;-0.09
tab;916;clown;-1.446;1.348;1.20;false;false;137.2;-0.03
tab;916;acrobat;0.411;0.901;1.70;false;true;109.4;-0.08
tab;917;clown;-1.426;1.343;1.22;true;false;137.2;-0.02
tab;917;acrobat;0.440;0.900;1.72;false;true;109.4;-0.08
tab;918;clown;-1.407;1.338;1.24;true;true;137.4;-0.02
tab;918;acrobat;0.468;0.894;1.77;false;true;109.3;-0.09
tab;919;clown;-1.387;1.334;1.27;true;true;137.6;-0.02
tab;919;acrobat;0.498;0.886;1.85;false;true;109.1;-0.12
tab;920;clown;-1.367;1.329;1.29;true;true;137.8;-0.02
tab;920;acrobat;0.527;0.874;1.94;false;false;108.6;-0.15
tab;921;clown;-1.325;1.319;1.34;true;true;137.8;-0.03
tab;921;acrobat;0.588;0.837;2.22;true;false;108.8;-0.24
tab;922;clown;-1.304;1.313;1.38;true;true;137.8;-0.03
tab;922;acrobat;0.616;0.808;2.40;true;false;108.9;-0.30
tab;923;clown;-1.282;1.307;1.40;true;true;137.7;-0.03
tab;923;acrobat;0.645;0.780;2.40;true;false;109.0;-0.35
tab;924;clown;-1.260;1.301;1.43;true;true;137.6;-0.03
tab;924;acrobat;0.673;0.752;2.40;true;false;109.0;-0.40
tab;925;clown;-1.237;1.295;1.46;false;true;136.9;-0.03
tab;925;acrobat;0.701;0.724;2.40;true;false;108.8;-0.44
tab;926;clown;-1.214;1.288;1.49;false;false;136.8;-0.03
tab;926;acrobat;0.730;0.695;2.40;true;false;108.7;-0.47
tab;927;clown;-1.166;1.273;1.54;false;false;136.9;-0.04
tab;927;acrobat;0.786;0.639;2.40;false;false;108.0;-0.51
tab;928;clown;-1.142;1.265;1.57;false;false;136.9;-0.04
tab;928;acrobat;0.814;0.610;2.40;false;true;108.0;-0.52
tab;929;clown;-1.118;1.257;1.59;false;false;137.0;-0.05
tab;929;acrobat;0.843;0.582;2.40;false;true;108.1;-0.53
tab;930;clown;-1.093;1.248;1.62;false;false;137.1;-0.05
tab;930;acrobat;0.871;0.553;2.40;false;true;108.3;-0.54
tab;931;clown;-1.042;1.230;1.66;false;false;137.2;-0.06
tab;931;acrobat;0.927;0.497;2.40;false;true;108.3;-0.55
tab;932;clown;-1.017;1.220;1.68;false;false;137.3;-0.07
tab;932;acrobat;0.956;0.468;2.40;false;true;108.2;-0.55
tab;933;clown;-0.991;1.210;1.71;true;false;137.3;-0.07
tab;933;acrobat;0.984;0.440;2.40;false;true;108.0;-0.55
tab;934;clown;-0.964;1.200;1.73;true;false;137.6;-0.08
tab;934;acrobat;1.012;0.411;2.40;false;true;107.8;-0.55
tab;935;clown;-0.938;1.189;1.75;true;true;137.9;-0.09
tab;935;acrobat;1.040;0.383;2.40;false;false;107.3;-0.56
tab;936;clown;-0.884;1.167;1.79;true;true;138.0;-0.11
tab;936;acrobat;1.097;0.326;2.40;true;false;107.5;-0.57
tab;937;clown;-0.857;1.155;1.80;true;true;138.0;-0.12
tab;937;acrobat;1.125;0.298;2.40;true;false;107.7;-0.57
tab;938;clown;-0.830;1.143;1.82;true;true;138.0;-0.12
tab;938;acrobat;1.153;0.270;2.40;true;false;107.8;-0.57
tab;939;clown;-0.802;1.131;1.84;true;true;137.9;-0.12
tab;939;acrobat;1.181;0.241;2.40;true;false;107.8;-0.58
tab;940;clown;-0.775;1.119;1.86;false;true;137.2;-0.12
tab;940;acrobat;1.209;0.213;2.40;true;false;107.7;-0.59
tab;941;clown;-0.747;1.106;1.87;false;true;137.1;-0.12
tab;941;acrobat;1.237;0.185;2.40;true;false;107.6;-0.59
tab;942;clown;-0.719;1.093;1.89;false;false;137.0;-0.12
tab;942;acrobat;1.265;0.157;2.40;true;false;107.4;-0.59
tab;943;clown;-0.690;1.079;1.90;false;false;137.0;-0.13
tab;943;acrobat;1.293;0.129;2.40;false;false;107.0;-0.59
tab;944;clown;-0.634;1.052;1.93;false;false;137.1;-0.14
tab;944;acrobat;1.349;0.072;2.40;false;true;107.2;-0.59
tab;945;clown;-0.605;1.037;1.95;false;false;137.2;-0.14
tab;945;acrobat;1.377;0.044;2.40;false;true;107.4;-0.60
tab;946;clown;-0.576;1.023;1.96;false;false;137.3;-0.15
tab;946;acrobat;1.405;0.016;2.40;false;true;107.5;-0.59
tab;947;clown;-0.547;1.008;1.97;true;false;137.3;-0.15
tab;947;acrobat;1.433;-0.012;2.40;false;true;107.5;-0.59
tab;948;clown;-0.518;0.993;1.99;true;false;137.7;-0.16
tab;948;acrobat;1.461;-0.040;2.40;false;true;107.4;-0.58
tab;949;clown;-0.489;0.978;2.00;true;false;138.0;-0.17
tab;949;acrobat;1.489;-0.069;2.40;false;true;107.2;-0.58
tab;950;clown;-0.252;0.901;1.83;false;true;137.4;-0.01
tab;950;acrobat;1.707;-0.290;2.40;true;false;107.3;-0.60
tab;951;clown;-0.191;0.901;1.84;false;false;137.3;0.03
tab;951;acrobat;1.756;-0.339;2.40;true;false;107.2;-0.60
tab;952;clown;-0.160;0.901;1.84;false;false;137.4;0.05
tab;952;acrobat;1.781;-0.364;2.40;false;false;106.9;-0.60
tab;953;clown;-0.130;0.901;1.84;false;false;137.5;0.07
tab;953;acrobat;1.805;-0.389;2.40;false;true;107.0;-0.60
tab;954;clown;-0.099;0.901;1.85;false;false;137.6;0.08
tab;954;acrobat;1.830;-0.414;2.40;false;true;107.3;-0.60
tab;955;clown;-0.068;0.901;1.85;false;false;137.7;0.09
tab;955;acrobat;1.854;-0.439;2.40;false;true;107.6;-0.60
tab;956;clown;-0.006;0.901;1.86;true;false;137.8;0.11
tab;956;acrobat;1.903;-0.488;2.40;false;true;107.9;-0.60
tab;957;clown;0.025;0.901;1.87;true;true;138.2;0.11
tab;957;acrobat;1.928;-0.513;2.40;false;true;107.9;-0.59
tab;958;clown;0.056;0.901;1.87;true;true;138.4;0.11
tab;958;acrobat;1.954;-0.540;2.40;false;true;107.7;-0.59
tab;959;clown;0.087;0.901;1.88;true;true;138.6;0.12
tab;959;acrobat;1.982;-0.568;2.40;false;true;107.5;-0.59
tab;960;clown;0.118;0.901;1.89;true;true;138.6;0.12
tab;960;acrobat;2.010;-0.596;2.40;false;false;107.0;-0.59
tab;961;clown;0.150;0.901;1.88;true;true;138.6;0.12
tab;961;acrobat;2.038;-0.624;2.40;true;false;107.0;-0.59
tab;962;clown;0.181;0.901;1.87;true;true;138.5;0.13
tab;962;acrobat;2.066;-0.653;2.40;true;false;107.2;-0.59
tab;963;clown;0.242;0.901;1.84;false;true;137.5;0.14
tab;963;acrobat;2.122;-0.709;2.40;true;false;107.4;-0.60
tab;964;clown;0.272;0.901;1.82;false;false;137.5;0.14
tab;964;acrobat;2.150;-0.737;2.40;true;false;107.4;-0.60
tab;965;clown;0.302;0.901;1.81;false;false;137.5;0.14
tab;965;acrobat;2.178;-0.766;2.40;true;false;107.3;-0.60
tab;966;clown;0.332;0.901;1.79;false;false;137.6;0.14
tab;966;acrobat;2.202;-0.790;2.40;true;false;107.2;-0.61
tab;967;clown;0.362;0.901;1.78;false;false;137.6;0.15
tab;967;acrobat;2.226;-0.814;2.40;true;false;107.1;-0.61
tab;968;clown;0.391;0.901;1.77;false;false;137.7;0.15
tab;968;acrobat;2.249;-0.838;2.40;false;false;106.8;-0.61
tab;969;clown;0.449;0.898;1.77;false;false;137.8;0.14
tab;969;acrobat;2.297;-0.885;2.40;false;true;107.3;-0.61
tab;970;clown;0.479;0.892;1.82;true;false;137.8;0.12
tab;970;acrobat;2.321;-0.909;2.40;false;true;107.5;-0.61
tab;971;clown;0.508;0.882;1.90;true;false;138.1;0.09
tab;971;acrobat;2.344;-0.933;2.40;false;true;107.7;-0.61
tab;972;clown;0.538;0.868;1.99;true;false;138.3;0.05
tab;972;acrobat;2.368;-0.957;2.40;false;true;107.8;-0.60
tab;973;clown;0.569;0.851;2.11;true;true;138.4;0.00
tab;973;acrobat;2.392;-0.981;2.40;false;true;107.8;-0.60
tab;974;clown;0.599;0.827;2.28;true;true;138.3;-0.05
tab;974;acrobat;2.417;-1.006;2.40;false;true;107.7;-0.59
tab;975;clown;0.627;0.799;2.40;true;true;138.1;-0.10
tab;975;acrobat;2.442;-1.031;2.40;false;true;107.5;-0.59
tab;976;clown;0.655;0.770;2.40;true;true;138.1;-0.15
tab;976;acrobat;2.468;-1.058;2.40;false;false;107.1;-0.59
tab;977;clown;0.711;0.713;2.40;false;true;137.3;-0.21
tab;977;acrobat;2.523;-1.113;2.40;true;false;107.3;-0.59
tab;978;clown;0.739;0.685;2.40;false;true;137.1;-0.23
tab;978;acrobat;2.552;-1.142;2.40;true;false;107.4;-0.59
tab;979;clown;0.767;0.656;2.40;false;true;136.8;-0.25
tab;979;acrobat;2.581;-1.171;2.40;true;false;107.3;-0.60
tab;980;clown;0.796;0.628;2.40;false;false;136.5;-0.26
tab;980;acrobat;2.603;-1.192;1.69;true;false;107.2;-0.60
tab;981;clown;0.824;0.599;2.40;false;false;136.5;-0.28
tab;981;acrobat;2.617;-1.206;0.99;true;false;107.2;-0.60
tab;982;clown;0.852;0.571;2.40;false;false;136.5;-0.29
tab;982;acrobat;2.623;-1.211;0.28;true;true;107.1;-0.59
tab;983;clown;0.880;0.542;2.40;true;false;136.5;-0.30
tab;983;acrobat;2.623;-1.211;0.00;true;true;107.2;-0.58
tab;984;clown;0.936;0.485;2.40;true;false;137.0;-0.33
tab;984;acrobat;2.623;-1.211;0.00;true;true;107.1;-0.56
tab;985;clown;0.964;0.457;2.38;true;false;137.1;-0.34
tab;985;acrobat;2.623;-1.211;0.00;true;true;107.2;-0.55
tab;986;clown;0.991;0.430;2.28;true;true;137.2;-0.35
tab;986;acrobat;2.623;-1.211;0.00;true;true;107.2;-0.54
tab;987;clown;1.017;0.404;2.19;true;true;137.1;-0.36
tab;987;acrobat;2.623;-1.211;0.00;true;true;107.3;-0.53
tab;988;clown;1.042;0.379;2.11;true;true;137.1;-0.36
tab;988;acrobat;2.623;-1.211;0.00;false;true;107.0;-0.51
tab;989;clown;1.065;0.355;2.02;true;true;137.2;-0.37
tab;989;acrobat;2.623;-1.211;0.00;false;true;107.1;-0.50
tab;990;clown;1.088;0.332;1.94;false;true;136.7;-0.37
tab;990;acrobat;2.623;-1.211;0.00;false;true;107.2;-0.49
tab;991;clown;1.110;0.310;1.86;false;true;136.6;-0.36
tab;991;acrobat;2.623;-1.211;0.00;false;true;107.3;-0.49
tab;992;clown;1.131;0.289;1.79;false;true;136.4;-0.36
tab;992;acrobat;2.623;-1.211;0.00;false;true;107.4;-0.48
tab;993;clown;1.170;0.249;1.65;false;false;135.9;-0.36
tab;993;acrobat;2.623;-1.211;0.00;false;true;107.6;-0.48
tab;994;clown;1.188;0.230;1.58;false;false;135.9;-0.36
tab;994;acrobat;2.623;-1.211;0.00;false;true;107.7;-0.48
tab;995;clown;1.206;0.212;1.52;false;false;136.0;-0.36
tab;995;acrobat;2.623;-1.211;0.00;false;true;107.8;-0.48
tab;996;clown;1.223;0.195;1.46;false;false;136.0;-0.36
tab;996;acrobat;2.623;-1.211;0.00;false;true;107.9;-0.47
tab;997;clown;1.239;0.179;1.40;false;false;136.1;-0.36
tab;997;acrobat;2.623;-1.211;0.00;false;true;108.0;-0.47
tab;998;clown;1.255;0.163;1.35;false;false;136.1;-0.36
tab;998;acrobat;2.623;-1.211;0.00;false;false;107.7;-0.47
tab;999;clown;1.270;0.148;1.29;true;false;136.2;-0.36
tab;999;acrobat;2.623;-1.211;0.00;false;false;107.8;-0.47
tab;1000;clown;1.284;0.133;1.24;true;false;136.5;-0.36
tab;1000;acrobat;2.623;-1.211;0.00;false;false;107.9;-0.46
tab;1001;clown;1.298;0.119;1.19;true;false;136.7;-0.37
tab;1001;acrobat;2.623;-1.211;0.00;false;false;108.0;-0.46
tab;1002;clown;1.324;0.093;1.10;true;false;136.9;-0.38
tab;1002;acrobat;2.623;-1.211;0.00;false;false;108.2;-0.46
tab;1003;clown;1.336;0.080;1.06;true;false;137.0;-0.38
tab;1003;acrobat;2.623;-1.211;0.00;false;false;108.3;-0.46
tab;1004;clown;1.347;0.068;1.02;true;false;136.9;-0.38
tab;1004;acrobat;2.623;-1.211;0.00;false;false;108.4;-0.46
tab;1005;clown;1.359;0.057;0.98;true;true;136.9;-0.38
tab;1005;acrobat;2.623;-1.211;0.00;false;false;108.6;-0.45
tab;1006;clown;1.369;0.046;0.94;true;true;136.8;-0.38
tab;1006;acrobat;2.623;-1.211;0.00;false;false;108.7;-0.45
tab;1007;clown;1.380;0.035;0.90;true;true;136.7;-0.38
tab;1007;acrobat;2.623;-1.211;0.00;false;false;108.7;-0.45
tab;1008;clown;1.399;0.016;0.83;true;true;136.8;-0.38
tab;1008;acrobat;2.623;-1.211;0.00;false;false;108.8;-0.45
tab;1009;clown;1.408;0.006;0.80;false;true;136.4;-0.38
tab;1009;acrobat;2.623;-1.211;0.00;false;false;108.9;-0.45
