trecho;quadro;base;desenho;base_x;base_y;topo_x;topo_y;topo_dano_y;topo_tiro_y;cabeca_cima_x;cabeca_cima_y;jogador_vida
IntroTotem;1;Teco;idle;190.0;1000.0;1730.0;1000.0;850.0;820.0;1730.0;820.0;-1
IntroTotem;2;Teco;idle;190.0;1000.0;1730.0;1000.0;850.0;820.0;1730.0;820.0;-1
IntroTotem;3;Teco;idle;190.0;1000.0;1730.0;1000.0;850.0;820.0;1730.0;820.0;-1
IntroTotem;4;Teco;idle;190.0;1000.0;1730.0;1000.0;850.0;820.0;1730.0;820.0;-1
IntroTotem;5;Teco;idle;190.0;1000.0;1730.0;1000.0;850.0;820.0;1730.0;820.0;-1
IntroTotem;6;Teco;idle;190.0;1000.0;1730.0;1000.0;850.0;820.0;1730.0;820.0;-1
IntroTotem;7;Teco;idle;190.0;1000.0;1730.0;1000.0;850.0;820.0;1730.0;820.0;-1
IntroTotem;8;Teco;idle;190.0;1000.0;1730.0;1000.0;850.0;820.0;1730.0;820.0;-1
IntroTotem;9;Teco;idle;190.0;1000.0;1730.0;1000.0;850.0;820.0;1730.0;820.0;-1
IntroTotem;10;Teco;idle;190.0;1000.0;1730.0;1000.0;850.0;820.0;1730.0;820.0;-1
IntroTotem;11;Teco;idle;190.0;1000.0;1730.0;1000.0;850.0;820.0;1730.0;820.0;-1
IntroTotem;12;Teco;idle;190.0;1000.0;1730.0;1000.0;850.0;820.0;1730.0;820.0;-1
IntroTotem;13;Teco;idle;190.0;1000.0;1730.0;1000.0;850.0;820.0;1730.0;820.0;-1
IntroTotem;14;Teco;idle;190.0;1000.0;1730.0;1000.0;850.0;820.0;1730.0;820.0;-1
IntroTotem;15;Teco;idle;190.0;1000.0;1730.0;1000.0;850.0;820.0;1730.0;820.0;-1
IntroTotem;16;Teco;idle;190.0;1000.0;1730.0;1000.0;850.0;820.0;1730.0;820.0;-1
IntroTotem;17;Teco;idle;190.0;1000.0;1730.0;1000.0;850.0;820.0;1730.0;820.0;-1
IntroTotem;18;Teco;idle;190.0;1000.0;1730.0;1000.0;850.0;820.0;1730.0;820.0;-1
IntroTotem;19;Teco;idle;190.0;1000.0;1730.0;1000.0;850.0;820.0;1730.0;820.0;-1
IntroTotem;20;Teco;idle;190.0;1000.0;1730.0;1000.0;850.0;820.0;1730.0;820.0;-1
IntroTotem;21;Teco;idle;190.0;1000.0;1730.0;1000.0;850.0;820.0;1730.0;820.0;-1
IntroTotem;22;Teco;idle;190.0;1000.0;1730.0;1000.0;850.0;820.0;1730.0;820.0;-1
IntroTotem;23;Teco;idle;190.0;1000.0;1730.0;1000.0;850.0;820.0;1730.0;820.0;-1
IntroTotem;24;Teco;idle;190.0;1000.0;1730.0;1000.0;850.0;820.0;1730.0;820.0;-1
IntroTotem;25;Teco;idle;190.0;1000.0;1730.0;1000.0;850.0;820.0;1730.0;820.0;-1
IntroTotem;26;Teco;idle;190.0;1000.0;1730.0;1000.0;850.0;820.0;1730.0;820.0;-1
IntroTotem;27;Teco;idle;190.0;1000.0;1730.0;1000.0;850.0;820.0;1730.0;820.0;-1
IntroTotem;28;Teco;idle;190.0;1000.0;1730.0;1000.0;850.0;820.0;1730.0;820.0;-1
IntroTotem;29;Teco;idle;190.0;1000.0;1730.0;1000.0;850.0;820.0;1730.0;820.0;-1
IntroTotem;30;Teco;idle;190.0;1000.0;1730.0;1000.0;850.0;820.0;1730.0;820.0;-1
IntroTotem;31;Teco;giro;190.0;1000.0;1706.7;973.3;823.3;793.3;1706.7;793.3;-1
IntroTotem;32;Teco;giro;190.0;1000.0;1683.3;947.3;797.3;767.3;1683.3;767.3;-1
IntroTotem;33;Teco;giro;190.0;1000.0;1660.0;922.1;772.1;742.1;1660.0;742.1;-1
IntroTotem;34;Teco;giro;190.0;1000.0;1636.7;897.7;747.7;717.7;1636.7;717.7;-1
IntroTotem;35;Teco;giro;190.0;1000.0;1613.3;874.0;724.0;694.0;1613.3;694.0;-1
IntroTotem;36;Teco;giro;190.0;1000.0;1590.0;851.2;701.2;671.2;1590.0;671.2;-1
IntroTotem;37;Teco;giro;190.0;1000.0;1566.7;829.0;679.0;649.0;1566.7;649.0;-1
IntroTotem;38;Teco;giro;190.0;1000.0;1543.3;807.7;657.7;627.7;1543.3;627.7;-1
IntroTotem;39;Teco;giro;190.0;1000.0;1520.0;787.1;637.1;607.1;1520.0;607.1;-1
IntroTotem;40;Teco;giro;190.0;1000.0;1496.7;767.4;617.4;587.4;1496.7;587.4;-1
IntroTotem;41;Teco;giro;190.0;1000.0;1473.3;748.3;598.3;568.3;1473.3;568.3;-1
IntroTotem;42;Teco;giro;190.0;1000.0;1450.0;730.1;580.1;550.1;1450.0;550.1;-1
IntroTotem;43;Teco;giro;190.0;1000.0;1426.7;712.6;562.6;532.6;1426.7;532.6;-1
IntroTotem;44;Teco;giro;190.0;1000.0;1403.3;695.9;545.9;515.9;1403.3;515.9;-1
IntroTotem;45;Teco;giro;190.0;1000.0;1380.0;680.0;530.0;500.0;1380.0;500.0;-1
IntroTotem;46;Teco;giro;190.0;1000.0;1356.7;664.8;514.8;484.8;1356.7;484.8;-1
IntroTotem;47;Teco;giro;190.0;1000.0;1333.3;650.4;500.4;470.4;1333.3;470.4;-1
IntroTotem;48;Teco;giro;190.0;1000.0;1310.0;636.8;486.8;456.8;1310.0;456.8;-1
IntroTotem;49;Teco;giro;190.0;1000.0;1286.7;623.9;473.9;443.9;1286.7;443.9;-1
IntroTotem;50;Teco;giro;190.0;1000.0;1263.3;611.8;461.8;431.8;1263.3;431.8;-1
IntroTotem;51;Teco;giro;190.0;1000.0;1240.0;600.5;450.5;420.5;1240.0;420.5;-1
IntroTotem;52;Teco;giro;190.0;1000.0;1216.7;590.0;440.0;410.0;1216.7;410.0;-1
IntroTotem;53;Teco;giro;190.0;1000.0;1193.3;580.2;430.2;400.2;1193.3;400.2;-1
IntroTotem;54;Teco;giro;190.0;1000.0;1170.0;571.2;421.2;391.2;1170.0;391.2;-1
IntroTotem;55;Teco;giro;190.0;1000.0;1146.7;563.0;413.0;383.0;1146.7;383.0;-1
IntroTotem;56;Teco;giro;190.0;1000.0;1123.3;555.6;405.6;375.6;1123.3;375.6;-1
IntroTotem;57;Teco;giro;190.0;1000.0;1100.0;548.9;398.9;368.9;1100.0;368.9;-1
IntroTotem;58;Teco;giro;190.0;1000.0;1076.7;543.0;393.0;363.0;1076.7;363.0;-1
IntroTotem;59;Teco;giro;190.0;1000.0;1053.3;537.8;387.8;357.8;1053.3;357.8;-1
IntroTotem;60;Teco;giro;190.0;1000.0;1030.0;533.5;383.5;353.5;1030.0;353.5;-1
IntroTotem;61;Teco;giro;190.0;1000.0;1006.7;529.9;379.9;349.9;1006.7;349.9;-1
IntroTotem;62;Teco;giro;190.0;1000.0;983.3;527.1;377.1;347.1;983.3;347.1;-1
IntroTotem;63;Teco;giro;190.0;1000.0;960.0;525.0;375.0;345.0;960.0;345.0;-1
IntroTotem;64;Teco;giro;190.0;1000.0;936.7;523.7;373.7;343.7;936.7;343.7;-1
IntroTotem;65;Teco;giro;190.0;1000.0;913.3;523.2;373.2;343.2;913.3;343.2;-1
IntroTotem;66;Teco;giro;190.0;1000.0;890.0;523.5;373.5;343.5;890.0;343.5;-1
IntroTotem;67;Teco;giro;190.0;1000.0;866.7;524.5;374.5;344.5;866.7;344.5;-1
IntroTotem;68;Teco;giro;190.0;1000.0;843.3;526.3;376.3;346.3;843.3;346.3;-1
IntroTotem;69;Teco;giro;190.0;1000.0;820.0;528.9;378.9;348.9;820.0;348.9;-1
IntroTotem;70;Teco;giro;190.0;1000.0;796.7;532.2;382.2;352.2;796.7;352.2;-1
IntroTotem;71;Teco;giro;190.0;1000.0;773.3;536.3;386.3;356.3;773.3;356.3;-1
IntroTotem;72;Teco;giro;190.0;1000.0;750.0;541.2;391.2;361.2;750.0;361.2;-1
IntroTotem;73;Teco;giro;190.0;1000.0;726.7;546.9;396.9;366.9;726.7;366.9;-1
IntroTotem;74;Teco;giro;190.0;1000.0;703.3;553.3;403.3;373.3;703.3;373.3;-1
IntroTotem;75;Teco;giro;190.0;1000.0;680.0;560.5;410.5;380.5;680.0;380.5;-1
IntroTotem;76;Teco;giro;190.0;1000.0;656.7;568.5;418.5;388.5;656.7;388.5;-1
IntroTotem;77;Teco;giro;190.0;1000.0;633.3;577.3;427.3;397.3;633.3;397.3;-1
IntroTotem;78;Teco;giro;190.0;1000.0;610.0;586.8;436.8;406.8;610.0;406.8;-1
IntroTotem;79;Teco;giro;190.0;1000.0;586.7;597.1;447.1;417.1;586.7;417.1;-1
IntroTotem;80;Teco;giro;190.0;1000.0;563.3;608.1;458.1;428.1;563.3;428.1;-1
IntroTotem;81;Teco;giro;190.0;1000.0;540.0;620.0;470.0;440.0;540.0;440.0;-1
IntroTotem;82;Teco;giro;190.0;1000.0;516.7;632.6;482.6;452.6;516.7;452.6;-1
IntroTotem;83;Teco;giro;190.0;1000.0;493.3;645.9;495.9;465.9;493.3;465.9;-1
IntroTotem;84;Teco;giro;190.0;1000.0;470.0;660.1;510.1;480.1;470.0;480.1;-1
IntroTotem;85;Teco;giro;190.0;1000.0;446.7;675.0;525.0;495.0;446.7;495.0;-1
IntroTotem;86;Teco;giro;190.0;1000.0;423.3;690.7;540.7;510.7;423.3;510.7;-1
IntroTotem;87;Teco;giro;190.0;1000.0;400.0;707.1;557.1;527.1;400.0;527.1;-1
IntroTotem;88;Teco;giro;190.0;1000.0;376.7;724.4;574.4;544.4;376.7;544.4;-1
IntroTotem;89;Teco;giro;190.0;1000.0;353.3;742.4;592.4;562.4;353.3;562.4;-1
IntroTotem;90;Teco;giro;190.0;1000.0;330.0;761.2;611.2;581.2;330.0;581.2;-1
IntroTotem;91;Teco;giro;190.0;1000.0;306.7;780.7;630.7;600.7;306.7;600.7;-1
IntroTotem;92;Teco;giro;190.0;1000.0;283.3;801.0;651.0;621.0;283.3;621.0;-1
IntroTotem;93;Teco;giro;190.0;1000.0;260.0;822.1;672.1;642.1;260.0;642.1;-1
IntroTotem;94;Teco;giro;190.0;1000.0;236.7;844.0;694.0;664.0;236.7;664.0;-1
IntroTotem;95;Teco;giro;190.0;1000.0;213.3;866.6;716.6;686.6;213.3;686.6;-1
IntroTotem;96;Teco;giro;190.0;1000.0;190.0;890.0;740.0;710.0;190.0;710.0;-1
IntroTotem;97;Teco;2;190.0;1000.0;190.0;890.0;798.0;788.0;189.0;837.0;-1
IntroTotem;98;Teco;2;190.0;1000.0;190.0;890.0;798.0;788.0;189.0;837.0;-1
IntroTotem;99;Teco;2;190.0;1000.0;190.0;890.0;798.0;788.0;189.0;837.0;-1
IntroTotem;100;Teco;2;190.0;1000.0;190.0;890.0;798.0;788.0;189.0;837.0;-1
IntroTotem;101;Teco;2;190.0;1000.0;190.0;890.0;798.0;788.0;189.0;837.0;-1
IntroTotem;102;Teco;2;190.0;1000.0;190.0;890.0;798.0;788.0;189.0;837.0;-1
IntroTotem;103;Teco;2;190.0;1000.0;190.0;890.0;798.0;788.0;189.0;837.0;-1
IntroTotem;104;Teco;2;190.0;1000.0;190.0;890.0;798.0;788.0;189.0;837.0;-1
IntroTotem;105;Teco;2;190.0;1000.0;190.0;890.0;798.0;788.0;189.0;837.0;-1
IntroTotem;106;Teco;2;190.0;1000.0;190.0;890.0;798.0;788.0;189.0;837.0;-1
IntroTotem;107;Teco;2;190.0;1000.0;190.0;890.0;798.0;788.0;189.0;837.0;-1
IntroTotem;108;Teco;2;190.0;1000.0;190.0;890.0;798.0;788.0;189.0;837.0;-1
IntroTotem;109;Teco;2;190.0;1000.0;190.0;890.0;798.0;788.0;189.0;837.0;-1
IntroTotem;110;Teco;1;190.0;1000.0;190.0;890.0;798.0;788.0;197.0;833.0;-1
IntroTotem;111;Teco;1;190.0;1000.0;190.0;890.0;798.0;788.0;197.0;833.0;-1
IntroTotem;112;Teco;1;190.0;1000.0;190.0;890.0;798.0;788.0;197.0;833.0;-1
IntroTotem;113;Teco;1;190.0;1000.0;190.0;890.0;798.0;788.0;197.0;833.0;-1
IntroTotem;114;Teco;1;190.0;1000.0;190.0;890.0;798.0;788.0;197.0;833.0;-1
IntroTotem;115;Teco;1;190.0;1000.0;190.0;890.0;798.0;788.0;197.0;833.0;-1
IntroTotem;116;Teco;1;190.0;1000.0;190.0;890.0;798.0;788.0;197.0;833.0;-1
IntroTotem;117;Teco;1;190.0;1000.0;190.0;890.0;798.0;788.0;197.0;833.0;-1
IntroTotem;118;Teco;1;190.0;1000.0;190.0;890.0;798.0;788.0;197.0;833.0;-1
IntroTotem;119;Teco;1;190.0;1000.0;190.0;890.0;798.0;788.0;197.0;833.0;-1
IntroTotem;120;Teco;1;190.0;1000.0;190.0;890.0;798.0;788.0;197.0;833.0;-1
IntroTotem;121;Teco;1;190.0;1000.0;190.0;890.0;798.0;788.0;197.0;833.0;-1
IntroTotem;122;Teco;1;190.0;1000.0;190.0;890.0;798.0;788.0;197.0;833.0;-1
IntroTotem;123;Teco;1;190.0;1000.0;190.0;890.0;798.0;788.0;197.0;833.0;-1
IntroTotem;124;Teco;1;190.0;1000.0;190.0;890.0;798.0;788.0;197.0;833.0;-1
IntroTotem;125;Teco;1;190.0;1000.0;190.0;890.0;798.0;788.0;197.0;833.0;-1
IntroTotem;126;Teco;1;190.0;1000.0;190.0;890.0;798.0;788.0;197.0;833.0;-1
IntroTotem;127;Teco;1;190.0;1000.0;190.0;890.0;798.0;788.0;197.0;833.0;-1
IntroTotem;128;Teco;1;190.0;1000.0;190.0;890.0;798.0;788.0;197.0;833.0;-1
IntroTotem;129;Teco;1;190.0;1000.0;190.0;890.0;798.0;788.0;197.0;833.0;-1
IntroTotem;130;Teco;2;190.0;1000.0;190.0;890.0;798.0;788.0;189.0;837.0;-1
IntroTotem;131;Teco;2;190.0;1000.0;190.0;890.0;798.0;788.0;189.0;837.0;-1
IntroTotem;132;Teco;2;190.0;1000.0;190.0;890.0;798.0;788.0;189.0;837.0;-1
;134;Teco;2;190.0;1000.0;190.0;890.0;798.0;788.0;189.0;837.0;-1
;135;Teco;2;190.0;1000.0;190.0;890.0;798.0;788.0;189.0;837.0;-1
;136;Teco;2;190.0;1000.0;190.0;890.0;798.0;788.0;189.0;837.0;-1
;137;Teco;2;190.0;1000.0;190.0;890.0;798.0;788.0;189.0;837.0;-1
;138;Teco;2;190.0;1000.0;190.0;890.0;798.0;788.0;189.0;837.0;-1
;139;Teco;2;190.0;1000.0;190.0;890.0;798.0;788.0;189.0;837.0;-1
;140;Teco;2;190.0;1000.0;190.0;890.0;798.0;788.0;189.0;837.0;-1
;141;Teco;2;190.0;1000.0;190.0;890.0;798.0;788.0;189.0;837.0;-1
;142;Teco;2;190.0;1000.0;190.0;890.0;798.0;788.0;189.0;837.0;-1
;143;Teco;2;190.0;1000.0;190.0;890.0;798.0;788.0;189.0;837.0;-1
;144;Teco;2;190.0;1000.0;190.0;890.0;798.0;788.0;189.0;837.0;-1
;145;Teco;2;190.0;1000.0;190.0;890.0;798.0;788.0;189.0;837.0;-1
;146;Teco;2;190.0;1000.0;190.0;890.0;798.0;788.0;189.0;837.0;-1
;147;Teco;2;190.0;1000.0;190.0;890.0;798.0;788.0;189.0;837.0;-1
;148;Teco;2;190.0;1000.0;190.0;890.0;798.0;788.0;189.0;837.0;-1
;149;Teco;2;190.0;1000.0;190.0;890.0;798.0;788.0;189.0;837.0;-1
;150;Teco;1;190.0;1000.0;190.0;890.0;798.0;788.0;197.0;833.0;-1
;151;Teco;1;190.0;1000.0;190.0;890.0;798.0;788.0;197.0;833.0;-1
;152;Teco;1;190.0;1000.0;190.0;890.0;798.0;788.0;197.0;833.0;-1
;153;Teco;1;190.0;1000.0;190.0;890.0;798.0;788.0;197.0;833.0;-1
;154;Teco;1;190.0;1000.0;190.0;890.0;798.0;788.0;197.0;833.0;-1
;155;Teco;1;190.0;1000.0;190.0;890.0;798.0;788.0;197.0;833.0;-1
;156;Teco;1;190.0;1000.0;190.0;890.0;798.0;788.0;197.0;833.0;-1
;157;Teco;1;190.0;1000.0;190.0;890.0;798.0;788.0;197.0;833.0;-1
;158;Teco;1;190.0;1000.0;190.0;890.0;798.0;788.0;197.0;833.0;-1
;159;Teco;1;190.0;1000.0;190.0;890.0;798.0;788.0;197.0;833.0;-1
;160;Teco;1;190.0;1000.0;190.0;890.0;798.0;788.0;197.0;833.0;-1
;161;Teco;1;190.0;1000.0;190.0;890.0;798.0;788.0;197.0;833.0;-1
;162;Teco;1;190.0;1000.0;190.0;890.0;798.0;788.0;197.0;833.0;-1
;163;Teco;1;190.0;1000.0;190.0;890.0;798.0;788.0;197.0;833.0;-1
;164;Teco;1;190.0;1000.0;190.0;890.0;798.0;788.0;197.0;833.0;-1
;165;Teco;1;190.0;1000.0;190.0;890.0;798.0;788.0;197.0;833.0;-1
;166;Teco;1;190.0;1000.0;190.0;890.0;798.0;788.0;197.0;833.0;-1
;167;Teco;1;190.0;1000.0;190.0;890.0;798.0;788.0;197.0;833.0;-1
;168;Teco;1;190.0;1000.0;190.0;890.0;798.0;788.0;197.0;833.0;-1
;169;Teco;1;190.0;1000.0;190.0;890.0;798.0;788.0;197.0;833.0;-1
;170;Teco;2;190.0;1000.0;190.0;890.0;798.0;788.0;189.0;837.0;-1
;171;Teco;2;190.0;1000.0;190.0;890.0;798.0;788.0;189.0;837.0;-1
;172;Teco;2;190.0;1000.0;190.0;890.0;798.0;788.0;189.0;837.0;-1
;173;Teco;2;190.0;1000.0;190.0;890.0;798.0;788.0;189.0;837.0;-1
;174;Teco;2;190.0;1000.0;190.0;890.0;798.0;788.0;189.0;837.0;-1
;175;Teco;2;190.0;1000.0;190.0;890.0;798.0;788.0;189.0;837.0;-1
;176;Teco;2;190.0;1000.0;190.0;890.0;798.0;788.0;189.0;837.0;-1
;177;Teco;2;190.0;1000.0;190.0;890.0;798.0;788.0;189.0;837.0;-1
;178;Teco;2;190.0;1000.0;190.0;890.0;798.0;788.0;189.0;837.0;-1
;179;Teco;2;190.0;1000.0;190.0;890.0;798.0;788.0;189.0;837.0;-1
;180;Teco;2;190.0;1000.0;190.0;890.0;798.0;788.0;189.0;837.0;-1
;181;Teco;2;190.0;1000.0;190.0;890.0;798.0;788.0;189.0;837.0;-1
;182;Teco;2;190.0;1000.0;190.0;890.0;798.0;788.0;189.0;837.0;-1
;183;Teco;2;190.0;1000.0;190.0;890.0;798.0;788.0;189.0;837.0;-1
;184;Teco;2;190.0;1000.0;190.0;890.0;798.0;788.0;189.0;837.0;-1
;185;Teco;2;190.0;1000.0;190.0;890.0;798.0;788.0;189.0;837.0;-1
;186;Teco;2;190.0;1000.0;190.0;890.0;798.0;788.0;189.0;837.0;-1
;187;Teco;2;190.0;1000.0;190.0;890.0;798.0;788.0;189.0;837.0;-1
;188;Teco;2;190.0;1000.0;190.0;890.0;798.0;788.0;189.0;837.0;-1
;189;Teco;2;190.0;1000.0;190.0;890.0;798.0;788.0;189.0;837.0;-1
;190;Teco;1;190.0;1000.0;190.0;890.0;798.0;788.0;197.0;833.0;-1
;191;Teco;1;190.0;1000.0;190.0;890.0;798.0;788.0;197.0;833.0;-1
;192;Teco;1;190.0;1000.0;190.0;890.0;798.0;788.0;197.0;833.0;-1
;193;Teco;1;190.0;1000.0;190.0;890.0;798.0;788.0;197.0;833.0;-1
TotemWalk;194;Teco;1;190.0;1000.0;190.0;890.0;798.0;788.0;197.0;833.0;3
TotemWalk;195;Teco;1;190.0;1000.0;190.0;890.0;798.0;788.0;197.0;833.0;3
TotemWalk;196;Teco;1;190.0;1000.0;190.0;890.0;798.0;788.0;197.0;833.0;3
TotemWalk;197;Teco;1;190.0;1000.0;190.0;890.0;798.0;788.0;197.0;833.0;3
TotemWalk;198;Teco;1;190.0;1000.0;190.0;890.0;798.0;788.0;197.0;833.0;3
TotemWalk;199;Teco;7;190.0;1000.0;190.0;890.0;798.0;788.0;213.0;844.0;3
TotemWalk;200;Teco;7;190.0;1000.0;190.0;890.0;798.0;788.0;213.0;844.0;3
TotemWalk;201;Teco;7;190.0;1000.0;190.0;890.0;798.0;788.0;213.0;844.0;3
TotemWalk;202;Teco;7;190.0;1000.0;190.0;890.0;798.0;788.0;213.0;844.0;3
TotemWalk;203;Teco;7;190.0;1000.0;190.0;890.0;798.0;788.0;213.0;844.0;3
TotemWalk;204;Teco;7;190.0;1000.0;190.0;890.0;798.0;788.0;213.0;844.0;3
TotemWalk;205;Teco;7;190.0;1000.0;190.0;890.0;798.0;788.0;213.0;844.0;3
TotemWalk;206;Teco;7;190.0;1000.0;190.0;890.0;798.0;788.0;213.0;844.0;3
TotemWalk;207;Teco;7;190.0;1000.0;190.0;890.0;798.0;788.0;213.0;844.0;3
TotemWalk;208;Teco;7;190.0;1000.0;190.0;890.0;798.0;788.0;213.0;844.0;3
TotemWalk;209;Teco;7;190.0;1000.0;190.0;890.0;798.0;788.0;213.0;844.0;3
TotemWalk;210;Teco;7;190.0;1000.0;190.0;890.0;798.0;788.0;213.0;844.0;3
TotemWalk;211;Teco;8;190.0;1000.0;190.0;890.0;798.0;788.0;215.0;840.0;3
TotemWalk;212;Teco;8;190.0;1000.0;190.0;890.0;798.0;788.0;215.0;840.0;3
TotemWalk;213;Teco;8;190.0;1000.0;190.0;890.0;798.0;788.0;215.0;840.0;3
TotemWalk;214;Teco;8;190.0;1000.0;190.0;890.0;798.0;788.0;215.0;840.0;3
TotemWalk;215;Teco;8;190.0;1000.0;190.0;890.0;798.0;788.0;215.0;840.0;3
TotemWalk;216;Teco;8;190.0;1000.0;190.0;890.0;798.0;788.0;215.0;840.0;3
TotemWalk;217;Teco;8;190.0;1000.0;190.0;890.0;798.0;788.0;215.0;840.0;3
TotemWalk;218;Teco;2;190.0;1000.0;190.0;890.0;798.0;788.0;189.0;837.0;3
TotemWalk;219;Teco;2;190.0;1000.0;190.0;890.0;798.0;788.0;189.0;837.0;3
TotemWalk;220;Teco;2;190.0;1000.0;190.0;890.0;798.0;788.0;189.0;837.0;3
TotemWalk;221;Teco;2;190.0;1000.0;190.0;890.0;798.0;788.0;189.0;837.0;3
TotemWalk;222;Teco;2;190.0;1000.0;190.0;890.0;798.0;788.0;189.0;837.0;3
TotemWalk;223;Teco;2;190.0;1000.0;190.0;890.0;798.0;788.0;189.0;837.0;3
TotemWalk;224;Teco;2;190.0;1000.0;190.0;890.0;798.0;788.0;189.0;837.0;3
TotemWalk;225;Teco;2;190.0;1000.0;190.0;890.0;798.0;788.0;189.0;837.0;3
TotemWalk;226;Teco;2;190.0;1000.0;190.0;890.0;798.0;788.0;189.0;837.0;3
TotemWalk;227;Teco;2;190.0;1000.0;190.0;890.0;798.0;788.0;189.0;837.0;3
TotemWalk;228;Teco;2;190.0;1000.0;190.0;890.0;798.0;788.0;189.0;837.0;3
TotemWalk;229;Teco;3;190.0;1000.0;190.0;890.0;798.0;788.0;187.0;827.0;3
TotemWalk;230;Teco;3;191.7;1000.0;191.7;890.0;798.0;788.0;188.7;827.0;3
TotemWalk;231;Teco;3;194.6;1000.0;194.6;890.0;798.0;788.0;191.6;827.0;3
TotemWalk;232;Teco;3;198.0;1000.0;198.0;890.0;798.0;788.0;195.0;827.0;3
TotemWalk;233;Teco;3;202.0;1000.0;202.0;890.0;798.0;788.0;199.0;827.0;3
TotemWalk;234;Teco;3;206.4;1000.0;206.4;890.0;798.0;788.0;203.4;827.0;3
TotemWalk;235;Teco;3;211.2;1000.0;211.2;890.0;798.0;788.0;208.2;827.0;3
TotemWalk;236;Teco;3;216.3;1000.0;216.3;890.0;798.0;788.0;213.3;827.0;3
TotemWalk;237;Teco;3;221.8;1000.0;221.8;890.0;798.0;788.0;218.8;827.0;3
TotemWalk;238;Teco;3;227.5;1000.0;227.5;890.0;798.0;788.0;224.5;827.0;3
TotemWalk;239;Teco;3;233.4;1000.0;233.4;890.0;798.0;788.0;230.4;827.0;3
TotemWalk;240;Teco;4;239.6;1000.0;239.6;890.0;798.0;788.0;231.6;828.0;3
TotemWalk;241;Teco;4;246.0;1000.0;246.0;890.0;798.0;788.0;238.0;828.0;3
TotemWalk;242;Teco;4;252.7;1000.0;252.7;890.0;798.0;788.0;244.7;828.0;3
TotemWalk;243;Teco;4;259.5;1000.0;259.5;890.0;798.0;788.0;251.5;828.0;3
TotemWalk;244;Teco;4;266.6;1000.0;266.6;890.0;798.0;788.0;258.6;828.0;3
TotemWalk;245;Teco;4;273.8;1000.0;273.8;890.0;798.0;788.0;265.8;828.0;3
TotemWalk;246;Teco;5;281.2;1000.0;281.2;890.0;798.0;788.0;314.2;843.0;3
TotemWalk;247;Teco;5;288.8;1000.0;288.8;890.0;798.0;788.0;321.8;843.0;3
TotemWalk;248;Teco;5;296.6;1000.0;296.6;890.0;798.0;788.0;329.6;843.0;3
TotemWalk;249;Teco;5;304.6;1000.0;304.6;890.0;798.0;788.0;337.6;843.0;3
TotemWalk;250;Teco;5;312.6;1000.0;312.6;890.0;798.0;788.0;345.6;843.0;3
TotemWalk;251;Teco;5;320.9;1000.0;320.9;890.0;798.0;788.0;353.9;843.0;3
TotemWalk;252;Teco;6;329.3;1000.0;329.3;890.0;798.0;788.0;327.3;830.0;3
TotemWalk;253;Teco;6;337.9;1000.0;337.9;890.0;798.0;788.0;335.9;830.0;3
TotemWalk;254;Teco;6;346.6;1000.0;346.6;890.0;798.0;788.0;344.6;830.0;3
TotemWalk;255;Teco;6;355.4;1000.0;355.4;890.0;798.0;788.0;353.4;830.0;3
TotemWalk;256;Teco;6;364.4;1000.0;364.4;890.0;798.0;788.0;362.4;830.0;3
TotemWalk;257;Teco;3;373.5;1000.0;373.5;890.0;798.0;788.0;370.5;827.0;3
TotemWalk;258;Teco;3;382.7;1000.0;382.7;890.0;798.0;788.0;379.7;827.0;3
TotemWalk;259;Teco;3;392.1;1000.0;392.1;890.0;798.0;788.0;389.1;827.0;3
TotemWalk;260;Teco;3;401.6;1000.0;401.6;890.0;798.0;788.0;398.6;827.0;3
TotemWalk;261;Teco;4;411.2;1000.0;411.2;890.0;798.0;788.0;403.2;828.0;3
TotemWalk;262;Teco;4;420.9;1000.0;420.9;890.0;798.0;788.0;412.9;828.0;3
TotemWalk;263;Teco;4;430.8;1000.0;430.8;890.0;798.0;788.0;422.8;828.0;3
TotemWalk;264;Teco;4;440.8;1000.0;440.8;890.0;798.0;788.0;432.8;828.0;3
TotemWalk;265;Teco;4;450.8;1000.0;450.8;890.0;798.0;788.0;442.8;828.0;3
TotemWalk;266;Teco;5;461.0;1000.0;461.0;890.0;798.0;788.0;494.0;843.0;3
TotemWalk;267;Teco;5;471.4;1000.0;471.4;890.0;798.0;788.0;504.4;843.0;3
TotemWalk;268;Teco;5;481.8;1000.0;481.8;890.0;798.0;788.0;514.8;843.0;3
TotemWalk;269;Teco;5;492.3;1000.0;492.3;890.0;798.0;788.0;525.3;843.0;3
TotemWalk;270;Teco;6;502.9;1000.0;502.9;890.0;798.0;788.0;500.9;830.0;3
TotemWalk;271;Teco;6;513.7;1000.0;513.7;890.0;798.0;788.0;511.7;830.0;3
TotemWalk;272;Teco;6;524.5;1000.0;524.5;890.0;798.0;788.0;522.5;830.0;3
TotemWalk;273;Teco;6;535.5;1000.0;535.5;890.0;798.0;788.0;533.5;830.0;3
TotemWalk;274;Teco;3;546.5;1000.0;546.5;890.0;798.0;788.0;543.5;827.0;3
TotemWalk;275;Teco;3;557.6;1000.0;557.6;890.0;798.0;788.0;554.6;827.0;3
TotemWalk;276;Teco;3;568.9;1000.0;568.9;890.0;798.0;788.0;565.9;827.0;3
TotemWalk;277;Teco;3;580.2;1000.0;580.2;890.0;798.0;788.0;577.2;827.0;3
TotemWalk;278;Teco;4;591.6;1000.0;591.6;890.0;798.0;788.0;583.6;828.0;3
TotemWalk;279;Teco;4;603.2;1000.0;603.2;890.0;798.0;788.0;595.2;828.0;3
TotemWalk;280;Teco;4;614.8;1000.0;614.8;890.0;798.0;788.0;606.8;828.0;3
TotemWalk;281;Teco;4;626.5;1000.0;626.5;890.0;798.0;788.0;618.5;828.0;3
TotemWalk;282;Teco;5;638.3;1000.0;638.3;890.0;798.0;788.0;671.3;843.0;3
TotemWalk;283;Teco;5;650.2;1000.0;650.2;890.0;798.0;788.0;683.2;843.0;3
TotemWalk;284;Teco;5;662.1;1000.0;662.1;890.0;798.0;788.0;695.1;843.0;3
TotemWalk;285;Teco;6;674.2;1000.0;674.2;890.0;798.0;788.0;672.2;830.0;3
TotemWalk;286;Teco;6;686.3;1000.0;686.3;890.0;798.0;788.0;684.3;830.0;3
TotemWalk;287;Teco;6;698.6;1000.0;698.6;890.0;798.0;788.0;696.6;830.0;3
TotemWalk;288;Teco;6;710.9;1000.0;710.9;890.0;798.0;788.0;708.9;830.0;3
TotemWalk;289;Teco;3;723.3;1000.0;723.3;890.0;798.0;788.0;720.3;827.0;3
TotemWalk;290;Teco;3;735.8;1000.0;735.8;890.0;798.0;788.0;732.8;827.0;3
TotemWalk;291;Teco;3;748.4;1000.0;748.4;890.0;798.0;788.0;745.4;827.0;3
TotemWalk;292;Teco;3;761.0;1000.0;761.0;890.0;798.0;788.0;758.0;827.0;3
TotemWalk;293;Teco;4;773.7;1000.0;773.7;890.0;798.0;788.0;765.7;828.0;3
TotemWalk;294;Teco;4;786.5;1000.0;786.5;890.0;798.0;788.0;778.5;828.0;3
TotemWalk;295;Teco;4;799.4;1000.0;799.4;890.0;798.0;788.0;791.4;828.0;3
TotemWalk;296;Teco;5;812.4;1000.0;812.4;890.0;798.0;788.0;845.4;843.0;3
TotemWalk;297;Teco;5;825.4;1000.0;825.4;890.0;798.0;788.0;858.4;843.0;3
TotemWalk;298;Teco;5;838.6;1000.0;838.6;890.0;798.0;788.0;871.6;843.0;3
TotemWalk;299;Teco;6;851.8;1000.0;851.8;890.0;798.0;788.0;849.8;830.0;3
TotemWalk;300;Teco;6;865.0;1000.0;865.0;890.0;798.0;788.0;863.0;830.0;3
TotemWalk;301;Teco;6;878.4;1000.0;878.4;890.0;798.0;788.0;876.4;830.0;3
TotemWalk;302;Teco;6;891.8;1000.0;891.8;890.0;798.0;788.0;889.8;830.0;3
TotemWalk;303;Teco;3;905.3;1000.0;905.3;890.0;798.0;788.0;902.3;827.0;3
TotemWalk;304;Teco;3;918.9;1000.0;918.9;890.0;798.0;788.0;915.9;827.0;3
TotemWalk;305;Teco;3;932.5;1000.0;932.5;890.0;798.0;788.0;929.5;827.0;3
TotemWalk;306;Teco;4;946.2;1000.0;946.2;890.0;798.0;788.0;938.2;828.0;3
TotemWalk;307;Teco;4;960.0;1000.0;960.0;890.0;798.0;788.0;952.0;828.0;3
TotemWalk;308;Teco;4;973.8;1000.0;973.8;890.0;798.0;788.0;965.8;828.0;3
TotemWalk;309;Teco;5;987.5;1000.0;987.5;890.0;798.0;788.0;1020.5;843.0;3
TotemWalk;310;Teco;5;1001.1;1000.0;1001.1;890.0;798.0;788.0;1034.1;843.0;3
TotemWalk;311;Teco;5;1014.7;1000.0;1014.7;890.0;798.0;788.0;1047.7;843.0;3
TotemWalk;312;Teco;6;1028.2;1000.0;1028.2;890.0;798.0;788.0;1026.2;830.0;3
TotemWalk;313;Teco;6;1041.6;1000.0;1041.6;890.0;798.0;788.0;1039.6;830.0;3
TotemWalk;314;Teco;6;1055.0;1000.0;1055.0;890.0;798.0;788.0;1053.0;830.0;3
TotemWalk;315;Teco;6;1068.2;1000.0;1068.2;890.0;798.0;788.0;1066.2;830.0;3
TotemWalk;316;Teco;3;1081.4;1000.0;1081.4;890.0;798.0;788.0;1078.4;827.0;3
TotemWalk;317;Teco;3;1094.6;1000.0;1094.6;890.0;798.0;788.0;1091.6;827.0;3
TotemWalk;318;Teco;3;1107.6;1000.0;1107.6;890.0;798.0;788.0;1104.6;827.0;3
TotemWalk;319;Teco;4;1120.6;1000.0;1120.6;890.0;798.0;788.0;1112.6;828.0;3
TotemWalk;320;Teco;4;1133.5;1000.0;1133.5;890.0;798.0;788.0;1125.5;828.0;3
TotemWalk;321;Teco;4;1146.3;1000.0;1146.3;890.0;798.0;788.0;1138.3;828.0;3
TotemWalk;322;Teco;5;1159.0;1000.0;1159.0;890.0;798.0;788.0;1192.0;843.0;3
TotemWalk;323;Teco;5;1171.6;1000.0;1171.6;890.0;798.0;788.0;1204.6;843.0;3
TotemWalk;324;Teco;5;1184.2;1000.0;1184.2;890.0;798.0;788.0;1217.2;843.0;3
TotemWalk;325;Teco;5;1196.7;1000.0;1196.7;890.0;798.0;788.0;1229.7;843.0;3
TotemWalk;326;Teco;6;1209.1;1000.0;1209.1;890.0;798.0;788.0;1207.1;830.0;3
TotemWalk;327;Teco;6;1221.4;1000.0;1221.4;890.0;798.0;788.0;1219.4;830.0;3
TotemWalk;328;Teco;6;1233.7;1000.0;1233.7;890.0;798.0;788.0;1231.7;830.0;3
TotemWalk;329;Teco;6;1245.8;1000.0;1245.8;890.0;798.0;788.0;1243.8;830.0;3
TotemWalk;330;Teco;3;1257.9;1000.0;1257.9;890.0;798.0;788.0;1254.9;827.0;3
TotemWalk;331;Teco;3;1269.8;1000.0;1269.8;890.0;798.0;788.0;1266.8;827.0;3
TotemWalk;332;Teco;3;1281.7;1000.0;1281.7;890.0;798.0;788.0;1278.7;827.0;3
TotemWalk;333;Teco;4;1293.5;1000.0;1293.5;890.0;798.0;788.0;1285.5;828.0;3
TotemWalk;334;Teco;4;1305.2;1000.0;1305.2;890.0;798.0;788.0;1297.2;828.0;3
TotemWalk;335;Teco;4;1316.8;1000.0;1316.8;890.0;798.0;788.0;1308.8;828.0;3
TotemWalk;336;Teco;4;1328.4;1000.0;1328.4;890.0;798.0;788.0;1320.4;828.0;3
TotemWalk;337;Teco;5;1339.8;1000.0;1339.8;890.0;798.0;788.0;1372.8;843.0;3
TotemWalk;338;Teco;5;1351.1;1000.0;1351.1;890.0;798.0;788.0;1384.1;843.0;3
TotemWalk;339;Teco;5;1362.4;1000.0;1362.4;890.0;798.0;788.0;1395.4;843.0;3
TotemWalk;340;Teco;5;1373.5;1000.0;1373.5;890.0;798.0;788.0;1406.5;843.0;3
TotemWalk;341;Teco;6;1384.5;1000.0;1384.5;890.0;798.0;788.0;1382.5;830.0;3
TotemWalk;342;Teco;6;1395.5;1000.0;1395.5;890.0;798.0;788.0;1393.5;830.0;3
TotemWalk;343;Teco;6;1406.3;1000.0;1406.3;890.0;798.0;788.0;1404.3;830.0;3
TotemWalk;344;Teco;6;1417.1;1000.0;1417.1;890.0;798.0;788.0;1415.1;830.0;3
TotemWalk;345;Teco;3;1427.7;1000.0;1427.7;890.0;798.0;788.0;1424.7;827.0;3
TotemWalk;346;Teco;3;1438.2;1000.0;1438.2;890.0;798.0;788.0;1435.2;827.0;3
TotemWalk;347;Teco;3;1448.6;1000.0;1448.6;890.0;798.0;788.0;1445.6;827.0;3
TotemWalk;348;Teco;3;1459.0;1000.0;1459.0;890.0;798.0;788.0;1456.0;827.0;3
TotemWalk;349;Teco;4;1469.2;1000.0;1469.2;890.0;798.0;788.0;1461.2;828.0;3
TotemWalk;350;Teco;4;1479.2;1000.0;1479.2;890.0;798.0;788.0;1471.2;828.0;3
TotemWalk;351;Teco;4;1489.2;1000.0;1489.2;890.0;798.0;788.0;1481.2;828.0;3
TotemWalk;352;Teco;4;1499.1;1000.0;1499.1;890.0;798.0;788.0;1491.1;828.0;3
TotemWalk;353;Teco;4;1508.8;1000.0;1508.8;890.0;798.0;788.0;1500.8;828.0;3
TotemWalk;354;Teco;5;1518.4;1000.0;1518.4;890.0;798.0;788.0;1551.4;843.0;3
TotemWalk;355;Teco;5;1527.9;1000.0;1527.9;890.0;798.0;788.0;1560.9;843.0;3
TotemWalk;356;Teco;5;1537.3;1000.0;1537.3;890.0;798.0;788.0;1570.3;843.0;3
TotemWalk;357;Teco;5;1546.5;1000.0;1546.5;890.0;798.0;788.0;1579.5;843.0;3
TotemWalk;358;Teco;6;1555.6;1000.0;1555.6;890.0;798.0;788.0;1553.6;830.0;3
TotemWalk;359;Teco;6;1564.6;1000.0;1564.6;890.0;798.0;788.0;1562.6;830.0;3
TotemWalk;360;Teco;6;1573.4;1000.0;1573.4;890.0;798.0;788.0;1571.4;830.0;3
TotemWalk;361;Teco;6;1582.1;1000.0;1582.1;890.0;798.0;788.0;1580.1;830.0;3
TotemWalk;362;Teco;6;1590.7;1000.0;1590.7;890.0;798.0;788.0;1588.7;830.0;3
TotemWalk;363;Teco;3;1599.1;1000.0;1599.1;890.0;798.0;788.0;1596.1;827.0;3
TotemWalk;364;Teco;3;1607.4;1000.0;1607.4;890.0;798.0;788.0;1604.4;827.0;3
TotemWalk;365;Teco;3;1615.4;1000.0;1615.4;890.0;798.0;788.0;1612.4;827.0;3
TotemWalk;366;Teco;3;1623.4;1000.0;1623.4;890.0;798.0;788.0;1620.4;827.0;3
TotemWalk;367;Teco;3;1631.2;1000.0;1631.2;890.0;798.0;788.0;1628.2;827.0;3
TotemWalk;368;Teco;3;1638.8;1000.0;1638.8;890.0;798.0;788.0;1635.8;827.0;3
TotemWalk;369;Teco;4;1646.2;1000.0;1646.2;890.0;798.0;788.0;1638.2;828.0;3
TotemWalk;370;Teco;4;1653.4;1000.0;1653.4;890.0;798.0;788.0;1645.4;828.0;3
TotemWalk;371;Teco;4;1660.5;1000.0;1660.5;890.0;798.0;788.0;1652.5;828.0;3
TotemWalk;372;Teco;4;1667.3;1000.0;1667.3;890.0;798.0;788.0;1659.3;828.0;3
TotemWalk;373;Teco;4;1674.0;1000.0;1674.0;890.0;798.0;788.0;1666.0;828.0;3
TotemWalk;374;Teco;4;1680.4;1000.0;1680.4;890.0;798.0;788.0;1672.4;828.0;3
TotemWalk;375;Teco;5;1686.6;1000.0;1686.6;890.0;798.0;788.0;1719.6;843.0;3
TotemWalk;376;Teco;5;1692.5;1000.0;1692.5;890.0;798.0;788.0;1725.5;843.0;3
TotemWalk;377;Teco;5;1698.2;1000.0;1698.2;890.0;798.0;788.0;1731.2;843.0;3
TotemWalk;378;Teco;5;1703.7;1000.0;1703.7;890.0;798.0;788.0;1736.7;843.0;3
TotemWalk;379;Teco;5;1708.8;1000.0;1708.8;890.0;798.0;788.0;1741.8;843.0;3
TotemWalk;380;Teco;5;1713.6;1000.0;1713.6;890.0;798.0;788.0;1746.6;843.0;3
TotemWalk;381;Teco;5;1718.0;1000.0;1718.0;890.0;798.0;788.0;1751.0;843.0;3
TotemWalk;382;Teco;5;1722.0;1000.0;1722.0;890.0;798.0;788.0;1755.0;843.0;3
TotemWalk;383;Teco;5;1725.4;1000.0;1725.4;890.0;798.0;788.0;1758.4;843.0;3
TotemWalk;384;Teco;5;1728.3;1000.0;1728.3;890.0;798.0;788.0;1761.3;843.0;3
TotemWalk;385;Teco;6;1730.0;1000.0;1730.0;890.0;798.0;788.0;1728.0;830.0;3
TotemWalk;386;Teco;2;1730.0;1000.0;1730.0;890.0;798.0;788.0;1729.0;837.0;3
TotemWalk;387;Teco;2;1730.0;1000.0;1730.0;890.0;798.0;788.0;1729.0;837.0;3
TotemWalk;388;Teco;2;1730.0;1000.0;1730.0;890.0;798.0;788.0;1729.0;837.0;3
TotemWalk;389;Teco;2;1730.0;1000.0;1730.0;890.0;798.0;788.0;1729.0;837.0;3
TotemWalk;390;Teco;1;1730.0;1000.0;1730.0;890.0;798.0;788.0;1737.0;833.0;3
TotemWalk;391;Teco;1;1730.0;1000.0;1730.0;890.0;798.0;788.0;1737.0;833.0;3
TotemWalk;392;Teco;1;1730.0;1000.0;1730.0;890.0;798.0;788.0;1737.0;833.0;3
TotemWalk;393;Teco;1;1730.0;1000.0;1730.0;890.0;798.0;788.0;1737.0;833.0;3
TotemWalk;394;Teco;1;1730.0;1000.0;1730.0;890.0;798.0;788.0;1737.0;833.0;3
TotemWalk;395;Teco;1;1730.0;1000.0;1730.0;890.0;798.0;788.0;1737.0;833.0;3
TotemWalk;396;Teco;1;1730.0;1000.0;1730.0;890.0;798.0;788.0;1737.0;833.0;3
TotemWalk;397;Teco;1;1730.0;1000.0;1730.0;890.0;798.0;788.0;1737.0;833.0;3
TotemWalk;398;Teco;1;1730.0;1000.0;1730.0;890.0;798.0;788.0;1737.0;833.0;3
TotemWalk;399;Teco;1;1730.0;1000.0;1730.0;890.0;798.0;788.0;1737.0;833.0;3
TotemWalk;400;Teco;1;1730.0;1000.0;1730.0;890.0;798.0;788.0;1737.0;833.0;3
TotemWalk;401;Teco;1;1730.0;1000.0;1730.0;890.0;798.0;788.0;1737.0;833.0;3
TotemWalk;402;Teco;1;1730.0;1000.0;1730.0;890.0;798.0;788.0;1737.0;833.0;3
TotemWalk;403;Teco;1;1730.0;1000.0;1730.0;890.0;798.0;788.0;1737.0;833.0;3
ClubVolley;405;Teco;1;1730.0;1000.0;1730.0;890.0;798.0;788.0;1723.0;833.0;-1
ClubVolley;406;Teco;1;1730.0;1000.0;1730.0;890.0;798.0;788.0;1723.0;833.0;-1
ClubVolley;407;Teco;1;1730.0;1000.0;1730.0;890.0;798.0;788.0;1723.0;833.0;-1
ClubVolley;408;Teco;1;1730.0;1000.0;1730.0;890.0;798.0;788.0;1723.0;833.0;-1
ClubVolley;409;Teco;1;1730.0;1000.0;1730.0;890.0;798.0;788.0;1723.0;833.0;-1
ClubVolley;410;Teco;2;1730.0;1000.0;1730.0;890.0;798.0;788.0;1731.0;837.0;-1
ClubVolley;411;Teco;2;1730.0;1000.0;1730.0;890.0;798.0;788.0;1731.0;837.0;-1
ClubVolley;412;Teco;2;1730.0;1000.0;1730.0;890.0;798.0;788.0;1731.0;837.0;-1
ClubVolley;413;Teco;2;1730.0;1000.0;1730.0;890.0;798.0;788.0;1731.0;837.0;-1
ClubVolley;414;Teco;2;1730.0;1000.0;1730.0;890.0;798.0;788.0;1731.0;837.0;-1
ClubVolley;415;Teco;2;1730.0;1000.0;1730.0;890.0;798.0;788.0;1731.0;837.0;-1
ClubVolley;416;Teco;2;1730.0;1000.0;1730.0;890.0;798.0;788.0;1731.0;837.0;-1
ClubVolley;417;Teco;2;1730.0;1000.0;1730.0;890.0;798.0;788.0;1731.0;837.0;-1
ClubVolley;418;Teco;2;1730.0;1000.0;1730.0;890.0;798.0;788.0;1731.0;837.0;-1
ClubVolley;419;Teco;7;1730.0;1000.0;1730.0;890.0;798.0;788.0;1707.0;844.0;-1
ClubVolley;420;Teco;7;1730.0;1000.0;1730.0;890.0;798.0;788.0;1707.0;844.0;-1
ClubVolley;421;Teco;7;1730.0;1000.0;1730.0;890.0;798.0;788.0;1707.0;844.0;-1
ClubVolley;422;Teco;7;1730.0;1000.0;1730.0;890.0;798.0;788.0;1707.0;844.0;-1
ClubVolley;423;Teco;7;1730.0;1000.0;1730.0;890.0;798.0;788.0;1707.0;844.0;-1
ClubVolley;424;Teco;7;1730.0;1000.0;1730.0;890.0;798.0;788.0;1707.0;844.0;-1
ClubVolley;425;Teco;7;1730.0;1000.0;1730.0;890.0;798.0;788.0;1707.0;844.0;-1
ClubVolley;426;Teco;7;1730.0;1000.0;1730.0;890.0;798.0;788.0;1707.0;844.0;-1
ClubVolley;427;Teco;7;1730.0;1000.0;1730.0;890.0;798.0;788.0;1707.0;844.0;-1
ClubVolley;428;Teco;7;1730.0;1000.0;1730.0;890.0;798.0;788.0;1707.0;844.0;-1
ClubVolley;429;Teco;7;1730.0;1000.0;1730.0;890.0;798.0;788.0;1707.0;844.0;-1
ClubVolley;430;Teco;7;1730.0;1000.0;1730.0;890.0;798.0;788.0;1707.0;844.0;-1
ClubVolley;431;Teco;7;1730.0;1000.0;1730.0;890.0;798.0;788.0;1707.0;844.0;-1
ClubVolley;432;Teco;7;1730.0;1000.0;1730.0;890.0;798.0;788.0;1707.0;844.0;-1
ClubVolley;433;Teco;7;1730.0;1000.0;1730.0;890.0;798.0;788.0;1707.0;844.0;-1
ClubVolley;434;Teco;7;1730.0;1000.0;1730.0;890.0;798.0;788.0;1707.0;844.0;-1
ClubVolley;435;Teco;7;1730.0;1000.0;1730.0;890.0;798.0;788.0;1707.0;844.0;-1
ClubVolley;436;Teco;7;1730.0;1000.0;1730.0;890.0;798.0;788.0;1707.0;844.0;-1
ClubVolley;437;Teco;7;1730.0;1000.0;1730.0;890.0;798.0;788.0;1707.0;844.0;-1
ClubVolley;438;Teco;7;1730.0;1000.0;1730.0;890.0;798.0;788.0;1707.0;844.0;-1
ClubVolley;439;Teco;7;1730.0;1000.0;1730.0;890.0;798.0;788.0;1707.0;844.0;-1
ClubVolley;440;Teco;8;1730.0;1000.0;1730.0;890.0;798.0;788.0;1705.0;840.0;-1
ClubVolley;441;Teco;8;1730.0;1000.0;1730.0;890.0;798.0;788.0;1705.0;840.0;-1
ClubVolley;442;Teco;8;1730.0;1000.0;1730.0;890.0;798.0;788.0;1705.0;840.0;-1
ClubVolley;443;Teco;1;1730.0;1000.0;1730.0;890.0;798.0;788.0;1723.0;833.0;-1
ClubVolley;444;Teco;1;1730.0;1000.0;1730.0;890.0;798.0;788.0;1723.0;833.0;-1
ClubVolley;445;Teco;1;1730.0;1000.0;1730.0;890.0;798.0;788.0;1723.0;833.0;-1
ClubVolley;446;Teco;1;1730.0;1000.0;1730.0;890.0;798.0;788.0;1723.0;833.0;-1
ClubVolley;447;Teco;1;1730.0;1000.0;1730.0;890.0;798.0;788.0;1723.0;833.0;-1
ClubVolley;448;Teco;1;1730.0;1000.0;1730.0;890.0;798.0;788.0;1723.0;833.0;-1
ClubVolley;449;Teco;2;1730.0;1000.0;1730.0;890.0;798.0;788.0;1731.0;837.0;-1
ClubVolley;450;Teco;2;1730.0;1000.0;1730.0;890.0;798.0;788.0;1731.0;837.0;-1
ClubVolley;451;Teco;2;1730.0;1000.0;1730.0;890.0;798.0;788.0;1731.0;837.0;-1
ClubVolley;452;Teco;2;1730.0;1000.0;1730.0;890.0;798.0;788.0;1731.0;837.0;-1
ClubVolley;453;Teco;2;1730.0;1000.0;1730.0;890.0;798.0;788.0;1731.0;837.0;-1
ClubVolley;454;Teco;2;1730.0;1000.0;1730.0;890.0;798.0;788.0;1731.0;837.0;-1
ClubVolley;455;Teco;7;1730.0;1000.0;1730.0;890.0;798.0;788.0;1707.0;844.0;-1
ClubVolley;456;Teco;7;1730.0;1000.0;1730.0;890.0;798.0;788.0;1707.0;844.0;-1
ClubVolley;457;Teco;7;1730.0;1000.0;1730.0;890.0;798.0;788.0;1707.0;844.0;-1
ClubVolley;458;Teco;7;1730.0;1000.0;1730.0;890.0;798.0;788.0;1707.0;844.0;-1
ClubVolley;459;Teco;7;1730.0;1000.0;1730.0;890.0;798.0;788.0;1707.0;844.0;-1
ClubVolley;460;Teco;7;1730.0;1000.0;1730.0;890.0;798.0;788.0;1707.0;844.0;-1
ClubVolley;461;Teco;7;1730.0;1000.0;1730.0;890.0;798.0;788.0;1707.0;844.0;-1
ClubVolley;462;Teco;7;1730.0;1000.0;1730.0;890.0;798.0;788.0;1707.0;844.0;-1
ClubVolley;463;Teco;7;1730.0;1000.0;1730.0;890.0;798.0;788.0;1707.0;844.0;-1
ClubVolley;464;Teco;7;1730.0;1000.0;1730.0;890.0;798.0;788.0;1707.0;844.0;-1
ClubVolley;465;Teco;7;1730.0;1000.0;1730.0;890.0;798.0;788.0;1707.0;844.0;-1
ClubVolley;466;Teco;7;1730.0;1000.0;1730.0;890.0;798.0;788.0;1707.0;844.0;-1
ClubVolley;467;Teco;7;1730.0;1000.0;1730.0;890.0;798.0;788.0;1707.0;844.0;-1
ClubVolley;468;Teco;7;1730.0;1000.0;1730.0;890.0;798.0;788.0;1707.0;844.0;-1
ClubVolley;469;Teco;7;1730.0;1000.0;1730.0;890.0;798.0;788.0;1707.0;844.0;-1
ClubVolley;470;Teco;7;1730.0;1000.0;1730.0;890.0;798.0;788.0;1707.0;844.0;-1
ClubVolley;471;Teco;7;1730.0;1000.0;1730.0;890.0;798.0;788.0;1707.0;844.0;-1
ClubVolley;472;Teco;7;1730.0;1000.0;1730.0;890.0;798.0;788.0;1707.0;844.0;-1
ClubVolley;473;Teco;7;1730.0;1000.0;1730.0;890.0;798.0;788.0;1707.0;844.0;-1
ClubVolley;474;Teco;7;1730.0;1000.0;1730.0;890.0;798.0;788.0;1707.0;844.0;-1
ClubVolley;475;Teco;7;1730.0;1000.0;1730.0;890.0;798.0;788.0;1707.0;844.0;-1
ClubVolley;476;Teco;8;1730.0;1000.0;1730.0;890.0;798.0;788.0;1705.0;840.0;-1
ClubVolley;477;Teco;8;1730.0;1000.0;1730.0;890.0;798.0;788.0;1705.0;840.0;-1
ClubVolley;478;Teco;8;1730.0;1000.0;1730.0;890.0;798.0;788.0;1705.0;840.0;-1
ClubVolley;479;Teco;1;1730.0;1000.0;1730.0;890.0;798.0;788.0;1723.0;833.0;-1
ClubVolley;480;Teco;1;1730.0;1000.0;1730.0;890.0;798.0;788.0;1723.0;833.0;-1
ClubVolley;481;Teco;1;1730.0;1000.0;1730.0;890.0;798.0;788.0;1723.0;833.0;-1
ClubVolley;482;Teco;1;1730.0;1000.0;1730.0;890.0;798.0;788.0;1723.0;833.0;-1
ClubVolley;483;Teco;1;1730.0;1000.0;1730.0;890.0;798.0;788.0;1723.0;833.0;-1
ClubVolley;484;Teco;1;1730.0;1000.0;1730.0;890.0;798.0;788.0;1723.0;833.0;-1
ClubVolley;485;Teco;1;1730.0;1000.0;1730.0;890.0;798.0;788.0;1723.0;833.0;-1
ClubVolley;486;Teco;1;1730.0;1000.0;1730.0;890.0;798.0;788.0;1723.0;833.0;-1
ClubVolley;487;Teco;1;1730.0;1000.0;1730.0;890.0;798.0;788.0;1723.0;833.0;-1
ClubVolley;488;Teco;1;1730.0;1000.0;1730.0;890.0;798.0;788.0;1723.0;833.0;-1
ClubVolley;489;Teco;2;1730.0;1000.0;1730.0;890.0;798.0;788.0;1731.0;837.0;-1
ClubVolley;490;Teco;2;1730.0;1000.0;1730.0;890.0;798.0;788.0;1731.0;837.0;-1
ClubVolley;491;Teco;2;1730.0;1000.0;1730.0;890.0;798.0;788.0;1731.0;837.0;-1
ClubVolley;492;Teco;7;1730.0;1000.0;1730.0;890.0;798.0;788.0;1707.0;844.0;-1
ClubVolley;493;Teco;7;1730.0;1000.0;1730.0;890.0;798.0;788.0;1707.0;844.0;-1
ClubVolley;494;Teco;7;1730.0;1000.0;1730.0;890.0;798.0;788.0;1707.0;844.0;-1
ClubVolley;495;Teco;7;1730.0;1000.0;1730.0;890.0;798.0;788.0;1707.0;844.0;-1
ClubVolley;496;Teco;7;1730.0;1000.0;1730.0;890.0;798.0;788.0;1707.0;844.0;-1
ClubVolley;497;Teco;7;1730.0;1000.0;1730.0;890.0;798.0;788.0;1707.0;844.0;-1
ClubVolley;498;Teco;7;1730.0;1000.0;1730.0;890.0;798.0;788.0;1707.0;844.0;-1
ClubVolley;499;Teco;7;1730.0;1000.0;1730.0;890.0;798.0;788.0;1707.0;844.0;-1
ClubVolley;500;Teco;7;1730.0;1000.0;1730.0;890.0;798.0;788.0;1707.0;844.0;-1
ClubVolley;501;Teco;7;1730.0;1000.0;1730.0;890.0;798.0;788.0;1707.0;844.0;-1
ClubVolley;502;Teco;7;1730.0;1000.0;1730.0;890.0;798.0;788.0;1707.0;844.0;-1
ClubVolley;503;Teco;7;1730.0;1000.0;1730.0;890.0;798.0;788.0;1707.0;844.0;-1
ClubVolley;504;Teco;7;1730.0;1000.0;1730.0;890.0;798.0;788.0;1707.0;844.0;-1
ClubVolley;505;Teco;7;1730.0;1000.0;1730.0;890.0;798.0;788.0;1707.0;844.0;-1
ClubVolley;506;Teco;7;1730.0;1000.0;1730.0;890.0;798.0;788.0;1707.0;844.0;-1
ClubVolley;507;Teco;7;1730.0;1000.0;1730.0;890.0;798.0;788.0;1707.0;844.0;-1
ClubVolley;508;Teco;7;1730.0;1000.0;1730.0;890.0;798.0;788.0;1707.0;844.0;-1
ClubVolley;509;Teco;7;1730.0;1000.0;1730.0;890.0;798.0;788.0;1707.0;844.0;-1
ClubVolley;510;Teco;7;1730.0;1000.0;1730.0;890.0;798.0;788.0;1707.0;844.0;-1
ClubVolley;511;Teco;7;1730.0;1000.0;1730.0;890.0;798.0;788.0;1707.0;844.0;-1
ClubVolley;512;Teco;7;1730.0;1000.0;1730.0;890.0;798.0;788.0;1707.0;844.0;-1
ClubVolley;513;Teco;8;1730.0;1000.0;1730.0;890.0;798.0;788.0;1705.0;840.0;-1
ClubVolley;514;Teco;8;1730.0;1000.0;1730.0;890.0;798.0;788.0;1705.0;840.0;-1
ClubVolley;515;Teco;8;1730.0;1000.0;1730.0;890.0;798.0;788.0;1705.0;840.0;-1
ClubVolley;516;Teco;1;1730.0;1000.0;1730.0;890.0;798.0;788.0;1723.0;833.0;-1
ClubVolley;517;Teco;1;1730.0;1000.0;1730.0;890.0;798.0;788.0;1723.0;833.0;-1
ClubVolley;518;Teco;1;1730.0;1000.0;1730.0;890.0;798.0;788.0;1723.0;833.0;-1
ClubVolley;519;Teco;1;1730.0;1000.0;1730.0;890.0;798.0;788.0;1723.0;833.0;-1
ClubVolley;520;Teco;1;1730.0;1000.0;1730.0;890.0;798.0;788.0;1723.0;833.0;-1
ClubVolley;521;Teco;1;1730.0;1000.0;1730.0;890.0;798.0;788.0;1723.0;833.0;-1
ClubVolley;522;Teco;1;1730.0;1000.0;1730.0;890.0;798.0;788.0;1723.0;833.0;-1
ClubVolley;523;Teco;1;1730.0;1000.0;1730.0;890.0;798.0;788.0;1723.0;833.0;-1
ClubVolley;524;Teco;1;1730.0;1000.0;1730.0;890.0;798.0;788.0;1723.0;833.0;-1
ClubVolley;525;Teco;1;1730.0;1000.0;1730.0;890.0;798.0;788.0;1723.0;833.0;-1
ClubVolley;526;Teco;1;1730.0;1000.0;1730.0;890.0;798.0;788.0;1723.0;833.0;-1
ClubVolley;527;Teco;1;1730.0;1000.0;1730.0;890.0;798.0;788.0;1723.0;833.0;-1
ClubVolley;528;Teco;7;1730.0;1000.0;1730.0;890.0;798.0;788.0;1707.0;844.0;-1
ClubVolley;529;Teco;7;1730.0;1000.0;1730.0;890.0;798.0;788.0;1707.0;844.0;-1
ClubVolley;530;Teco;7;1730.0;1000.0;1730.0;890.0;798.0;788.0;1707.0;844.0;-1
ClubVolley;531;Teco;7;1730.0;1000.0;1730.0;890.0;798.0;788.0;1707.0;844.0;-1
ClubVolley;532;Teco;7;1730.0;1000.0;1730.0;890.0;798.0;788.0;1707.0;844.0;-1
ClubVolley;533;Teco;7;1730.0;1000.0;1730.0;890.0;798.0;788.0;1707.0;844.0;-1
ClubVolley;534;Teco;7;1730.0;1000.0;1730.0;890.0;798.0;788.0;1707.0;844.0;-1
ClubVolley;535;Teco;7;1730.0;1000.0;1730.0;890.0;798.0;788.0;1707.0;844.0;-1
ClubVolley;536;Teco;7;1730.0;1000.0;1730.0;890.0;798.0;788.0;1707.0;844.0;-1
ClubVolley;537;Teco;7;1730.0;1000.0;1730.0;890.0;798.0;788.0;1707.0;844.0;-1
ClubVolley;538;Teco;7;1730.0;1000.0;1730.0;890.0;798.0;788.0;1707.0;844.0;-1
ClubVolley;539;Teco;7;1730.0;1000.0;1730.0;890.0;798.0;788.0;1707.0;844.0;-1
ClubVolley;540;Teco;7;1730.0;1000.0;1730.0;890.0;798.0;788.0;1707.0;844.0;-1
ClubVolley;541;Teco;7;1730.0;1000.0;1730.0;890.0;798.0;788.0;1707.0;844.0;-1
ClubVolley;542;Teco;7;1730.0;1000.0;1730.0;890.0;798.0;788.0;1707.0;844.0;-1
ClubVolley;543;Teco;7;1730.0;1000.0;1730.0;890.0;798.0;788.0;1707.0;844.0;-1
ClubVolley;544;Teco;7;1730.0;1000.0;1730.0;890.0;798.0;788.0;1707.0;844.0;-1
ClubVolley;545;Teco;7;1730.0;1000.0;1730.0;890.0;798.0;788.0;1707.0;844.0;-1
ClubVolley;546;Teco;7;1730.0;1000.0;1730.0;890.0;798.0;788.0;1707.0;844.0;-1
ClubVolley;547;Teco;7;1730.0;1000.0;1730.0;890.0;798.0;788.0;1707.0;844.0;-1
ClubVolley;548;Teco;7;1730.0;1000.0;1730.0;890.0;798.0;788.0;1707.0;844.0;-1
ClubVolley;549;Teco;8;1730.0;1000.0;1730.0;890.0;798.0;788.0;1705.0;840.0;-1
ClubVolley;550;Teco;8;1730.0;1000.0;1730.0;890.0;798.0;788.0;1705.0;840.0;-1
ClubVolley;551;Teco;8;1730.0;1000.0;1730.0;890.0;798.0;788.0;1705.0;840.0;-1
ClubVolley;552;Teco;1;1730.0;1000.0;1730.0;890.0;798.0;788.0;1723.0;833.0;-1
ClubVolley;553;Teco;1;1730.0;1000.0;1730.0;890.0;798.0;788.0;1723.0;833.0;-1
ClubVolley;554;Teco;1;1730.0;1000.0;1730.0;890.0;798.0;788.0;1723.0;833.0;-1
ClubVolley;555;Teco;1;1730.0;1000.0;1730.0;890.0;798.0;788.0;1723.0;833.0;-1
ClubVolley;556;Teco;1;1730.0;1000.0;1730.0;890.0;798.0;788.0;1723.0;833.0;-1
ClubVolley;557;Teco;1;1730.0;1000.0;1730.0;890.0;798.0;788.0;1723.0;833.0;-1
ClubVolley;558;Teco;1;1730.0;1000.0;1730.0;890.0;798.0;788.0;1723.0;833.0;-1
ClubVolley;559;Teco;1;1730.0;1000.0;1730.0;890.0;798.0;788.0;1723.0;833.0;-1
ClubVolley;560;Teco;1;1730.0;1000.0;1730.0;890.0;798.0;788.0;1723.0;833.0;-1
ClubVolley;561;Teco;1;1730.0;1000.0;1730.0;890.0;798.0;788.0;1723.0;833.0;-1
ClubVolley;562;Teco;1;1730.0;1000.0;1730.0;890.0;798.0;788.0;1723.0;833.0;-1
ClubVolley;563;Teco;1;1730.0;1000.0;1730.0;890.0;798.0;788.0;1723.0;833.0;-1
ClubVolley;564;Teco;1;1730.0;1000.0;1730.0;890.0;798.0;788.0;1723.0;833.0;-1
ClubVolley;565;Teco;1;1730.0;1000.0;1730.0;890.0;798.0;788.0;1723.0;833.0;-1
ClubVolley;566;Teco;1;1730.0;1000.0;1730.0;890.0;798.0;788.0;1723.0;833.0;-1
ClubVolley;567;Teco;1;1730.0;1000.0;1730.0;890.0;798.0;788.0;1723.0;833.0;-1
ClubVolley;568;Teco;1;1730.0;1000.0;1730.0;890.0;798.0;788.0;1723.0;833.0;-1
ClubVolley;569;Teco;2;1730.0;1000.0;1730.0;890.0;798.0;788.0;1731.0;837.0;-1
ClubVolley;570;Teco;2;1730.0;1000.0;1730.0;890.0;798.0;788.0;1731.0;837.0;-1
ClubVolley;571;Teco;2;1730.0;1000.0;1730.0;890.0;798.0;788.0;1731.0;837.0;-1
ClubVolley;572;Teco;2;1730.0;1000.0;1730.0;890.0;798.0;788.0;1731.0;837.0;-1
ClubVolley;573;Teco;2;1730.0;1000.0;1730.0;890.0;798.0;788.0;1731.0;837.0;-1
ClubVolley;574;Teco;2;1730.0;1000.0;1730.0;890.0;798.0;788.0;1731.0;837.0;-1
ClubVolley;575;Teco;2;1730.0;1000.0;1730.0;890.0;798.0;788.0;1731.0;837.0;-1
ClubVolley;576;Teco;2;1730.0;1000.0;1730.0;890.0;798.0;788.0;1731.0;837.0;-1
ClubVolley;577;Teco;2;1730.0;1000.0;1730.0;890.0;798.0;788.0;1731.0;837.0;-1
ClubVolley;578;Teco;2;1730.0;1000.0;1730.0;890.0;798.0;788.0;1731.0;837.0;-1
ClubVolley;579;Teco;2;1730.0;1000.0;1730.0;890.0;798.0;788.0;1731.0;837.0;-1
ClubVolley;580;Teco;2;1730.0;1000.0;1730.0;890.0;798.0;788.0;1731.0;837.0;-1
ClubVolley;581;Teco;2;1730.0;1000.0;1730.0;890.0;798.0;788.0;1731.0;837.0;-1
ClubVolley;582;Teco;2;1730.0;1000.0;1730.0;890.0;798.0;788.0;1731.0;837.0;-1
ClubVolley;583;Teco;2;1730.0;1000.0;1730.0;890.0;798.0;788.0;1731.0;837.0;-1
ClubVolley;584;Teco;2;1730.0;1000.0;1730.0;890.0;798.0;788.0;1731.0;837.0;-1
ClubVolley;585;Teco;2;1730.0;1000.0;1730.0;890.0;798.0;788.0;1731.0;837.0;-1
ClubVolley;586;Teco;2;1730.0;1000.0;1730.0;890.0;798.0;788.0;1731.0;837.0;-1
ClubVolley;587;Teco;2;1730.0;1000.0;1730.0;890.0;798.0;788.0;1731.0;837.0;-1
ClubVolley;588;Teco;2;1730.0;1000.0;1730.0;890.0;798.0;788.0;1731.0;837.0;-1
ClubVolley;589;Teco;1;1730.0;1000.0;1730.0;890.0;798.0;788.0;1723.0;833.0;-1
ClubVolley;590;Teco;1;1730.0;1000.0;1730.0;890.0;798.0;788.0;1723.0;833.0;-1
ClubVolley;591;Teco;1;1730.0;1000.0;1730.0;890.0;798.0;788.0;1723.0;833.0;-1
ClubVolley;592;Teco;1;1730.0;1000.0;1730.0;890.0;798.0;788.0;1723.0;833.0;-1
ClubVolley;593;Teco;1;1730.0;1000.0;1730.0;890.0;798.0;788.0;1723.0;833.0;-1
ClubVolley;594;Teco;1;1730.0;1000.0;1730.0;890.0;798.0;788.0;1723.0;833.0;-1
ClubVolley;595;Teco;1;1730.0;1000.0;1730.0;890.0;798.0;788.0;1723.0;833.0;-1
ClubVolley;596;Teco;1;1730.0;1000.0;1730.0;890.0;798.0;788.0;1723.0;833.0;-1
ClubVolley;597;Teco;1;1730.0;1000.0;1730.0;890.0;798.0;788.0;1723.0;833.0;-1
ClubVolley;598;Teco;1;1730.0;1000.0;1730.0;890.0;798.0;788.0;1723.0;833.0;-1
ClubVolley;599;Teco;1;1730.0;1000.0;1730.0;890.0;798.0;788.0;1723.0;833.0;-1
ClubVolley;600;Teco;1;1730.0;1000.0;1730.0;890.0;798.0;788.0;1723.0;833.0;-1
ClubVolley;601;Teco;1;1730.0;1000.0;1730.0;890.0;798.0;788.0;1723.0;833.0;-1
ClubVolley;602;Teco;1;1730.0;1000.0;1730.0;890.0;798.0;788.0;1723.0;833.0;-1
ClubVolley;603;Teco;1;1730.0;1000.0;1730.0;890.0;798.0;788.0;1723.0;833.0;-1
ClubVolley;604;Teco;1;1730.0;1000.0;1730.0;890.0;798.0;788.0;1723.0;833.0;-1
ClubVolley;605;Teco;1;1730.0;1000.0;1730.0;890.0;798.0;788.0;1723.0;833.0;-1
ClubVolley;606;Teco;1;1730.0;1000.0;1730.0;890.0;798.0;788.0;1723.0;833.0;-1
ClubVolley;607;Teco;1;1730.0;1000.0;1730.0;890.0;798.0;788.0;1723.0;833.0;-1
ClubVolley;608;Teco;1;1730.0;1000.0;1730.0;890.0;798.0;788.0;1723.0;833.0;-1
ClubVolley;609;Teco;2;1730.0;1000.0;1730.0;890.0;798.0;788.0;1731.0;837.0;-1
ClubVolley;610;Teco;2;1730.0;1000.0;1730.0;890.0;798.0;788.0;1731.0;837.0;-1
ClubVolley;611;Teco;2;1730.0;1000.0;1730.0;890.0;798.0;788.0;1731.0;837.0;-1
ClubVolley;612;Teco;2;1730.0;1000.0;1730.0;890.0;798.0;788.0;1731.0;837.0;-1
ClubVolley;613;Teco;2;1730.0;1000.0;1730.0;890.0;798.0;788.0;1731.0;837.0;-1
ClubVolley;614;Teco;2;1730.0;1000.0;1730.0;890.0;798.0;788.0;1731.0;837.0;-1
ClubVolley;615;Teco;2;1730.0;1000.0;1730.0;890.0;798.0;788.0;1731.0;837.0;-1
ClubVolley;616;Teco;2;1730.0;1000.0;1730.0;890.0;798.0;788.0;1731.0;837.0;-1
ClubVolley;617;Teco;2;1730.0;1000.0;1730.0;890.0;798.0;788.0;1731.0;837.0;-1
ClubVolley;618;Teco;2;1730.0;1000.0;1730.0;890.0;798.0;788.0;1731.0;837.0;-1
ClubVolley;619;Teco;2;1730.0;1000.0;1730.0;890.0;798.0;788.0;1731.0;837.0;-1
ClubVolley;620;Teco;2;1730.0;1000.0;1730.0;890.0;798.0;788.0;1731.0;837.0;-1
ClubVolley;621;Teco;2;1730.0;1000.0;1730.0;890.0;798.0;788.0;1731.0;837.0;-1
ClubVolley;622;Teco;2;1730.0;1000.0;1730.0;890.0;798.0;788.0;1731.0;837.0;-1
ClubVolley;623;Teco;2;1730.0;1000.0;1730.0;890.0;798.0;788.0;1731.0;837.0;-1
ClubVolley;624;Teco;2;1730.0;1000.0;1730.0;890.0;798.0;788.0;1731.0;837.0;-1
ClubVolley;625;Teco;2;1730.0;1000.0;1730.0;890.0;798.0;788.0;1731.0;837.0;-1
ClubVolley;626;Teco;2;1730.0;1000.0;1730.0;890.0;798.0;788.0;1731.0;837.0;-1
ClubVolley;627;Teco;2;1730.0;1000.0;1730.0;890.0;798.0;788.0;1731.0;837.0;-1
ClubVolley;628;Teco;2;1730.0;1000.0;1730.0;890.0;798.0;788.0;1731.0;837.0;-1
ClubVolley;629;Teco;1;1730.0;1000.0;1730.0;890.0;798.0;788.0;1723.0;833.0;-1
ClubVolley;630;Teco;1;1730.0;1000.0;1730.0;890.0;798.0;788.0;1723.0;833.0;-1
ClubVolley;631;Teco;1;1730.0;1000.0;1730.0;890.0;798.0;788.0;1723.0;833.0;-1
ClubVolley;632;Teco;1;1730.0;1000.0;1730.0;890.0;798.0;788.0;1723.0;833.0;-1
ClubVolley;633;Teco;1;1730.0;1000.0;1730.0;890.0;798.0;788.0;1723.0;833.0;-1
ClubVolley;634;Teco;1;1730.0;1000.0;1730.0;890.0;798.0;788.0;1723.0;833.0;-1
ClubVolley;635;Teco;1;1730.0;1000.0;1730.0;890.0;798.0;788.0;1723.0;833.0;-1
ClubVolley;636;Teco;1;1730.0;1000.0;1730.0;890.0;798.0;788.0;1723.0;833.0;-1
ClubVolley;637;Teco;1;1730.0;1000.0;1730.0;890.0;798.0;788.0;1723.0;833.0;-1
ClubVolley;638;Teco;1;1730.0;1000.0;1730.0;890.0;798.0;788.0;1723.0;833.0;-1
ClubVolley;639;Teco;1;1730.0;1000.0;1730.0;890.0;798.0;788.0;1723.0;833.0;-1
ClubVolley;640;Teco;1;1730.0;1000.0;1730.0;890.0;798.0;788.0;1723.0;833.0;-1
ClubVolley;641;Teco;1;1730.0;1000.0;1730.0;890.0;798.0;788.0;1723.0;833.0;-1
ClubVolley;642;Teco;1;1730.0;1000.0;1730.0;890.0;798.0;788.0;1723.0;833.0;-1
ClubVolley;643;Teco;1;1730.0;1000.0;1730.0;890.0;798.0;788.0;1723.0;833.0;-1
ClubVolley;644;Teco;1;1730.0;1000.0;1730.0;890.0;798.0;788.0;1723.0;833.0;-1
ClubVolley;645;Teco;1;1730.0;1000.0;1730.0;890.0;798.0;788.0;1723.0;833.0;-1
ClubVolley;646;Teco;1;1730.0;1000.0;1730.0;890.0;798.0;788.0;1723.0;833.0;-1
ClubVolley;647;Teco;1;1730.0;1000.0;1730.0;890.0;798.0;788.0;1723.0;833.0;-1
ClubVolley;648;Teco;1;1730.0;1000.0;1730.0;890.0;798.0;788.0;1723.0;833.0;-1
ClubVolley;649;Teco;2;1730.0;1000.0;1730.0;890.0;798.0;788.0;1731.0;837.0;-1
ClubVolley;650;Teco;2;1730.0;1000.0;1730.0;890.0;798.0;788.0;1731.0;837.0;-1
ClubVolley;651;Teco;2;1730.0;1000.0;1730.0;890.0;798.0;788.0;1731.0;837.0;-1
ClubVolley;652;Teco;2;1730.0;1000.0;1730.0;890.0;798.0;788.0;1731.0;837.0;-1
ClubVolley;653;Teco;2;1730.0;1000.0;1730.0;890.0;798.0;788.0;1731.0;837.0;-1
ClubVolley;654;Teco;2;1730.0;1000.0;1730.0;890.0;798.0;788.0;1731.0;837.0;-1
ClubVolley;655;Teco;2;1730.0;1000.0;1730.0;890.0;798.0;788.0;1731.0;837.0;-1
ClubVolley;656;Teco;2;1730.0;1000.0;1730.0;890.0;798.0;788.0;1731.0;837.0;-1
ClubVolley;657;Teco;2;1730.0;1000.0;1730.0;890.0;798.0;788.0;1731.0;837.0;-1
Bowling;659;Teco;2;1730.0;1000.0;1730.0;890.0;798.0;788.0;1731.0;837.0;-1
Bowling;660;Teco;2;1730.0;1000.0;1730.0;890.0;798.0;788.0;1731.0;837.0;-1
Bowling;661;Teco;2;1730.0;1000.0;1730.0;890.0;798.0;788.0;1731.0;837.0;-1
Bowling;662;Teco;2;1730.0;1000.0;1730.0;890.0;798.0;788.0;1731.0;837.0;-1
Bowling;663;Teco;2;1730.0;1000.0;1730.0;890.0;798.0;788.0;1731.0;837.0;-1
Bowling;664;Teco;2;1730.0;1000.0;1730.0;890.0;798.0;788.0;1731.0;837.0;-1
Bowling;665;Teco;2;1730.0;1000.0;1730.0;890.0;798.0;788.0;1731.0;837.0;-1
Bowling;666;Teco;2;1730.0;1000.0;1730.0;890.0;798.0;788.0;1731.0;837.0;-1
Bowling;667;Teco;2;1730.0;1000.0;1730.0;890.0;798.0;788.0;1731.0;837.0;-1
Bowling;668;Teco;2;1730.0;1000.0;1730.0;890.0;798.0;788.0;1731.0;837.0;-1
Bowling;669;Teco;1;1730.0;1000.0;1730.0;890.0;798.0;788.0;1723.0;833.0;-1
Bowling;670;Teco;1;1730.0;1000.0;1730.0;890.0;798.0;788.0;1723.0;833.0;-1
Bowling;671;Teco;2;1730.0;1000.0;1730.0;890.0;798.0;788.0;1731.0;837.0;-1
Bowling;672;Teco;2;1730.0;1000.0;1730.0;890.0;798.0;788.0;1731.0;837.0;-1
Bowling;673;Teco;2;1730.0;1000.0;1730.0;890.0;798.0;788.0;1731.0;837.0;-1
Bowling;674;Teco;2;1730.0;1000.0;1730.0;890.0;798.0;788.0;1731.0;837.0;-1
Bowling;675;Teco;2;1730.0;1000.0;1730.0;890.0;798.0;788.0;1731.0;837.0;-1
Bowling;676;Teco;2;1730.0;1000.0;1730.0;890.0;798.0;788.0;1731.0;837.0;-1
Bowling;677;Teco;2;1730.0;1000.0;1730.0;890.0;798.0;788.0;1731.0;837.0;-1
Bowling;678;Teco;2;1730.0;1000.0;1730.0;890.0;798.0;788.0;1731.0;837.0;-1
Bowling;679;Teco;2;1730.0;1000.0;1730.0;890.0;798.0;788.0;1731.0;837.0;-1
Bowling;680;Teco;2;1730.0;1000.0;1730.0;890.0;798.0;788.0;1731.0;837.0;-1
Bowling;681;Teco;2;1730.0;1000.0;1730.0;890.0;798.0;788.0;1731.0;837.0;-1
Bowling;682;Teco;2;1730.0;1000.0;1730.0;890.0;798.0;788.0;1731.0;837.0;-1
Bowling;683;Teco;2;1730.0;1000.0;1730.0;890.0;798.0;788.0;1731.0;837.0;-1
Bowling;684;Teco;2;1730.0;1000.0;1730.0;890.0;798.0;788.0;1731.0;837.0;-1
Bowling;685;Teco;2;1730.0;1000.0;1730.0;890.0;798.0;788.0;1731.0;837.0;-1
Bowling;686;Teco;2;1730.0;1000.0;1730.0;890.0;798.0;788.0;1731.0;837.0;-1
Bowling;687;Teco;2;1730.0;1000.0;1730.0;890.0;798.0;788.0;1731.0;837.0;-1
Bowling;688;Teco;2;1730.0;1000.0;1730.0;890.0;798.0;788.0;1731.0;837.0;-1
Bowling;689;Teco;2;1730.0;1000.0;1730.0;890.0;798.0;788.0;1731.0;837.0;-1
Bowling;690;Teco;2;1730.0;1000.0;1730.0;890.0;798.0;788.0;1731.0;837.0;-1
Bowling;691;Teco;2;1730.0;1000.0;1730.0;890.0;798.0;788.0;1731.0;837.0;-1
Bowling;692;Teco;2;1730.0;1000.0;1730.0;890.0;798.0;788.0;1731.0;837.0;-1
Bowling;693;Teco;2;1730.0;1000.0;1730.0;890.0;798.0;788.0;1731.0;837.0;-1
Bowling;694;Teco;2;1730.0;1000.0;1730.0;890.0;798.0;788.0;1731.0;837.0;-1
Bowling;695;Teco;2;1730.0;1000.0;1730.0;890.0;798.0;788.0;1731.0;837.0;-1
Bowling;696;Teco;2;1730.0;1000.0;1730.0;890.0;798.0;788.0;1731.0;837.0;-1
Bowling;697;Teco;2;1730.0;1000.0;1730.0;890.0;798.0;788.0;1731.0;837.0;-1
Bowling;698;Teco;2;1730.0;1000.0;1730.0;890.0;798.0;788.0;1731.0;837.0;-1
Bowling;699;Teco;2;1730.0;1000.0;1730.0;890.0;798.0;788.0;1731.0;837.0;-1
Bowling;700;Teco;2;1730.0;1000.0;1730.0;890.0;798.0;788.0;1731.0;837.0;-1
Bowling;701;Teco;2;1730.0;1000.0;1730.0;890.0;798.0;788.0;1731.0;837.0;-1
Bowling;702;Teco;2;1730.0;1000.0;1730.0;890.0;798.0;788.0;1731.0;837.0;-1
Bowling;703;Teco;2;1730.0;1000.0;1730.0;890.0;798.0;788.0;1731.0;837.0;-1
Bowling;704;Teco;2;1730.0;1000.0;1730.0;890.0;798.0;788.0;1731.0;837.0;-1
Bowling;705;Teco;2;1730.0;1000.0;1730.0;890.0;798.0;788.0;1731.0;837.0;-1
Bowling;706;Teco;2;1730.0;1000.0;1730.0;890.0;798.0;788.0;1731.0;837.0;-1
Bowling;707;Teco;2;1730.0;1000.0;1730.0;890.0;798.0;788.0;1731.0;837.0;-1
Bowling;708;Teco;2;1730.0;1000.0;1730.0;890.0;798.0;788.0;1731.0;837.0;-1
Bowling;709;Teco;1;1730.0;1000.0;1730.0;890.0;798.0;788.0;1723.0;833.0;-1
Bowling;710;Teco;1;1730.0;1000.0;1730.0;890.0;798.0;788.0;1723.0;833.0;-1
Bowling;711;Teco;1;1730.0;1000.0;1730.0;890.0;798.0;788.0;1723.0;833.0;-1
Bowling;712;Teco;1;1730.0;1000.0;1730.0;890.0;798.0;788.0;1723.0;833.0;-1
Bowling;713;Teco;1;1730.0;1000.0;1730.0;890.0;798.0;788.0;1723.0;833.0;-1
Bowling;714;Teco;1;1730.0;1000.0;1730.0;890.0;798.0;788.0;1723.0;833.0;-1
Bowling;715;Teco;1;1730.0;1000.0;1730.0;890.0;798.0;788.0;1723.0;833.0;-1
Bowling;716;Teco;1;1730.0;1000.0;1730.0;890.0;798.0;788.0;1723.0;833.0;-1
Bowling;717;Teco;1;1730.0;1000.0;1730.0;890.0;798.0;788.0;1723.0;833.0;-1
Bowling;718;Teco;1;1730.0;1000.0;1730.0;890.0;798.0;788.0;1723.0;833.0;-1
Bowling;719;Teco;1;1730.0;1000.0;1730.0;890.0;798.0;788.0;1723.0;833.0;-1
Bowling;720;Teco;1;1730.0;1000.0;1730.0;890.0;798.0;788.0;1723.0;833.0;-1
Bowling;721;Teco;1;1730.0;1000.0;1730.0;890.0;798.0;788.0;1723.0;833.0;-1
Bowling;722;Teco;1;1730.0;1000.0;1730.0;890.0;798.0;788.0;1723.0;833.0;-1
Bowling;723;Teco;1;1730.0;1000.0;1730.0;890.0;798.0;788.0;1723.0;833.0;-1
Bowling;724;Teco;2;1730.0;1000.0;1730.0;890.0;798.0;788.0;1731.0;837.0;-1
Bowling;725;Teco;2;1730.0;1000.0;1730.0;890.0;798.0;788.0;1731.0;837.0;-1
Bowling;726;Teco;2;1730.0;1000.0;1730.0;890.0;798.0;788.0;1731.0;837.0;-1
Bowling;727;Teco;2;1730.0;1000.0;1730.0;890.0;798.0;788.0;1731.0;837.0;-1
Bowling;728;Teco;2;1730.0;1000.0;1730.0;890.0;798.0;788.0;1731.0;837.0;-1
Bowling;729;Teco;2;1730.0;1000.0;1730.0;890.0;798.0;788.0;1731.0;837.0;-1
Bowling;730;Teco;2;1730.0;1000.0;1730.0;890.0;798.0;788.0;1731.0;837.0;-1
Bowling;731;Teco;2;1730.0;1000.0;1730.0;890.0;798.0;788.0;1731.0;837.0;-1
Bowling;732;Teco;2;1730.0;1000.0;1730.0;890.0;798.0;788.0;1731.0;837.0;-1
Bowling;733;Teco;2;1730.0;1000.0;1730.0;890.0;798.0;788.0;1731.0;837.0;-1
Bowling;734;Teco;2;1730.0;1000.0;1730.0;890.0;798.0;788.0;1731.0;837.0;-1
Bowling;735;Teco;2;1730.0;1000.0;1730.0;890.0;798.0;788.0;1731.0;837.0;-1
Bowling;736;Teco;2;1730.0;1000.0;1730.0;890.0;798.0;788.0;1731.0;837.0;-1
Bowling;737;Teco;2;1730.0;1000.0;1730.0;890.0;798.0;788.0;1731.0;837.0;-1
Bowling;738;Teco;2;1730.0;1000.0;1730.0;890.0;798.0;788.0;1731.0;837.0;-1
Bowling;739;Teco;2;1730.0;1000.0;1730.0;890.0;798.0;788.0;1731.0;837.0;-1
Bowling;740;Teco;2;1730.0;1000.0;1730.0;890.0;798.0;788.0;1731.0;837.0;-1
Bowling;741;Teco;2;1730.0;1000.0;1730.0;890.0;798.0;788.0;1731.0;837.0;-1
Bowling;742;Teco;2;1730.0;1000.0;1730.0;890.0;798.0;788.0;1731.0;837.0;-1
Bowling;743;Teco;2;1730.0;1000.0;1730.0;890.0;798.0;788.0;1731.0;837.0;-1
Bowling;744;Teco;2;1730.0;1000.0;1730.0;890.0;798.0;788.0;1731.0;837.0;-1
Bowling;745;Teco;2;1730.0;1000.0;1730.0;890.0;798.0;788.0;1731.0;837.0;-1
Bowling;746;Teco;2;1730.0;1000.0;1730.0;890.0;798.0;788.0;1731.0;837.0;-1
Bowling;747;Teco;2;1730.0;1000.0;1730.0;890.0;798.0;788.0;1731.0;837.0;-1
Bowling;748;Teco;2;1730.0;1000.0;1730.0;890.0;798.0;788.0;1731.0;837.0;-1
Bowling;749;Teco;1;1730.0;1000.0;1730.0;890.0;798.0;788.0;1723.0;833.0;-1
Bowling;750;Teco;1;1730.0;1000.0;1730.0;890.0;798.0;788.0;1723.0;833.0;-1
Bowling;751;Teco;1;1730.0;1000.0;1730.0;890.0;798.0;788.0;1723.0;833.0;-1
Bowling;752;Teco;1;1730.0;1000.0;1730.0;890.0;798.0;788.0;1723.0;833.0;-1
Bowling;753;Teco;1;1730.0;1000.0;1730.0;890.0;798.0;788.0;1723.0;833.0;-1
Bowling;754;Teco;1;1730.0;1000.0;1730.0;890.0;798.0;788.0;1723.0;833.0;-1
Bowling;755;Teco;1;1730.0;1000.0;1730.0;890.0;798.0;788.0;1723.0;833.0;-1
Bowling;756;Teco;1;1730.0;1000.0;1730.0;890.0;798.0;788.0;1723.0;833.0;-1
Bowling;757;Teco;1;1730.0;1000.0;1730.0;890.0;798.0;788.0;1723.0;833.0;-1
Bowling;758;Teco;1;1730.0;1000.0;1730.0;890.0;798.0;788.0;1723.0;833.0;-1
Bowling;759;Teco;1;1730.0;1000.0;1730.0;890.0;798.0;788.0;1723.0;833.0;-1
Bowling;760;Teco;1;1730.0;1000.0;1730.0;890.0;798.0;788.0;1723.0;833.0;-1
Bowling;761;Teco;1;1730.0;1000.0;1730.0;890.0;798.0;788.0;1723.0;833.0;-1
Bowling;762;Teco;1;1730.0;1000.0;1730.0;890.0;798.0;788.0;1723.0;833.0;-1
Bowling;763;Teco;1;1730.0;1000.0;1730.0;890.0;798.0;788.0;1723.0;833.0;-1
Bowling;764;Teco;1;1730.0;1000.0;1730.0;890.0;798.0;788.0;1723.0;833.0;-1
Bowling;765;Teco;1;1730.0;1000.0;1730.0;890.0;798.0;788.0;1723.0;833.0;-1
Bowling;766;Teco;1;1730.0;1000.0;1730.0;890.0;798.0;788.0;1723.0;833.0;-1
Bowling;767;Teco;1;1730.0;1000.0;1730.0;890.0;798.0;788.0;1723.0;833.0;-1
Bowling;768;Teco;1;1730.0;1000.0;1730.0;890.0;798.0;788.0;1723.0;833.0;-1
Bowling;769;Teco;2;1730.0;1000.0;1730.0;890.0;798.0;788.0;1731.0;837.0;-1
Bowling;770;Teco;2;1730.0;1000.0;1730.0;890.0;798.0;788.0;1731.0;837.0;-1
Bowling;771;Teco;2;1730.0;1000.0;1730.0;890.0;798.0;788.0;1731.0;837.0;-1
Bowling;772;Teco;2;1730.0;1000.0;1730.0;890.0;798.0;788.0;1731.0;837.0;-1
Bowling;773;Teco;2;1730.0;1000.0;1730.0;890.0;798.0;788.0;1731.0;837.0;-1
Bowling;774;Teco;2;1730.0;1000.0;1730.0;890.0;798.0;788.0;1731.0;837.0;-1
Bowling;775;Teco;2;1730.0;1000.0;1730.0;890.0;798.0;788.0;1731.0;837.0;-1
Bowling;776;Teco;2;1730.0;1000.0;1730.0;890.0;798.0;788.0;1731.0;837.0;-1
Bowling;777;Teco;2;1730.0;1000.0;1730.0;890.0;798.0;788.0;1731.0;837.0;-1
Bowling;778;Teco;2;1730.0;1000.0;1730.0;890.0;798.0;788.0;1731.0;837.0;-1
Bowling;779;Teco;2;1730.0;1000.0;1730.0;890.0;798.0;788.0;1731.0;837.0;-1
Bowling;780;Teco;2;1730.0;1000.0;1730.0;890.0;798.0;788.0;1731.0;837.0;-1
Bowling;781;Teco;2;1730.0;1000.0;1730.0;890.0;798.0;788.0;1731.0;837.0;-1
Bowling;782;Teco;2;1730.0;1000.0;1730.0;890.0;798.0;788.0;1731.0;837.0;-1
Bowling;783;Teco;2;1730.0;1000.0;1730.0;890.0;798.0;788.0;1731.0;837.0;-1
Bowling;784;Teco;2;1730.0;1000.0;1730.0;890.0;798.0;788.0;1731.0;837.0;-1
Bowling;785;Teco;2;1730.0;1000.0;1730.0;890.0;798.0;788.0;1731.0;837.0;-1
Bowling;786;Teco;2;1730.0;1000.0;1730.0;890.0;798.0;788.0;1731.0;837.0;-1
Bowling;787;Teco;2;1730.0;1000.0;1730.0;890.0;798.0;788.0;1731.0;837.0;-1
Bowling;788;Teco;2;1730.0;1000.0;1730.0;890.0;798.0;788.0;1731.0;837.0;-1
Bowling;789;Teco;2;1730.0;1000.0;1730.0;890.0;798.0;788.0;1731.0;837.0;-1
Bowling;790;Teco;2;1730.0;1000.0;1730.0;890.0;798.0;788.0;1731.0;837.0;-1
Bowling;791;Teco;2;1730.0;1000.0;1730.0;890.0;798.0;788.0;1731.0;837.0;-1
Bowling;792;Teco;2;1730.0;1000.0;1730.0;890.0;798.0;788.0;1731.0;837.0;-1
Bowling;793;Teco;2;1730.0;1000.0;1730.0;890.0;798.0;788.0;1731.0;837.0;-1
Bowling;794;Teco;2;1730.0;1000.0;1730.0;890.0;798.0;788.0;1731.0;837.0;-1
Bowling;795;Teco;2;1730.0;1000.0;1730.0;890.0;798.0;788.0;1731.0;837.0;-1
Bowling;796;Teco;2;1730.0;1000.0;1730.0;890.0;798.0;788.0;1731.0;837.0;-1
Bowling;797;Teco;2;1730.0;1000.0;1730.0;890.0;798.0;788.0;1731.0;837.0;-1
Bowling;798;Teco;2;1730.0;1000.0;1730.0;890.0;798.0;788.0;1731.0;837.0;-1
Bowling;799;Teco;2;1730.0;1000.0;1730.0;890.0;798.0;788.0;1731.0;837.0;-1
Bowling;800;Teco;1;1730.0;1000.0;1730.0;890.0;798.0;788.0;1723.0;833.0;-1
Bowling;801;Teco;1;1730.0;1000.0;1730.0;890.0;798.0;788.0;1723.0;833.0;-1
Bowling;802;Teco;1;1730.0;1000.0;1730.0;890.0;798.0;788.0;1723.0;833.0;-1
Bowling;803;Teco;1;1730.0;1000.0;1730.0;890.0;798.0;788.0;1723.0;833.0;-1
Bowling;804;Teco;1;1730.0;1000.0;1730.0;890.0;798.0;788.0;1723.0;833.0;-1
Bowling;805;Teco;1;1730.0;1000.0;1730.0;890.0;798.0;788.0;1723.0;833.0;-1
Bowling;806;Teco;1;1730.0;1000.0;1730.0;890.0;798.0;788.0;1723.0;833.0;-1
Bowling;807;Teco;1;1730.0;1000.0;1730.0;890.0;798.0;788.0;1723.0;833.0;-1
Bowling;808;Teco;1;1730.0;1000.0;1730.0;890.0;798.0;788.0;1723.0;833.0;-1
Bowling;809;Teco;2;1730.0;1000.0;1730.0;890.0;798.0;788.0;1731.0;837.0;-1
Bowling;810;Teco;2;1730.0;1000.0;1730.0;890.0;798.0;788.0;1731.0;837.0;-1
Bowling;811;Teco;2;1730.0;1000.0;1730.0;890.0;798.0;788.0;1731.0;837.0;-1
Bowling;812;Teco;2;1730.0;1000.0;1730.0;890.0;798.0;788.0;1731.0;837.0;-1
Bowling;813;Teco;2;1730.0;1000.0;1730.0;890.0;798.0;788.0;1731.0;837.0;-1
Bowling;814;Teco;2;1730.0;1000.0;1730.0;890.0;798.0;788.0;1731.0;837.0;-1
Bowling;815;Teco;2;1730.0;1000.0;1730.0;890.0;798.0;788.0;1731.0;837.0;-1
Bowling;816;Teco;2;1730.0;1000.0;1730.0;890.0;798.0;788.0;1731.0;837.0;-1
Bowling;817;Teco;2;1730.0;1000.0;1730.0;890.0;798.0;788.0;1731.0;837.0;-1
Bowling;818;Teco;2;1730.0;1000.0;1730.0;890.0;798.0;788.0;1731.0;837.0;-1
Bowling;819;Teco;2;1730.0;1000.0;1730.0;890.0;798.0;788.0;1731.0;837.0;-1
Bowling;820;Teco;2;1730.0;1000.0;1730.0;890.0;798.0;788.0;1731.0;837.0;-1
Bowling;821;Teco;2;1730.0;1000.0;1730.0;890.0;798.0;788.0;1731.0;837.0;-1
Bowling;822;Teco;2;1730.0;1000.0;1730.0;890.0;798.0;788.0;1731.0;837.0;-1
Bowling;823;Teco;2;1730.0;1000.0;1730.0;890.0;798.0;788.0;1731.0;837.0;-1
Bowling;824;Teco;2;1730.0;1000.0;1730.0;890.0;798.0;788.0;1731.0;837.0;-1
Bowling;825;Teco;2;1730.0;1000.0;1730.0;890.0;798.0;788.0;1731.0;837.0;-1
Bowling;826;Teco;2;1730.0;1000.0;1730.0;890.0;798.0;788.0;1731.0;837.0;-1
Bowling;827;Teco;2;1730.0;1000.0;1730.0;890.0;798.0;788.0;1731.0;837.0;-1
Bowling;828;Teco;2;1730.0;1000.0;1730.0;890.0;798.0;788.0;1731.0;837.0;-1
Bowling;829;Teco;1;1730.0;1000.0;1730.0;890.0;798.0;788.0;1723.0;833.0;-1
Bowling;830;Teco;1;1730.0;1000.0;1730.0;890.0;798.0;788.0;1723.0;833.0;-1
Bowling;831;Teco;1;1730.0;1000.0;1730.0;890.0;798.0;788.0;1723.0;833.0;-1
Bowling;832;Teco;1;1730.0;1000.0;1730.0;890.0;798.0;788.0;1723.0;833.0;-1
Bowling;833;Teco;1;1730.0;1000.0;1730.0;890.0;798.0;788.0;1723.0;833.0;-1
Bowling;834;Teco;1;1730.0;1000.0;1730.0;890.0;798.0;788.0;1723.0;833.0;-1
Bowling;835;Teco;1;1730.0;1000.0;1730.0;890.0;798.0;788.0;1723.0;833.0;-1
Bowling;836;Teco;1;1730.0;1000.0;1730.0;890.0;798.0;788.0;1723.0;833.0;-1
Bowling;837;Teco;1;1730.0;1000.0;1730.0;890.0;798.0;788.0;1723.0;833.0;-1
Bowling;838;Teco;1;1730.0;1000.0;1730.0;890.0;798.0;788.0;1723.0;833.0;-1
Bowling;839;Teco;1;1730.0;1000.0;1730.0;890.0;798.0;788.0;1723.0;833.0;-1
Bowling;840;Teco;1;1730.0;1000.0;1730.0;890.0;798.0;788.0;1723.0;833.0;-1
Bowling;841;Teco;1;1730.0;1000.0;1730.0;890.0;798.0;788.0;1723.0;833.0;-1
Bowling;842;Teco;1;1730.0;1000.0;1730.0;890.0;798.0;788.0;1723.0;833.0;-1
Bowling;843;Teco;1;1730.0;1000.0;1730.0;890.0;798.0;788.0;1723.0;833.0;-1
Bowling;844;Teco;1;1730.0;1000.0;1730.0;890.0;798.0;788.0;1723.0;833.0;-1
Bowling;845;Teco;1;1730.0;1000.0;1730.0;890.0;798.0;788.0;1723.0;833.0;-1
Bowling;846;Teco;1;1730.0;1000.0;1730.0;890.0;798.0;788.0;1723.0;833.0;-1
Bowling;847;Teco;1;1730.0;1000.0;1730.0;890.0;798.0;788.0;1723.0;833.0;-1
Bowling;848;Teco;1;1730.0;1000.0;1730.0;890.0;798.0;788.0;1723.0;833.0;-1
Bowling;849;Teco;2;1730.0;1000.0;1730.0;890.0;798.0;788.0;1731.0;837.0;-1
Bowling;850;Teco;2;1730.0;1000.0;1730.0;890.0;798.0;788.0;1731.0;837.0;-1
Bowling;851;Teco;2;1730.0;1000.0;1730.0;890.0;798.0;788.0;1731.0;837.0;-1
Bowling;852;Teco;2;1730.0;1000.0;1730.0;890.0;798.0;788.0;1731.0;837.0;-1
Bowling;853;Teco;2;1730.0;1000.0;1730.0;890.0;798.0;788.0;1731.0;837.0;-1
Bowling;854;Teco;2;1730.0;1000.0;1730.0;890.0;798.0;788.0;1731.0;837.0;-1
Bowling;855;Teco;2;1730.0;1000.0;1730.0;890.0;798.0;788.0;1731.0;837.0;-1
Bowling;856;Teco;2;1730.0;1000.0;1730.0;890.0;798.0;788.0;1731.0;837.0;-1
Bowling;857;Teco;2;1730.0;1000.0;1730.0;890.0;798.0;788.0;1731.0;837.0;-1
Bowling;858;Teco;2;1730.0;1000.0;1730.0;890.0;798.0;788.0;1731.0;837.0;-1
Bowling;859;Teco;2;1730.0;1000.0;1730.0;890.0;798.0;788.0;1731.0;837.0;-1
Bowling;860;Teco;2;1730.0;1000.0;1730.0;890.0;798.0;788.0;1731.0;837.0;-1
Bowling;861;Teco;2;1730.0;1000.0;1730.0;890.0;798.0;788.0;1731.0;837.0;-1
Bowling;862;Teco;2;1730.0;1000.0;1730.0;890.0;798.0;788.0;1731.0;837.0;-1
Bowling;863;Teco;2;1730.0;1000.0;1730.0;890.0;798.0;788.0;1731.0;837.0;-1
Bowling;864;Teco;2;1730.0;1000.0;1730.0;890.0;798.0;788.0;1731.0;837.0;-1
Bowling;865;Teco;2;1730.0;1000.0;1730.0;890.0;798.0;788.0;1731.0;837.0;-1
Bowling;866;Teco;2;1730.0;1000.0;1730.0;890.0;798.0;788.0;1731.0;837.0;-1
Bowling;867;Teco;2;1730.0;1000.0;1730.0;890.0;798.0;788.0;1731.0;837.0;-1
Bowling;868;Teco;2;1730.0;1000.0;1730.0;890.0;798.0;788.0;1731.0;837.0;-1
Bowling;869;Teco;1;1730.0;1000.0;1730.0;890.0;798.0;788.0;1723.0;833.0;-1
Bowling;870;Teco;1;1730.0;1000.0;1730.0;890.0;798.0;788.0;1723.0;833.0;-1
Bowling;871;Teco;1;1730.0;1000.0;1730.0;890.0;798.0;788.0;1723.0;833.0;-1
Bowling;872;Teco;1;1730.0;1000.0;1730.0;890.0;798.0;788.0;1723.0;833.0;-1
Bowling;873;Teco;1;1730.0;1000.0;1730.0;890.0;798.0;788.0;1723.0;833.0;-1
Bowling;874;Teco;1;1730.0;1000.0;1730.0;890.0;798.0;788.0;1723.0;833.0;-1
Bowling;875;Teco;1;1730.0;1000.0;1730.0;890.0;798.0;788.0;1723.0;833.0;-1
Bowling;876;Teco;1;1730.0;1000.0;1730.0;890.0;798.0;788.0;1723.0;833.0;-1
Bowling;877;Teco;1;1730.0;1000.0;1730.0;890.0;798.0;788.0;1723.0;833.0;-1
Bowling;878;Teco;1;1730.0;1000.0;1730.0;890.0;798.0;788.0;1723.0;833.0;-1
Bowling;879;Teco;1;1730.0;1000.0;1730.0;890.0;798.0;788.0;1723.0;833.0;-1
Bowling;880;Teco;1;1730.0;1000.0;1730.0;890.0;798.0;788.0;1723.0;833.0;-1
Bowling;881;Teco;1;1730.0;1000.0;1730.0;890.0;798.0;788.0;1723.0;833.0;-1
Bowling;882;Teco;1;1730.0;1000.0;1730.0;890.0;798.0;788.0;1723.0;833.0;-1
Bowling;883;Teco;1;1730.0;1000.0;1730.0;890.0;798.0;788.0;1723.0;833.0;-1
Bowling;884;Teco;1;1730.0;1000.0;1730.0;890.0;798.0;788.0;1723.0;833.0;-1
Bowling;885;Teco;1;1730.0;1000.0;1730.0;890.0;798.0;788.0;1723.0;833.0;-1
Bowling;886;Teco;1;1730.0;1000.0;1730.0;890.0;798.0;788.0;1723.0;833.0;-1
Bowling;887;Teco;1;1730.0;1000.0;1730.0;890.0;798.0;788.0;1723.0;833.0;-1
Bowling;888;Teco;1;1730.0;1000.0;1730.0;890.0;798.0;788.0;1723.0;833.0;-1
Bowling;889;Teco;2;1730.0;1000.0;1730.0;890.0;798.0;788.0;1731.0;837.0;-1
Bowling;890;Teco;2;1730.0;1000.0;1730.0;890.0;798.0;788.0;1731.0;837.0;-1
Bowling;891;Teco;2;1730.0;1000.0;1730.0;890.0;798.0;788.0;1731.0;837.0;-1
Bowling;892;Teco;2;1730.0;1000.0;1730.0;890.0;798.0;788.0;1731.0;837.0;-1
Bowling;893;Teco;2;1730.0;1000.0;1730.0;890.0;798.0;788.0;1731.0;837.0;-1
Bowling;894;Teco;2;1730.0;1000.0;1730.0;890.0;798.0;788.0;1731.0;837.0;-1
Bowling;895;Teco;2;1730.0;1000.0;1730.0;890.0;798.0;788.0;1731.0;837.0;-1
Bowling;896;Teco;2;1730.0;1000.0;1730.0;890.0;798.0;788.0;1731.0;837.0;-1
Bowling;897;Teco;2;1730.0;1000.0;1730.0;890.0;798.0;788.0;1731.0;837.0;-1
Bowling;898;Teco;2;1730.0;1000.0;1730.0;890.0;798.0;788.0;1731.0;837.0;-1
Bowling;899;Teco;2;1730.0;1000.0;1730.0;890.0;798.0;788.0;1731.0;837.0;-1
Bowling;900;Teco;2;1730.0;1000.0;1730.0;890.0;798.0;788.0;1731.0;837.0;-1
Bowling;901;Teco;2;1730.0;1000.0;1730.0;890.0;798.0;788.0;1731.0;837.0;-1
Bowling;902;Teco;2;1730.0;1000.0;1730.0;890.0;798.0;788.0;1731.0;837.0;-1
Bowling;903;Teco;2;1730.0;1000.0;1730.0;890.0;798.0;788.0;1731.0;837.0;-1
Bowling;904;Teco;2;1730.0;1000.0;1730.0;890.0;798.0;788.0;1731.0;837.0;-1
Bowling;905;Teco;2;1730.0;1000.0;1730.0;890.0;798.0;788.0;1731.0;837.0;-1
Bowling;906;Teco;2;1730.0;1000.0;1730.0;890.0;798.0;788.0;1731.0;837.0;-1
Bowling;907;Teco;2;1730.0;1000.0;1730.0;890.0;798.0;788.0;1731.0;837.0;-1
Bowling;908;Teco;2;1730.0;1000.0;1730.0;890.0;798.0;788.0;1731.0;837.0;-1
Bowling;909;Teco;1;1730.0;1000.0;1730.0;890.0;798.0;788.0;1723.0;833.0;-1
Bowling;910;Teco;1;1730.0;1000.0;1730.0;890.0;798.0;788.0;1723.0;833.0;-1
Bowling;911;Teco;1;1730.0;1000.0;1730.0;890.0;798.0;788.0;1723.0;833.0;-1
Bowling;912;Teco;1;1730.0;1000.0;1730.0;890.0;798.0;788.0;1723.0;833.0;-1
Bowling;913;Teco;1;1730.0;1000.0;1730.0;890.0;798.0;788.0;1723.0;833.0;-1
Bowling;914;Teco;1;1730.0;1000.0;1730.0;890.0;798.0;788.0;1723.0;833.0;-1
Bowling;915;Teco;1;1730.0;1000.0;1730.0;890.0;798.0;788.0;1723.0;833.0;-1
Bowling;916;Teco;1;1730.0;1000.0;1730.0;890.0;798.0;788.0;1723.0;833.0;-1
Bowling;917;Teco;1;1730.0;1000.0;1730.0;890.0;798.0;788.0;1723.0;833.0;-1
Bowling;918;Teco;1;1730.0;1000.0;1730.0;890.0;798.0;788.0;1723.0;833.0;-1
Bowling;919;Teco;1;1730.0;1000.0;1730.0;890.0;798.0;788.0;1723.0;833.0;-1
Bowling;920;Teco;1;1730.0;1000.0;1730.0;890.0;798.0;788.0;1723.0;833.0;-1
Bowling;921;Teco;1;1730.0;1000.0;1730.0;890.0;798.0;788.0;1723.0;833.0;-1
Bowling;922;Teco;1;1730.0;1000.0;1730.0;890.0;798.0;788.0;1723.0;833.0;-1
Bowling;923;Teco;1;1730.0;1000.0;1730.0;890.0;798.0;788.0;1723.0;833.0;-1
Bowling;924;Teco;1;1730.0;1000.0;1730.0;890.0;798.0;788.0;1723.0;833.0;-1
Bowling;925;Teco;1;1730.0;1000.0;1730.0;890.0;798.0;788.0;1723.0;833.0;-1
Bowling;926;Teco;1;1730.0;1000.0;1730.0;890.0;798.0;788.0;1723.0;833.0;-1
Bowling;927;Teco;1;1730.0;1000.0;1730.0;890.0;798.0;788.0;1723.0;833.0;-1
Bowling;928;Teco;1;1730.0;1000.0;1730.0;890.0;798.0;788.0;1723.0;833.0;-1
Bowling;929;Teco;2;1730.0;1000.0;1730.0;890.0;798.0;788.0;1731.0;837.0;-1
Bowling;930;Teco;2;1730.0;1000.0;1730.0;890.0;798.0;788.0;1731.0;837.0;-1
Bowling;931;Teco;2;1730.0;1000.0;1730.0;890.0;798.0;788.0;1731.0;837.0;-1
Bowling;932;Teco;2;1730.0;1000.0;1730.0;890.0;798.0;788.0;1731.0;837.0;-1
Bowling;933;Teco;2;1730.0;1000.0;1730.0;890.0;798.0;788.0;1731.0;837.0;-1
Bowling;934;Teco;2;1730.0;1000.0;1730.0;890.0;798.0;788.0;1731.0;837.0;-1
Bowling;935;Teco;2;1730.0;1000.0;1730.0;890.0;798.0;788.0;1731.0;837.0;-1
Bowling;936;Teco;2;1730.0;1000.0;1730.0;890.0;798.0;788.0;1731.0;837.0;-1
Bowling;937;Teco;2;1730.0;1000.0;1730.0;890.0;798.0;788.0;1731.0;837.0;-1
Bowling;938;Teco;2;1730.0;1000.0;1730.0;890.0;798.0;788.0;1731.0;837.0;-1
Bowling;939;Teco;2;1730.0;1000.0;1730.0;890.0;798.0;788.0;1731.0;837.0;-1
Bowling;940;Teco;2;1730.0;1000.0;1730.0;890.0;798.0;788.0;1731.0;837.0;-1
Bowling;941;Teco;2;1730.0;1000.0;1730.0;890.0;798.0;788.0;1731.0;837.0;-1
Bowling;942;Teco;2;1730.0;1000.0;1730.0;890.0;798.0;788.0;1731.0;837.0;-1
Bowling;943;Teco;2;1730.0;1000.0;1730.0;890.0;798.0;788.0;1731.0;837.0;-1
Bowling;944;Teco;2;1730.0;1000.0;1730.0;890.0;798.0;788.0;1731.0;837.0;-1
Bowling;945;Teco;2;1730.0;1000.0;1730.0;890.0;798.0;788.0;1731.0;837.0;-1
Bowling;946;Teco;2;1730.0;1000.0;1730.0;890.0;798.0;788.0;1731.0;837.0;-1
Bowling;947;Teco;2;1730.0;1000.0;1730.0;890.0;798.0;788.0;1731.0;837.0;-1
Bowling;948;Teco;2;1730.0;1000.0;1730.0;890.0;798.0;788.0;1731.0;837.0;-1
Bowling;949;Teco;1;1730.0;1000.0;1730.0;890.0;798.0;788.0;1723.0;833.0;-1
Bowling;950;Teco;1;1730.0;1000.0;1730.0;890.0;798.0;788.0;1723.0;833.0;-1
Bowling;951;Teco;1;1730.0;1000.0;1730.0;890.0;798.0;788.0;1723.0;833.0;-1
Bowling;952;Teco;1;1730.0;1000.0;1730.0;890.0;798.0;788.0;1723.0;833.0;-1
Bowling;953;Teco;1;1730.0;1000.0;1730.0;890.0;798.0;788.0;1723.0;833.0;-1
Tonto;955;Teco;1;1730.0;1000.0;1730.0;890.0;798.0;788.0;1723.0;833.0;-1
Tonto;956;Teco;1;1730.0;1000.0;1730.0;890.0;798.0;788.0;1723.0;833.0;-1
Tonto;957;Teco;1;1730.0;1000.0;1730.0;890.0;798.0;788.0;1723.0;833.0;-1
Tonto;958;Teco;1;1730.0;1000.0;1730.0;890.0;798.0;788.0;1723.0;833.0;-1
Tonto;959;Teco;1;1730.0;1000.0;1730.0;890.0;798.0;788.0;1723.0;833.0;-1
Tonto;960;Teco;1;1730.0;1000.0;1730.0;890.0;798.0;788.0;1723.0;833.0;-1
Tonto;961;Teco;1;1730.0;1000.0;1730.0;890.0;798.0;788.0;1723.0;833.0;-1
Tonto;962;Teco;1;1730.0;1000.0;1730.0;890.0;798.0;788.0;1723.0;833.0;-1
Tonto;963;Teco;1;1730.0;1000.0;1730.0;890.0;798.0;788.0;1723.0;833.0;-1
Tonto;964;Teco;1;1730.0;1000.0;1730.0;890.0;798.0;788.0;1723.0;833.0;-1
Tonto;965;Teco;1;1730.0;1000.0;1730.0;890.0;798.0;788.0;1723.0;833.0;-1
Tonto;966;Teco;1;1730.0;1000.0;1730.0;890.0;798.0;788.0;1723.0;833.0;-1
Tonto;967;Teco;1;1730.0;1000.0;1730.0;890.0;798.0;788.0;1723.0;833.0;-1
Tonto;968;Teco;1;1730.0;1000.0;1730.0;890.0;798.0;788.0;1723.0;833.0;-1
Tonto;969;Teco;2;1730.0;1000.0;1730.0;890.0;798.0;788.0;1731.0;837.0;-1
Tonto;970;Teco;2;1730.0;1000.0;1730.0;890.0;798.0;788.0;1731.0;837.0;-1
Tonto;971;Teco;2;1730.0;1000.0;1730.0;890.0;798.0;788.0;1731.0;837.0;-1
Tonto;972;Teco;2;1730.0;1000.0;1730.0;890.0;798.0;788.0;1731.0;837.0;-1
Tonto;973;Teco;2;1730.0;1000.0;1730.0;890.0;798.0;788.0;1731.0;837.0;-1
Tonto;974;Teco;2;1730.0;1000.0;1730.0;890.0;798.0;788.0;1731.0;837.0;-1
Tonto;975;Teco;2;1730.0;1000.0;1730.0;890.0;798.0;788.0;1731.0;837.0;-1
Tonto;976;Teco;2;1730.0;1000.0;1730.0;890.0;798.0;788.0;1731.0;837.0;-1
Tonto;977;Teco;2;1730.0;1000.0;1730.0;890.0;798.0;788.0;1731.0;837.0;-1
Tonto;978;Teco;2;1730.0;1000.0;1730.0;890.0;798.0;788.0;1731.0;837.0;-1
Tonto;979;Teco;2;1730.0;1000.0;1730.0;890.0;798.0;788.0;1731.0;837.0;-1
Tonto;980;Teco;2;1730.0;1000.0;1730.0;890.0;798.0;788.0;1731.0;837.0;-1
Tonto;981;Teco;2;1730.0;1000.0;1730.0;890.0;798.0;788.0;1731.0;837.0;-1
Tonto;982;Teco;2;1730.0;1000.0;1730.0;890.0;798.0;788.0;1731.0;837.0;-1
Tonto;983;Teco;2;1730.0;1000.0;1730.0;890.0;798.0;788.0;1731.0;837.0;-1
Tonto;984;Teco;2;1730.0;1000.0;1730.0;890.0;798.0;788.0;1731.0;837.0;-1
Tonto;985;Teco;2;1730.0;1000.0;1730.0;890.0;798.0;788.0;1731.0;837.0;-1
Tonto;986;Teco;2;1730.0;1000.0;1730.0;890.0;798.0;788.0;1731.0;837.0;-1
Tonto;987;Teco;2;1730.0;1000.0;1730.0;890.0;798.0;788.0;1731.0;837.0;-1
Tonto;988;Teco;2;1730.0;1000.0;1730.0;890.0;798.0;788.0;1731.0;837.0;-1
Tonto;989;Teco;1;1730.0;1000.0;1730.0;890.0;798.0;788.0;1723.0;833.0;-1
Tonto;990;Teco;1;1730.0;1000.0;1730.0;890.0;798.0;788.0;1723.0;833.0;-1
Tonto;991;Teco;1;1730.0;1000.0;1730.0;890.0;798.0;788.0;1723.0;833.0;-1
Tonto;992;Teco;1;1730.0;1000.0;1730.0;890.0;798.0;788.0;1723.0;833.0;-1
Tonto;993;Teco;1;1730.0;1000.0;1730.0;890.0;798.0;788.0;1723.0;833.0;-1
Tonto;994;Teco;1;1730.0;1000.0;1730.0;890.0;798.0;788.0;1723.0;833.0;-1
Tonto;995;Teco;1;1730.0;1000.0;1730.0;890.0;798.0;788.0;1723.0;833.0;-1
Tonto;996;Teco;1;1730.0;1000.0;1730.0;890.0;798.0;788.0;1723.0;833.0;-1
Tonto;997;Teco;1;1730.0;1000.0;1730.0;890.0;798.0;788.0;1723.0;833.0;-1
Tonto;998;Teco;1;1730.0;1000.0;1730.0;890.0;798.0;788.0;1723.0;833.0;-1
Tonto;999;Teco;1;1730.0;1000.0;1730.0;890.0;798.0;788.0;1723.0;833.0;-1
Tonto;1000;Teco;1;1730.0;1000.0;1730.0;890.0;798.0;788.0;1723.0;833.0;-1
Tonto;1001;Teco;1;1730.0;1000.0;1730.0;890.0;798.0;788.0;1723.0;833.0;-1
Tonto;1002;Teco;1;1730.0;1000.0;1730.0;890.0;798.0;788.0;1723.0;833.0;-1
Tonto;1003;Teco;1;1730.0;1000.0;1730.0;890.0;798.0;788.0;1723.0;833.0;-1
Tonto;1004;Teco;1;1730.0;1000.0;1730.0;890.0;798.0;788.0;1723.0;833.0;-1
Tonto;1005;Teco;1;1730.0;1000.0;1730.0;890.0;798.0;788.0;1723.0;833.0;-1
Tonto;1006;Teco;1;1730.0;1000.0;1730.0;890.0;798.0;788.0;1723.0;833.0;-1
Tonto;1007;Teco;1;1730.0;1000.0;1730.0;890.0;798.0;788.0;1723.0;833.0;-1
Tonto;1008;Teco;1;1730.0;1000.0;1730.0;890.0;798.0;788.0;1723.0;833.0;-1
Tonto;1009;Teco;2;1730.0;1000.0;1730.0;890.0;798.0;788.0;1731.0;837.0;-1
Tonto;1010;Teco;2;1730.0;1000.0;1730.0;890.0;798.0;788.0;1731.0;837.0;-1
Tonto;1011;Teco;2;1730.0;1000.0;1730.0;890.0;798.0;788.0;1731.0;837.0;-1
Tonto;1012;Teco;2;1730.0;1000.0;1730.0;890.0;798.0;788.0;1731.0;837.0;-1
Tonto;1013;Teco;2;1730.0;1000.0;1730.0;890.0;798.0;788.0;1731.0;837.0;-1
Tonto;1014;Teco;2;1730.0;1000.0;1730.0;890.0;798.0;788.0;1731.0;837.0;-1
Tonto;1015;Teco;2;1730.0;1000.0;1730.0;890.0;798.0;788.0;1731.0;837.0;-1
Tonto;1016;Teco;2;1730.0;1000.0;1730.0;890.0;798.0;788.0;1731.0;837.0;-1
Tonto;1017;Teco;2;1730.0;1000.0;1730.0;890.0;798.0;788.0;1731.0;837.0;-1
Tonto;1018;Teco;2;1730.0;1000.0;1730.0;890.0;798.0;788.0;1731.0;837.0;-1
Tonto;1019;Teco;2;1730.0;1000.0;1730.0;890.0;798.0;788.0;1731.0;837.0;-1
Tonto;1020;Teco;2;1730.0;1000.0;1730.0;890.0;798.0;788.0;1731.0;837.0;-1
Tonto;1021;Teco;2;1730.0;1000.0;1730.0;890.0;798.0;788.0;1731.0;837.0;-1
Tonto;1022;Teco;2;1730.0;1000.0;1730.0;890.0;798.0;788.0;1731.0;837.0;-1
Tonto;1023;Teco;2;1730.0;1000.0;1730.0;890.0;798.0;788.0;1731.0;837.0;-1
Tonto;1024;Teco;2;1730.0;1000.0;1730.0;890.0;798.0;788.0;1731.0;837.0;-1
Tonto;1025;Teco;2;1730.0;1000.0;1730.0;890.0;798.0;788.0;1731.0;837.0;-1
Tonto;1026;Teco;2;1730.0;1000.0;1730.0;890.0;798.0;788.0;1731.0;837.0;-1
Tonto;1027;Teco;2;1730.0;1000.0;1730.0;890.0;798.0;788.0;1731.0;837.0;-1
Tonto;1028;Teco;2;1730.0;1000.0;1730.0;890.0;798.0;788.0;1731.0;837.0;-1
Tonto;1029;Teco;1;1730.0;1000.0;1730.0;890.0;798.0;788.0;1723.0;833.0;-1
Tonto;1030;Teco;1;1730.0;1000.0;1730.0;890.0;798.0;788.0;1723.0;833.0;-1
Tonto;1031;Teco;1;1730.0;1000.0;1730.0;890.0;798.0;788.0;1723.0;833.0;-1
Tonto;1032;Teco;1;1730.0;1000.0;1730.0;890.0;798.0;788.0;1723.0;833.0;-1
Tonto;1033;Teco;1;1730.0;1000.0;1730.0;890.0;798.0;788.0;1723.0;833.0;-1
Tonto;1034;Teco;1;1730.0;1000.0;1730.0;890.0;798.0;788.0;1723.0;833.0;-1
Tonto;1035;Teco;1;1730.0;1000.0;1730.0;890.0;798.0;788.0;1723.0;833.0;-1
Tonto;1036;Teco;1;1730.0;1000.0;1730.0;890.0;798.0;788.0;1723.0;833.0;-1
Tonto;1037;Teco;1;1730.0;1000.0;1730.0;890.0;798.0;788.0;1723.0;833.0;-1
Tonto;1038;Teco;1;1730.0;1000.0;1730.0;890.0;798.0;788.0;1723.0;833.0;-1
Tonto;1039;Teco;1;1730.0;1000.0;1730.0;890.0;798.0;788.0;1723.0;833.0;-1
Tonto;1040;Teco;1;1730.0;1000.0;1730.0;890.0;798.0;788.0;1723.0;833.0;-1
Tonto;1041;Teco;1;1730.0;1000.0;1730.0;890.0;798.0;788.0;1723.0;833.0;-1
Tonto;1042;Teco;1;1730.0;1000.0;1730.0;890.0;798.0;788.0;1723.0;833.0;-1
Tonto;1043;Teco;1;1730.0;1000.0;1730.0;890.0;798.0;788.0;1723.0;833.0;-1
Tonto;1044;Teco;1;1730.0;1000.0;1730.0;890.0;798.0;788.0;1723.0;833.0;-1
Tonto;1045;Teco;1;1730.0;1000.0;1730.0;890.0;798.0;788.0;1723.0;833.0;-1
Tonto;1046;Teco;1;1730.0;1000.0;1730.0;890.0;798.0;788.0;1723.0;833.0;-1
Tonto;1047;Teco;1;1730.0;1000.0;1730.0;890.0;798.0;788.0;1723.0;833.0;-1
Tonto;1048;Teco;1;1730.0;1000.0;1730.0;890.0;798.0;788.0;1723.0;833.0;-1
Tonto;1049;Teco;2;1730.0;1000.0;1730.0;890.0;798.0;788.0;1731.0;837.0;-1
Tonto;1050;Teco;2;1730.0;1000.0;1730.0;890.0;798.0;788.0;1731.0;837.0;-1
Tonto;1051;Teco;2;1730.0;1000.0;1730.0;890.0;798.0;788.0;1731.0;837.0;-1
Tonto;1052;Teco;2;1730.0;1000.0;1730.0;890.0;798.0;788.0;1731.0;837.0;-1
Tonto;1053;Teco;2;1730.0;1000.0;1730.0;890.0;798.0;788.0;1731.0;837.0;-1
Tonto;1054;Teco;2;1730.0;1000.0;1730.0;890.0;798.0;788.0;1731.0;837.0;-1
Tonto;1055;Teco;2;1730.0;1000.0;1730.0;890.0;798.0;788.0;1731.0;837.0;-1
Tonto;1056;Teco;2;1730.0;1000.0;1730.0;890.0;798.0;788.0;1731.0;837.0;-1
Tonto;1057;Teco;2;1730.0;1000.0;1730.0;890.0;798.0;788.0;1731.0;837.0;-1
Tonto;1058;Teco;2;1730.0;1000.0;1730.0;890.0;798.0;788.0;1731.0;837.0;-1
Tonto;1059;Teco;2;1730.0;1000.0;1730.0;890.0;798.0;788.0;1731.0;837.0;-1
Tonto;1060;Teco;2;1730.0;1000.0;1730.0;890.0;798.0;788.0;1731.0;837.0;-1
Tonto;1061;Teco;2;1730.0;1000.0;1730.0;890.0;798.0;788.0;1731.0;837.0;-1
Tonto;1062;Teco;2;1730.0;1000.0;1730.0;890.0;798.0;788.0;1731.0;837.0;-1
Tonto;1063;Teco;2;1730.0;1000.0;1730.0;890.0;798.0;788.0;1731.0;837.0;-1
Tonto;1064;Teco;2;1730.0;1000.0;1730.0;890.0;798.0;788.0;1731.0;837.0;-1
Tonto;1065;Teco;2;1730.0;1000.0;1730.0;890.0;798.0;788.0;1731.0;837.0;-1
Tonto;1066;Teco;2;1730.0;1000.0;1730.0;890.0;798.0;788.0;1731.0;837.0;-1
Tonto;1067;Teco;2;1730.0;1000.0;1730.0;890.0;798.0;788.0;1731.0;837.0;-1
Tonto;1068;Teco;2;1730.0;1000.0;1730.0;890.0;798.0;788.0;1731.0;837.0;-1
Tonto;1069;Teco;1;1730.0;1000.0;1730.0;890.0;798.0;788.0;1723.0;833.0;-1
Tonto;1070;Teco;1;1730.0;1000.0;1730.0;890.0;798.0;788.0;1723.0;833.0;-1
Tonto;1071;Teco;1;1730.0;1000.0;1730.0;890.0;798.0;788.0;1723.0;833.0;-1
Tonto;1072;Teco;1;1730.0;1000.0;1730.0;890.0;798.0;788.0;1723.0;833.0;-1
Tonto;1073;Teco;1;1730.0;1000.0;1730.0;890.0;798.0;788.0;1723.0;833.0;-1
Tonto;1074;Teco;1;1730.0;1000.0;1730.0;890.0;798.0;788.0;1723.0;833.0;-1
Tonto;1075;Teco;1;1730.0;1000.0;1730.0;890.0;798.0;788.0;1723.0;833.0;-1
Tonto;1076;Teco;1;1730.0;1000.0;1730.0;890.0;798.0;788.0;1723.0;833.0;-1
Tonto;1077;Teco;1;1730.0;1000.0;1730.0;890.0;798.0;788.0;1723.0;833.0;-1
Tonto;1078;Teco;1;1730.0;1000.0;1730.0;890.0;798.0;788.0;1723.0;833.0;-1
Tonto;1079;Teco;1;1730.0;1000.0;1730.0;890.0;798.0;788.0;1723.0;833.0;-1
Tonto;1080;Teco;1;1730.0;1000.0;1730.0;890.0;798.0;788.0;1723.0;833.0;-1
Tonto;1081;Teco;1;1730.0;1000.0;1730.0;890.0;798.0;788.0;1723.0;833.0;-1
Tonto;1082;Teco;1;1730.0;1000.0;1730.0;890.0;798.0;788.0;1723.0;833.0;-1
Tonto;1083;Teco;1;1730.0;1000.0;1730.0;890.0;798.0;788.0;1723.0;833.0;-1
Tonto;1084;Teco;1;1730.0;1000.0;1730.0;890.0;798.0;788.0;1723.0;833.0;-1
Tonto;1085;Teco;1;1730.0;1000.0;1730.0;890.0;798.0;788.0;1723.0;833.0;-1
Tonto;1086;Teco;1;1730.0;1000.0;1730.0;890.0;798.0;788.0;1723.0;833.0;-1
Tonto;1087;Teco;1;1730.0;1000.0;1730.0;890.0;798.0;788.0;1723.0;833.0;-1
Tonto;1088;Teco;1;1730.0;1000.0;1730.0;890.0;798.0;788.0;1723.0;833.0;-1
Tonto;1089;Teco;2;1730.0;1000.0;1730.0;890.0;798.0;788.0;1731.0;837.0;-1
Tonto;1090;Teco;2;1730.0;1000.0;1730.0;890.0;798.0;788.0;1731.0;837.0;-1
Tonto;1091;Teco;2;1730.0;1000.0;1730.0;890.0;798.0;788.0;1731.0;837.0;-1
Tonto;1092;Teco;2;1730.0;1000.0;1730.0;890.0;798.0;788.0;1731.0;837.0;-1
Tonto;1093;Teco;2;1730.0;1000.0;1730.0;890.0;798.0;788.0;1731.0;837.0;-1
Tonto;1094;Teco;2;1730.0;1000.0;1730.0;890.0;798.0;788.0;1731.0;837.0;-1
Tonto;1095;Teco;2;1730.0;1000.0;1730.0;890.0;798.0;788.0;1731.0;837.0;-1
Tonto;1096;Teco;2;1730.0;1000.0;1730.0;890.0;798.0;788.0;1731.0;837.0;-1
Tonto;1097;Teco;2;1730.0;1000.0;1730.0;890.0;798.0;788.0;1731.0;837.0;-1
Tonto;1098;Teco;2;1730.0;1000.0;1730.0;890.0;798.0;788.0;1731.0;837.0;-1
Tonto;1099;Teco;2;1730.0;1000.0;1730.0;890.0;798.0;788.0;1731.0;837.0;-1
Tonto;1100;Teco;2;1730.0;1000.0;1730.0;890.0;798.0;788.0;1731.0;837.0;-1
Tonto;1101;Teco;2;1730.0;1000.0;1730.0;890.0;798.0;788.0;1731.0;837.0;-1
Tonto;1102;Teco;2;1730.0;1000.0;1730.0;890.0;798.0;788.0;1731.0;837.0;-1
Tonto;1103;Teco;2;1730.0;1000.0;1730.0;890.0;798.0;788.0;1731.0;837.0;-1
Tonto;1104;Teco;2;1730.0;1000.0;1730.0;890.0;798.0;788.0;1731.0;837.0;-1
Tonto;1105;Teco;2;1730.0;1000.0;1730.0;890.0;798.0;788.0;1731.0;837.0;-1
Tonto;1106;Teco;2;1730.0;1000.0;1730.0;890.0;798.0;788.0;1731.0;837.0;-1
Tonto;1107;Teco;2;1730.0;1000.0;1730.0;890.0;798.0;788.0;1731.0;837.0;-1
Tonto;1108;Teco;2;1730.0;1000.0;1730.0;890.0;798.0;788.0;1731.0;837.0;-1
Tonto;1109;Teco;1;1730.0;1000.0;1730.0;890.0;798.0;788.0;1723.0;833.0;-1
Tonto;1110;Teco;1;1730.0;1000.0;1730.0;890.0;798.0;788.0;1723.0;833.0;-1
Tonto;1111;Teco;1;1730.0;1000.0;1730.0;890.0;798.0;788.0;1723.0;833.0;-1
Tonto;1112;Teco;1;1730.0;1000.0;1730.0;890.0;798.0;788.0;1723.0;833.0;-1
Tonto;1113;Teco;1;1730.0;1000.0;1730.0;890.0;798.0;788.0;1723.0;833.0;-1
Tonto;1114;Teco;1;1730.0;1000.0;1730.0;890.0;798.0;788.0;1723.0;833.0;-1
Tonto;1115;Teco;1;1730.0;1000.0;1730.0;890.0;798.0;788.0;1723.0;833.0;-1
Tonto;1116;Teco;1;1730.0;1000.0;1730.0;890.0;798.0;788.0;1723.0;833.0;-1
Tonto;1117;Teco;1;1730.0;1000.0;1730.0;890.0;798.0;788.0;1723.0;833.0;-1
Tonto;1118;Teco;1;1730.0;1000.0;1730.0;890.0;798.0;788.0;1723.0;833.0;-1
Tonto;1119;Teco;1;1730.0;1000.0;1730.0;890.0;798.0;788.0;1723.0;833.0;-1
Tonto;1120;Teco;1;1730.0;1000.0;1730.0;890.0;798.0;788.0;1723.0;833.0;-1
Tonto;1121;Teco;1;1730.0;1000.0;1730.0;890.0;798.0;788.0;1723.0;833.0;-1
Tonto;1122;Teco;1;1730.0;1000.0;1730.0;890.0;798.0;788.0;1723.0;833.0;-1
Tonto;1123;Teco;1;1730.0;1000.0;1730.0;890.0;798.0;788.0;1723.0;833.0;-1
Tonto;1124;Teco;1;1730.0;1000.0;1730.0;890.0;798.0;788.0;1723.0;833.0;-1
Tonto;1125;Teco;1;1730.0;1000.0;1730.0;890.0;798.0;788.0;1723.0;833.0;-1
Tonto;1126;Teco;1;1730.0;1000.0;1730.0;890.0;798.0;788.0;1723.0;833.0;-1
Tonto;1127;Teco;1;1730.0;1000.0;1730.0;890.0;798.0;788.0;1723.0;833.0;-1
Tonto;1128;Teco;1;1730.0;1000.0;1730.0;890.0;798.0;788.0;1723.0;833.0;-1
Tonto;1129;Teco;2;1730.0;1000.0;1730.0;890.0;798.0;788.0;1731.0;837.0;-1
Tonto;1130;Teco;2;1730.0;1000.0;1730.0;890.0;798.0;788.0;1731.0;837.0;-1
Tonto;1131;Teco;2;1730.0;1000.0;1730.0;890.0;798.0;788.0;1731.0;837.0;-1
Tonto;1132;Teco;2;1730.0;1000.0;1730.0;890.0;798.0;788.0;1731.0;837.0;-1
Tonto;1133;Teco;2;1730.0;1000.0;1730.0;890.0;798.0;788.0;1731.0;837.0;-1
Tonto;1134;Teco;2;1730.0;1000.0;1730.0;890.0;798.0;788.0;1731.0;837.0;-1
Tonto;1135;Teco;2;1730.0;1000.0;1730.0;890.0;798.0;788.0;1731.0;837.0;-1
Tonto;1136;Teco;2;1730.0;1000.0;1730.0;890.0;798.0;788.0;1731.0;837.0;-1
Tonto;1137;Teco;2;1730.0;1000.0;1730.0;890.0;798.0;788.0;1731.0;837.0;-1
Tonto;1138;Teco;2;1730.0;1000.0;1730.0;890.0;798.0;788.0;1731.0;837.0;-1
Tonto;1139;Teco;2;1730.0;1000.0;1730.0;890.0;798.0;788.0;1731.0;837.0;-1
Tonto;1140;Teco;2;1730.0;1000.0;1730.0;890.0;798.0;788.0;1731.0;837.0;-1
Tonto;1141;Teco;2;1730.0;1000.0;1730.0;890.0;798.0;788.0;1731.0;837.0;-1
Tonto;1142;Teco;2;1730.0;1000.0;1730.0;890.0;798.0;788.0;1731.0;837.0;-1
Tonto;1143;Teco;2;1730.0;1000.0;1730.0;890.0;798.0;788.0;1731.0;837.0;-1
Tonto;1144;Teco;2;1730.0;1000.0;1730.0;890.0;798.0;788.0;1731.0;837.0;-1
Tonto;1145;Teco;2;1730.0;1000.0;1730.0;890.0;798.0;788.0;1731.0;837.0;-1
Tonto;1146;Teco;2;1730.0;1000.0;1730.0;890.0;798.0;788.0;1731.0;837.0;-1
Tonto;1147;Teco;2;1730.0;1000.0;1730.0;890.0;798.0;788.0;1731.0;837.0;-1
Tonto;1148;Teco;2;1730.0;1000.0;1730.0;890.0;798.0;788.0;1731.0;837.0;-1
Tonto;1149;Teco;1;1730.0;1000.0;1730.0;890.0;798.0;788.0;1723.0;833.0;-1
Tonto;1150;Teco;1;1730.0;1000.0;1730.0;890.0;798.0;788.0;1723.0;833.0;-1
Tonto;1151;Teco;1;1730.0;1000.0;1730.0;890.0;798.0;788.0;1723.0;833.0;-1
Tonto;1152;Teco;1;1730.0;1000.0;1730.0;890.0;798.0;788.0;1723.0;833.0;-1
Tonto;1153;Teco;1;1730.0;1000.0;1730.0;890.0;798.0;788.0;1723.0;833.0;-1
Tonto;1154;Teco;1;1730.0;1000.0;1730.0;890.0;798.0;788.0;1723.0;833.0;-1
Tonto;1155;Teco;1;1730.0;1000.0;1730.0;890.0;798.0;788.0;1723.0;833.0;-1
Tonto;1156;Teco;1;1730.0;1000.0;1730.0;890.0;798.0;788.0;1723.0;833.0;-1
Tonto;1157;Teco;1;1730.0;1000.0;1730.0;890.0;798.0;788.0;1723.0;833.0;-1
Tonto;1158;Teco;1;1730.0;1000.0;1730.0;890.0;798.0;788.0;1723.0;833.0;-1
Tonto;1159;Teco;1;1730.0;1000.0;1730.0;890.0;798.0;788.0;1723.0;833.0;-1
Tonto;1160;Teco;1;1730.0;1000.0;1730.0;890.0;798.0;788.0;1723.0;833.0;-1
Tonto;1161;Teco;1;1730.0;1000.0;1730.0;890.0;798.0;788.0;1723.0;833.0;-1
Tonto;1162;Teco;1;1730.0;1000.0;1730.0;890.0;798.0;788.0;1723.0;833.0;-1
Tonto;1163;Teco;1;1730.0;1000.0;1730.0;890.0;798.0;788.0;1723.0;833.0;-1
Tonto;1164;Teco;1;1730.0;1000.0;1730.0;890.0;798.0;788.0;1723.0;833.0;-1
Tonto;1165;Teco;1;1730.0;1000.0;1730.0;890.0;798.0;788.0;1723.0;833.0;-1
Tonto;1166;Teco;1;1730.0;1000.0;1730.0;890.0;798.0;788.0;1723.0;833.0;-1
Tonto;1167;Teco;1;1730.0;1000.0;1730.0;890.0;798.0;788.0;1723.0;833.0;-1
Tonto;1168;Teco;1;1730.0;1000.0;1730.0;890.0;798.0;788.0;1723.0;833.0;-1
Tonto;1169;Teco;2;1730.0;1000.0;1730.0;890.0;798.0;788.0;1731.0;837.0;-1
Tonto;1170;Teco;2;1730.0;1000.0;1730.0;890.0;798.0;788.0;1731.0;837.0;-1
Tonto;1171;Teco;2;1730.0;1000.0;1730.0;890.0;798.0;788.0;1731.0;837.0;-1
Tonto;1172;Teco;2;1730.0;1000.0;1730.0;890.0;798.0;788.0;1731.0;837.0;-1
Tonto;1173;Teco;2;1730.0;1000.0;1730.0;890.0;798.0;788.0;1731.0;837.0;-1
Tonto;1174;Teco;2;1730.0;1000.0;1730.0;890.0;798.0;788.0;1731.0;837.0;-1
Tonto;1175;Teco;2;1730.0;1000.0;1730.0;890.0;798.0;788.0;1731.0;837.0;-1
Tonto;1176;Teco;2;1730.0;1000.0;1730.0;890.0;798.0;788.0;1731.0;837.0;-1
Tonto;1177;Teco;2;1730.0;1000.0;1730.0;890.0;798.0;788.0;1731.0;837.0;-1
Tonto;1178;Teco;2;1730.0;1000.0;1730.0;890.0;798.0;788.0;1731.0;837.0;-1
Tonto;1179;Teco;2;1730.0;1000.0;1730.0;890.0;798.0;788.0;1731.0;837.0;-1
Tonto;1180;Teco;2;1730.0;1000.0;1730.0;890.0;798.0;788.0;1731.0;837.0;-1
Tonto;1181;Teco;2;1730.0;1000.0;1730.0;890.0;798.0;788.0;1731.0;837.0;-1
Tonto;1182;Teco;2;1730.0;1000.0;1730.0;890.0;798.0;788.0;1731.0;837.0;-1
Tonto;1183;Teco;2;1730.0;1000.0;1730.0;890.0;798.0;788.0;1731.0;837.0;-1
Tonto;1184;Teco;2;1730.0;1000.0;1730.0;890.0;798.0;788.0;1731.0;837.0;-1
Tonto;1185;Teco;2;1730.0;1000.0;1730.0;890.0;798.0;788.0;1731.0;837.0;-1
Tonto;1186;Teco;2;1730.0;1000.0;1730.0;890.0;798.0;788.0;1731.0;837.0;-1
Tonto;1187;Teco;2;1730.0;1000.0;1730.0;890.0;798.0;788.0;1731.0;837.0;-1
Tonto;1188;Teco;2;1730.0;1000.0;1730.0;890.0;798.0;788.0;1731.0;837.0;-1
Tonto;1189;Teco;1;1730.0;1000.0;1730.0;890.0;798.0;788.0;1723.0;833.0;-1
Tonto;1190;Teco;1;1730.0;1000.0;1730.0;890.0;798.0;788.0;1723.0;833.0;-1
Tonto;1191;Teco;1;1730.0;1000.0;1730.0;890.0;798.0;788.0;1723.0;833.0;-1
Tonto;1192;Teco;1;1730.0;1000.0;1730.0;890.0;798.0;788.0;1723.0;833.0;-1
Tonto;1193;Teco;1;1730.0;1000.0;1730.0;890.0;798.0;788.0;1723.0;833.0;-1
Tonto;1194;Teco;1;1730.0;1000.0;1730.0;890.0;798.0;788.0;1723.0;833.0;-1
Tonto;1195;Teco;1;1730.0;1000.0;1730.0;890.0;798.0;788.0;1723.0;833.0;-1
Tonto;1196;Teco;1;1730.0;1000.0;1730.0;890.0;798.0;788.0;1723.0;833.0;-1
Tonto;1197;Teco;1;1730.0;1000.0;1730.0;890.0;798.0;788.0;1723.0;833.0;-1
Tonto;1198;Teco;1;1730.0;1000.0;1730.0;890.0;798.0;788.0;1723.0;833.0;-1
Tonto;1199;Teco;1;1730.0;1000.0;1730.0;890.0;798.0;788.0;1723.0;833.0;-1
Tonto;1200;Teco;1;1730.0;1000.0;1730.0;890.0;798.0;788.0;1723.0;833.0;-1
Tonto;1201;Teco;1;1730.0;1000.0;1730.0;890.0;798.0;788.0;1723.0;833.0;-1
Tonto;1202;Teco;1;1730.0;1000.0;1730.0;890.0;798.0;788.0;1723.0;833.0;-1
Tonto;1203;Teco;1;1730.0;1000.0;1730.0;890.0;798.0;788.0;1723.0;833.0;-1
Tonto;1204;Teco;1;1730.0;1000.0;1730.0;890.0;798.0;788.0;1723.0;833.0;-1
Tonto;1205;Teco;1;1730.0;1000.0;1730.0;890.0;798.0;788.0;1723.0;833.0;-1
Tonto;1206;Teco;1;1730.0;1000.0;1730.0;890.0;798.0;788.0;1723.0;833.0;-1
Tonto;1207;Teco;1;1730.0;1000.0;1730.0;890.0;798.0;788.0;1723.0;833.0;-1
Tonto;1208;Teco;1;1730.0;1000.0;1730.0;890.0;798.0;788.0;1723.0;833.0;-1
Tonto;1209;Teco;2;1730.0;1000.0;1730.0;890.0;798.0;788.0;1731.0;837.0;-1
Tonto;1210;Teco;2;1730.0;1000.0;1730.0;890.0;798.0;788.0;1731.0;837.0;-1
Tonto;1211;Teco;2;1730.0;1000.0;1730.0;890.0;798.0;788.0;1731.0;837.0;-1
Tonto;1212;Teco;2;1730.0;1000.0;1730.0;890.0;798.0;788.0;1731.0;837.0;-1
Tonto;1213;Teco;2;1730.0;1000.0;1730.0;890.0;798.0;788.0;1731.0;837.0;-1
Tonto;1214;Teco;2;1730.0;1000.0;1730.0;890.0;798.0;788.0;1731.0;837.0;-1
Tonto;1215;Teco;2;1730.0;1000.0;1730.0;890.0;798.0;788.0;1731.0;837.0;-1
Tonto;1216;Teco;2;1730.0;1000.0;1730.0;890.0;798.0;788.0;1731.0;837.0;-1
Tonto;1217;Teco;2;1730.0;1000.0;1730.0;890.0;798.0;788.0;1731.0;837.0;-1
Tonto;1218;Teco;2;1730.0;1000.0;1730.0;890.0;798.0;788.0;1731.0;837.0;-1
Tonto;1219;Teco;2;1730.0;1000.0;1730.0;890.0;798.0;788.0;1731.0;837.0;-1
Tonto;1220;Teco;2;1730.0;1000.0;1730.0;890.0;798.0;788.0;1731.0;837.0;-1
Tonto;1221;Teco;2;1730.0;1000.0;1730.0;890.0;798.0;788.0;1731.0;837.0;-1
Tonto;1222;Teco;2;1730.0;1000.0;1730.0;890.0;798.0;788.0;1731.0;837.0;-1
Tonto;1223;Teco;2;1730.0;1000.0;1730.0;890.0;798.0;788.0;1731.0;837.0;-1
Tonto;1224;Teco;2;1730.0;1000.0;1730.0;890.0;798.0;788.0;1731.0;837.0;-1
Tonto;1225;Teco;2;1730.0;1000.0;1730.0;890.0;798.0;788.0;1731.0;837.0;-1
Tonto;1226;Teco;2;1730.0;1000.0;1730.0;890.0;798.0;788.0;1731.0;837.0;-1
Tonto;1227;Teco;2;1730.0;1000.0;1730.0;890.0;798.0;788.0;1731.0;837.0;-1
Tonto;1228;Teco;2;1730.0;1000.0;1730.0;890.0;798.0;788.0;1731.0;837.0;-1
Tonto;1229;Teco;1;1730.0;1000.0;1730.0;890.0;798.0;788.0;1723.0;833.0;-1
Tonto;1230;Teco;1;1730.0;1000.0;1730.0;890.0;798.0;788.0;1723.0;833.0;-1
Tonto;1231;Teco;1;1730.0;1000.0;1730.0;890.0;798.0;788.0;1723.0;833.0;-1
Tonto;1232;Teco;1;1730.0;1000.0;1730.0;890.0;798.0;788.0;1723.0;833.0;-1
Tonto;1233;Teco;1;1730.0;1000.0;1730.0;890.0;798.0;788.0;1723.0;833.0;-1
Tonto;1234;Teco;1;1730.0;1000.0;1730.0;890.0;798.0;788.0;1723.0;833.0;-1
Tonto;1235;Teco;1;1730.0;1000.0;1730.0;890.0;798.0;788.0;1723.0;833.0;-1
Tonto;1236;Teco;1;1730.0;1000.0;1730.0;890.0;798.0;788.0;1723.0;833.0;-1
Tonto;1237;Teco;1;1730.0;1000.0;1730.0;890.0;798.0;788.0;1723.0;833.0;-1
Tonto;1238;Teco;1;1730.0;1000.0;1730.0;890.0;798.0;788.0;1723.0;833.0;-1
Tonto;1239;Teco;1;1730.0;1000.0;1730.0;890.0;798.0;788.0;1723.0;833.0;-1
Tonto;1240;Teco;1;1730.0;1000.0;1730.0;890.0;798.0;788.0;1723.0;833.0;-1
Tonto;1241;Teco;1;1730.0;1000.0;1730.0;890.0;798.0;788.0;1723.0;833.0;-1
Tonto;1242;Teco;1;1730.0;1000.0;1730.0;890.0;798.0;788.0;1723.0;833.0;-1
Tonto;1243;Teco;1;1730.0;1000.0;1730.0;890.0;798.0;788.0;1723.0;833.0;-1
Tonto;1244;Teco;1;1730.0;1000.0;1730.0;890.0;798.0;788.0;1723.0;833.0;-1
Tonto;1245;Teco;1;1730.0;1000.0;1730.0;890.0;798.0;788.0;1723.0;833.0;-1
Tonto;1246;Teco;1;1730.0;1000.0;1730.0;890.0;798.0;788.0;1723.0;833.0;-1
Tonto;1247;Teco;1;1730.0;1000.0;1730.0;890.0;798.0;788.0;1723.0;833.0;-1
Tonto;1248;Teco;1;1730.0;1000.0;1730.0;890.0;798.0;788.0;1723.0;833.0;-1
Tonto;1249;Teco;2;1730.0;1000.0;1730.0;890.0;798.0;788.0;1731.0;837.0;-1
Tonto;1250;Teco;2;1730.0;1000.0;1730.0;890.0;798.0;788.0;1731.0;837.0;-1
Tonto;1251;Teco;2;1730.0;1000.0;1730.0;890.0;798.0;788.0;1731.0;837.0;-1
Tonto;1252;Teco;2;1730.0;1000.0;1730.0;890.0;798.0;788.0;1731.0;837.0;-1
Tonto;1253;Teco;2;1730.0;1000.0;1730.0;890.0;798.0;788.0;1731.0;837.0;-1
Tonto;1254;Teco;2;1730.0;1000.0;1730.0;890.0;798.0;788.0;1731.0;837.0;-1
IntroUnicycle;1255;Teco;8;1730.0;1000.0;1730.0;890.0;798.0;788.0;1705.0;840.0;-1
IntroUnicycle;1256;Teco;8;1730.0;1000.0;1730.0;890.0;798.0;788.0;1705.0;840.0;-1
IntroUnicycle;1257;Teco;8;1730.0;1000.0;1730.0;890.0;798.0;788.0;1705.0;840.0;-1
IntroUnicycle;1258;Teco;8;1730.0;1000.0;1730.0;890.0;798.0;788.0;1705.0;840.0;-1
IntroUnicycle;1259;Teco;8;1730.0;1000.0;1730.0;890.0;798.0;788.0;1705.0;840.0;-1
IntroUnicycle;1260;Teco;8;1730.0;1000.0;1730.0;890.0;798.0;788.0;1705.0;840.0;-1
IntroUnicycle;1261;Teco;8;1730.0;1000.0;1730.0;890.0;798.0;788.0;1705.0;840.0;-1
IntroUnicycle;1262;Teco;8;1730.0;1000.0;1730.0;890.0;798.0;788.0;1705.0;840.0;-1
IntroUnicycle;1263;Teco;8;1730.0;1000.0;1730.0;890.0;798.0;788.0;1705.0;840.0;-1
IntroUnicycle;1264;Teco;8;1730.0;1000.0;1730.0;890.0;798.0;788.0;1705.0;840.0;-1
IntroUnicycle;1265;Teco;8;1730.0;1000.0;1730.0;890.0;798.0;788.0;1705.0;840.0;-1
IntroUnicycle;1266;Teco;8;1730.0;1000.0;1730.0;890.0;798.0;788.0;1705.0;840.0;-1
IntroUnicycle;1267;Teco;8;1730.0;1000.0;1730.0;890.0;798.0;788.0;1705.0;840.0;-1
IntroUnicycle;1268;Teco;8;1730.0;1000.0;1730.0;890.0;798.0;788.0;1705.0;840.0;-1
IntroUnicycle;1269;Teco;8;1730.0;1000.0;1730.0;890.0;798.0;788.0;1705.0;840.0;-1
IntroUnicycle;1270;Teco;8;1730.0;1000.0;1730.0;890.0;798.0;788.0;1705.0;840.0;-1
IntroUnicycle;1271;Teco;8;1730.0;1000.0;1730.0;890.0;798.0;788.0;1705.0;840.0;-1
IntroUnicycle;1272;Teco;8;1730.0;1000.0;1730.0;890.0;798.0;788.0;1705.0;840.0;-1
IntroUnicycle;1273;Teco;8;1730.0;1000.0;1730.0;890.0;798.0;788.0;1705.0;840.0;-1
IntroUnicycle;1274;Teco;8;1730.0;1000.0;1730.0;890.0;798.0;788.0;1705.0;840.0;-1
IntroUnicycle;1275;Teco;8;1730.0;1000.0;1730.0;890.0;798.0;788.0;1705.0;840.0;-1
IntroUnicycle;1276;Teco;8;1730.0;1000.0;1730.0;890.0;798.0;788.0;1705.0;840.0;-1
IntroUnicycle;1277;Teco;8;1730.0;1000.0;1730.0;890.0;798.0;788.0;1705.0;840.0;-1
IntroUnicycle;1278;Teco;8;1730.0;1000.0;1730.0;890.0;798.0;788.0;1705.0;840.0;-1
IntroUnicycle;1279;Teco;8;1730.0;1000.0;1730.0;890.0;798.0;788.0;1705.0;840.0;-1
IntroUnicycle;1280;Teco;8;1730.0;1000.0;1730.0;890.0;798.0;788.0;1705.0;840.0;-1
IntroUnicycle;1281;Teco;8;1730.0;1000.0;1730.0;890.0;798.0;788.0;1705.0;840.0;-1
IntroUnicycle;1282;Teco;8;1730.0;1000.0;1730.0;890.0;798.0;788.0;1705.0;840.0;-1
IntroUnicycle;1283;Teco;8;1730.0;1000.0;1730.0;890.0;798.0;788.0;1705.0;840.0;-1
IntroUnicycle;1284;Teco;8;1730.0;1000.0;1730.0;890.0;798.0;788.0;1705.0;840.0;-1
IntroUnicycle;1285;Teco;8;1730.0;1000.0;1730.0;890.0;798.0;788.0;1705.0;840.0;-1
IntroUnicycle;1286;Teco;8;1730.0;1000.0;1730.0;890.0;798.0;788.0;1705.0;840.0;-1
IntroUnicycle;1287;Teco;8;1730.0;1000.0;1730.0;890.0;798.0;788.0;1705.0;840.0;-1
IntroUnicycle;1288;Teco;8;1730.0;1000.0;1730.0;890.0;798.0;788.0;1705.0;840.0;-1
IntroUnicycle;1289;Teco;8;1730.0;1000.0;1730.0;890.0;798.0;788.0;1705.0;840.0;-1
IntroUnicycle;1290;Teco;8;1730.0;1000.0;1730.0;890.0;798.0;788.0;1705.0;840.0;-1
IntroUnicycle;1291;Teco;8;1730.0;1000.0;1730.0;890.0;798.0;788.0;1705.0;840.0;-1
IntroUnicycle;1292;Teco;8;1730.0;1000.0;1730.0;890.0;798.0;788.0;1705.0;840.0;-1
IntroUnicycle;1293;Teco;8;1730.0;1000.0;1730.0;890.0;798.0;788.0;1705.0;840.0;-1
IntroUnicycle;1294;Teco;8;1730.0;1000.0;1730.0;890.0;798.0;788.0;1705.0;840.0;-1
IntroUnicycle;1295;Teco;8;1730.0;1000.0;1730.0;890.0;798.0;788.0;1705.0;840.0;-1
IntroUnicycle;1296;Teco;8;1730.0;1000.0;1730.0;890.0;798.0;788.0;1705.0;840.0;-1
IntroUnicycle;1297;Teco;8;1730.0;1000.0;1730.0;890.0;798.0;788.0;1705.0;840.0;-1
IntroUnicycle;1298;Teco;8;1730.0;1000.0;1730.0;890.0;798.0;788.0;1705.0;840.0;-1
IntroUnicycle;1299;Teco;8;1730.0;1000.0;1730.0;890.0;798.0;788.0;1705.0;840.0;-1
IntroUnicycle;1300;Teco;8;1730.0;1000.0;1730.0;890.0;798.0;788.0;1705.0;840.0;-1
IntroUnicycle;1301;Teco;8;1730.0;1000.0;1730.0;890.0;798.0;788.0;1705.0;840.0;-1
IntroUnicycle;1302;Teco;8;1730.0;1000.0;1730.0;890.0;798.0;788.0;1705.0;840.0;-1
IntroUnicycle;1303;Teco;8;1730.0;1000.0;1730.0;890.0;798.0;788.0;1705.0;840.0;-1
IntroUnicycle;1304;Teco;8;1730.0;1000.0;1730.0;890.0;798.0;788.0;1705.0;840.0;-1
IntroUnicycle;1305;Teco;8;1730.0;1000.0;1730.0;890.0;798.0;788.0;1705.0;840.0;-1
IntroUnicycle;1306;Teco;8;1730.0;1000.0;1730.0;890.0;798.0;788.0;1705.0;840.0;-1
IntroUnicycle;1307;Teco;8;1730.0;1000.0;1730.0;890.0;798.0;788.0;1705.0;840.0;-1
IntroUnicycle;1308;Teco;8;1730.0;1000.0;1730.0;890.0;798.0;788.0;1705.0;840.0;-1
IntroUnicycle;1309;Teco;8;1730.0;1000.0;1730.0;890.0;798.0;788.0;1705.0;840.0;-1
IntroUnicycle;1310;Teco;8;1730.0;1000.0;1730.0;890.0;798.0;788.0;1705.0;840.0;-1
IntroUnicycle;1311;Teco;8;1730.0;1000.0;1730.0;890.0;798.0;788.0;1705.0;840.0;-1
IntroUnicycle;1312;Teco;8;1730.0;1000.0;1730.0;890.0;798.0;788.0;1705.0;840.0;-1
IntroUnicycle;1313;Teco;8;1730.0;1000.0;1730.0;890.0;798.0;788.0;1705.0;840.0;-1
IntroUnicycle;1314;Teco;8;1730.0;1000.0;1730.0;890.0;798.0;788.0;1705.0;840.0;-1
IntroUnicycle;1315;Teco;8;1730.0;1000.0;1730.0;890.0;798.0;788.0;1705.0;840.0;-1
IntroUnicycle;1316;Teco;8;1730.0;1000.0;1730.0;890.0;798.0;788.0;1705.0;840.0;-1
IntroUnicycle;1317;Teco;8;1730.0;1000.0;1730.0;890.0;798.0;788.0;1705.0;840.0;-1
IntroUnicycle;1318;Teco;8;1730.0;1000.0;1730.0;890.0;798.0;788.0;1705.0;840.0;-1
IntroUnicycle;1319;Teco;8;1730.0;1000.0;1730.0;890.0;798.0;788.0;1705.0;840.0;-1
IntroUnicycle;1320;Teco;8;1730.0;1000.0;1730.0;890.0;798.0;788.0;1705.0;840.0;-1
IntroUnicycle;1321;Teco;8;1730.0;1000.0;1730.0;890.0;798.0;788.0;1705.0;840.0;-1
IntroUnicycle;1322;Teco;8;1730.0;1000.0;1730.0;890.0;798.0;788.0;1705.0;840.0;-1
IntroUnicycle;1323;Teco;8;1730.0;1000.0;1730.0;890.0;798.0;788.0;1705.0;840.0;-1
IntroUnicycle;1324;Teco;8;1730.0;1000.0;1730.0;890.0;798.0;788.0;1705.0;840.0;-1
IntroUnicycle;1325;Teco;8;1730.0;1000.0;1730.0;890.0;798.0;788.0;1705.0;840.0;-1
IntroUnicycle;1326;Teco;giro;1730.0;1000.0;1730.0;890.0;798.0;788.0;1730.0;710.0;-1
IntroUnicycle;1327;Teco;giro;1728.9;971.2;1728.9;857.5;765.5;755.5;1728.9;677.5;-1
IntroUnicycle;1328;Teco;giro;1727.8;943.1;1727.8;825.9;733.9;723.9;1727.8;645.9;-1
IntroUnicycle;1329;Teco;giro;1726.7;915.9;1726.7;795.3;703.3;693.3;1726.7;615.3;-1
IntroUnicycle;1330;Teco;giro;1725.6;889.5;1725.6;765.6;673.6;663.6;1725.6;585.6;-1
IntroUnicycle;1331;Teco;giro;1724.5;864.0;1724.5;736.8;644.8;634.8;1724.5;556.8;-1
IntroUnicycle;1332;Teco;giro;1723.4;839.3;1723.4;709.0;617.0;607.0;1723.4;529.0;-1
IntroUnicycle;1333;Teco;giro;1722.2;815.3;1722.2;682.1;590.1;580.1;1722.2;502.1;-1
IntroUnicycle;1334;Teco;giro;1721.1;792.3;1721.1;656.1;564.1;554.1;1721.1;476.1;-1
IntroUnicycle;1335;Teco;giro;1720.0;770.0;1720.0;631.1;539.1;529.1;1720.0;451.1;-1
IntroUnicycle;1336;Teco;giro;1718.9;748.6;1718.9;607.0;515.0;505.0;1718.9;427.0;-1
IntroUnicycle;1337;Teco;giro;1717.8;727.9;1717.8;583.8;491.8;481.8;1717.8;403.8;-1
IntroUnicycle;1338;Teco;giro;1716.7;708.1;1716.7;561.6;469.6;459.6;1716.7;381.6;-1
IntroUnicycle;1339;Teco;giro;1715.6;689.2;1715.6;540.3;448.3;438.3;1715.6;360.3;-1
IntroUnicycle;1340;Teco;giro;1714.5;671.0;1714.5;519.9;427.9;417.9;1714.5;339.9;-1
IntroUnicycle;1341;Teco;giro;1713.4;653.7;1713.4;500.5;408.5;398.5;1713.4;320.5;-1
IntroUnicycle;1342;Teco;giro;1712.3;637.2;1712.3;482.0;390.0;380.0;1712.3;302.0;-1
IntroUnicycle;1343;Teco;giro;1711.2;621.5;1711.2;464.4;372.4;362.4;1711.2;284.4;-1
IntroUnicycle;1344;Teco;giro;1710.1;606.7;1710.1;447.8;355.8;345.8;1710.1;267.8;-1
IntroUnicycle;1345;Teco;giro;1709.0;592.6;1709.0;432.1;340.1;330.1;1709.0;252.1;-1
IntroUnicycle;1346;Teco;giro;1707.8;579.4;1707.8;417.3;325.3;315.3;1707.8;237.3;-1
IntroUnicycle;1347;Teco;giro;1706.7;567.0;1706.7;403.5;311.5;301.5;1706.7;223.5;-1
IntroUnicycle;1348;Teco;giro;1705.6;555.5;1705.6;390.5;298.5;288.5;1705.6;210.5;-1
IntroUnicycle;1349;Teco;giro;1704.5;544.7;1704.5;378.6;286.6;276.6;1704.5;198.6;-1
IntroUnicycle;1350;Teco;giro;1703.4;534.8;1703.4;367.5;275.5;265.5;1703.4;187.5;-1
IntroUnicycle;1351;Teco;giro;1702.3;525.7;1702.3;357.4;265.4;255.4;1702.3;177.4;-1
IntroUnicycle;1352;Teco;giro;1701.2;517.4;1701.2;348.2;256.2;246.2;1701.2;168.2;-1
IntroUnicycle;1353;Teco;giro;1700.1;510.0;1700.1;340.0;248.0;238.0;1700.1;160.0;-1
IntroUnicycle;1354;Teco;giro;1699.0;503.4;1699.0;332.7;240.7;230.7;1699.0;152.7;-1
IntroUnicycle;1355;Teco;giro;1697.9;497.6;1697.9;326.3;234.3;224.3;1697.9;146.3;-1
IntroUnicycle;1356;Teco;giro;1696.8;492.6;1696.8;320.9;228.9;218.9;1696.8;140.9;-1
IntroUnicycle;1357;Teco;giro;1695.7;488.4;1695.7;316.4;224.4;214.4;1695.7;136.4;-1
IntroUnicycle;1358;Teco;giro;1694.6;485.1;1694.6;312.8;220.8;210.8;1694.6;132.8;-1
IntroUnicycle;1359;Teco;giro;1693.4;482.6;1693.4;310.1;218.1;208.1;1693.4;130.1;-1
IntroUnicycle;1360;Teco;giro;1692.3;480.9;1692.3;308.4;216.4;206.4;1692.3;128.4;-1
IntroUnicycle;1361;Teco;giro;1691.2;480.0;1691.2;307.6;215.6;205.6;1691.2;127.6;-1
IntroUnicycle;1362;Teco;giro;1690.1;480.0;1690.1;307.8;215.8;205.8;1690.1;127.8;-1
IntroUnicycle;1363;Teco;giro;1689.0;480.8;1689.0;308.9;216.9;206.9;1689.0;128.9;-1
IntroUnicycle;1364;Teco;giro;1687.9;482.4;1687.9;310.9;218.9;208.9;1687.9;130.9;-1
IntroUnicycle;1365;Teco;giro;1686.8;484.8;1686.8;313.8;221.8;211.8;1686.8;133.8;-1
IntroUnicycle;1366;Teco;giro;1685.7;488.1;1685.7;317.7;225.7;215.7;1685.7;137.7;-1
IntroUnicycle;1367;Teco;giro;1684.6;492.1;1684.6;322.5;230.5;220.5;1684.6;142.5;-1
IntroUnicycle;1368;Teco;giro;1683.5;497.0;1683.5;328.3;236.3;226.3;1683.5;148.3;-1
IntroUnicycle;1369;Teco;giro;1682.4;502.8;1682.4;335.0;243.0;233.0;1682.4;155.0;-1
IntroUnicycle;1370;Teco;giro;1681.3;509.3;1681.3;342.6;250.6;240.6;1681.3;162.6;-1
IntroUnicycle;1371;Teco;giro;1680.2;516.7;1680.2;351.1;259.1;249.1;1680.2;171.1;-1
IntroUnicycle;1372;Teco;giro;1679.0;524.9;1679.0;360.6;268.6;258.6;1679.0;180.6;-1
IntroUnicycle;1373;Teco;giro;1677.9;533.9;1677.9;371.0;279.0;269.0;1677.9;191.0;-1
IntroUnicycle;1374;Teco;giro;1676.8;543.7;1676.8;382.3;290.3;280.3;1676.8;202.3;-1
IntroUnicycle;1375;Teco;giro;1675.7;554.4;1675.7;394.6;302.6;292.6;1675.7;214.6;-1
IntroUnicycle;1376;Teco;giro;1674.6;565.8;1674.6;407.8;315.8;305.8;1674.6;227.8;-1
IntroUnicycle;1377;Teco;giro;1673.5;578.1;1673.5;422.0;330.0;320.0;1673.5;242.0;-1
IntroUnicycle;1378;Teco;giro;1672.4;591.3;1672.4;437.1;345.1;335.1;1672.4;257.1;-1
IntroUnicycle;1379;Teco;giro;1671.3;605.2;1671.3;453.1;361.1;351.1;1671.3;273.1;-1
IntroUnicycle;1380;Teco;giro;1670.2;620.0;1670.2;470.0;378.0;368.0;1670.2;290.0;-1
IntroUnicycle;1381;Teco;ride;1670.0;620.0;1670.0;470.0;320.0;290.0;1670.0;290.0;-1
IntroUnicycle;1382;Teco;ride;1670.0;620.0;1670.0;470.0;320.0;290.0;1670.0;290.0;-1
IntroUnicycle;1383;Teco;ride;1670.0;620.0;1670.0;470.0;320.0;290.0;1670.0;290.0;-1
IntroUnicycle;1384;Teco;ride;1670.0;620.0;1670.0;470.0;320.0;290.0;1670.0;290.0;-1
IntroUnicycle;1385;Teco;ride;1670.0;620.0;1670.0;470.0;320.0;290.0;1670.0;290.0;-1
IntroUnicycle;1386;Teco;ride;1670.0;620.0;1670.0;470.0;320.0;290.0;1670.0;290.0;-1
IntroUnicycle;1387;Teco;ride;1670.0;620.0;1670.0;470.0;320.0;290.0;1670.0;290.0;-1
IntroUnicycle;1388;Teco;ride;1670.0;620.0;1670.0;470.0;320.0;290.0;1670.0;290.0;-1
IntroUnicycle;1389;Teco;ride;1670.0;620.0;1670.0;470.0;320.0;290.0;1670.0;290.0;-1
IntroUnicycle;1390;Teco;ride;1670.0;620.0;1670.0;470.0;320.0;290.0;1670.0;290.0;-1
IntroUnicycle;1391;Teco;ride;1670.0;620.0;1670.0;470.0;320.0;290.0;1670.0;290.0;-1
IntroUnicycle;1392;Teco;ride;1670.0;620.0;1670.0;470.0;320.0;290.0;1670.0;290.0;-1
IntroUnicycle;1393;Teco;ride;1670.0;620.0;1670.0;470.0;320.0;290.0;1670.0;290.0;-1
IntroUnicycle;1394;Teco;ride;1670.0;620.0;1670.0;470.0;320.0;290.0;1670.0;290.0;-1
IntroUnicycle;1395;Teco;ride;1670.0;620.0;1670.0;470.0;320.0;290.0;1670.0;290.0;-1
IntroUnicycle;1396;Teco;ride;1670.0;620.0;1670.0;470.0;320.0;290.0;1670.0;290.0;-1
IntroUnicycle;1397;Teco;ride;1670.0;620.0;1670.0;470.0;320.0;290.0;1670.0;290.0;-1
IntroUnicycle;1398;Teco;ride;1670.0;620.0;1670.0;470.0;320.0;290.0;1670.0;290.0;-1
