trecho;quadro;quem;x;z;vel;pe0_ar;pe1_ar;cabeca_px;rosto_para_camera
largada;1;clown;-12.600;3.009;0.50;false;false;116.1;0.85
largada;1;acrobat;-13.800;3.300;0.00;false;false;107.6;0.87
largada;2;clown;-12.600;3.052;1.50;false;false;116.4;0.85
largada;2;acrobat;-13.800;3.300;0.00;false;false;107.6;0.87
largada;3;clown;-12.600;3.086;2.00;false;false;116.6;0.84
largada;3;acrobat;-13.800;3.300;0.00;false;false;107.6;0.87
largada;4;clown;-12.600;3.127;2.40;false;false;116.7;0.84
largada;4;acrobat;-13.800;3.300;0.00;false;false;107.5;0.87
largada;5;clown;-12.600;3.208;2.40;false;true;117.2;0.83
largada;5;acrobat;-13.800;3.300;0.00;false;false;107.5;0.87
largada;6;clown;-12.600;3.248;2.40;true;true;117.5;0.83
largada;6;acrobat;-13.800;3.300;0.00;false;false;107.5;0.87
largada;7;clown;-12.600;3.289;2.40;true;true;117.8;0.82
largada;7;acrobat;-13.800;3.300;0.00;false;false;107.5;0.87
largada;8;clown;-12.600;3.370;2.40;true;true;118.0;0.82
largada;8;acrobat;-13.800;3.300;0.00;false;false;107.5;0.88
largada;9;clown;-12.592;3.402;1.96;true;true;118.0;0.81
largada;9;acrobat;-13.800;3.300;0.00;false;false;107.5;0.88
largada;10;clown;-12.575;3.431;1.97;true;true;118.0;0.80
largada;10;acrobat;-13.800;3.300;0.00;false;false;107.5;0.88
largada;11;clown;-12.567;3.508;2.40;true;false;117.4;0.79
largada;11;acrobat;-13.800;3.300;0.00;false;false;107.5;0.88
largada;12;clown;-12.558;3.540;1.96;false;false;117.2;0.79
largada;12;acrobat;-13.800;3.300;0.00;false;false;107.4;0.88
largada;13;clown;-12.517;3.597;2.26;false;false;117.4;0.75
largada;13;acrobat;-13.800;3.300;0.00;false;false;107.5;0.88
largada;14;clown;-12.492;3.674;2.45;false;false;117.6;0.75
largada;14;acrobat;-13.800;3.300;0.00;false;false;107.5;0.88
largada;15;clown;-12.492;3.755;2.40;false;false;117.8;0.77
largada;15;acrobat;-13.800;3.300;0.00;false;false;107.5;0.88
largada;16;clown;-12.492;3.796;2.40;false;false;117.8;0.77
largada;16;acrobat;-13.800;3.300;0.00;false;false;107.4;0.88
largada;17;clown;-12.492;3.876;2.40;false;true;118.2;0.78
largada;17;acrobat;-13.780;3.310;0.72;false;false;107.6;0.83
largada;18;clown;-12.467;3.937;1.97;true;true;118.6;0.76
largada;18;acrobat;-13.759;3.320;0.72;false;false;107.7;0.76
largada;19;clown;-12.458;3.974;2.25;true;true;118.6;0.76
largada;19;acrobat;-13.748;3.326;0.72;false;false;107.6;0.73
largada;20;clown;-12.417;4.022;1.92;true;true;118.7;0.72
largada;20;acrobat;-13.726;3.337;0.72;false;false;107.7;0.67
largada;21;clown;-12.389;4.033;1.83;true;true;118.8;0.67
largada;21;acrobat;-13.715;3.343;0.72;false;false;107.6;0.65
largada;22;clown;-12.333;4.032;1.72;true;false;118.4;0.50
largada;22;acrobat;-13.694;3.354;0.72;false;false;107.6;0.61
largada;23;clown;-12.305;4.019;1.88;true;false;118.3;0.39
largada;23;acrobat;-13.683;3.359;0.72;true;false;107.6;0.59
largada;24;clown;-12.250;3.969;2.40;false;false;117.9;0.13
largada;24;acrobat;-13.661;3.369;0.72;true;false;107.7;0.56
largada;25;clown;-12.222;3.942;2.40;false;true;117.9;0.02
largada;25;acrobat;-13.649;3.374;0.72;true;false;107.8;0.54
largada;26;clown;-12.147;3.910;2.50;false;true;118.5;-0.07
largada;26;acrobat;-13.627;3.382;0.72;true;false;107.9;0.50
largada;27;clown;-12.107;3.907;2.41;false;true;118.6;-0.07
largada;27;acrobat;-13.615;3.386;0.72;true;false;107.9;0.48
largada;28;clown;-12.028;3.907;2.40;false;true;118.8;-0.07
largada;28;acrobat;-13.592;3.394;0.72;true;false;108.0;0.45
largada;29;clown;-11.988;3.907;2.40;false;true;118.7;-0.06
largada;29;acrobat;-13.581;3.397;0.72;true;false;108.0;0.44
largada;30;clown;-11.910;3.907;2.40;true;false;118.4;-0.06
largada;30;acrobat;-13.556;3.405;0.80;true;false;107.9;0.41
largada;31;clown;-11.684;3.719;2.40;false;true;118.0;-0.42
largada;31;acrobat;-13.441;3.432;0.95;false;true;107.6;0.33
largada;32;clown;-11.569;3.685;2.41;false;true;118.9;-0.36
largada;32;acrobat;-13.390;3.440;1.09;false;true;107.7;0.30
largada;33;clown;-11.490;3.685;2.40;false;true;119.0;-0.28
largada;33;acrobat;-13.352;3.445;1.19;false;true;107.7;0.30
largada;34;clown;-11.411;3.685;2.40;false;true;118.8;-0.22
largada;34;acrobat;-13.310;3.450;1.28;false;true;107.7;0.29
largada;35;clown;-11.333;3.685;2.40;true;false;118.6;-0.18
largada;35;acrobat;-13.266;3.455;1.37;false;true;107.5;0.28
largada;36;clown;-11.254;3.685;2.40;true;false;119.2;-0.15
largada;36;acrobat;-13.219;3.461;1.44;false;false;107.1;0.27
curva1;37;clown;-11.175;3.685;2.40;true;false;119.6;-0.15
curva1;37;acrobat;-13.170;3.467;1.52;false;false;107.2;0.27
curva1;38;clown;-11.096;3.685;2.40;true;false;119.5;-0.15
curva1;38;acrobat;-13.119;3.472;1.58;true;false;107.4;0.26
curva1;39;clown;-11.057;3.685;2.40;true;false;119.2;-0.14
curva1;39;acrobat;-13.092;3.475;1.61;true;false;107.6;0.26
curva1;40;clown;-10.978;3.685;2.40;false;true;119.0;-0.13
curva1;40;acrobat;-13.037;3.481;1.67;true;false;107.9;0.25
curva1;41;clown;-10.899;3.685;2.40;false;true;119.7;-0.13
curva1;41;acrobat;-12.981;3.486;1.73;true;false;107.9;0.23
curva1;42;clown;-10.860;3.685;2.40;false;true;119.7;-0.12
curva1;42;acrobat;-12.952;3.489;1.75;true;false;107.9;0.22
curva1;43;clown;-10.802;3.661;1.97;false;true;119.8;-0.19
curva1;43;acrobat;-12.895;3.494;1.75;true;false;107.6;0.22
curva1;44;clown;-10.726;3.653;2.40;false;true;119.7;-0.18
curva1;44;acrobat;-12.836;3.498;1.79;false;true;107.1;0.21
curva1;45;clown;-10.668;3.628;1.97;true;false;119.2;-0.23
curva1;45;acrobat;-12.777;3.502;1.78;false;true;107.5;0.20
curva1;46;clown;-10.632;3.620;2.25;true;false;119.3;-0.24
curva1;46;acrobat;-12.748;3.504;1.80;false;true;107.7;0.20
curva1;47;clown;-10.553;3.620;2.40;true;false;119.8;-0.20
curva1;47;acrobat;-12.687;3.507;1.84;false;true;107.8;0.21
curva1;48;clown;-10.494;3.596;1.97;true;false;119.9;-0.27
curva1;48;acrobat;-12.627;3.510;1.83;false;true;107.7;0.21
curva1;49;clown;-10.459;3.588;2.25;true;false;119.7;-0.27
curva1;49;acrobat;-12.596;3.511;1.85;false;true;107.6;0.21
curva1;50;clown;-10.380;3.588;2.40;false;false;119.1;-0.23
curva1;50;acrobat;-12.535;3.514;1.89;false;false;107.0;0.21
curva1;51;clown;-10.321;3.563;1.97;false;true;119.2;-0.28
curva1;51;acrobat;-12.473;3.515;1.88;true;false;107.3;0.20
curva1;52;clown;-10.246;3.555;2.40;false;true;119.7;-0.26
curva1;52;acrobat;-12.410;3.516;1.91;true;false;107.7;0.19
curva1;53;clown;-10.160;3.506;2.26;false;true;120.0;-0.33
curva1;53;acrobat;-12.317;3.517;1.89;true;false;107.8;0.16
curva1;54;clown;-9.967;3.482;2.40;true;false;119.5;-0.24
curva1;54;acrobat;-12.157;3.515;1.98;false;true;107.2;0.14
curva1;55;clown;-9.889;3.482;2.40;true;false;119.9;-0.21
curva1;55;acrobat;-12.091;3.514;2.01;false;true;107.6;0.14
curva1;56;clown;-9.830;3.457;1.97;true;false;120.0;-0.27
curva1;56;acrobat;-12.026;3.513;1.99;false;true;107.8;0.14
curva1;57;clown;-9.755;3.449;2.40;true;false;119.9;-0.26
curva1;57;acrobat;-11.960;3.511;2.01;false;true;107.8;0.15
curva1;58;clown;-9.716;3.449;2.40;false;false;119.2;-0.24
curva1;58;acrobat;-11.927;3.510;2.03;false;true;107.7;0.16
curva1;59;clown;-9.658;3.425;1.97;false;true;119.4;-0.28
curva1;59;acrobat;-11.861;3.508;2.01;false;false;107.1;0.15
curva1;60;clown;-9.583;3.417;2.40;false;true;119.8;-0.26
curva1;60;acrobat;-11.794;3.505;2.03;true;false;107.3;0.15
curva1;61;clown;-9.504;3.417;2.40;false;true;120.0;-0.21
curva1;61;acrobat;-11.727;3.503;2.06;true;false;107.7;0.14
curva1;62;clown;-9.418;3.368;2.26;false;false;119.3;-0.31
curva1;62;acrobat;-11.627;3.498;2.03;true;false;107.8;0.11
curva1;63;clown;-9.343;3.344;2.45;true;false;119.5;-0.31
curva1;63;acrobat;-11.560;3.494;2.05;true;false;107.5;0.10
reta;64;clown;-9.265;3.344;2.40;true;false;120.0;-0.27
reta;64;acrobat;-11.492;3.489;2.08;false;true;107.1;0.10
reta;65;clown;-9.226;3.344;2.40;true;false;120.0;-0.25
reta;65;acrobat;-11.458;3.487;2.09;false;true;107.4;0.10
reta;66;clown;-9.147;3.344;2.40;true;false;120.0;-0.23
reta;66;acrobat;-11.389;3.483;2.11;false;true;107.7;0.10
reta;67;clown;-9.108;3.344;2.40;true;true;119.7;-0.21
reta;67;acrobat;-11.354;3.481;2.12;false;true;107.8;0.11
reta;68;clown;-9.030;3.344;2.40;false;true;120.0;-0.19
reta;68;acrobat;-11.284;3.477;2.14;false;true;107.7;0.12
reta;69;clown;-8.951;3.344;2.40;false;true;120.3;-0.17
reta;69;acrobat;-11.213;3.473;2.16;false;false;107.1;0.12
reta;70;clown;-8.873;3.344;2.40;false;true;120.2;-0.14
reta;70;acrobat;-11.142;3.469;2.18;true;false;107.1;0.12
reta;71;clown;-8.795;3.344;2.40;false;false;119.6;-0.13
reta;71;acrobat;-11.071;3.465;2.20;true;false;107.6;0.12
reta;72;clown;-8.717;3.344;2.40;false;false;119.7;-0.13
reta;72;acrobat;-10.998;3.461;2.21;true;false;107.8;0.11
reta;73;clown;-8.638;3.344;2.40;true;false;120.0;-0.12
reta;73;acrobat;-10.926;3.458;2.22;true;false;107.7;0.10
reta;74;clown;-8.521;3.344;2.40;true;false;120.9;-0.14
reta;74;acrobat;-10.816;3.453;2.24;false;true;107.1;0.10
reta;75;clown;-8.443;3.344;2.40;true;false;120.6;-0.15
reta;75;acrobat;-10.742;3.449;2.25;false;true;107.6;0.10
reta;76;clown;-8.365;3.344;2.40;false;true;120.2;-0.15
reta;76;acrobat;-10.669;3.446;2.26;false;true;107.8;0.11
reta;77;clown;-8.287;3.344;2.40;false;true;120.7;-0.15
reta;77;acrobat;-10.594;3.443;2.27;false;true;107.6;0.13
reta;78;clown;-8.208;3.344;2.40;false;true;120.6;-0.13
reta;78;acrobat;-10.520;3.440;2.28;false;false;107.0;0.13
reta;79;clown;-8.130;3.344;2.40;false;true;120.2;-0.12
reta;79;acrobat;-10.445;3.437;2.29;true;false;107.3;0.13
reta;80;clown;-8.013;3.344;2.40;false;false;120.4;-0.12
reta;80;acrobat;-10.332;3.433;2.30;true;false;107.8;0.12
reta;81;clown;-7.935;3.344;2.40;true;false;120.6;-0.12
reta;81;acrobat;-10.257;3.430;2.31;true;false;107.6;0.11
reta;82;clown;-7.857;3.344;2.40;true;false;121.0;-0.13
reta;82;acrobat;-10.181;3.427;2.31;false;false;107.1;0.11
reta;83;clown;-7.740;3.344;2.40;true;false;121.2;-0.15
reta;83;acrobat;-10.068;3.424;2.32;false;true;107.6;0.11
reta;84;clown;-7.662;3.344;2.40;false;true;120.5;-0.15
reta;84;acrobat;-9.992;3.421;2.33;false;true;107.7;0.12
reta;85;clown;-7.545;3.344;2.40;false;true;121.1;-0.14
reta;85;acrobat;-9.878;3.417;2.33;false;true;107.4;0.14
reta;86;clown;-7.467;3.344;2.40;false;true;120.8;-0.12
reta;86;acrobat;-9.801;3.415;2.34;true;false;107.0;0.14
reta;87;clown;-7.389;3.344;2.40;false;false;120.3;-0.12
reta;87;acrobat;-9.725;3.413;2.34;true;false;107.5;0.14
reta;88;clown;-7.311;3.344;2.40;false;false;120.4;-0.12
reta;88;acrobat;-9.648;3.411;2.34;true;false;107.7;0.13
reta;89;clown;-7.233;3.344;2.40;true;false;120.7;-0.12
reta;89;acrobat;-9.572;3.409;2.35;true;false;107.6;0.12
reta;90;clown;-7.116;3.345;2.40;true;false;121.5;-0.14
reta;90;acrobat;-9.457;3.406;2.35;false;true;107.1;0.11
reta;91;clown;-7.038;3.345;2.40;true;false;121.3;-0.15
reta;91;acrobat;-9.380;3.404;2.35;false;true;107.5;0.11
reta;92;clown;-6.960;3.345;2.40;false;true;120.4;-0.15
reta;92;acrobat;-9.303;3.402;2.36;false;true;107.7;0.13
reta;93;clown;-6.882;3.345;2.40;false;true;120.9;-0.15
reta;93;acrobat;-9.226;3.400;2.36;false;true;107.5;0.15
reta;94;clown;-6.765;3.345;2.40;false;true;121.3;-0.13
reta;94;acrobat;-9.111;3.398;2.36;true;false;107.0;0.14
reta;95;clown;-6.648;3.345;2.40;false;false;120.8;-0.12
reta;95;acrobat;-8.995;3.395;2.37;true;false;107.6;0.14
reta;96;clown;-6.570;3.345;2.40;true;false;120.6;-0.12
reta;96;acrobat;-8.918;3.394;2.37;true;false;107.7;0.12
reta;97;clown;-6.492;3.345;2.40;true;false;121.0;-0.12
reta;97;acrobat;-8.841;3.392;2.37;true;false;107.4;0.12
reta;98;clown;-6.376;3.345;2.40;true;false;121.6;-0.15
reta;98;acrobat;-8.725;3.390;2.37;false;true;107.3;0.12
reta;99;clown;-6.298;3.345;2.40;true;false;121.1;-0.15
reta;99;acrobat;-8.647;3.388;2.37;false;true;107.6;0.13
reta;100;clown;-6.220;3.345;2.40;false;true;120.6;-0.15
reta;100;acrobat;-8.570;3.387;2.37;false;true;107.6;0.15
reta;101;clown;-6.142;3.345;2.40;false;true;121.1;-0.15
reta;101;acrobat;-8.493;3.386;2.37;false;true;107.3;0.15
reta;102;clown;-6.025;3.345;2.40;false;true;121.6;-0.13
reta;102;acrobat;-8.377;3.384;2.38;true;false;107.3;0.15
reta;103;clown;-5.947;3.345;2.40;false;true;121.0;-0.12
reta;103;acrobat;-8.299;3.383;2.38;true;false;107.6;0.14
reta;104;clown;-5.636;3.345;2.40;true;false;121.6;-0.15
reta;104;acrobat;-7.989;3.378;2.38;false;true;107.5;0.13
reta;105;clown;-5.519;3.345;2.40;false;true;120.9;-0.15
reta;105;acrobat;-7.873;3.376;2.38;false;true;107.6;0.15
reta;106;clown;-5.442;3.345;2.40;false;true;121.3;-0.15
reta;106;acrobat;-7.796;3.375;2.38;false;true;107.3;0.16
reta;107;clown;-5.364;3.345;2.40;false;true;121.5;-0.14
reta;107;acrobat;-7.718;3.375;2.38;true;false;107.0;0.16
reta;108;clown;-5.247;3.345;2.40;false;true;121.3;-0.12
reta;108;acrobat;-7.602;3.373;2.39;true;false;107.6;0.15
reta;109;clown;-5.169;3.345;2.40;true;false;120.6;-0.12
reta;109;acrobat;-7.524;3.372;2.39;true;false;107.6;0.13
reta;110;clown;-5.053;3.345;2.40;true;false;121.5;-0.13
reta;110;acrobat;-7.408;3.371;2.39;false;false;106.9;0.13
reta;111;clown;-4.936;3.345;2.40;true;false;121.6;-0.15
reta;111;acrobat;-7.292;3.370;2.39;false;true;107.5;0.13
reta;112;clown;-4.858;3.345;2.40;false;false;120.7;-0.15
reta;112;acrobat;-7.214;3.369;2.39;false;true;107.6;0.14
reta;113;clown;-4.742;3.345;2.40;false;true;121.6;-0.15
reta;113;acrobat;-7.098;3.368;2.39;false;true;107.3;0.15
reta;114;clown;-4.664;3.345;2.40;false;true;121.6;-0.14
reta;114;acrobat;-7.020;3.367;2.39;true;false;106.9;0.16
reta;115;clown;-4.586;3.345;2.40;false;true;121.3;-0.12
reta;115;acrobat;-6.943;3.366;2.39;true;false;107.4;0.16
reta;116;clown;-4.508;3.345;2.40;false;false;120.6;-0.12
reta;116;acrobat;-6.865;3.366;2.39;true;false;107.6;0.14
reta;117;clown;-4.391;3.345;2.40;true;false;121.6;-0.13
reta;117;acrobat;-6.749;3.365;2.39;true;false;107.3;0.13
reta;118;clown;-4.314;3.345;2.40;true;false;121.8;-0.14
reta;118;acrobat;-6.671;3.364;2.39;false;true;107.0;0.13
curva2;119;clown;-4.256;3.320;1.97;true;false;121.3;-0.23
curva2;119;acrobat;-6.595;3.363;2.35;false;true;107.4;0.13
curva2;120;clown;-4.172;3.240;2.40;false;false;120.5;-0.39
curva2;120;acrobat;-6.483;3.358;2.28;false;true;107.6;0.14
curva2;121;clown;-4.117;3.184;2.40;false;true;120.0;-0.46
curva2;121;acrobat;-6.410;3.353;2.25;false;true;107.3;0.14
curva2;122;clown;-4.034;3.101;2.40;false;true;120.6;-0.51
curva2;122;acrobat;-6.303;3.343;2.20;true;false;107.2;0.12
curva2;123;clown;-3.978;3.045;2.40;false;true;120.2;-0.52
curva2;123;acrobat;-6.233;3.335;2.18;true;false;107.6;0.10
curva2;124;clown;-3.895;2.962;2.40;true;false;119.6;-0.54
curva2;124;acrobat;-6.129;3.319;2.15;true;false;107.6;0.06
curva2;125;clown;-3.839;2.906;2.40;true;false;119.6;-0.56
curva2;125;acrobat;-6.061;3.307;2.14;false;false;107.0;0.04
curva2;126;clown;-3.784;2.850;2.40;true;false;119.2;-0.57
curva2;126;acrobat;-5.993;3.294;2.13;false;true;107.1;0.03
curva2;127;clown;-3.728;2.794;2.40;false;false;118.6;-0.58
curva2;127;acrobat;-5.926;3.279;2.12;false;true;107.6;0.02
curva2;128;clown;-3.645;2.711;2.40;false;false;118.6;-0.58
curva2;128;acrobat;-5.826;3.255;2.12;false;true;107.8;0.01
curva2;129;clown;-3.590;2.655;2.40;false;true;118.6;-0.59
curva2;129;acrobat;-5.760;3.238;2.11;false;true;107.6;0.01
curva2;130;clown;-3.506;2.571;2.40;false;true;119.0;-0.58
curva2;130;acrobat;-5.661;3.209;2.12;true;false;107.3;-0.01
curva2;131;clown;-3.451;2.516;2.40;true;true;118.5;-0.58
curva2;131;acrobat;-5.595;3.189;2.12;true;false;107.7;-0.03
curva2;132;clown;-3.395;2.460;2.40;true;false;118.1;-0.58
curva2;132;acrobat;-5.530;3.168;2.12;true;false;107.8;-0.05
curva2;133;clown;-3.311;2.376;2.40;true;false;118.2;-0.59
curva2;133;acrobat;-5.433;3.133;2.13;false;false;107.1;-0.08
curva2;134;clown;-3.256;2.320;2.40;true;false;117.8;-0.59
curva2;134;acrobat;-5.368;3.109;2.13;false;true;107.2;-0.09
curva2;135;clown;-3.200;2.264;2.40;false;false;117.4;-0.59
curva2;135;acrobat;-5.303;3.084;2.14;false;true;107.7;-0.10
curva2;136;clown;-3.089;2.153;2.40;false;true;117.7;-0.59
curva2;136;acrobat;-5.174;3.031;2.16;false;true;107.8;-0.10
curva2;137;clown;-3.033;2.097;2.40;false;true;117.9;-0.59
curva2;137;acrobat;-5.110;3.004;2.16;false;false;107.2;-0.11
curva2;138;clown;-2.950;2.013;2.40;true;true;117.6;-0.58
curva2;138;acrobat;-5.014;2.960;2.18;true;false;107.7;-0.13
curva2;139;clown;-2.894;1.957;2.40;true;false;117.2;-0.58
curva2;139;acrobat;-4.950;2.930;2.18;true;false;108.0;-0.15
curva2;140;clown;-2.838;1.901;2.40;true;false;117.3;-0.58
curva2;140;acrobat;-4.886;2.899;2.19;true;false;107.9;-0.17
curva2;141;clown;-2.782;1.845;2.40;true;false;117.1;-0.59
curva2;141;acrobat;-4.822;2.867;2.20;false;false;107.3;-0.18
curva2;142;clown;-2.698;1.761;2.40;false;false;116.6;-0.59
curva2;142;acrobat;-4.726;2.817;2.21;false;true;107.6;-0.19
curva2;143;clown;-2.643;1.705;2.40;false;false;116.6;-0.59
curva2;143;acrobat;-4.662;2.783;2.22;false;true;108.0;-0.19
curva2;144;clown;-2.559;1.621;2.40;false;true;117.0;-0.59
curva2;144;acrobat;-4.567;2.731;2.23;false;true;108.0;-0.18
curva2;145;clown;-2.503;1.564;2.40;false;true;117.1;-0.58
curva2;145;acrobat;-4.503;2.695;2.24;false;false;107.4;-0.19
curva2;146;clown;-2.419;1.480;2.40;true;true;116.7;-0.58
curva2;146;acrobat;-4.408;2.640;2.25;true;false;107.9;-0.20
curva2;147;clown;-2.363;1.424;2.40;true;false;116.6;-0.58
curva2;147;acrobat;-4.345;2.603;2.26;true;false;108.2;-0.22
curva2;148;clown;-2.249;1.390;2.41;true;false;116.7;-0.50
curva2;148;acrobat;-4.249;2.546;2.27;true;false;107.9;-0.24
curva2;149;clown;-1.937;1.389;2.40;false;true;118.0;-0.21
curva2;149;acrobat;-3.991;2.409;2.23;false;true;107.9;-0.19
freio;150;clown;-1.883;1.389;1.40;false;true;117.6;-0.17
freio;150;acrobat;-3.927;2.377;2.17;false;false;107.5;-0.18
freio;151;clown;-1.863;1.389;0.00;true;false;117.1;-0.13
freio;151;acrobat;-3.837;2.334;1.97;true;false;107.8;-0.17
freio;152;clown;-1.863;1.389;0.00;true;false;117.1;-0.10
freio;152;acrobat;-3.783;2.308;1.82;true;false;108.2;-0.17
freio;153;clown;-1.863;1.389;0.00;true;false;117.0;-0.07
freio;153;acrobat;-3.733;2.284;1.68;true;false;108.3;-0.18
freio;154;clown;-1.863;1.389;0.00;true;false;116.9;-0.03
freio;154;acrobat;-3.687;2.262;1.55;true;false;108.3;-0.19
freio;155;clown;-1.863;1.389;0.00;true;false;116.5;0.01
freio;155;acrobat;-3.624;2.232;1.38;true;false;107.9;-0.19
freio;156;clown;-1.863;1.389;0.00;true;false;116.5;0.02
freio;156;acrobat;-3.586;2.214;1.27;false;true;107.6;-0.19
freio;157;clown;-1.863;1.389;0.00;true;false;116.4;0.02
freio;157;acrobat;-3.552;2.197;1.18;false;true;107.9;-0.19
freio;158;clown;-1.863;1.389;0.00;true;false;116.4;0.02
freio;158;acrobat;-3.520;2.182;1.09;false;true;108.1;-0.18
freio;159;clown;-1.863;1.389;0.00;true;false;116.3;0.03
freio;159;acrobat;-3.490;2.167;1.01;false;true;108.3;-0.18
freio;160;clown;-1.863;1.389;0.00;false;false;116.0;0.03
freio;160;acrobat;-3.463;2.154;0.93;false;true;108.4;-0.18
freio;161;clown;-1.863;1.389;0.00;false;false;116.0;0.03
freio;161;acrobat;-3.438;2.142;0.86;false;true;108.4;-0.17
freio;162;clown;-1.863;1.389;0.00;false;false;116.1;0.03
freio;162;acrobat;-3.415;2.131;0.80;false;true;108.3;-0.16
freio;163;clown;-1.863;1.389;0.00;false;false;116.3;0.03
freio;163;acrobat;-3.384;2.116;0.72;false;true;108.1;-0.16
freio;164;clown;-1.863;1.389;0.00;false;false;116.3;0.04
freio;164;acrobat;-3.364;2.106;0.72;false;false;107.5;-0.15
freio;165;clown;-1.863;1.389;0.00;false;false;116.4;0.04
freio;165;acrobat;-3.344;2.096;0.72;false;false;107.6;-0.15
freio;166;clown;-1.863;1.389;0.00;false;false;116.5;0.04
freio;166;acrobat;-3.313;2.082;0.72;false;false;107.7;-0.16
freio;167;clown;-1.863;1.389;0.00;false;false;116.5;0.23
freio;167;acrobat;-3.283;2.067;0.72;true;false;107.9;-0.16
freio;168;clown;-1.863;1.389;0.00;true;true;116.6;0.39
freio;168;acrobat;-3.263;2.057;0.72;true;false;108.1;-0.16
freio;169;clown;-1.863;1.389;0.00;true;true;116.6;0.45
freio;169;acrobat;-3.253;2.052;0.72;true;false;108.2;-0.16
freio;170;clown;-1.863;1.389;0.00;true;true;116.7;0.56
freio;170;acrobat;-3.232;2.043;0.72;true;false;108.3;-0.16
freio;171;clown;-1.863;1.389;0.00;true;true;116.8;0.65
freio;171;acrobat;-3.212;2.033;0.72;true;false;108.4;-0.17
freio;172;clown;-1.863;1.389;0.00;true;true;116.9;0.71
freio;172;acrobat;-3.192;2.023;0.72;true;false;108.4;-0.17
freio;173;clown;-1.863;1.389;0.00;true;true;117.0;0.76
freio;173;acrobat;-3.172;2.013;0.72;true;false;108.4;-0.18
freio;174;clown;-1.863;1.389;0.00;true;true;117.1;0.79
freio;174;acrobat;-3.152;2.004;0.72;true;false;108.3;-0.18
freio;175;clown;-1.863;1.389;0.00;true;true;117.2;0.82
freio;175;acrobat;-3.131;1.994;0.72;true;false;108.2;-0.19
freio;176;clown;-1.863;1.389;0.00;true;true;117.3;0.84
freio;176;acrobat;-3.120;1.989;0.15;true;true;108.1;-0.17
freio;177;clown;-1.863;1.389;0.00;false;true;117.0;0.85
freio;177;acrobat;-3.120;1.989;0.00;false;true;108.0;-0.14
freio;178;clown;-1.863;1.389;0.00;false;false;117.1;0.86
freio;178;acrobat;-3.120;1.989;0.00;false;true;108.3;-0.12
freio;179;clown;-1.863;1.389;0.00;false;false;117.3;0.87
freio;179;acrobat;-3.120;1.989;0.00;false;true;108.6;-0.09
freio;180;clown;-1.863;1.389;0.00;false;false;117.5;0.88
freio;180;acrobat;-3.120;1.989;0.00;false;true;108.9;-0.07
freio;181;clown;-1.863;1.389;0.00;false;false;117.7;0.88
freio;181;acrobat;-3.120;1.989;0.00;false;true;109.2;-0.06
freio;182;clown;-1.863;1.389;0.00;false;false;117.9;0.89
freio;182;acrobat;-3.120;1.989;0.00;false;true;109.3;-0.06
freio;183;clown;-1.863;1.389;0.00;false;false;118.0;0.89
freio;183;acrobat;-3.120;1.989;0.00;false;true;109.4;-0.06
freio;184;clown;-1.863;1.389;0.00;false;false;118.1;0.89
freio;184;acrobat;-3.120;1.989;0.00;false;true;109.6;-0.06
freio;185;clown;-1.863;1.389;0.00;false;false;118.2;0.89
freio;185;acrobat;-3.120;1.989;0.00;false;false;109.3;-0.06
freio;186;clown;-1.863;1.389;0.00;false;false;118.3;0.90
freio;186;acrobat;-3.120;1.989;0.00;false;false;109.5;-0.06
freio;187;clown;-1.863;1.389;0.00;false;false;118.5;0.90
freio;187;acrobat;-3.120;1.989;0.00;false;false;109.8;-0.06
freio;188;clown;-1.863;1.389;0.00;false;false;118.5;0.90
freio;188;acrobat;-3.120;1.989;0.00;false;false;109.9;-0.06
freio;189;clown;-1.863;1.389;0.00;false;false;118.6;0.90
freio;189;acrobat;-3.120;1.989;0.00;false;false;110.1;-0.06
freio;190;clown;-1.863;1.389;0.00;false;false;118.7;0.90
freio;190;acrobat;-3.120;1.989;0.00;false;false;110.1;-0.06
freio;191;clown;-1.863;1.389;0.00;false;false;118.8;0.90
freio;191;acrobat;-3.120;1.989;0.00;false;false;110.2;-0.06
freio;192;clown;-1.863;1.389;0.00;true;false;118.9;0.90
freio;192;acrobat;-3.120;1.989;0.00;false;false;110.3;0.05
freio;193;clown;-1.863;1.389;0.00;true;false;118.9;0.90
freio;193;acrobat;-3.120;1.989;0.00;true;true;110.4;0.34
freio;194;clown;-1.863;1.389;0.00;true;false;119.0;0.90
freio;194;acrobat;-3.120;1.989;0.00;true;true;110.5;0.49
freio;195;clown;-1.863;1.389;0.00;true;false;119.0;0.90
freio;195;acrobat;-3.120;1.989;0.00;true;true;110.5;0.61
freio;196;clown;-1.863;1.389;0.00;true;false;119.0;0.90
freio;196;acrobat;-3.120;1.989;0.00;true;true;110.5;0.69
freio;197;clown;-1.863;1.389;0.00;true;false;119.1;0.90
freio;197;acrobat;-3.120;1.989;0.00;true;true;110.5;0.75
freio;198;clown;-1.863;1.389;0.00;true;false;119.1;0.90
freio;198;acrobat;-3.120;1.989;0.00;true;true;110.6;0.80
freio;199;clown;-1.863;1.389;0.00;true;false;119.1;0.91
freio;199;acrobat;-3.120;1.989;0.00;true;true;110.6;0.84
freio;200;clown;-1.863;1.389;0.00;false;false;118.7;0.90
freio;200;acrobat;-3.120;1.989;0.00;true;true;110.5;0.86
freio;201;clown;-1.863;1.389;0.00;false;false;118.8;0.91
freio;201;acrobat;-3.120;1.989;0.00;true;false;110.1;0.87
freio;202;clown;-1.863;1.389;0.00;false;false;118.9;0.91
freio;202;acrobat;-3.120;1.989;0.00;false;false;110.1;0.88
freio;203;clown;-1.863;1.389;0.00;false;false;118.9;0.91
freio;203;acrobat;-3.120;1.989;0.00;false;false;110.2;0.89
freio;204;clown;-1.863;1.389;0.00;false;false;119.0;0.91
freio;204;acrobat;-3.120;1.989;0.00;false;false;110.3;0.89
freio;205;clown;-1.863;1.389;0.00;false;false;118.9;0.91
freio;205;acrobat;-3.120;1.989;0.00;false;false;110.3;0.90
freio;206;clown;-1.863;1.389;0.00;false;false;118.8;0.91
freio;206;acrobat;-3.120;1.989;0.00;false;false;110.3;0.90
freio;207;clown;-1.863;1.389;0.00;false;false;118.8;0.91
freio;207;acrobat;-3.120;1.989;0.00;false;false;110.2;0.90
freio;208;clown;-1.863;1.389;0.00;false;false;118.7;0.91
freio;208;acrobat;-3.120;1.989;0.00;false;false;110.2;0.90
freio;209;clown;-1.863;1.389;0.00;false;false;118.6;0.91
freio;209;acrobat;-3.120;1.989;0.00;false;false;110.1;0.90
freio;210;clown;-1.863;1.389;0.00;false;false;118.3;0.90
freio;210;acrobat;-3.120;1.989;0.00;false;false;109.8;0.90
freio;211;clown;-1.863;1.389;0.00;false;false;118.2;0.90
freio;211;acrobat;-3.120;1.989;0.00;false;false;109.7;0.90
freio;212;clown;-1.863;1.389;0.00;false;false;118.1;0.90
freio;212;acrobat;-3.120;1.989;0.00;false;false;109.6;0.90
freio;213;clown;-1.863;1.389;0.00;false;false;118.0;0.90
freio;213;acrobat;-3.120;1.989;0.00;false;false;109.5;0.90
freio;214;clown;-1.863;1.389;0.00;false;false;118.0;0.90
freio;214;acrobat;-3.120;1.989;0.00;false;false;109.5;0.90
freio;215;clown;-1.863;1.389;0.00;false;false;117.9;0.90
freio;215;acrobat;-3.120;1.989;0.00;false;false;109.4;0.90
freio;216;clown;-1.863;1.389;0.00;false;false;117.8;0.90
freio;216;acrobat;-3.120;1.989;0.00;false;false;109.3;0.90
freio;217;clown;-1.863;1.389;0.00;false;false;117.7;0.90
freio;217;acrobat;-3.120;1.989;0.00;false;false;109.2;0.90
freio;218;clown;-1.863;1.389;0.00;false;false;117.6;0.90
freio;218;acrobat;-3.120;1.989;0.00;false;false;109.1;0.90
freio;219;clown;-1.863;1.389;0.00;false;false;117.5;0.90
freio;219;acrobat;-3.120;1.989;0.00;false;false;109.0;0.90
freio;220;clown;-1.863;1.389;0.00;false;false;117.4;0.90
freio;220;acrobat;-3.120;1.989;0.00;false;false;108.9;0.90
freio;221;clown;-1.863;1.389;0.00;false;false;117.3;0.90
freio;221;acrobat;-3.120;1.989;0.00;false;false;108.8;0.90
freio;222;clown;-1.863;1.389;0.00;false;false;117.2;0.90
freio;222;acrobat;-3.120;1.989;0.00;false;false;108.7;0.90
freio;223;clown;-1.863;1.389;0.00;false;false;117.1;0.90
freio;223;acrobat;-3.120;1.989;0.00;false;false;108.6;0.90
freio;224;clown;-1.863;1.389;0.00;false;false;116.9;0.90
freio;224;acrobat;-3.120;1.989;0.00;false;false;108.5;0.90
freio;225;clown;-1.863;1.389;0.00;false;false;116.9;0.90
freio;225;acrobat;-3.120;1.989;0.00;false;false;108.4;0.90
freio;226;clown;-1.863;1.389;0.00;false;false;116.8;0.89
freio;226;acrobat;-3.120;1.989;0.00;false;false;108.3;0.90
freio;227;clown;-1.863;1.389;0.00;false;false;116.7;0.89
freio;227;acrobat;-3.120;1.989;0.00;false;false;108.3;0.90
freio;228;clown;-1.863;1.389;0.00;false;false;116.6;0.89
freio;228;acrobat;-3.120;1.989;0.00;false;false;108.2;0.90
freio;229;clown;-1.863;1.389;0.00;false;false;116.6;0.89
freio;229;acrobat;-3.120;1.989;0.00;false;false;108.1;0.89
freio;230;clown;-1.863;1.389;0.00;false;false;116.5;0.89
freio;230;acrobat;-3.120;1.989;0.00;false;false;108.0;0.89
freio;231;clown;-1.863;1.389;0.00;false;false;116.4;0.89
freio;231;acrobat;-3.120;1.989;0.00;false;false;108.0;0.89
freio;232;clown;-1.863;1.389;0.00;false;false;116.3;0.89
freio;232;acrobat;-3.120;1.989;0.00;false;false;107.9;0.89
freio;233;clown;-1.863;1.389;0.00;false;false;116.3;0.89
freio;233;acrobat;-3.120;1.989;0.00;false;false;107.9;0.89
freio;234;clown;-1.863;1.389;0.00;false;false;116.3;0.89
freio;234;acrobat;-3.120;1.989;0.00;false;false;107.8;0.89
freio;235;clown;-1.863;1.389;0.00;false;false;116.2;0.89
freio;235;acrobat;-3.120;1.989;0.00;false;false;107.8;0.89
freio;236;clown;-1.863;1.389;0.00;false;false;116.2;0.88
freio;236;acrobat;-3.120;1.989;0.00;false;false;107.7;0.89
freio;237;clown;-1.863;1.389;0.00;false;false;116.2;0.88
freio;237;acrobat;-3.120;1.989;0.00;false;false;107.7;0.89
freio;238;clown;-1.863;1.389;0.00;false;false;116.2;0.88
freio;238;acrobat;-3.120;1.989;0.00;false;false;107.7;0.89
freio;239;clown;-1.863;1.389;0.00;false;false;116.2;0.88
freio;239;acrobat;-3.120;1.989;0.00;false;false;107.7;0.89
8dir;240;clown;-1.840;1.389;1.00;false;false;116.4;0.73
8dir;240;acrobat;-3.112;1.984;0.59;false;false;107.8;0.84
8dir;241;clown;-1.745;1.389;2.40;true;false;116.8;0.48
8dir;241;acrobat;-3.081;1.970;0.72;false;false;107.9;0.55
8dir;242;clown;-1.667;1.389;2.40;true;false;117.3;0.35
8dir;242;acrobat;-3.060;1.961;0.72;false;false;107.9;0.38
8dir;243;clown;-1.589;1.389;2.40;true;false;117.8;0.23
8dir;243;acrobat;-3.039;1.953;0.72;false;false;108.0;0.25
8dir;244;clown;-1.471;1.389;2.40;true;true;118.0;0.11
8dir;244;acrobat;-3.008;1.941;0.72;true;false;108.1;0.12
8dir;245;clown;-1.393;1.389;2.40;false;true;117.8;0.07
8dir;245;acrobat;-2.987;1.934;0.72;true;false;108.3;0.06
8dir;246;clown;-1.315;1.389;2.40;false;true;117.7;0.04
8dir;246;acrobat;-2.963;1.926;0.83;true;false;108.4;0.02
8dir;247;clown;-1.198;1.388;2.40;false;false;117.6;0.01
8dir;247;acrobat;-2.920;1.912;1.00;true;false;108.4;-0.02
8dir;248;clown;-1.120;1.388;2.40;false;false;117.8;-0.01
8dir;248;acrobat;-2.888;1.903;1.10;true;false;108.4;-0.04
8dir;249;clown;-1.042;1.388;2.40;true;false;118.2;-0.03
8dir;249;acrobat;-2.852;1.892;1.20;true;true;108.2;-0.04
8dir;250;clown;-0.924;1.388;2.40;true;false;119.0;-0.07
8dir;250;acrobat;-2.792;1.876;1.32;false;true;107.8;-0.05
8dir;251;clown;-0.846;1.388;2.40;true;false;118.8;-0.08
8dir;251;acrobat;-2.749;1.865;1.40;false;true;108.0;-0.04
8dir;252;clown;-0.768;1.388;2.40;false;true;118.4;-0.09
8dir;252;acrobat;-2.704;1.854;1.48;false;true;108.1;-0.03
8dir;253;clown;-0.690;1.388;2.40;false;true;118.9;-0.09
8dir;253;acrobat;-2.656;1.843;1.54;false;true;108.0;-0.02
8dir;254;clown;-0.573;1.388;2.40;false;true;119.0;-0.08
8dir;254;acrobat;-2.580;1.826;1.63;false;false;107.4;-0.00
8dir;255;clown;-0.494;1.388;2.40;false;false;118.6;-0.08
8dir;255;acrobat;-2.527;1.815;1.69;false;false;107.5;0.00
8dir;256;clown;-0.416;1.387;2.40;false;false;118.7;-0.08
8dir;256;acrobat;-2.472;1.803;1.74;false;false;107.5;0.01
8dir;257;clown;-0.338;1.387;2.40;true;false;119.1;-0.08
8dir;257;acrobat;-2.416;1.792;1.79;true;false;107.6;0.01
8dir;258;clown;-0.260;1.387;2.40;true;false;119.5;-0.10
8dir;258;acrobat;-2.358;1.781;1.83;true;false;108.0;0.01
8dir;259;clown;-0.182;1.387;2.40;true;false;119.6;-0.11
8dir;259;acrobat;-2.299;1.770;1.88;true;false;108.2;0.01
8dir;260;clown;-0.103;1.387;2.40;true;true;119.3;-0.12
8dir;260;acrobat;-2.238;1.759;1.91;true;false;108.2;0.00
8dir;261;clown;-0.025;1.387;2.40;false;true;119.5;-0.12
8dir;261;acrobat;-2.176;1.749;1.95;true;true;107.9;0.01
8dir;262;clown;0.053;1.387;2.40;false;true;119.8;-0.12
8dir;262;acrobat;-2.113;1.738;1.98;false;true;107.7;0.01
8dir;263;clown;0.131;1.387;2.40;false;true;119.7;-0.10
8dir;263;acrobat;-2.048;1.728;2.01;false;true;108.0;0.02
8dir;264;clown;0.210;1.387;2.40;false;false;119.3;-0.10
8dir;264;acrobat;-1.983;1.718;2.04;false;true;107.9;0.03
8dir;265;clown;0.288;1.386;2.40;false;false;119.4;-0.10
8dir;265;acrobat;-1.917;1.708;2.07;false;true;107.6;0.05
8dir;266;clown;0.366;1.386;2.40;true;false;119.7;-0.10
8dir;266;acrobat;-1.850;1.699;2.09;false;false;107.3;0.05
8dir;267;clown;0.484;1.386;2.40;true;false;120.5;-0.13
8dir;267;acrobat;-1.748;1.685;2.13;true;false;107.4;0.06
8dir;268;clown;0.562;1.386;2.40;true;false;120.2;-0.13
8dir;268;acrobat;-1.679;1.676;2.15;true;false;107.9;0.06
8dir;269;clown;0.641;1.386;2.40;false;true;119.7;-0.13
8dir;269;acrobat;-1.609;1.667;2.17;true;false;108.1;0.05
8dir;270;clown;0.719;1.386;2.40;false;true;120.0;-0.13
8dir;270;acrobat;-1.539;1.658;2.18;true;false;108.0;0.04
8dir;271;clown;0.837;1.386;2.40;false;true;120.3;-0.11
8dir;271;acrobat;-1.432;1.645;2.21;false;true;107.7;0.04
8dir;272;clown;0.915;1.386;2.40;false;false;119.7;-0.11
8dir;272;acrobat;-1.361;1.637;2.22;false;true;107.9;0.05
8dir;273;clown;0.993;1.386;2.40;false;false;119.8;-0.11
8dir;273;acrobat;-1.288;1.630;2.23;false;true;107.8;0.07
8dir;274;clown;1.111;1.385;2.40;true;false;120.5;-0.12
8dir;274;acrobat;-1.179;1.618;2.25;false;false;107.3;0.08
8dir;275;clown;1.190;1.385;2.40;true;false;120.7;-0.13
8dir;275;acrobat;-1.106;1.611;2.26;false;false;107.3;0.08
8dir;276;clown;1.268;1.385;2.40;true;false;120.5;-0.14
8dir;276;acrobat;-1.032;1.604;2.27;true;false;107.6;0.09
8dir;277;clown;1.386;1.385;2.40;false;true;120.2;-0.14
8dir;277;acrobat;-0.921;1.593;2.29;true;false;108.1;0.07
8dir;278;clown;1.464;1.385;2.40;false;true;120.4;-0.13
8dir;278;acrobat;-0.847;1.587;2.30;true;false;107.9;0.07
8dir;279;clown;1.543;1.385;2.40;false;true;120.3;-0.12
8dir;279;acrobat;-0.772;1.580;2.31;false;true;107.5;0.07
8dir;280;clown;1.621;1.385;2.40;false;false;119.9;-0.12
8dir;280;acrobat;-0.697;1.574;2.31;false;true;107.8;0.07
8dir;281;clown;1.700;1.385;2.40;false;false;120.1;-0.12
8dir;281;acrobat;-0.622;1.568;2.32;false;true;107.8;0.09
8dir;282;clown;1.731;1.385;1.90;true;false;119.8;-0.12
8dir;282;acrobat;-0.584;1.565;2.30;false;true;107.7;0.10
8dir;283;clown;1.768;1.384;0.90;true;false;120.2;-0.11
8dir;283;acrobat;-0.512;1.559;2.21;false;false;107.2;0.10
8dir;284;clown;1.774;1.384;0.00;true;false;120.4;-0.11
8dir;284;acrobat;-0.444;1.554;2.06;false;false;107.3;0.10
8dir;285;clown;1.774;1.384;0.00;true;false;120.8;-0.11
8dir;285;acrobat;-0.381;1.549;1.90;true;false;107.6;0.10
8dir;286;clown;1.774;1.384;0.00;true;false;121.0;-0.11
8dir;286;acrobat;-0.323;1.545;1.76;true;false;107.9;0.10
8dir;287;clown;1.774;1.384;0.00;true;false;121.0;-0.11
8dir;287;acrobat;-0.270;1.540;1.62;true;false;108.1;0.09
8dir;288;clown;1.774;1.384;0.00;true;false;121.0;-0.10
8dir;288;acrobat;-0.220;1.537;1.50;true;false;108.0;0.08
8dir;289;clown;1.774;1.384;0.00;true;false;120.9;-0.09
8dir;289;acrobat;-0.154;1.531;1.33;true;false;107.7;0.08
8dir;290;clown;1.774;1.384;0.00;true;false;120.6;-0.09
8dir;290;acrobat;-0.114;1.528;1.23;false;true;107.3;0.08
8dir;291;clown;1.774;1.384;0.00;false;false;120.0;-0.08
8dir;291;acrobat;-0.077;1.525;1.14;false;true;107.6;0.08
8dir;292;clown;1.774;1.384;0.00;false;false;119.9;-0.07
8dir;292;acrobat;-0.043;1.523;1.05;false;true;107.8;0.08
8dir;293;clown;1.774;1.384;0.00;false;false;119.8;-0.07
8dir;293;acrobat;-0.011;1.520;0.97;false;true;108.0;0.09
8dir;294;clown;1.774;1.384;0.00;false;false;119.8;-0.06
8dir;294;acrobat;0.018;1.518;0.90;false;true;108.1;0.09
8dir;295;clown;1.774;1.384;0.00;false;false;119.6;-0.05
8dir;295;acrobat;0.045;1.516;0.83;false;true;108.1;0.10
8dir;296;clown;1.774;1.384;0.00;false;false;119.4;-0.04
8dir;296;acrobat;0.081;1.513;0.74;false;true;107.9;0.11
8dir;297;clown;1.774;1.384;0.00;false;false;119.2;-0.04
8dir;297;acrobat;0.103;1.511;0.72;false;true;107.7;0.11
8dir;298;clown;1.774;1.384;0.00;false;false;119.0;-0.03
8dir;298;acrobat;0.137;1.508;0.72;false;false;107.2;0.11
8dir;299;clown;1.774;1.384;0.00;false;false;118.8;-0.03
8dir;299;acrobat;0.159;1.507;0.72;false;false;107.3;0.11
8dir;300;clown;1.798;1.408;1.41;false;false;118.7;0.14
8dir;300;acrobat;0.182;1.505;0.72;false;false;107.3;0.12
8dir;301;clown;1.850;1.460;2.40;false;false;118.7;0.25
8dir;301;acrobat;0.204;1.504;0.72;false;false;107.4;0.13
8dir;302;clown;1.933;1.543;2.40;false;true;119.1;0.35
8dir;302;acrobat;0.238;1.505;0.74;true;false;107.6;0.14
8dir;303;clown;1.988;1.598;2.40;true;true;119.5;0.40
8dir;303;acrobat;0.263;1.506;0.82;true;false;107.8;0.16
8dir;304;clown;2.043;1.654;2.40;true;true;119.7;0.43
8dir;304;acrobat;0.290;1.508;0.90;true;false;107.9;0.18
8dir;305;clown;2.099;1.709;2.40;true;true;119.9;0.45
8dir;305;acrobat;0.320;1.511;0.97;true;false;108.0;0.19
8dir;306;clown;2.182;1.793;2.40;true;false;119.5;0.45
8dir;306;acrobat;0.370;1.518;1.08;true;false;108.0;0.21
8dir;307;clown;2.238;1.848;2.40;false;false;119.5;0.45
8dir;307;acrobat;0.405;1.524;1.15;true;false;107.9;0.22
8dir;308;clown;2.293;1.904;2.40;false;false;119.7;0.46
8dir;308;acrobat;0.443;1.531;1.22;true;true;107.7;0.24
8dir;309;clown;2.349;1.959;2.40;false;false;120.0;0.46
8dir;309;acrobat;0.482;1.540;1.28;false;true;107.3;0.26
8dir;310;clown;2.376;1.987;2.40;false;true;119.9;0.46
8dir;310;acrobat;0.503;1.544;1.31;false;true;107.4;0.27
8dir;311;clown;2.460;2.071;2.40;false;true;121.0;0.47
8dir;311;acrobat;0.566;1.561;1.40;false;true;107.7;0.29
8dir;312;clown;2.516;2.127;2.40;true;true;121.0;0.47
8dir;312;acrobat;0.611;1.574;1.46;false;true;107.7;0.32
8dir;313;clown;2.600;2.211;2.40;true;false;120.9;0.47
8dir;313;acrobat;0.681;1.595;1.54;false;true;107.5;0.35
8dir;314;clown;2.655;2.266;2.40;true;false;120.9;0.46
8dir;314;acrobat;0.729;1.611;1.59;false;false;107.0;0.37
8dir;315;clown;2.711;2.322;2.40;true;false;120.6;0.45
8dir;315;acrobat;0.778;1.629;1.63;false;false;107.0;0.38
8dir;316;clown;2.767;2.378;2.40;false;false;120.4;0.44
8dir;316;acrobat;0.828;1.647;1.68;false;false;107.1;0.39
8dir;317;clown;2.823;2.434;2.40;false;false;120.5;0.44
8dir;317;acrobat;0.880;1.667;1.72;true;false;107.3;0.41
8dir;318;clown;2.879;2.490;2.40;false;true;120.7;0.44
8dir;318;acrobat;0.932;1.689;1.76;true;false;107.6;0.41
8dir;319;clown;2.935;2.546;2.40;false;true;121.3;0.45
8dir;319;acrobat;0.985;1.711;1.80;true;false;107.7;0.41
8dir;320;clown;3.019;2.631;2.40;true;true;121.8;0.46
8dir;320;acrobat;1.067;1.748;1.85;true;true;107.5;0.42
8dir;321;clown;3.075;2.687;2.40;true;true;121.7;0.46
8dir;321;acrobat;1.122;1.773;1.89;false;true;107.2;0.43
8dir;322;clown;3.131;2.743;2.40;true;false;121.3;0.45
8dir;322;acrobat;1.178;1.800;1.92;false;true;107.4;0.44
8dir;323;clown;3.216;2.828;2.40;true;false;121.2;0.43
8dir;323;acrobat;1.263;1.842;1.97;false;true;107.4;0.47
8dir;324;clown;3.272;2.884;2.40;false;false;120.8;0.43
8dir;324;acrobat;1.321;1.872;1.99;false;false;106.8;0.48
8dir;325;clown;3.328;2.940;2.40;false;false;120.8;0.43
8dir;325;acrobat;1.378;1.902;2.02;false;false;106.8;0.49
8dir;326;clown;3.384;2.996;2.40;false;true;120.9;0.43
8dir;326;acrobat;1.437;1.934;2.04;false;false;106.9;0.49
8dir;327;clown;3.468;3.080;2.40;false;true;122.1;0.43
8dir;327;acrobat;1.525;1.983;2.08;true;false;107.5;0.50
8dir;328;clown;3.524;3.136;2.40;true;true;121.9;0.44
8dir;328;acrobat;1.584;2.017;2.10;true;false;107.7;0.49
8dir;329;clown;3.580;3.192;2.40;true;true;121.7;0.44
8dir;329;acrobat;1.643;2.052;2.12;true;false;107.5;0.49
8dir;330;clown;3.664;3.276;2.40;true;false;121.7;0.43
8dir;330;acrobat;1.733;2.106;2.14;false;true;107.2;0.50
8dir;331;clown;3.748;3.361;2.40;false;false;121.2;0.42
8dir;331;acrobat;1.823;2.162;2.17;false;true;107.5;0.52
8dir;332;clown;3.805;3.417;2.40;false;false;121.1;0.42
8dir;332;acrobat;1.884;2.200;2.18;false;true;107.2;0.54
8dir;333;clown;3.861;3.473;2.40;false;false;121.1;0.42
8dir;333;acrobat;1.944;2.238;2.20;false;false;106.8;0.54
8dir;334;clown;3.917;3.529;2.40;false;true;121.3;0.42
8dir;334;acrobat;2.004;2.278;2.21;false;false;106.8;0.55
8dir;335;clown;4.003;3.616;2.40;false;true;121.9;0.43
8dir;335;acrobat;2.096;2.339;2.24;true;false;107.4;0.55
8dir;336;clown;4.061;3.674;2.40;true;true;121.3;0.44
8dir;336;acrobat;2.157;2.380;2.25;true;false;107.6;0.54
8dir;337;clown;4.119;3.732;2.40;true;false;120.9;0.44
8dir;337;acrobat;2.218;2.422;2.27;true;false;107.5;0.54
8dir;338;clown;4.177;3.790;2.40;true;false;120.7;0.43
8dir;338;acrobat;2.280;2.465;2.28;false;true;107.0;0.55
8dir;339;clown;4.264;3.877;2.40;false;false;120.2;0.41
8dir;339;acrobat;2.372;2.530;2.30;false;true;107.6;0.55
8dir;340;clown;4.322;3.935;2.40;false;false;120.1;0.41
8dir;340;acrobat;2.434;2.575;2.32;false;true;107.4;0.57
8dir;341;clown;4.380;3.993;2.40;false;true;119.9;0.41
8dir;341;acrobat;2.496;2.620;2.33;false;false;106.9;0.58
8dir;342;clown;4.417;4.031;0.28;true;true;120.5;0.43
8dir;342;acrobat;2.586;2.686;2.18;true;false;107.2;0.58
8dir;343;clown;4.417;4.031;0.00;true;true;120.8;0.47
8dir;343;acrobat;2.640;2.726;2.01;true;false;107.6;0.58
8dir;344;clown;4.417;4.031;0.00;true;true;120.8;0.51
8dir;344;acrobat;2.691;2.763;1.86;true;false;107.8;0.58
8dir;345;clown;4.417;4.031;0.00;true;true;120.9;0.55
8dir;345;acrobat;2.737;2.797;1.71;true;false;107.8;0.57
8dir;346;clown;4.417;4.031;0.00;true;true;121.3;0.61
8dir;346;acrobat;2.800;2.844;1.52;true;false;107.5;0.57
8dir;347;clown;4.417;4.031;0.00;true;true;121.2;0.61
8dir;347;acrobat;2.837;2.871;1.40;false;true;107.3;0.57
8dir;348;clown;4.417;4.031;0.00;true;true;121.1;0.62
8dir;348;acrobat;2.872;2.897;1.29;false;true;107.6;0.57
8dir;349;clown;4.417;4.031;0.00;true;false;120.6;0.62
8dir;349;acrobat;2.904;2.921;1.19;false;true;107.8;0.57
8dir;350;clown;4.417;4.031;0.00;true;false;120.6;0.63
8dir;350;acrobat;2.934;2.943;1.10;false;true;107.9;0.58
8dir;351;clown;4.417;4.031;0.00;false;false;120.5;0.64
8dir;351;acrobat;2.961;2.963;1.01;false;true;107.9;0.58
8dir;352;clown;4.417;4.031;0.00;false;false;120.7;0.64
8dir;352;acrobat;2.998;2.990;0.90;false;true;107.7;0.59
8dir;353;clown;4.417;4.031;0.00;false;false;120.6;0.65
8dir;353;acrobat;3.020;3.006;0.83;false;true;107.5;0.59
8dir;354;clown;4.417;4.031;0.00;false;false;120.7;0.65
8dir;354;acrobat;3.050;3.028;0.74;false;false;107.1;0.59
8dir;355;clown;4.417;4.031;0.00;false;false;120.6;0.66
8dir;355;acrobat;3.069;3.041;0.72;false;false;107.2;0.59
8dir;356;clown;4.417;4.031;0.00;false;false;120.6;0.66
8dir;356;acrobat;3.096;3.062;0.72;false;false;107.3;0.59
8dir;357;clown;4.417;4.031;0.00;false;false;120.4;0.67
8dir;357;acrobat;3.115;3.075;0.72;true;false;107.4;0.59
8dir;358;clown;4.417;4.031;0.00;false;false;120.3;0.73
8dir;358;acrobat;3.133;3.089;0.72;true;false;107.6;0.59
8dir;359;clown;4.417;4.031;0.00;true;false;120.3;0.79
8dir;359;acrobat;3.161;3.109;0.72;true;false;107.8;0.59
8dir;360;clown;4.418;4.060;1.00;true;false;119.7;0.81
8dir;360;acrobat;3.179;3.123;0.72;true;false;107.9;0.59
8dir;361;clown;4.418;4.122;2.00;true;false;119.1;0.81
8dir;361;acrobat;3.197;3.137;0.72;true;false;108.0;0.59
8dir;362;clown;4.418;4.206;2.40;true;true;118.5;0.80
8dir;362;acrobat;3.215;3.152;0.72;true;false;108.0;0.60
8dir;363;clown;4.418;4.331;2.40;false;true;117.0;0.77
8dir;363;acrobat;3.240;3.176;0.72;true;false;107.9;0.61
8dir;364;clown;4.418;4.414;2.40;false;true;116.6;0.76
8dir;364;acrobat;3.256;3.193;0.72;true;false;107.8;0.63
8dir;365;clown;4.418;4.539;2.40;false;false;115.5;0.76
8dir;365;acrobat;3.282;3.222;0.85;false;true;107.4;0.65
8dir;366;clown;4.418;4.622;2.40;true;false;115.2;0.76
8dir;366;acrobat;3.300;3.244;0.93;false;true;107.7;0.67
8dir;367;clown;4.418;4.704;2.40;true;false;115.4;0.76
8dir;367;acrobat;3.320;3.270;1.02;false;true;108.1;0.68
8dir;368;clown;4.418;4.828;2.40;true;true;114.8;0.75
8dir;368;acrobat;3.351;3.313;1.13;false;true;108.5;0.71
8dir;369;clown;4.419;4.911;2.40;true;true;114.6;0.75
8dir;369;acrobat;3.373;3.345;1.21;false;true;108.6;0.73
8dir;370;clown;4.419;4.994;2.40;false;true;113.9;0.74
8dir;370;acrobat;3.395;3.379;1.28;false;true;108.7;0.74
8dir;371;clown;4.419;5.076;2.40;false;true;113.3;0.74
8dir;371;acrobat;3.417;3.416;1.34;false;true;108.6;0.75
8dir;372;clown;4.419;5.159;2.40;false;false;112.7;0.74
8dir;372;acrobat;3.440;3.456;1.41;false;false;108.2;0.76
8dir;373;clown;4.419;5.242;2.40;true;false;112.8;0.74
8dir;373;acrobat;3.463;3.498;1.47;true;false;108.4;0.77
8dir;374;clown;4.419;5.326;2.40;true;false;112.9;0.73
8dir;374;acrobat;3.487;3.543;1.53;true;false;108.9;0.78
8dir;375;clown;4.419;5.409;2.40;true;false;112.8;0.73
8dir;375;acrobat;3.511;3.590;1.58;true;false;109.3;0.79
8dir;376;clown;4.419;5.534;2.40;false;true;111.5;0.72
8dir;376;acrobat;3.547;3.666;1.66;true;false;109.6;0.79
8dir;377;clown;4.418;5.617;2.40;false;true;111.9;0.72
8dir;377;acrobat;3.571;3.719;1.70;true;false;109.5;0.79
8dir;378;clown;4.418;5.699;2.40;false;true;112.1;0.72
8dir;378;acrobat;3.594;3.773;1.74;false;false;108.9;0.80
8dir;379;clown;4.418;5.822;2.40;false;false;111.2;0.72
8dir;379;acrobat;3.629;3.857;1.80;false;true;109.5;0.80
8dir;380;clown;4.418;5.946;2.40;true;false;111.4;0.72
8dir;380;acrobat;3.662;3.945;1.85;false;true;110.0;0.82
8dir;381;clown;4.418;6.028;2.40;true;false;111.8;0.72
8dir;381;acrobat;3.684;4.005;1.88;false;true;110.0;0.82
8dir;382;clown;4.417;6.109;2.40;true;false;111.9;0.71
8dir;382;acrobat;3.706;4.067;1.91;false;true;109.7;0.83
8dir;383;clown;4.417;6.189;2.40;true;false;111.8;0.71
8dir;383;acrobat;3.728;4.131;1.93;true;false;109.1;0.83
8dir;384;clown;4.416;6.269;2.40;false;true;111.8;0.71
8dir;384;acrobat;3.749;4.197;1.95;true;false;109.4;0.83
8dir;385;clown;4.416;6.390;2.40;false;true;112.1;0.71
8dir;385;acrobat;3.780;4.296;1.97;true;false;109.5;0.83
8dir;386;clown;4.415;6.470;2.40;false;true;112.3;0.71
8dir;386;acrobat;3.799;4.364;1.99;true;false;109.2;0.83
8dir;387;clown;4.414;6.550;2.40;false;false;111.9;0.71
8dir;387;acrobat;3.819;4.432;2.01;false;true;108.6;0.83
8dir;388;clown;4.413;6.667;2.40;true;false;112.3;0.71
8dir;388;acrobat;3.847;4.535;2.02;false;true;108.9;0.84
8dir;389;clown;4.412;6.746;2.40;true;false;113.2;0.71
8dir;389;acrobat;3.864;4.604;2.03;false;true;108.7;0.84
8dir;390;clown;4.411;6.824;2.40;true;false;113.5;0.71
8dir;390;acrobat;3.882;4.672;2.04;false;true;108.1;0.84
8dir;391;clown;4.410;6.941;2.40;false;true;112.7;0.71
8dir;391;acrobat;3.906;4.777;2.06;true;false;107.8;0.84
8dir;392;clown;4.409;7.019;2.40;false;true;113.6;0.71
8dir;392;acrobat;3.922;4.847;2.07;true;false;107.7;0.84
8dir;393;clown;4.408;7.096;2.40;false;true;114.4;0.71
8dir;393;acrobat;3.938;4.918;2.07;true;true;107.4;0.84
8dir;394;clown;4.407;7.172;2.40;false;true;114.5;0.71
8dir;394;acrobat;3.952;4.989;2.08;true;true;107.1;0.84
8dir;395;clown;4.406;7.249;2.40;false;false;114.3;0.71
8dir;395;acrobat;3.967;5.060;2.09;false;true;106.7;0.84
8dir;396;clown;4.406;7.326;2.40;true;false;114.8;0.71
8dir;396;acrobat;3.981;5.132;2.09;false;true;106.4;0.85
8dir;397;clown;4.404;7.441;2.40;true;false;115.6;0.71
8dir;397;acrobat;4.002;5.240;2.10;false;false;105.7;0.85
8dir;398;clown;4.403;7.517;2.40;true;false;116.2;0.72
8dir;398;acrobat;4.014;5.313;2.10;true;false;105.7;0.85
8dir;399;clown;4.402;7.593;2.40;true;false;116.2;0.72
8dir;399;acrobat;4.027;5.385;2.10;true;false;105.8;0.85
8dir;400;clown;4.401;7.670;2.40;false;true;116.0;0.72
8dir;400;acrobat;4.038;5.458;2.11;true;false;105.7;0.84
8dir;401;clown;4.400;7.746;2.40;false;true;117.1;0.72
8dir;401;acrobat;4.050;5.531;2.11;true;true;105.3;0.84
8dir;402;clown;4.399;7.812;0.90;false;true;117.5;0.72
8dir;402;acrobat;4.066;5.637;2.00;false;true;105.4;0.84
8dir;403;clown;4.398;7.819;0.00;true;true;117.9;0.74
8dir;403;acrobat;4.075;5.703;1.86;false;true;105.3;0.85
8dir;404;clown;4.398;7.819;0.00;true;true;118.2;0.76
8dir;404;acrobat;4.084;5.764;1.70;false;true;105.1;0.85
8dir;405;clown;4.398;7.819;0.00;true;true;118.4;0.78
8dir;405;acrobat;4.092;5.821;1.56;false;true;104.9;0.85
8dir;406;clown;4.398;7.819;0.00;true;true;118.8;0.80
8dir;406;acrobat;4.100;5.873;1.43;false;false;104.5;0.85
8dir;407;clown;4.398;7.819;0.00;true;false;118.6;0.81
8dir;407;acrobat;4.107;5.921;1.31;false;false;104.5;0.85
8dir;408;clown;4.398;7.819;0.00;true;false;118.9;0.82
8dir;408;acrobat;4.116;5.987;1.14;true;false;104.8;0.85
8dir;409;clown;4.398;7.819;0.00;true;false;119.3;0.82
8dir;409;acrobat;4.122;6.026;1.04;true;false;105.0;0.85
8dir;410;clown;4.398;7.819;0.00;true;false;119.6;0.83
8dir;410;acrobat;4.126;6.058;0.95;true;false;105.2;0.85
8dir;411;clown;4.398;7.819;0.00;true;false;119.9;0.83
8dir;411;acrobat;4.130;6.088;0.88;true;false;105.3;0.85
8dir;412;clown;4.398;7.819;0.00;false;false;119.7;0.83
8dir;412;acrobat;4.134;6.115;0.81;true;false;105.3;0.85
8dir;413;clown;4.398;7.819;0.00;false;false;120.0;0.83
8dir;413;acrobat;4.137;6.140;0.75;true;false;105.2;0.85
8dir;414;clown;4.398;7.819;0.00;false;false;120.2;0.83
8dir;414;acrobat;4.141;6.164;0.72;true;false;105.1;0.85
8dir;415;clown;4.398;7.819;0.00;false;false;120.5;0.83
8dir;415;acrobat;4.144;6.187;0.72;true;false;105.0;0.85
8dir;416;clown;4.398;7.819;0.00;false;false;120.7;0.84
8dir;416;acrobat;4.147;6.211;0.72;false;false;104.6;0.85
8dir;417;clown;4.398;7.819;0.00;false;false;120.9;0.84
8dir;417;acrobat;4.150;6.236;0.72;false;true;104.8;0.85
8dir;418;clown;4.398;7.819;0.00;false;false;120.9;0.84
8dir;418;acrobat;4.152;6.249;0.72;false;true;104.9;0.85
8dir;419;clown;4.398;7.819;0.00;false;false;121.1;0.84
8dir;419;acrobat;4.157;6.289;0.72;false;true;105.3;0.85
8dir;420;clown;4.369;7.847;1.41;false;false;120.7;0.80
8dir;420;acrobat;4.160;6.316;0.72;false;true;105.4;0.85
8dir;421;clown;4.313;7.902;2.40;false;false;120.2;0.76
8dir;421;acrobat;4.163;6.343;0.72;false;true;105.5;0.85
8dir;422;clown;4.254;7.960;2.40;false;true;119.9;0.71
8dir;422;acrobat;4.164;6.370;0.72;false;true;105.5;0.85
8dir;423;clown;4.195;8.018;2.40;true;true;119.7;0.66
8dir;423;acrobat;4.164;6.398;0.72;false;true;105.4;0.86
8dir;424;clown;4.135;8.076;2.40;true;true;119.0;0.62
8dir;424;acrobat;4.163;6.425;0.72;false;true;105.3;0.86
8dir;425;clown;4.076;8.134;2.40;true;true;119.0;0.60
8dir;425;acrobat;4.161;6.453;0.72;false;true;105.1;0.86
8dir;426;clown;4.018;8.191;2.40;true;false;118.4;0.58
8dir;426;acrobat;4.158;6.483;0.79;false;false;104.7;0.86
8dir;427;clown;3.960;8.247;2.40;false;false;118.1;0.57
8dir;427;acrobat;4.154;6.515;0.86;true;false;104.8;0.86
8dir;428;clown;3.902;8.304;2.40;false;false;118.2;0.56
8dir;428;acrobat;4.149;6.545;0.94;true;false;105.1;0.86
8dir;429;clown;3.844;8.362;2.40;false;false;118.4;0.55
8dir;429;acrobat;4.143;6.578;1.02;true;false;105.4;0.86
8dir;430;clown;3.785;8.419;2.40;false;true;118.5;0.54
8dir;430;acrobat;4.136;6.613;1.10;true;false;105.6;0.85
8dir;431;clown;3.727;8.476;2.40;false;true;119.1;0.53
8dir;431;acrobat;4.127;6.651;1.17;true;false;105.7;0.85
8dir;432;clown;3.669;8.533;2.40;true;true;119.3;0.52
8dir;432;acrobat;4.117;6.691;1.24;true;false;105.7;0.85
8dir;433;clown;3.610;8.590;2.40;true;true;119.2;0.51
8dir;433;acrobat;4.104;6.735;1.30;true;false;105.6;0.85
8dir;434;clown;3.552;8.647;2.40;true;false;118.9;0.51
8dir;434;acrobat;4.091;6.781;1.36;true;true;105.3;0.85
8dir;435;clown;3.467;8.730;2.40;true;false;118.7;0.51
8dir;435;acrobat;4.067;6.852;1.43;false;true;105.4;0.84
8dir;436;clown;3.410;8.786;2.40;false;false;118.7;0.51
8dir;436;acrobat;4.050;6.901;1.48;false;true;105.5;0.84
8dir;437;clown;3.354;8.841;2.40;false;false;119.0;0.50
8dir;437;acrobat;4.031;6.951;1.52;false;true;105.5;0.83
8dir;438;clown;3.297;8.897;2.40;false;false;119.2;0.50
8dir;438;acrobat;4.011;7.003;1.57;false;true;105.4;0.82
8dir;439;clown;3.239;8.953;2.40;false;true;119.6;0.50
8dir;439;acrobat;3.990;7.053;1.61;false;true;105.2;0.82
8dir;440;clown;3.012;9.176;2.40;true;false;120.0;0.48
8dir;440;acrobat;3.896;7.264;1.77;true;false;105.5;0.81
8dir;441;clown;2.928;9.259;2.40;false;false;119.7;0.48
8dir;441;acrobat;3.856;7.344;1.82;true;false;105.7;0.81
8dir;442;clown;2.872;9.313;2.40;false;false;120.0;0.48
8dir;442;acrobat;3.828;7.399;1.85;true;false;105.4;0.80
8dir;443;clown;2.816;9.368;2.40;false;false;120.2;0.48
8dir;443;acrobat;3.798;7.457;1.87;false;true;105.1;0.80
8dir;444;clown;2.759;9.424;2.40;false;true;120.4;0.48
8dir;444;acrobat;3.768;7.513;1.90;false;true;105.4;0.79
8dir;445;clown;2.730;9.452;2.40;false;true;120.7;0.48
8dir;445;acrobat;3.753;7.541;1.92;false;true;105.4;0.79
8dir;446;clown;2.674;9.507;2.40;false;true;121.3;0.47
8dir;446;acrobat;3.721;7.597;1.95;false;true;105.6;0.78
8dir;447;clown;2.617;9.563;2.40;true;true;121.4;0.46
8dir;447;acrobat;3.689;7.653;1.97;false;true;105.4;0.77
8dir;448;clown;2.561;9.618;2.40;true;true;121.6;0.46
8dir;448;acrobat;3.655;7.710;2.00;false;false;105.1;0.77
8dir;449;clown;2.504;9.674;2.40;true;false;121.1;0.46
8dir;449;acrobat;3.620;7.769;2.02;true;false;105.1;0.76
8dir;450;clown;2.447;9.729;2.40;true;false;120.9;0.47
8dir;450;acrobat;3.584;7.828;2.04;true;false;105.5;0.76
8dir;451;clown;2.392;9.783;2.40;false;false;120.9;0.47
8dir;451;acrobat;3.547;7.887;2.05;true;false;105.7;0.77
8dir;452;clown;2.337;9.837;2.40;false;false;121.1;0.47
8dir;452;acrobat;3.510;7.947;2.06;true;false;105.5;0.77
8dir;453;clown;2.280;9.894;2.40;false;false;121.2;0.46
8dir;453;acrobat;3.472;8.005;2.08;true;false;105.2;0.77
8dir;454;clown;2.222;9.951;2.40;false;true;121.5;0.46
8dir;454;acrobat;3.433;8.063;2.11;false;true;105.0;0.76
8dir;455;clown;2.165;10.006;2.40;false;true;122.1;0.45
8dir;455;acrobat;3.396;8.120;2.13;false;true;105.5;0.76
8dir;456;clown;2.109;10.061;2.40;true;true;122.0;0.44
8dir;456;acrobat;3.358;8.177;2.15;false;true;105.6;0.75
8dir;457;clown;2.051;10.118;2.40;true;true;122.1;0.44
8dir;457;acrobat;3.319;8.234;2.17;false;true;105.5;0.74
8dir;458;clown;1.993;10.174;2.40;true;false;121.5;0.45
8dir;458;acrobat;3.279;8.291;2.20;false;false;105.2;0.74
8dir;459;clown;1.908;10.258;2.40;false;false;121.2;0.45
8dir;459;acrobat;3.215;8.382;2.22;true;false;105.7;0.73
8dir;460;clown;1.852;10.313;2.40;false;false;121.4;0.45
8dir;460;acrobat;3.172;8.442;2.22;true;false;106.0;0.74
8dir;461;clown;1.796;10.369;2.40;false;false;121.4;0.45
8dir;461;acrobat;3.129;8.502;2.23;true;false;106.0;0.74
8dir;462;clown;1.762;10.402;0.99;false;true;121.4;0.45
8dir;462;acrobat;3.087;8.559;2.17;true;false;105.8;0.74
8dir;463;clown;1.757;10.406;0.00;false;true;121.5;0.48
8dir;463;acrobat;3.047;8.613;2.02;false;true;105.6;0.74
8dir;464;clown;1.757;10.406;0.00;false;true;121.3;0.51
8dir;464;acrobat;3.010;8.663;1.87;false;true;105.9;0.74
8dir;465;clown;1.757;10.406;0.00;false;true;121.1;0.54
8dir;465;acrobat;2.975;8.709;1.72;false;true;106.1;0.73
8dir;466;clown;1.757;10.406;0.00;false;true;120.7;0.56
8dir;466;acrobat;2.945;8.750;1.59;false;true;106.2;0.73
8dir;467;clown;1.757;10.406;0.00;false;true;120.4;0.58
8dir;467;acrobat;2.932;8.769;1.53;false;true;106.0;0.72
8dir;468;clown;1.757;10.406;0.00;false;true;120.1;0.60
8dir;468;acrobat;2.906;8.804;1.42;false;false;105.5;0.72
8dir;469;clown;1.757;10.406;0.00;false;true;119.9;0.60
8dir;469;acrobat;2.882;8.836;1.32;false;false;105.6;0.72
8dir;470;clown;1.757;10.406;0.00;false;true;119.8;0.61
8dir;470;acrobat;2.860;8.867;1.23;false;false;105.7;0.72
8dir;471;clown;1.757;10.406;0.00;false;false;119.3;0.61
8dir;471;acrobat;2.826;8.912;1.09;true;false;106.1;0.72
8dir;472;clown;1.757;10.406;0.00;false;false;119.3;0.62
8dir;472;acrobat;2.806;8.940;1.01;true;false;106.3;0.73
8dir;473;clown;1.757;10.406;0.00;false;false;119.2;0.63
8dir;473;acrobat;2.788;8.964;0.93;true;false;106.4;0.73
8dir;474;clown;1.757;10.406;0.00;false;false;119.3;0.63
8dir;474;acrobat;2.773;8.984;0.86;true;false;106.4;0.73
8dir;475;clown;1.757;10.406;0.00;false;false;119.3;0.64
8dir;475;acrobat;2.758;9.004;0.80;true;false;106.4;0.74
8dir;476;clown;1.757;10.406;0.00;false;false;119.2;0.64
8dir;476;acrobat;2.744;9.022;0.75;true;false;106.3;0.74
8dir;477;clown;1.757;10.406;0.00;false;false;119.3;0.64
8dir;477;acrobat;2.725;9.047;0.72;true;false;106.2;0.74
8dir;478;clown;1.757;10.406;0.00;false;false;119.3;0.65
8dir;478;acrobat;2.712;9.064;0.72;true;false;106.0;0.74
8dir;479;clown;1.757;10.406;0.00;false;false;119.2;0.65
8dir;479;acrobat;2.706;9.072;0.72;false;false;105.6;0.74
8dir;480;clown;1.727;10.406;1.00;false;false;119.2;0.51
8dir;480;acrobat;2.693;9.089;0.72;false;false;105.7;0.74
8dir;481;clown;1.664;10.406;2.00;false;false;119.1;0.38
8dir;481;acrobat;2.679;9.105;0.72;false;true;105.9;0.74
8dir;482;clown;1.581;10.406;2.40;false;true;119.1;0.26
8dir;482;acrobat;2.665;9.122;0.72;false;true;106.2;0.73
8dir;483;clown;1.456;10.405;2.40;true;true;119.3;0.11
8dir;483;acrobat;2.639;9.148;0.82;false;true;106.5;0.71
8dir;484;clown;1.377;10.405;2.40;true;true;119.4;0.05
8dir;484;acrobat;2.618;9.169;0.88;false;true;106.6;0.70
8dir;485;clown;1.295;10.405;2.40;true;false;119.0;0.02
8dir;485;acrobat;2.594;9.190;0.95;false;true;106.7;0.68
8dir;486;clown;1.213;10.405;2.40;true;false;118.7;0.01
8dir;486;acrobat;2.568;9.213;1.02;false;true;106.7;0.66
8dir;487;clown;1.089;10.406;2.40;false;false;118.4;-0.01
8dir;487;acrobat;2.524;9.248;1.11;false;true;106.5;0.64
8dir;488;clown;1.007;10.406;2.40;false;false;118.4;-0.02
8dir;488;acrobat;2.492;9.271;1.17;false;false;106.0;0.62
8dir;489;clown;0.932;10.406;2.40;false;true;118.8;-0.03
8dir;489;acrobat;2.460;9.294;1.22;true;false;106.3;0.61
8dir;490;clown;0.856;10.406;2.40;false;true;119.6;-0.05
8dir;490;acrobat;2.429;9.316;1.28;true;false;106.7;0.59
8dir;491;clown;0.777;10.407;2.40;false;true;119.9;-0.07
8dir;491;acrobat;2.395;9.338;1.34;true;false;107.0;0.58
8dir;492;clown;0.698;10.407;2.40;true;true;119.8;-0.08
8dir;492;acrobat;2.358;9.361;1.40;true;false;107.2;0.58
8dir;493;clown;0.619;10.407;2.40;true;false;119.6;-0.08
8dir;493;acrobat;2.316;9.386;1.45;true;false;107.1;0.57
8dir;494;clown;0.540;10.408;2.40;true;false;120.0;-0.08
8dir;494;acrobat;2.271;9.412;1.50;true;false;106.9;0.56
8dir;495;clown;0.464;10.408;2.40;true;false;120.0;-0.07
8dir;495;acrobat;2.226;9.437;1.53;false;false;106.3;0.55
8dir;496;clown;0.390;10.409;2.40;false;false;119.7;-0.07
8dir;496;acrobat;2.179;9.462;1.56;false;true;106.5;0.54
8dir;497;clown;0.314;10.410;2.40;false;false;119.8;-0.07
8dir;497;acrobat;2.131;9.485;1.60;false;true;106.8;0.53
8dir;498;clown;0.200;10.410;2.40;false;true;120.7;-0.08
8dir;498;acrobat;2.058;9.520;1.65;false;true;107.1;0.49
8dir;499;clown;0.124;10.411;2.40;false;true;121.2;-0.09
8dir;499;acrobat;2.006;9.543;1.68;false;true;107.0;0.47
8dir;500;clown;0.048;10.412;2.40;false;true;121.3;-0.11
8dir;500;acrobat;1.954;9.566;1.71;false;true;106.7;0.46
8dir;501;clown;-0.028;10.412;2.40;true;true;120.9;-0.11
8dir;501;acrobat;1.903;9.587;1.75;false;false;106.4;0.45
8dir;502;clown;-0.105;10.413;2.40;true;false;121.1;-0.11
8dir;502;acrobat;1.852;9.609;1.78;true;false;106.7;0.44
8dir;503;clown;-0.182;10.413;2.40;true;false;121.5;-0.11
8dir;503;acrobat;1.798;9.629;1.82;true;false;107.1;0.44
8dir;504;clown;-0.295;10.414;2.40;true;false;121.6;-0.09
8dir;504;acrobat;1.716;9.660;1.87;true;false;107.3;0.44
8dir;505;clown;-0.371;10.415;2.40;false;false;121.2;-0.10
8dir;505;acrobat;1.658;9.681;1.89;true;false;107.1;0.43
8dir;506;clown;-0.447;10.415;2.40;false;true;121.4;-0.10
8dir;506;acrobat;1.596;9.703;1.91;false;false;106.4;0.43
8dir;507;clown;-0.524;10.416;2.40;false;true;121.9;-0.10
8dir;507;acrobat;1.533;9.724;1.93;false;true;106.5;0.42
8dir;508;clown;-0.646;10.417;2.40;false;true;122.3;-0.13
8dir;508;acrobat;1.445;9.752;1.98;false;true;107.1;0.40
8dir;509;clown;-0.725;10.417;2.40;true;true;121.7;-0.13
8dir;509;acrobat;1.387;9.770;2.02;false;true;107.2;0.38
8dir;510;clown;-0.804;10.417;2.40;true;false;121.7;-0.13
8dir;510;acrobat;1.328;9.788;2.05;false;true;107.1;0.37
8dir;511;clown;-0.883;10.418;2.40;true;false;121.8;-0.12
8dir;511;acrobat;1.265;9.807;2.08;false;false;106.8;0.36
8dir;512;clown;-1.001;10.418;2.40;true;false;121.8;-0.11
8dir;512;acrobat;1.164;9.835;2.11;true;false;107.2;0.35
8dir;513;clown;-1.083;10.418;2.40;false;false;121.2;-0.11
8dir;513;acrobat;1.096;9.853;2.13;true;false;107.4;0.35
8dir;514;clown;-1.166;10.419;2.40;false;true;121.0;-0.11
8dir;514;acrobat;1.027;9.871;2.15;true;false;107.4;0.36
8dir;515;clown;-1.248;10.419;2.40;false;true;121.3;-0.12
8dir;515;acrobat;0.964;9.886;2.18;false;false;106.9;0.35
8dir;516;clown;-1.331;10.419;2.40;false;true;121.4;-0.13
8dir;516;acrobat;0.900;9.902;2.22;false;true;107.4;0.35
8dir;517;clown;-1.413;10.419;2.40;false;true;121.0;-0.14
8dir;517;acrobat;0.831;9.918;2.24;false;true;107.9;0.34
8dir;518;clown;-1.495;10.419;2.40;true;false;120.4;-0.14
8dir;518;acrobat;0.760;9.934;2.26;false;true;108.1;0.32
8dir;519;clown;-1.619;10.419;2.40;true;false;120.7;-0.14
8dir;519;acrobat;0.654;9.957;2.29;false;false;107.6;0.30
8dir;520;clown;-1.702;10.419;2.40;true;false;120.0;-0.12
8dir;520;acrobat;0.582;9.972;2.31;true;false;107.8;0.30
8dir;521;clown;-1.786;10.419;2.40;false;false;119.1;-0.12
8dir;521;acrobat;0.509;9.986;2.33;true;false;108.5;0.29
8dir;522;clown;-1.845;10.419;1.40;false;true;119.0;-0.12
8dir;522;acrobat;0.438;10.000;2.30;true;false;108.9;0.30
8dir;523;clown;-1.872;10.419;0.40;false;true;118.9;-0.11
8dir;523;acrobat;0.370;10.013;2.19;true;false;108.9;0.31
8dir;524;clown;-1.872;10.419;0.00;true;true;119.7;-0.05
8dir;524;acrobat;0.277;10.031;1.95;false;true;108.5;0.30
8dir;525;clown;-1.872;10.419;0.00;true;true;119.8;-0.01
8dir;525;acrobat;0.220;10.041;1.81;false;true;109.1;0.30
8dir;526;clown;-1.872;10.419;0.00;true;true;119.7;0.03
8dir;526;acrobat;0.169;10.051;1.68;false;true;109.5;0.30
8dir;527;clown;-1.872;10.419;0.00;true;true;119.6;0.07
8dir;527;acrobat;0.121;10.061;1.56;false;true;109.7;0.28
8dir;528;clown;-1.872;10.419;0.00;true;true;119.4;0.09
8dir;528;acrobat;0.077;10.069;1.44;false;true;109.8;0.28
8dir;529;clown;-1.872;10.419;0.00;true;true;119.1;0.10
8dir;529;acrobat;0.015;10.081;1.29;false;false;109.1;0.27
8dir;530;clown;-1.872;10.419;0.00;true;false;118.5;0.10
8dir;530;acrobat;-0.023;10.089;1.19;false;false;109.2;0.27
8dir;531;clown;-1.872;10.419;0.00;true;false;118.3;0.10
8dir;531;acrobat;-0.059;10.096;1.10;true;false;109.4;0.27
8dir;532;clown;-1.872;10.419;0.00;false;false;118.0;0.11
8dir;532;acrobat;-0.092;10.102;1.02;true;false;109.7;0.27
8dir;533;clown;-1.872;10.419;0.00;false;false;117.9;0.11
8dir;533;acrobat;-0.122;10.108;0.94;true;false;109.9;0.27
8dir;534;clown;-1.872;10.419;0.00;false;false;117.8;0.11
8dir;534;acrobat;-0.150;10.114;0.87;true;false;110.1;0.28
8dir;535;clown;-1.872;10.419;0.00;false;false;117.7;0.11
8dir;535;acrobat;-0.188;10.121;0.77;true;false;110.2;0.28
8dir;536;clown;-1.872;10.419;0.00;false;false;117.6;0.11
8dir;536;acrobat;-0.211;10.126;0.72;true;false;110.2;0.29
8dir;537;clown;-1.872;10.419;0.00;false;false;117.4;0.11
8dir;537;acrobat;-0.234;10.131;0.72;true;false;110.1;0.30
8dir;538;clown;-1.872;10.419;0.00;false;false;117.1;0.11
8dir;538;acrobat;-0.268;10.138;0.72;true;false;109.9;0.30
8dir;539;clown;-1.872;10.419;0.00;false;false;117.0;0.20
8dir;539;acrobat;-0.291;10.142;0.72;false;false;109.3;0.30
8dir;540;clown;-1.900;10.391;1.41;false;false;116.8;-0.01
8dir;540;acrobat;-0.314;10.147;0.72;false;false;109.4;0.30
8dir;541;clown;-1.926;10.365;2.12;false;false;116.5;-0.09
8dir;541;acrobat;-0.325;10.148;0.72;false;false;109.5;0.29
8dir;542;clown;-2.015;10.278;2.40;false;true;116.3;-0.28
8dir;542;acrobat;-0.358;10.153;0.72;false;true;109.8;0.27
8dir;543;clown;-2.074;10.219;2.40;true;true;116.3;-0.37
8dir;543;acrobat;-0.381;10.154;0.73;false;true;110.1;0.25
8dir;544;clown;-2.133;10.161;2.40;true;true;116.0;-0.44
8dir;544;acrobat;-0.404;10.155;0.82;false;true;110.4;0.23
8dir;545;clown;-2.222;10.073;2.40;true;false;115.1;-0.48
8dir;545;acrobat;-0.444;10.155;0.94;false;true;110.5;0.19
8dir;546;clown;-2.281;10.014;2.40;true;false;114.5;-0.49
8dir;546;acrobat;-0.474;10.153;1.03;false;true;110.7;0.16
8dir;547;clown;-2.340;9.956;2.40;false;false;114.1;-0.50
8dir;547;acrobat;-0.508;10.150;1.11;false;true;110.6;0.13
8dir;548;clown;-2.400;9.897;2.40;false;false;114.0;-0.51
8dir;548;acrobat;-0.547;10.146;1.17;false;true;110.5;0.11
8dir;549;clown;-2.459;9.839;2.40;false;false;113.8;-0.51
8dir;549;acrobat;-0.588;10.140;1.24;false;false;110.0;0.09
8dir;550;clown;-2.518;9.781;2.40;false;true;113.9;-0.52
8dir;550;acrobat;-0.631;10.133;1.30;true;false;110.3;0.07
8dir;551;clown;-2.604;9.695;2.40;true;true;114.1;-0.54
8dir;551;acrobat;-0.697;10.120;1.38;true;false;110.7;0.03
8dir;552;clown;-2.661;9.639;2.40;true;true;114.0;-0.55
8dir;552;acrobat;-0.744;10.109;1.44;true;false;111.0;0.02
8dir;553;clown;-2.718;9.582;2.40;true;false;113.7;-0.55
8dir;553;acrobat;-0.791;10.097;1.49;true;false;111.1;0.02
8dir;554;clown;-2.801;9.499;2.40;true;false;113.4;-0.54
8dir;554;acrobat;-0.865;10.077;1.55;true;false;110.7;-0.00
8dir;555;clown;-2.855;9.446;2.40;false;false;113.4;-0.54
8dir;555;acrobat;-0.915;10.062;1.59;false;false;110.3;-0.02
8dir;556;clown;-2.936;9.367;2.40;false;false;113.6;-0.55
8dir;556;acrobat;-0.991;10.037;1.64;false;true;110.8;-0.04
8dir;557;clown;-2.989;9.314;2.40;false;true;113.8;-0.55
8dir;557;acrobat;-1.044;10.019;1.67;false;true;111.1;-0.06
8dir;558;clown;-3.036;9.267;2.40;false;true;114.5;-0.56
8dir;558;acrobat;-1.100;9.998;1.68;false;true;111.0;-0.08
8dir;559;clown;-3.083;9.221;2.40;false;true;114.9;-0.57
8dir;559;acrobat;-1.155;9.977;1.68;false;true;110.7;-0.11
8dir;560;clown;-3.130;9.174;2.40;true;true;114.9;-0.57
8dir;560;acrobat;-1.211;9.955;1.68;false;true;110.2;-0.12
8dir;561;clown;-3.177;9.127;2.40;true;false;115.0;-0.57
8dir;561;acrobat;-1.266;9.932;1.69;true;false;109.6;-0.13
8dir;562;clown;-3.224;9.080;2.40;true;false;115.2;-0.56
8dir;562;acrobat;-1.321;9.908;1.69;true;false;109.8;-0.14
8dir;563;clown;-3.269;9.035;2.40;true;false;115.2;-0.56
8dir;563;acrobat;-1.376;9.884;1.69;true;false;109.9;-0.14
8dir;564;clown;-3.313;8.991;2.40;false;false;115.3;-0.56
8dir;564;acrobat;-1.431;9.859;1.69;true;false;109.8;-0.14
8dir;565;clown;-3.357;8.948;2.40;false;true;115.8;-0.56
8dir;565;acrobat;-1.485;9.834;1.68;true;false;109.4;-0.14
8dir;566;clown;-3.401;8.904;2.40;false;true;116.5;-0.57
8dir;566;acrobat;-1.539;9.808;1.68;false;false;108.5;-0.14
8dir;567;clown;-3.446;8.860;2.40;true;true;116.7;-0.58
8dir;567;acrobat;-1.592;9.782;1.68;false;true;108.5;-0.15
8dir;568;clown;-3.512;8.794;2.40;true;false;117.0;-0.58
8dir;568;acrobat;-1.673;9.742;1.68;false;true;108.5;-0.17
8dir;569;clown;-3.556;8.751;2.40;true;false;117.2;-0.57
8dir;569;acrobat;-1.727;9.714;1.67;false;true;108.3;-0.19
8dir;570;clown;-3.600;8.707;2.40;true;false;117.1;-0.57
8dir;570;acrobat;-1.780;9.686;1.67;false;true;107.9;-0.20
8dir;571;clown;-3.644;8.663;2.40;false;true;117.3;-0.57
8dir;571;acrobat;-1.833;9.657;1.67;true;true;107.3;-0.21
8dir;572;clown;-3.666;8.641;2.40;false;true;117.6;-0.57
8dir;572;acrobat;-1.859;9.643;1.67;true;false;106.9;-0.21
8dir;573;clown;-3.710;8.598;2.40;false;true;118.3;-0.57
8dir;573;acrobat;-1.912;9.614;1.67;true;false;106.9;-0.22
8dir;574;clown;-3.755;8.553;2.40;false;true;118.6;-0.58
8dir;574;acrobat;-1.964;9.584;1.67;true;false;106.8;-0.21
8dir;575;clown;-3.802;8.506;2.40;true;true;118.5;-0.58
8dir;575;acrobat;-2.016;9.554;1.68;true;false;106.5;-0.21
8dir;576;clown;-3.849;8.459;2.40;true;false;118.7;-0.58
8dir;576;acrobat;-2.069;9.523;1.69;true;false;106.1;-0.21
8dir;577;clown;-3.920;8.388;2.40;true;false;119.2;-0.58
8dir;577;acrobat;-2.146;9.478;1.71;false;false;105.3;-0.22
8dir;578;clown;-3.967;8.341;2.40;true;false;119.1;-0.57
8dir;578;acrobat;-2.197;9.446;1.72;false;true;105.4;-0.22
8dir;579;clown;-4.019;8.290;2.40;false;true;118.9;-0.57
8dir;579;acrobat;-2.249;9.414;1.75;false;true;105.6;-0.23
8dir;580;clown;-4.074;8.236;2.40;false;true;119.4;-0.58
8dir;580;acrobat;-2.301;9.381;1.78;false;true;105.6;-0.24
8dir;581;clown;-4.156;8.155;2.40;false;true;119.5;-0.59
8dir;581;acrobat;-2.381;9.330;1.83;false;true;105.2;-0.26
8dir;582;clown;-4.186;8.125;0.99;false;true;119.5;-0.59
8dir;582;acrobat;-2.433;9.296;1.77;false;false;104.4;-0.27
8dir;583;clown;-4.189;8.122;0.00;true;true;119.8;-0.58
8dir;583;acrobat;-2.482;9.264;1.64;true;false;104.5;-0.27
8dir;584;clown;-4.189;8.122;0.00;true;false;119.8;-0.57
8dir;584;acrobat;-2.505;9.249;1.57;true;false;104.7;-0.27
8dir;585;clown;-4.189;8.122;0.00;true;false;120.5;-0.56
8dir;585;acrobat;-2.546;9.223;1.44;true;false;105.0;-0.27
8dir;586;clown;-4.189;8.122;0.00;true;false;121.4;-0.55
8dir;586;acrobat;-2.597;9.189;1.29;true;false;105.1;-0.26
8dir;587;clown;-4.189;8.122;0.00;true;false;121.9;-0.54
8dir;587;acrobat;-2.627;9.168;1.20;true;false;105.1;-0.25
8dir;588;clown;-4.189;8.122;0.00;true;false;122.1;-0.53
8dir;588;acrobat;-2.656;9.150;1.11;true;false;105.0;-0.25
8dir;589;clown;-4.189;8.122;0.00;true;false;122.1;-0.53
8dir;589;acrobat;-2.682;9.132;1.03;false;false;104.5;-0.25
8dir;590;clown;-4.189;8.122;0.00;true;false;122.2;-0.53
8dir;590;acrobat;-2.706;9.117;0.96;false;false;104.6;-0.25
8dir;591;clown;-4.189;8.122;0.00;true;false;122.2;-0.53
8dir;591;acrobat;-2.728;9.102;0.89;false;false;104.7;-0.25
8dir;592;clown;-4.189;8.122;0.00;false;false;121.9;-0.53
8dir;592;acrobat;-2.749;9.088;0.83;false;true;104.9;-0.25
8dir;593;clown;-4.189;8.122;0.00;false;false;122.0;-0.53
8dir;593;acrobat;-2.768;9.076;0.77;false;true;105.2;-0.25
8dir;594;clown;-4.189;8.122;0.00;false;false;122.0;-0.53
8dir;594;acrobat;-2.786;9.064;0.72;false;true;105.4;-0.25
8dir;595;clown;-4.189;8.122;0.00;false;false;122.1;-0.53
8dir;595;acrobat;-2.803;9.053;0.72;false;true;105.5;-0.25
8dir;596;clown;-4.189;8.122;0.00;false;false;122.2;-0.52
8dir;596;acrobat;-2.818;9.043;0.72;false;true;105.6;-0.26
8dir;597;clown;-4.189;8.122;0.00;false;false;122.2;-0.52
8dir;597;acrobat;-2.834;9.034;0.72;false;true;105.6;-0.26
8dir;598;clown;-4.189;8.122;0.00;false;false;122.1;-0.52
8dir;598;acrobat;-2.849;9.024;0.72;false;true;105.6;-0.26
8dir;599;clown;-4.189;8.122;0.00;false;false;122.1;-0.52
8dir;599;acrobat;-2.865;9.014;0.72;false;true;105.5;-0.27
8dir;600;clown;-4.190;8.104;1.00;false;false;121.5;-0.60
8dir;600;acrobat;-2.881;9.004;0.72;false;true;105.3;-0.27
8dir;601;clown;-4.190;8.054;2.00;false;false;120.9;-0.65
8dir;601;acrobat;-2.896;8.994;0.72;false;false;104.9;-0.27
8dir;602;clown;-4.190;7.979;2.40;false;true;120.2;-0.67
8dir;602;acrobat;-2.910;8.984;0.72;false;false;105.0;-0.28
8dir;603;clown;-4.190;7.898;2.40;false;true;119.6;-0.69
8dir;603;acrobat;-2.924;8.973;0.72;false;false;105.2;-0.30
8dir;604;clown;-4.191;7.820;2.40;true;true;119.1;-0.71
8dir;604;acrobat;-2.937;8.962;0.73;false;false;105.3;-0.31
8dir;605;clown;-4.191;7.744;2.40;true;true;118.9;-0.71
8dir;605;acrobat;-2.951;8.949;0.81;false;false;105.4;-0.33
8dir;606;clown;-4.192;7.631;2.40;true;false;118.5;-0.71
8dir;606;acrobat;-2.973;8.928;0.93;true;false;105.5;-0.35
8dir;607;clown;-4.193;7.555;2.40;true;false;118.1;-0.72
8dir;607;acrobat;-2.986;8.913;1.02;true;false;105.7;-0.37
8dir;608;clown;-4.194;7.478;2.40;false;false;117.8;-0.72
8dir;608;acrobat;-3.001;8.896;1.11;true;false;106.0;-0.38
8dir;609;clown;-4.194;7.396;2.40;false;false;117.5;-0.72
8dir;609;acrobat;-3.017;8.876;1.21;true;false;106.2;-0.39
8dir;610;clown;-4.195;7.315;2.40;false;true;117.3;-0.72
8dir;610;acrobat;-3.034;8.853;1.30;true;false;106.3;-0.40
8dir;611;clown;-4.196;7.235;2.40;false;true;117.6;-0.72
8dir;611;acrobat;-3.052;8.829;1.39;true;false;106.4;-0.41
8dir;612;clown;-4.197;7.155;2.40;false;true;117.6;-0.72
8dir;612;acrobat;-3.071;8.801;1.47;true;true;106.3;-0.42
8dir;613;clown;-4.198;7.075;2.40;true;true;117.2;-0.72
8dir;613;acrobat;-3.091;8.771;1.55;false;true;106.2;-0.43
8dir;614;clown;-4.199;6.996;2.40;true;false;116.8;-0.72
8dir;614;acrobat;-3.111;8.739;1.62;false;true;106.6;-0.45
8dir;615;clown;-4.201;6.872;2.40;true;false;116.0;-0.73
8dir;615;acrobat;-3.142;8.687;1.73;false;true;106.9;-0.47
8dir;616;clown;-4.202;6.789;2.40;false;false;115.3;-0.73
8dir;616;acrobat;-3.163;8.649;1.81;false;true;106.8;-0.49
8dir;617;clown;-4.203;6.706;2.40;false;false;115.1;-0.73
8dir;617;acrobat;-3.185;8.609;1.87;true;false;106.7;-0.49
8dir;618;clown;-4.204;6.623;2.40;false;true;114.8;-0.73
8dir;618;acrobat;-3.207;8.566;1.94;true;false;107.4;-0.50
8dir;619;clown;-4.205;6.540;2.40;false;true;115.0;-0.73
8dir;619;acrobat;-3.229;8.523;2.00;true;false;107.9;-0.51
8dir;620;clown;-4.206;6.457;2.40;false;true;114.8;-0.73
8dir;620;acrobat;-3.250;8.477;2.06;true;false;108.2;-0.51
8dir;621;clown;-4.207;6.374;2.40;true;true;114.2;-0.73
8dir;621;acrobat;-3.272;8.429;2.12;true;true;108.2;-0.51
8dir;622;clown;-4.209;6.249;2.40;true;false;113.2;-0.73
8dir;622;acrobat;-3.305;8.353;2.20;false;true;108.7;-0.53
8dir;623;clown;-4.210;6.166;2.40;true;false;112.8;-0.73
8dir;623;acrobat;-3.327;8.301;2.25;false;true;109.1;-0.54
8dir;624;clown;-4.211;6.083;2.40;true;false;112.1;-0.73
8dir;624;acrobat;-3.348;8.247;2.30;false;true;109.2;-0.55
8dir;625;clown;-4.212;6.000;2.40;false;true;111.5;-0.73
8dir;625;acrobat;-3.370;8.191;2.35;true;false;109.2;-0.56
8dir;626;clown;-4.212;5.917;2.40;false;true;111.7;-0.73
8dir;626;acrobat;-3.391;8.134;2.39;true;false;110.1;-0.56
8dir;627;clown;-4.214;5.793;2.40;false;true;111.2;-0.73
8dir;627;acrobat;-3.422;8.046;2.40;true;false;110.7;-0.56
8dir;628;clown;-4.214;5.710;2.40;false;true;110.7;-0.73
8dir;628;acrobat;-3.443;7.984;2.40;true;true;110.9;-0.57
8dir;629;clown;-4.215;5.627;2.40;true;false;110.0;-0.73
8dir;629;acrobat;-3.463;7.921;2.40;false;true;111.3;-0.57
8dir;630;clown;-4.216;5.502;2.40;true;false;109.8;-0.73
8dir;630;acrobat;-3.493;7.825;2.40;false;true;111.5;-0.59
8dir;631;clown;-4.216;5.420;2.40;true;false;109.8;-0.73
8dir;631;acrobat;-3.514;7.760;2.40;false;false;111.4;-0.59
8dir;632;clown;-4.217;5.340;2.40;true;false;109.5;-0.73
8dir;632;acrobat;-3.533;7.693;2.40;true;false;111.8;-0.59
8dir;633;clown;-4.217;5.259;2.40;false;true;109.1;-0.73
8dir;633;acrobat;-3.553;7.626;2.40;true;false;112.5;-0.60
8dir;634;clown;-4.217;5.177;2.40;false;true;109.3;-0.73
8dir;634;acrobat;-3.571;7.559;2.40;true;false;113.0;-0.60
8dir;635;clown;-4.218;5.095;2.40;false;true;109.3;-0.73
8dir;635;acrobat;-3.591;7.486;2.40;true;false;112.9;-0.60
8dir;636;clown;-4.218;5.012;2.40;false;true;109.0;-0.73
8dir;636;acrobat;-3.611;7.411;2.40;false;false;112.3;-0.60
8dir;637;clown;-4.218;4.891;2.40;true;false;108.2;-0.73
8dir;637;acrobat;-3.638;7.301;2.40;false;true;112.9;-0.60
8dir;638;clown;-4.218;4.811;2.40;true;false;108.7;-0.73
8dir;638;acrobat;-3.656;7.228;2.40;false;true;113.3;-0.61
8dir;639;clown;-4.219;4.731;2.40;true;false;108.8;-0.73
8dir;639;acrobat;-3.674;7.154;2.40;false;true;113.3;-0.62
8dir;640;clown;-4.219;4.651;2.40;true;false;108.6;-0.73
8dir;640;acrobat;-3.690;7.080;2.40;false;false;112.8;-0.62
8dir;641;clown;-4.219;4.531;2.40;false;true;107.8;-0.73
8dir;641;acrobat;-3.715;6.967;2.40;true;false;113.2;-0.62
8dir;642;clown;-4.219;4.476;1.40;false;true;108.3;-0.73
8dir;642;acrobat;-3.732;6.886;2.40;true;false;113.2;-0.62
8dir;643;clown;-4.219;4.454;0.40;false;true;108.7;-0.73
8dir;643;acrobat;-3.749;6.804;2.40;true;false;112.8;-0.62
8dir;644;clown;-4.219;4.454;0.00;true;true;108.9;-0.71
8dir;644;acrobat;-3.766;6.726;2.29;false;false;112.0;-0.62
8dir;645;clown;-4.219;4.454;0.00;true;true;109.2;-0.70
8dir;645;acrobat;-3.781;6.654;2.11;false;true;112.2;-0.62
8dir;646;clown;-4.219;4.454;0.00;true;true;109.4;-0.68
8dir;646;acrobat;-3.795;6.587;1.94;false;true;112.6;-0.62
8dir;647;clown;-4.219;4.454;0.00;true;true;109.7;-0.66
8dir;647;acrobat;-3.808;6.526;1.78;false;true;112.6;-0.62
8dir;648;clown;-4.219;4.454;0.00;true;true;110.0;-0.64
8dir;648;acrobat;-3.820;6.469;1.64;false;true;112.5;-0.63
8dir;649;clown;-4.219;4.454;0.00;true;false;109.8;-0.63
8dir;649;acrobat;-3.837;6.389;1.44;false;false;111.1;-0.62
8dir;650;clown;-4.219;4.454;0.00;true;false;110.2;-0.63
8dir;650;acrobat;-3.848;6.339;1.31;true;false;111.1;-0.62
8dir;651;clown;-4.219;4.454;0.00;true;false;110.7;-0.63
8dir;651;acrobat;-3.857;6.294;1.20;true;false;111.3;-0.62
8dir;652;clown;-4.219;4.454;0.00;false;false;110.8;-0.62
8dir;652;acrobat;-3.866;6.251;1.09;true;false;111.4;-0.62
8dir;653;clown;-4.219;4.454;0.00;false;false;111.2;-0.62
8dir;653;acrobat;-3.879;6.193;0.94;true;false;111.1;-0.62
8dir;654;clown;-4.219;4.454;0.00;false;false;111.6;-0.62
8dir;654;acrobat;-3.886;6.158;0.85;true;true;111.0;-0.62
8dir;655;clown;-4.219;4.454;0.00;false;false;112.0;-0.62
8dir;655;acrobat;-3.893;6.125;0.77;true;true;110.8;-0.62
8dir;656;clown;-4.219;4.454;0.00;false;false;112.3;-0.61
8dir;656;acrobat;-3.900;6.094;0.72;true;true;110.7;-0.62
8dir;657;clown;-4.219;4.454;0.00;false;false;112.6;-0.61
8dir;657;acrobat;-3.907;6.063;0.72;true;true;110.7;-0.62
8dir;658;clown;-4.219;4.454;0.00;false;false;112.9;-0.61
8dir;658;acrobat;-3.913;6.033;0.72;false;true;110.4;-0.62
8dir;659;clown;-4.219;4.454;0.00;false;false;113.2;-0.61
8dir;659;acrobat;-3.920;6.002;0.72;false;true;110.3;-0.62
8dir;660;clown;-4.171;4.405;2.12;false;false;112.7;-0.58
8dir;660;acrobat;-3.929;5.955;0.72;false;true;110.0;-0.62
8dir;661;clown;-4.115;4.349;2.40;false;true;112.5;-0.56
8dir;661;acrobat;-3.933;5.924;0.72;false;true;109.9;-0.62
8dir;662;clown;-4.060;4.294;2.40;false;true;112.4;-0.55
8dir;662;acrobat;-3.937;5.894;0.72;false;true;109.8;-0.63
8dir;663;clown;-4.005;4.238;2.40;true;true;112.3;-0.54
8dir;663;acrobat;-3.939;5.863;0.72;false;false;109.3;-0.63
8dir;664;clown;-3.921;4.155;2.40;true;true;112.0;-0.53
8dir;664;acrobat;-3.941;5.817;0.72;true;false;109.2;-0.63
8dir;665;clown;-3.866;4.099;2.40;true;false;111.8;-0.53
8dir;665;acrobat;-3.940;5.787;0.73;true;false;109.5;-0.63
8dir;666;clown;-3.810;4.044;2.40;true;false;111.7;-0.53
8dir;666;acrobat;-3.939;5.755;0.80;true;false;109.8;-0.63
8dir;667;clown;-3.727;3.960;2.40;false;false;111.5;-0.52
8dir;667;acrobat;-3.935;5.703;0.90;true;false;109.7;-0.63
8dir;668;clown;-3.672;3.905;2.40;false;false;111.7;-0.52
8dir;668;acrobat;-3.931;5.666;0.96;true;false;109.7;-0.63
8dir;669;clown;-3.616;3.849;2.40;false;true;112.1;-0.52
8dir;669;acrobat;-3.925;5.628;1.02;true;false;109.6;-0.63
8dir;670;clown;-3.561;3.793;2.40;false;true;112.5;-0.51
8dir;670;acrobat;-3.918;5.588;1.08;true;true;109.5;-0.63
8dir;671;clown;-3.506;3.738;2.40;false;true;112.5;-0.51
8dir;671;acrobat;-3.910;5.546;1.14;true;true;109.2;-0.62
8dir;672;clown;-3.450;3.682;2.40;true;true;112.5;-0.51
8dir;672;acrobat;-3.900;5.502;1.19;false;true;108.8;-0.62
8dir;673;clown;-3.367;3.599;2.40;true;false;112.4;-0.52
8dir;673;acrobat;-3.883;5.433;1.27;false;true;108.7;-0.61
8dir;674;clown;-3.311;3.543;2.40;true;false;112.4;-0.53
8dir;674;acrobat;-3.871;5.390;1.33;false;true;108.8;-0.61
8dir;675;clown;-3.256;3.487;2.40;false;false;112.2;-0.53
8dir;675;acrobat;-3.857;5.345;1.38;false;true;108.8;-0.60
8dir;676;clown;-3.173;3.404;2.40;false;false;112.2;-0.54
8dir;676;acrobat;-3.834;5.275;1.46;false;false;108.0;-0.59
8dir;677;clown;-3.117;3.348;2.40;false;true;112.7;-0.54
8dir;677;acrobat;-3.817;5.227;1.51;false;false;108.2;-0.58
8dir;678;clown;-3.062;3.293;2.40;false;true;113.1;-0.53
8dir;678;acrobat;-3.798;5.177;1.56;false;false;108.3;-0.58
8dir;679;clown;-3.006;3.237;2.40;false;true;113.2;-0.53
8dir;679;acrobat;-3.777;5.124;1.60;true;false;108.3;-0.57
8dir;680;clown;-2.951;3.181;2.40;true;true;113.0;-0.53
8dir;680;acrobat;-3.755;5.070;1.64;true;false;108.5;-0.57
8dir;681;clown;-2.895;3.125;2.40;true;false;113.0;-0.53
8dir;681;acrobat;-3.732;5.016;1.67;true;false;108.6;-0.57
8dir;682;clown;-2.840;3.070;2.40;true;false;113.1;-0.54
8dir;682;acrobat;-3.708;4.961;1.71;true;false;108.5;-0.57
8dir;683;clown;-2.784;3.014;2.40;true;false;113.0;-0.55
8dir;683;acrobat;-3.684;4.910;1.74;true;true;108.4;-0.57
8dir;684;clown;-2.701;2.930;2.40;false;false;112.8;-0.56
8dir;684;acrobat;-3.645;4.830;1.80;false;true;108.1;-0.56
8dir;685;clown;-2.645;2.875;2.40;false;true;113.0;-0.56
8dir;685;acrobat;-3.618;4.776;1.84;false;true;108.3;-0.56
8dir;686;clown;-2.590;2.819;2.40;false;true;113.6;-0.56
8dir;686;acrobat;-3.589;4.720;1.87;false;true;108.3;-0.54
8dir;687;clown;-2.506;2.735;2.40;false;true;113.6;-0.54
8dir;687;acrobat;-3.544;4.636;1.92;false;false;107.6;-0.53
8dir;688;clown;-2.451;2.679;2.40;true;true;113.5;-0.54
8dir;688;acrobat;-3.513;4.580;1.94;false;false;107.8;-0.53
8dir;689;clown;-2.395;2.624;2.40;true;false;113.6;-0.55
8dir;689;acrobat;-3.481;4.523;1.97;true;false;107.9;-0.52
8dir;690;clown;-2.340;2.568;2.40;true;false;113.7;-0.56
8dir;690;acrobat;-3.448;4.465;1.99;true;false;108.3;-0.52
8dir;691;clown;-2.284;2.512;2.40;true;false;113.5;-0.57
8dir;691;acrobat;-3.414;4.408;2.02;true;false;108.6;-0.53
8dir;692;clown;-2.200;2.428;2.40;false;false;113.2;-0.57
8dir;692;acrobat;-3.362;4.322;2.05;true;false;108.3;-0.53
8dir;693;clown;-2.145;2.372;2.40;false;true;113.5;-0.57
8dir;693;acrobat;-3.326;4.265;2.08;false;true;108.0;-0.52
8dir;694;clown;-2.061;2.288;2.40;false;true;113.9;-0.56
8dir;694;acrobat;-3.271;4.177;2.11;false;true;108.4;-0.52
8dir;695;clown;-2.005;2.232;2.40;false;true;114.0;-0.55
8dir;695;acrobat;-3.233;4.119;2.13;false;true;108.4;-0.50
8dir;696;clown;-1.949;2.176;2.40;true;true;114.0;-0.55
8dir;696;acrobat;-3.195;4.060;2.14;false;false;107.9;-0.49
8dir;697;clown;-1.866;2.092;2.40;true;false;113.8;-0.56
8dir;697;acrobat;-3.136;3.972;2.17;false;false;107.9;-0.49
8dir;698;clown;-1.810;2.036;2.40;true;false;113.7;-0.57
8dir;698;acrobat;-3.096;3.913;2.18;true;false;108.2;-0.49
8dir;699;clown;-1.754;1.980;2.40;false;false;113.4;-0.57
8dir;699;acrobat;-3.055;3.853;2.20;true;false;108.6;-0.49
8dir;700;clown;-1.698;1.924;2.40;false;false;113.5;-0.58
8dir;700;acrobat;-3.013;3.794;2.21;true;false;108.7;-0.50
8dir;701;clown;-1.642;1.868;2.40;false;true;113.6;-0.58
8dir;701;acrobat;-2.971;3.734;2.23;true;true;108.4;-0.49
8dir;702;clown;-1.611;1.837;0.99;false;true;113.9;-0.57
8dir;702;acrobat;-2.930;3.676;2.16;false;true;108.3;-0.49
8dir;703;clown;-1.608;1.834;0.00;false;true;114.2;-0.56
8dir;703;acrobat;-2.891;3.622;2.00;false;true;108.6;-0.49
8dir;704;clown;-1.608;1.834;0.00;false;true;114.3;-0.54
8dir;704;acrobat;-2.855;3.572;1.85;false;true;108.6;-0.48
8dir;705;clown;-1.608;1.834;0.00;false;true;114.1;-0.52
8dir;705;acrobat;-2.807;3.504;1.64;false;false;107.9;-0.47
8dir;706;clown;-1.608;1.834;0.00;false;true;114.0;-0.50
8dir;706;acrobat;-2.777;3.463;1.51;false;false;108.0;-0.47
8dir;707;clown;-1.608;1.834;0.00;false;true;114.0;-0.49
8dir;707;acrobat;-2.750;3.425;1.40;false;false;108.1;-0.47
8dir;708;clown;-1.608;1.834;0.00;false;true;114.0;-0.49
8dir;708;acrobat;-2.714;3.374;1.24;true;false;108.5;-0.47
8dir;709;clown;-1.608;1.834;0.00;false;false;113.7;-0.49
8dir;709;acrobat;-2.692;3.343;1.14;true;false;108.8;-0.47
8dir;710;clown;-1.608;1.834;0.00;false;false;113.9;-0.49
8dir;710;acrobat;-2.672;3.315;1.06;true;false;108.9;-0.47
8dir;711;clown;-1.608;1.834;0.00;false;false;114.0;-0.49
8dir;711;acrobat;-2.653;3.288;0.98;true;false;108.9;-0.48
8dir;712;clown;-1.608;1.834;0.00;false;false;114.2;-0.49
8dir;712;acrobat;-2.636;3.264;0.90;true;false;108.9;-0.48
8dir;713;clown;-1.608;1.834;0.00;false;false;114.3;-0.49
8dir;713;acrobat;-2.620;3.242;0.83;true;false;108.8;-0.48
8dir;714;clown;-1.608;1.834;0.00;false;false;114.4;-0.49
8dir;714;acrobat;-2.606;3.221;0.77;true;false;108.6;-0.48
8dir;715;clown;-1.608;1.834;0.00;false;false;114.5;-0.49
8dir;715;acrobat;-2.592;3.202;0.72;true;false;108.5;-0.48
8dir;716;clown;-1.608;1.834;0.00;false;false;114.6;-0.49
8dir;716;acrobat;-2.572;3.174;0.72;false;true;108.2;-0.48
8dir;717;clown;-1.608;1.834;0.00;false;false;114.7;-0.49
8dir;717;acrobat;-2.559;3.156;0.72;false;true;108.5;-0.48
8dir;718;clown;-1.608;1.834;0.00;false;false;114.8;-0.49
8dir;718;acrobat;-2.546;3.137;0.72;false;true;108.7;-0.48
8dir;719;clown;-1.608;1.834;0.00;true;true;114.9;-0.20
8dir;719;acrobat;-2.526;3.109;0.72;false;true;108.9;-0.48
tab;720;clown;-1.637;1.872;0.72;true;true;115.6;0.66
tab;720;acrobat;-2.502;3.083;1.41;false;true;108.9;-0.44
tab;721;clown;-1.652;1.893;0.09;true;true;115.9;0.82
tab;721;acrobat;-2.422;3.003;2.40;false;false;107.9;-0.43
tab;722;clown;-1.652;1.893;0.00;true;true;115.8;0.82
tab;722;acrobat;-2.366;2.947;2.40;true;false;108.0;-0.42
tab;723;clown;-1.652;1.893;0.00;true;true;115.8;0.82
tab;723;acrobat;-2.311;2.891;2.40;true;false;108.4;-0.42
tab;724;clown;-1.652;1.893;0.00;true;true;115.8;0.82
tab;724;acrobat;-2.255;2.835;2.40;true;false;108.6;-0.43
tab;725;clown;-1.652;1.893;0.00;true;true;116.0;0.82
tab;725;acrobat;-2.199;2.779;2.40;true;false;108.4;-0.44
tab;726;clown;-1.652;1.893;0.00;true;false;115.7;0.82
tab;726;acrobat;-2.144;2.724;2.40;false;true;107.7;-0.44
tab;727;clown;-1.652;1.893;0.00;false;false;115.9;0.82
tab;727;acrobat;-2.088;2.668;2.40;false;true;108.2;-0.45
tab;728;clown;-1.652;1.893;0.00;false;false;116.0;0.82
tab;728;acrobat;-2.060;2.640;2.40;false;true;108.3;-0.45
tab;729;clown;-1.652;1.893;0.00;false;false;116.3;0.82
tab;729;acrobat;-2.005;2.584;2.40;false;true;108.3;-0.44
tab;730;clown;-1.652;1.893;0.00;false;false;116.6;0.81
tab;730;acrobat;-1.921;2.500;2.40;false;false;107.5;-0.44
tab;731;clown;-1.652;1.893;0.00;false;false;116.8;0.81
tab;731;acrobat;-1.865;2.444;2.40;true;false;107.6;-0.44
tab;732;clown;-1.652;1.893;0.00;false;false;117.0;0.81
tab;732;acrobat;-1.810;2.388;2.40;true;false;108.0;-0.45
tab;733;clown;-1.652;1.893;0.00;false;false;117.1;0.81
tab;733;acrobat;-1.754;2.333;2.40;true;false;108.2;-0.46
tab;734;clown;-1.652;1.893;0.00;false;false;117.2;0.81
tab;734;acrobat;-1.698;2.277;2.40;true;false;108.0;-0.47
tab;735;clown;-1.652;1.893;0.00;false;false;117.4;0.81
tab;735;acrobat;-1.642;2.221;2.40;false;true;107.4;-0.48
tab;736;clown;-1.652;1.893;0.00;false;false;117.6;0.81
tab;736;acrobat;-1.587;2.165;2.40;false;true;107.8;-0.48
tab;737;clown;-1.652;1.893;0.00;false;false;117.7;0.81
tab;737;acrobat;-1.503;2.081;2.40;false;true;107.8;-0.47
tab;738;clown;-1.652;1.893;0.00;false;false;117.9;0.82
tab;738;acrobat;-1.447;2.025;2.40;false;true;107.5;-0.47
tab;739;clown;-1.652;1.893;0.00;false;false;118.0;0.84
tab;739;acrobat;-1.363;1.940;2.40;true;false;107.4;-0.48
tab;740;clown;-1.652;1.893;0.00;false;false;118.2;0.84
tab;740;acrobat;-1.307;1.884;2.40;true;false;107.7;-0.49
tab;741;clown;-1.652;1.893;0.00;false;false;118.3;0.85
tab;741;acrobat;-1.251;1.828;2.40;true;false;107.7;-0.50
tab;742;clown;-1.652;1.893;0.00;false;false;118.4;0.85
tab;742;acrobat;-1.195;1.772;2.40;true;false;107.4;-0.51
tab;743;clown;-1.652;1.893;0.00;false;false;118.6;0.86
tab;743;acrobat;-1.139;1.716;2.40;false;true;107.0;-0.51
tab;744;clown;-1.652;1.893;0.00;false;false;118.6;0.86
tab;744;acrobat;-1.055;1.631;2.40;false;true;107.5;-0.51
tab;745;clown;-1.652;1.893;0.00;false;false;118.7;0.86
tab;745;acrobat;-1.000;1.575;2.40;false;true;107.4;-0.50
tab;746;clown;-1.652;1.893;0.00;false;false;118.8;0.86
tab;746;acrobat;-0.944;1.519;2.40;false;true;107.1;-0.50
tab;747;clown;-1.652;1.893;0.00;false;false;118.9;0.86
tab;747;acrobat;-0.887;1.463;2.40;true;false;106.7;-0.51
tab;748;clown;-1.652;1.893;0.00;false;false;119.0;0.86
tab;748;acrobat;-0.831;1.406;2.40;true;false;107.1;-0.51
tab;749;clown;-1.652;1.893;0.00;false;false;119.0;0.86
tab;749;acrobat;-0.747;1.322;2.40;true;false;107.2;-0.53
tab;750;clown;-1.652;1.893;0.00;false;false;119.1;0.86
tab;750;acrobat;-0.691;1.265;2.40;true;false;106.9;-0.54
tab;751;clown;-1.652;1.893;0.00;false;false;119.2;0.86
tab;751;acrobat;-0.635;1.209;2.40;false;true;106.5;-0.54
tab;752;clown;-1.652;1.893;0.00;false;false;119.2;0.86
tab;752;acrobat;-0.579;1.152;2.40;false;true;106.9;-0.54
tab;753;clown;-1.652;1.893;0.00;false;false;119.2;0.86
tab;753;acrobat;-0.494;1.068;2.40;false;true;106.9;-0.53
tab;754;clown;-1.635;1.880;0.72;false;false;118.8;0.69
tab;754;acrobat;-0.438;1.011;2.40;false;true;106.6;-0.53
tab;755;clown;-1.616;1.866;0.72;false;false;118.3;0.45
tab;755;acrobat;-0.382;0.955;2.40;true;false;106.2;-0.53
tab;756;clown;-1.598;1.852;0.72;false;false;117.8;0.25
tab;756;acrobat;-0.325;0.901;1.70;true;false;106.6;-0.48
tab;757;clown;-1.570;1.832;0.72;true;false;117.2;0.04
tab;757;acrobat;-0.241;0.901;1.70;true;false;107.2;-0.33
tab;758;clown;-1.551;1.818;0.72;true;false;117.2;-0.05
tab;758;acrobat;-0.184;0.901;1.70;true;false;107.3;-0.27
tab;759;clown;-1.532;1.806;0.72;true;false;117.3;-0.11
tab;759;acrobat;-0.128;0.901;1.70;true;true;107.3;-0.21
tab;760;clown;-1.503;1.787;0.72;true;false;117.4;-0.17
tab;760;acrobat;-0.044;0.901;1.70;false;true;107.5;-0.15
tab;761;clown;-1.482;1.775;0.77;true;true;117.4;-0.19
tab;761;acrobat;0.013;0.901;1.70;false;true;107.8;-0.12
tab;762;clown;-1.460;1.761;0.82;true;true;117.3;-0.20
tab;762;acrobat;0.069;0.901;1.70;false;true;107.8;-0.09
tab;763;clown;-1.423;1.741;0.90;true;true;117.3;-0.21
tab;763;acrobat;0.154;0.901;1.70;false;false;107.4;-0.07
tab;764;clown;-1.397;1.727;0.95;false;true;117.0;-0.21
tab;764;acrobat;0.210;0.901;1.70;false;false;107.5;-0.06
tab;765;clown;-1.354;1.705;1.02;false;true;117.1;-0.19
tab;765;acrobat;0.295;0.901;1.70;true;false;107.8;-0.06
tab;766;clown;-1.323;1.690;1.06;false;true;117.1;-0.18
tab;766;acrobat;0.351;0.901;1.70;true;false;108.3;-0.06
tab;767;clown;-1.292;1.675;1.10;false;true;117.1;-0.17
tab;767;acrobat;0.408;0.901;1.70;true;false;108.6;-0.07
tab;768;clown;-1.258;1.660;1.14;false;true;116.9;-0.16
tab;768;acrobat;0.464;0.895;1.76;true;false;108.7;-0.10
tab;769;clown;-1.224;1.644;1.19;false;false;116.5;-0.15
tab;769;acrobat;0.523;0.876;1.92;true;false;108.4;-0.16
tab;770;clown;-1.187;1.628;1.25;false;false;116.6;-0.14
tab;770;acrobat;0.584;0.840;2.19;false;true;107.7;-0.25
tab;771;clown;-1.128;1.601;1.37;false;false;116.7;-0.14
tab;771;acrobat;0.670;0.757;2.40;false;true;108.1;-0.39
tab;772;clown;-1.087;1.581;1.44;true;false;116.8;-0.14
tab;772;acrobat;0.726;0.700;2.40;false;true;107.9;-0.44
tab;773;clown;-1.043;1.560;1.51;true;false;117.2;-0.15
tab;773;acrobat;0.783;0.643;2.40;false;true;107.5;-0.48
tab;774;clown;-0.975;1.525;1.60;true;false;117.4;-0.17
tab;774;acrobat;0.868;0.558;2.40;true;false;107.2;-0.52
tab;775;clown;-0.927;1.500;1.66;true;false;117.4;-0.19
tab;775;acrobat;0.924;0.501;2.40;true;false;107.5;-0.54
tab;776;clown;-0.878;1.473;1.71;true;true;117.2;-0.19
tab;776;acrobat;0.981;0.444;2.40;true;false;107.4;-0.56
tab;777;clown;-0.803;1.430;1.79;false;true;117.0;-0.20
tab;777;acrobat;1.065;0.359;2.40;false;false;106.6;-0.57
tab;778;clown;-0.751;1.400;1.83;false;true;117.2;-0.21
tab;778;acrobat;1.122;0.303;2.40;false;true;106.8;-0.58
tab;779;clown;-0.699;1.369;1.87;false;true;117.1;-0.20
tab;779;acrobat;1.178;0.246;2.40;false;true;107.0;-0.58
tab;780;clown;-0.645;1.337;1.91;false;true;116.9;-0.20
tab;780;acrobat;1.234;0.189;2.40;false;true;107.0;-0.57
tab;781;clown;-0.591;1.303;1.94;false;false;116.6;-0.20
tab;781;acrobat;1.290;0.133;2.40;false;true;106.6;-0.57
tab;782;clown;-0.536;1.269;1.97;false;false;116.7;-0.21
tab;782;acrobat;1.346;0.077;2.40;true;false;106.3;-0.57
tab;783;clown;-0.453;1.216;2.02;true;false;117.1;-0.23
tab;783;acrobat;1.430;-0.008;2.40;true;false;106.7;-0.58
tab;784;clown;-0.397;1.179;2.04;true;false;117.5;-0.24
tab;784;acrobat;1.486;-0.064;2.40;true;false;106.7;-0.59
tab;785;clown;-0.340;1.141;2.07;true;false;117.5;-0.25
tab;785;acrobat;1.541;-0.120;2.40;true;false;106.5;-0.60
tab;786;clown;-0.255;1.083;2.10;false;true;116.5;-0.26
tab;786;acrobat;1.624;-0.204;2.40;false;true;106.3;-0.60
tab;787;clown;-0.197;1.043;2.12;false;true;117.1;-0.27
tab;787;acrobat;1.680;-0.260;2.40;false;true;106.7;-0.60
tab;788;clown;-0.111;0.983;2.13;false;true;117.2;-0.26
tab;788;acrobat;1.755;-0.337;2.40;false;true;106.7;-0.58
tab;789;clown;-0.054;0.942;2.12;false;true;117.0;-0.26
tab;789;acrobat;1.804;-0.387;2.40;false;false;106.4;-0.58
tab;790;clown;0.003;0.901;2.12;false;false;116.4;-0.26
tab;790;acrobat;1.853;-0.436;2.40;true;false;106.9;-0.58
tab;791;clown;0.060;0.901;1.73;false;false;116.6;-0.14
tab;791;acrobat;1.902;-0.486;2.40;true;false;107.4;-0.59
tab;792;clown;0.148;0.901;1.76;true;false;117.0;-0.03
tab;792;acrobat;1.981;-0.565;2.40;true;false;107.3;-0.60
tab;793;clown;0.207;0.901;1.79;true;false;117.4;0.01
tab;793;acrobat;2.037;-0.622;2.40;false;false;106.7;-0.60
tab;794;clown;0.267;0.901;1.83;true;false;117.6;0.04
tab;794;acrobat;2.093;-0.678;2.40;false;true;106.9;-0.60
tab;795;clown;0.327;0.901;1.80;true;true;117.5;0.07
tab;795;acrobat;2.149;-0.735;2.40;false;true;107.1;-0.60
tab;796;clown;0.386;0.901;1.77;true;true;117.6;0.08
tab;796;acrobat;2.201;-0.787;2.40;false;true;107.0;-0.59
tab;797;clown;0.445;0.899;1.77;false;true;117.3;0.09
tab;797;acrobat;2.248;-0.835;2.40;false;true;106.9;-0.59
tab;798;clown;0.504;0.883;1.89;false;true;117.2;0.07
tab;798;acrobat;2.296;-0.883;2.40;true;false;106.8;-0.59
tab;799;clown;0.564;0.854;2.09;false;true;116.8;0.01
tab;799;acrobat;2.343;-0.931;2.40;true;false;107.3;-0.59
tab;800;clown;0.651;0.774;2.40;false;false;116.4;-0.13
tab;800;acrobat;2.415;-1.004;2.40;true;false;107.7;-0.61
tab;801;clown;0.707;0.717;2.40;true;false;116.6;-0.20
tab;801;acrobat;2.467;-1.056;2.40;true;false;107.5;-0.61
tab;802;clown;0.763;0.660;2.40;true;false;116.8;-0.25
tab;802;acrobat;2.522;-1.112;2.40;false;true;107.0;-0.61
tab;803;clown;0.819;0.604;2.40;true;false;116.7;-0.30
tab;803;acrobat;2.581;-1.169;2.40;false;true;107.2;-0.61
tab;804;clown;0.904;0.518;2.40;false;false;115.7;-0.33
tab;804;acrobat;2.670;-1.257;2.40;false;true;106.6;-0.59
tab;805;clown;0.960;0.461;2.40;false;true;116.0;-0.35
tab;805;acrobat;2.729;-1.316;2.40;false;true;106.1;-0.59
tab;806;clown;1.017;0.404;2.40;false;true;116.4;-0.35
tab;806;acrobat;2.789;-1.374;2.40;true;false;105.6;-0.59
tab;807;clown;1.073;0.347;2.40;false;true;116.5;-0.35
tab;807;acrobat;2.848;-1.433;2.40;true;false;105.8;-0.59
tab;808;clown;1.157;0.262;2.40;false;false;115.6;-0.35
tab;808;acrobat;2.937;-1.520;2.40;true;false;105.4;-0.60
tab;809;clown;1.213;0.206;2.40;true;false;116.0;-0.35
tab;809;acrobat;2.996;-1.578;2.40;true;false;104.9;-0.60
tab;810;clown;1.269;0.149;2.40;true;false;116.5;-0.36
tab;810;acrobat;3.054;-1.637;2.40;false;true;104.7;-0.60
tab;811;clown;1.325;0.093;2.40;true;false;116.6;-0.38
tab;811;acrobat;3.113;-1.695;2.40;false;true;104.8;-0.60
tab;812;clown;1.381;0.037;2.40;true;false;116.4;-0.38
tab;812;acrobat;3.172;-1.754;2.40;false;true;104.6;-0.59
tab;813;clown;1.437;-0.020;2.40;false;true;116.2;-0.38
tab;813;acrobat;3.231;-1.812;2.40;false;true;104.3;-0.59
tab;814;clown;1.494;-0.077;2.40;false;true;116.9;-0.38
tab;814;acrobat;3.290;-1.871;2.40;true;false;103.9;-0.58
tab;815;clown;1.577;-0.161;2.40;false;true;117.0;-0.37
tab;815;acrobat;3.379;-1.959;2.40;true;false;104.0;-0.59
tab;816;clown;1.632;-0.216;2.40;false;true;116.9;-0.36
tab;816;acrobat;3.438;-2.017;2.40;true;false;103.9;-0.60
tab;817;clown;1.687;-0.272;2.40;true;false;116.7;-0.36
tab;817;acrobat;3.497;-2.076;2.40;true;false;103.5;-0.60
tab;818;clown;1.736;-0.322;2.40;true;false;117.7;-0.36
tab;818;acrobat;3.557;-2.135;2.40;false;true;103.1;-0.60
tab;819;clown;1.785;-0.371;2.40;true;false;118.3;-0.37
tab;819;acrobat;3.615;-2.193;2.40;false;true;103.5;-0.60
tab;820;clown;1.834;-0.421;2.40;true;false;118.5;-0.38
tab;820;acrobat;3.673;-2.251;2.40;false;true;103.5;-0.59
tab;821;clown;1.884;-0.470;2.40;false;false;118.3;-0.38
tab;821;acrobat;3.731;-2.309;2.40;false;true;103.3;-0.58
tab;822;clown;1.960;-0.547;2.40;false;true;119.2;-0.38
tab;822;acrobat;3.820;-2.397;2.40;true;false;102.5;-0.58
tab;823;clown;2.016;-0.603;2.40;false;true;119.4;-0.37
tab;823;acrobat;3.878;-2.455;2.40;true;false;102.7;-0.59
tab;824;clown;2.072;-0.660;2.40;false;true;119.3;-0.36
tab;824;acrobat;3.937;-2.514;2.40;true;false;102.7;-0.60
tab;825;clown;2.128;-0.716;2.40;false;false;118.8;-0.36
tab;825;acrobat;3.996;-2.573;2.40;true;false;102.5;-0.60
tab;826;clown;2.184;-0.772;2.40;true;false;119.3;-0.36
tab;826;acrobat;4.054;-2.631;2.40;false;false;102.0;-0.60
tab;827;clown;2.232;-0.820;2.40;true;false;120.2;-0.37
tab;827;acrobat;4.112;-2.689;2.40;false;true;102.3;-0.60
tab;828;clown;2.303;-0.891;2.40;true;false;120.5;-0.38
tab;828;acrobat;4.198;-2.775;2.40;false;true;102.4;-0.59
tab;829;clown;2.351;-0.939;2.40;false;false;120.3;-0.38
tab;829;acrobat;4.256;-2.833;2.40;false;true;102.2;-0.58
tab;830;clown;2.398;-0.987;2.40;false;true;121.1;-0.38
tab;830;acrobat;4.315;-2.892;2.40;false;false;101.6;-0.58
tab;831;clown;2.449;-1.037;2.40;false;true;121.8;-0.38
tab;831;acrobat;4.373;-2.951;2.40;true;false;101.6;-0.58
tab;832;clown;2.503;-1.092;2.40;false;true;121.8;-0.37
tab;832;acrobat;4.432;-3.009;2.40;true;false;101.8;-0.59
tab;833;clown;2.561;-1.149;2.40;false;true;121.3;-0.36
tab;833;acrobat;4.490;-3.068;2.40;true;false;101.6;-0.60
tab;834;clown;2.590;-1.178;2.40;false;false;120.9;-0.36
tab;834;acrobat;4.519;-3.097;2.40;true;false;101.6;-0.60
tab;835;clown;2.650;-1.236;2.40;true;false;120.8;-0.36
tab;835;acrobat;4.576;-3.155;2.40;false;false;101.1;-0.60
tab;836;clown;2.709;-1.294;2.40;true;false;121.0;-0.37
tab;836;acrobat;4.634;-3.212;2.40;false;true;101.3;-0.60
tab;837;clown;2.769;-1.353;2.40;true;false;120.8;-0.38
tab;837;acrobat;4.691;-3.270;2.40;false;true;101.7;-0.60
tab;838;clown;2.828;-1.411;2.40;true;false;120.3;-0.38
tab;838;acrobat;4.749;-3.328;2.40;false;true;101.7;-0.59
tab;839;clown;2.917;-1.499;2.40;false;true;119.6;-0.38
tab;839;acrobat;4.836;-3.415;2.40;false;false;100.8;-0.58
tab;840;clown;3.153;-1.732;2.40;true;false;117.9;-0.36
tab;840;acrobat;5.067;-3.648;2.40;true;false;100.6;-0.60
tab;841;clown;3.182;-1.762;2.40;true;false;119.4;-0.36
tab;841;acrobat;5.096;-3.677;2.40;false;false;101.2;-0.60
tab;842;clown;3.241;-1.820;2.40;true;false;119.5;-0.36
tab;842;acrobat;5.153;-3.734;2.40;false;true;101.4;-0.60
tab;843;clown;3.271;-1.849;2.40;true;false;119.6;-0.37
tab;843;acrobat;5.182;-3.763;2.40;false;true;101.7;-0.60
tab;844;clown;3.330;-1.908;2.40;true;false;119.0;-0.38
tab;844;acrobat;5.239;-3.821;2.40;false;true;101.7;-0.59
tab;845;clown;3.360;-1.937;2.40;true;false;118.9;-0.38
tab;845;acrobat;5.268;-3.850;2.40;false;true;101.8;-0.59
tab;846;clown;3.419;-1.996;2.40;false;true;118.1;-0.38
tab;846;acrobat;5.325;-3.908;2.40;false;true;101.4;-0.58
tab;847;clown;3.448;-2.025;2.40;false;true;118.6;-0.38
tab;847;acrobat;5.354;-3.937;2.40;false;false;101.3;-0.58
tab;848;clown;3.507;-2.084;2.40;false;true;118.6;-0.38
tab;848;acrobat;5.412;-3.995;2.40;true;false;101.4;-0.58
tab;849;clown;3.537;-2.114;2.40;false;true;118.8;-0.37
tab;849;acrobat;5.441;-4.024;2.40;true;false;101.7;-0.58
tab;850;clown;3.595;-2.172;2.40;false;true;118.4;-0.36
tab;850;acrobat;5.499;-4.082;2.40;true;false;101.8;-0.60
tab;851;clown;3.624;-2.201;2.40;false;true;118.4;-0.36
tab;851;acrobat;5.527;-4.111;2.40;true;false;101.9;-0.60
tab;852;clown;3.653;-2.230;2.40;false;false;118.1;-0.36
tab;852;acrobat;5.556;-4.140;2.40;true;false;102.0;-0.60
tab;853;clown;3.711;-2.288;2.40;true;false;118.2;-0.36
tab;853;acrobat;5.614;-4.198;2.40;false;false;101.4;-0.60
tab;854;clown;3.770;-2.347;2.40;true;false;118.4;-0.37
tab;854;acrobat;5.671;-4.256;2.40;false;true;101.6;-0.60
tab;855;clown;3.799;-2.376;2.40;true;false;118.7;-0.37
tab;855;acrobat;5.700;-4.285;2.40;false;true;101.9;-0.60
tab;856;clown;3.858;-2.435;2.40;true;false;118.2;-0.38
tab;856;acrobat;5.758;-4.343;2.40;false;true;102.0;-0.60
tab;857;clown;3.887;-2.464;2.40;true;false;118.2;-0.38
tab;857;acrobat;5.786;-4.372;2.40;false;true;102.1;-0.59
tab;858;clown;3.946;-2.523;2.40;false;true;117.5;-0.38
tab;858;acrobat;5.844;-4.430;2.40;false;true;101.7;-0.59
tab;859;clown;3.975;-2.553;2.40;false;true;117.9;-0.38
tab;859;acrobat;5.873;-4.459;2.40;false;false;101.6;-0.58
tab;860;clown;4.034;-2.611;2.40;false;true;118.1;-0.38
tab;860;acrobat;5.930;-4.517;2.40;true;false;101.7;-0.59
tab;861;clown;4.063;-2.640;2.40;false;true;118.4;-0.37
tab;861;acrobat;5.959;-4.546;2.40;true;false;102.1;-0.59
tab;862;clown;4.120;-2.698;2.40;false;true;118.1;-0.36
tab;862;acrobat;6.017;-4.604;2.40;true;false;102.2;-0.60
tab;863;clown;4.149;-2.727;2.40;false;true;118.1;-0.36
tab;863;acrobat;6.045;-4.633;2.40;true;false;102.3;-0.60
tab;864;clown;4.207;-2.785;2.40;true;false;117.7;-0.36
tab;864;acrobat;6.103;-4.691;2.40;true;false;102.0;-0.60
tab;865;clown;4.264;-2.843;2.40;true;false;118.1;-0.36
tab;865;acrobat;6.160;-4.749;2.40;false;true;101.7;-0.60
tab;866;clown;4.323;-2.902;2.40;true;false;118.2;-0.37
tab;866;acrobat;6.218;-4.807;2.40;false;true;102.1;-0.60
tab;867;clown;4.352;-2.932;2.40;true;false;118.5;-0.38
tab;867;acrobat;6.247;-4.836;2.40;false;true;102.5;-0.60
tab;868;clown;4.410;-2.990;2.40;true;false;117.9;-0.38
tab;868;acrobat;6.247;-4.836;0.00;false;true;102.5;-0.57
tab;869;clown;4.469;-3.049;2.40;false;true;117.3;-0.38
tab;869;acrobat;6.247;-4.836;0.00;false;true;102.5;-0.53
tab;870;clown;4.527;-3.108;2.40;false;true;117.8;-0.39
tab;870;acrobat;6.247;-4.836;0.00;false;true;102.6;-0.49
tab;871;clown;4.555;-3.137;2.40;false;true;118.3;-0.38
tab;871;acrobat;6.247;-4.836;0.00;false;true;102.8;-0.47
tab;872;clown;4.611;-3.193;2.30;false;true;118.1;-0.37
tab;872;acrobat;6.247;-4.836;0.00;false;true;102.7;-0.43
tab;873;clown;4.638;-3.220;2.20;false;true;118.2;-0.37
tab;873;acrobat;6.247;-4.836;0.00;false;true;102.8;-0.41
tab;874;clown;4.663;-3.245;2.11;false;true;118.0;-0.37
tab;874;acrobat;6.247;-4.836;0.00;false;false;102.6;-0.41
tab;875;clown;4.710;-3.293;1.95;true;false;117.5;-0.37
tab;875;acrobat;6.247;-4.836;0.00;false;false;102.8;-0.40
tab;876;clown;4.754;-3.338;1.79;true;false;117.9;-0.37
tab;876;acrobat;6.247;-4.836;0.00;false;false;103.0;-0.40
tab;877;clown;4.775;-3.359;1.72;true;false;118.2;-0.37
tab;877;acrobat;6.247;-4.836;0.00;false;false;103.2;-0.40
tab;878;clown;4.815;-3.399;1.57;true;false;118.3;-0.38
tab;878;acrobat;6.247;-4.836;0.00;false;false;103.4;-0.40
tab;879;clown;4.852;-3.436;1.44;true;false;118.2;-0.39
tab;879;acrobat;6.247;-4.836;0.00;false;false;103.6;-0.39
tab;880;clown;4.885;-3.470;1.32;true;false;118.0;-0.39
tab;880;acrobat;6.247;-4.836;0.00;false;false;103.7;-0.39
tab;881;clown;4.901;-3.486;1.27;true;false;118.0;-0.39
tab;881;acrobat;6.247;-4.836;0.00;false;false;104.0;-0.39
tab;882;clown;4.931;-3.517;1.16;false;false;117.3;-0.39
tab;882;acrobat;6.247;-4.836;0.00;false;false;104.1;-0.39
tab;883;clown;4.958;-3.544;1.06;false;true;117.5;-0.39
tab;883;acrobat;6.247;-4.836;0.00;false;false;104.2;-0.39
tab;884;clown;4.971;-3.557;1.02;false;true;117.8;-0.39
tab;884;acrobat;6.247;-4.836;0.00;false;false;104.4;-0.38
tab;885;clown;4.995;-3.581;0.93;false;true;118.0;-0.39
tab;885;acrobat;6.247;-4.836;0.00;false;false;104.5;-0.38
tab;886;clown;5.017;-3.604;0.85;false;true;118.2;-0.39
tab;886;acrobat;6.247;-4.836;0.00;false;false;104.7;-0.38
tab;887;clown;5.037;-3.624;0.78;false;true;118.4;-0.39
tab;887;acrobat;6.247;-4.836;0.00;false;false;104.9;-0.38
tab;888;clown;5.055;-3.642;0.72;false;true;118.4;-0.38
tab;888;acrobat;6.247;-4.836;0.00;false;false;105.0;-0.26
tab;889;clown;5.072;-3.660;0.72;false;true;118.4;-0.38
tab;889;acrobat;6.247;-4.836;0.00;true;true;105.2;-0.02
tab;890;clown;5.090;-3.679;0.72;false;true;118.3;-0.37
tab;890;acrobat;6.247;-4.836;0.00;true;true;105.4;0.19
tab;891;clown;5.108;-3.697;0.72;false;true;118.1;-0.37
tab;891;acrobat;6.247;-4.836;0.00;true;true;105.5;0.37
tab;892;clown;5.117;-3.706;0.72;false;true;118.1;-0.37
tab;892;acrobat;6.247;-4.836;0.00;true;true;105.6;0.45
tab;893;clown;5.135;-3.724;0.72;false;false;117.6;-0.37
tab;893;acrobat;6.247;-4.836;0.00;true;true;105.8;0.58
tab;894;clown;5.153;-3.742;0.72;false;false;117.7;-0.37
tab;894;acrobat;6.247;-4.836;0.00;true;true;105.9;0.67
tab;895;clown;5.161;-3.751;0.72;false;false;117.8;-0.37
tab;895;acrobat;6.247;-4.836;0.00;true;true;106.0;0.71
tab;896;clown;5.179;-3.769;0.72;false;false;117.8;-0.37
tab;896;acrobat;6.247;-4.836;0.00;true;true;106.1;0.77
tab;897;clown;5.197;-3.788;0.72;true;false;118.0;-0.37
tab;897;acrobat;6.247;-4.836;0.00;true;true;106.2;0.81
tab;898;clown;5.206;-3.797;0.72;true;false;118.2;-0.37
tab;898;acrobat;6.247;-4.836;0.00;true;true;106.3;0.83
tab;899;clown;5.224;-3.815;0.72;true;false;118.3;-0.38
tab;899;acrobat;6.247;-4.836;0.00;false;true;106.1;0.85
