ataque;quadro;pose;vanish;desenho;facing;pes_x;pes_y;alto
IntroSawing;1;bow;0.00;rev1;-1;1560.0;1000.0;-326.7
IntroSawing;2;bow;0.00;rev1;-1;1560.0;1000.0;-326.7
IntroSawing;3;bow;0.00;rev1;-1;1560.0;1000.0;-326.7
IntroSawing;4;bow;0.00;rev1;-1;1560.0;1000.0;-326.7
IntroSawing;5;bow;0.00;rev1;-1;1560.0;1000.0;-326.7
IntroSawing;6;bow;0.00;rev1;-1;1560.0;1000.0;-326.7
IntroSawing;7;bow;0.00;rev1;-1;1560.0;1000.0;-326.7
IntroSawing;8;bow;0.00;rev1;-1;1560.0;1000.0;-326.7
IntroSawing;9;bow;0.00;rev1;-1;1560.0;1000.0;-326.7
IntroSawing;10;bow;0.00;rev1;-1;1560.0;1000.0;-326.7
IntroSawing;11;bow;0.00;rev1;-1;1560.0;1000.0;-326.7
IntroSawing;12;bow;0.00;rev1;-1;1560.0;1000.0;-326.7
IntroSawing;13;bow;0.00;rev1;-1;1560.0;1000.0;-326.7
IntroSawing;14;bow;0.00;rev1;-1;1560.0;1000.0;-326.7
IntroSawing;15;bow;0.00;rev1;-1;1560.0;1000.0;-326.7
IntroSawing;16;bow;0.00;rev1;-1;1560.0;1000.0;-326.7
IntroSawing;17;bow;0.00;rev1;-1;1560.0;1000.0;-326.7
IntroSawing;18;bow;0.00;rev1;-1;1560.0;1000.0;-326.7
IntroSawing;19;bow;0.00;rev2;-1;1560.0;1000.0;-235.8
IntroSawing;20;bow;0.00;rev2;-1;1560.0;1000.0;-235.8
IntroSawing;21;bow;0.00;rev2;-1;1560.0;1000.0;-235.8
IntroSawing;22;bow;0.00;rev2;-1;1560.0;1000.0;-235.8
IntroSawing;23;bow;0.00;rev2;-1;1560.0;1000.0;-235.8
IntroSawing;24;bow;0.00;rev2;-1;1560.0;1000.0;-235.8
IntroSawing;25;bow;0.00;rev2;-1;1560.0;1000.0;-235.8
IntroSawing;26;bow;0.00;rev2;-1;1560.0;1000.0;-235.8
IntroSawing;27;bow;0.00;rev2;-1;1560.0;1000.0;-235.8
IntroSawing;28;bow;0.00;rev2;-1;1560.0;1000.0;-235.8
IntroSawing;29;bow;0.00;rev2;-1;1560.0;1000.0;-235.8
IntroSawing;30;bow;0.00;rev2;-1;1560.0;1000.0;-235.8
IntroSawing;31;bow;0.00;rev2;-1;1560.0;1000.0;-235.8
IntroSawing;32;bow;0.00;rev2;-1;1560.0;1000.0;-235.8
IntroSawing;33;bow;0.00;rev2;-1;1560.0;1000.0;-235.8
IntroSawing;34;bow;0.00;rev2;-1;1560.0;1000.0;-235.8
IntroSawing;35;bow;0.00;rev2;-1;1560.0;1000.0;-235.8
IntroSawing;36;bow;0.00;rev2;-1;1560.0;1000.0;-235.8
IntroSawing;37;bow;0.00;rev2;-1;1560.0;1000.0;-235.8
IntroSawing;38;bow;0.00;rev2;-1;1560.0;1000.0;-235.8
IntroSawing;39;bow;0.00;rev2;-1;1560.0;1000.0;-235.8
IntroSawing;40;bow;0.00;rev2;-1;1560.0;1000.0;-235.8
IntroSawing;41;bow;0.00;rev2;-1;1560.0;1000.0;-235.8
IntroSawing;42;bow;0.00;rev2;-1;1560.0;1000.0;-235.8
IntroSawing;43;bow;0.00;rev2;-1;1560.0;1000.0;-235.8
IntroSawing;44;bow;0.00;rev2;-1;1560.0;1000.0;-235.8
IntroSawing;45;bow;0.00;rev2;-1;1560.0;1000.0;-235.8
IntroSawing;46;bow;0.00;rev2;-1;1560.0;1000.0;-235.8
IntroSawing;47;bow;0.00;rev2;-1;1560.0;1000.0;-235.8
IntroSawing;48;bow;0.00;rev2;-1;1560.0;1000.0;-235.8
IntroSawing;49;bow;0.00;rev2;-1;1560.0;1000.0;-235.8
IntroSawing;50;bow;0.00;rev2;-1;1560.0;1000.0;-235.8
IntroSawing;51;bow;0.00;rev2;-1;1560.0;1000.0;-235.8
IntroSawing;52;bow;0.00;rev2;-1;1560.0;1000.0;-235.8
IntroSawing;53;bow;0.00;rev2;-1;1560.0;1000.0;-235.8
IntroSawing;54;cast;0.00;rev1;-1;1560.0;1000.0;-326.7
IntroSawing;55;cast;0.00;rev1;-1;1560.0;1000.0;-326.7
IntroSawing;56;cast;0.00;rev1;-1;1560.0;1000.0;-326.7
IntroSawing;57;cast;0.00;rev1;-1;1560.0;1000.0;-326.7
IntroSawing;58;cast;0.00;rev1;-1;1560.0;1000.0;-326.7
IntroSawing;59;cast;0.00;rev1;-1;1560.0;1000.0;-326.7
IntroSawing;60;cast;0.00;rev1;-1;1560.0;1000.0;-326.7
IntroSawing;61;cast;0.00;varinha1;-1;1560.0;1000.0;-373.3
IntroSawing;62;cast;0.00;varinha1;-1;1560.0;1000.0;-373.3
IntroSawing;63;cast;0.00;varinha1;-1;1560.0;1000.0;-373.3
IntroSawing;64;cast;0.00;varinha1;-1;1560.0;1000.0;-373.3
IntroSawing;65;cast;0.00;varinha1;-1;1560.0;1000.0;-373.3
IntroSawing;66;cast;0.00;varinha1;-1;1560.0;1000.0;-373.3
IntroSawing;67;cast;0.00;varinha1;-1;1560.0;1000.0;-373.3
IntroSawing;68;cast;0.00;varinha1;-1;1560.0;1000.0;-373.3
IntroSawing;69;cast;0.00;varinha1;-1;1560.0;1000.0;-373.3
IntroSawing;70;cast;0.00;varinha1;-1;1560.0;1000.0;-373.3
IntroSawing;71;cast;0.00;varinha1;-1;1560.0;1000.0;-373.3
IntroSawing;72;cast;0.00;varinha1;-1;1560.0;1000.0;-373.3
IntroSawing;73;cast;0.00;varinha1;-1;1560.0;1000.0;-373.3
IntroSawing;74;cast;0.00;varinha1;-1;1560.0;1000.0;-373.3
IntroSawing;75;cast;0.00;varinha1;-1;1560.0;1000.0;-373.3
IntroSawing;76;cast;0.00;varinha1;-1;1560.0;1000.0;-373.3
IntroSawing;77;cast;0.00;varinha1;-1;1560.0;1000.0;-373.3
IntroSawing;78;cast;0.00;varinha1;-1;1560.0;1000.0;-373.3
IntroSawing;79;cast;0.00;varinha1;-1;1560.0;1000.0;-373.3
IntroSawing;80;cast;0.00;varinha1;-1;1560.0;1000.0;-373.3
IntroSawing;81;cast;0.00;varinha1;-1;1560.0;1000.0;-373.3
IntroSawing;82;cast;0.00;varinha1;-1;1560.0;1000.0;-373.3
IntroSawing;83;cast;0.00;varinha1;-1;1560.0;1000.0;-373.3
IntroSawing;84;cast;0.00;varinha1;-1;1560.0;1000.0;-373.3
IntroSawing;85;cast;0.00;varinha1;-1;1560.0;1000.0;-373.3
IntroSawing;86;cast;0.00;varinha1;-1;1560.0;1000.0;-373.3
IntroSawing;87;cast;0.00;varinha1;-1;1560.0;1000.0;-373.3
IntroSawing;88;cast;0.00;varinha1;-1;1560.0;1000.0;-373.3
IntroSawing;89;cast;0.00;varinha1;-1;1560.0;1000.0;-373.3
IntroSawing;90;cast;0.00;varinha1;-1;1560.0;1000.0;-373.3
IntroSawing;91;cast;0.00;varinha1;-1;1560.0;1000.0;-373.3
IntroSawing;92;cast;0.00;varinha1;-1;1560.0;1000.0;-373.3
IntroSawing;93;cast;0.00;varinha1;-1;1560.0;1000.0;-373.3
IntroSawing;94;cast;0.00;varinha1;-1;1560.0;1000.0;-373.3
IntroSawing;95;cast;0.00;varinha1;-1;1560.0;1000.0;-373.3
IntroSawing;96;cast;0.00;varinha1;-1;1560.0;1000.0;-373.3
IntroSawing;97;cast;0.00;varinha1;-1;1560.0;1000.0;-373.3
IntroSawing;98;cast;0.00;varinha1;-1;1560.0;1000.0;-373.3
IntroSawing;99;cast;0.00;varinha1;-1;1560.0;1000.0;-373.3
IntroSawing;100;cast;0.00;varinha1;-1;1560.0;1000.0;-373.3
IntroSawing;101;cast;0.00;varinha1;-1;1560.0;1000.0;-373.3
IntroSawing;102;cast;0.00;varinha1;-1;1560.0;1000.0;-373.3
IntroSawing;103;cast;0.00;varinha1;-1;1560.0;1000.0;-373.3
IntroSawing;104;cast;0.00;varinha1;-1;1560.0;1000.0;-373.3
IntroSawing;105;cast;0.00;varinha1;-1;1560.0;1000.0;-373.3
IntroSawing;106;cast;0.00;varinha1;-1;1560.0;1000.0;-373.3
IntroSawing;107;cast;0.00;varinha1;-1;1560.0;1000.0;-373.3
IntroSawing;108;cast;0.00;varinha1;-1;1560.0;1000.0;-373.3
IntroSawing;109;cast;0.00;varinha1;-1;1560.0;1000.0;-373.3
IntroSawing;110;cast;0.00;varinha1;-1;1560.0;1000.0;-373.3
IntroSawing;111;cast;0.00;varinha1;-1;1560.0;1000.0;-373.3
IntroSawing;112;cast;0.00;varinha1;-1;1560.0;1000.0;-373.3
IntroSawing;113;cast;0.00;varinha1;-1;1560.0;1000.0;-373.3
IntroSawing;114;cast;0.00;varinha1;-1;1560.0;1000.0;-373.3
IntroSawing;115;cast;0.00;varinha1;-1;1560.0;1000.0;-373.3
IntroSawing;116;cast;0.00;varinha1;-1;1560.0;1000.0;-373.3
IntroSawing;117;cast;0.00;varinha1;-1;1560.0;1000.0;-373.3
IntroSawing;118;cast;0.00;varinha1;-1;1560.0;1000.0;-373.3
IntroSawing;119;cast;0.00;varinha1;-1;1560.0;1000.0;-373.3
IntroSawing;120;cast;0.00;varinha1;-1;1560.0;1000.0;-373.3
IntroSawing;121;cast;0.00;varinha1;-1;1560.0;1000.0;-373.3
IntroSawing;122;cast;0.00;varinha1;-1;1560.0;1000.0;-373.3
IntroSawing;123;cast;0.00;varinha1;-1;1560.0;1000.0;-373.3
IntroSawing;124;cast;0.00;varinha1;-1;1560.0;1000.0;-373.3
IntroSawing;125;cast;0.00;varinha1;-1;1560.0;1000.0;-373.3
IntroSawing;126;cast;0.00;varinha1;-1;1560.0;1000.0;-373.3
IntroSawing;127;cast;0.00;varinha1;-1;1560.0;1000.0;-373.3
IntroSawing;128;cast;0.00;varinha1;-1;1560.0;1000.0;-373.3
IntroSawing;129;cast;0.00;varinha1;-1;1560.0;1000.0;-373.3
IntroSawing;130;cast;0.00;varinha1;-1;1560.0;1000.0;-373.3
IntroSawing;131;cast;0.00;varinha1;-1;1560.0;1000.0;-373.3
IntroSawing;132;cast;0.00;varinha1;-1;1560.0;1000.0;-373.3
IntroSawing;133;cast;0.00;varinha1;-1;1560.0;1000.0;-373.3
IntroSawing;134;cast;0.00;varinha1;-1;1560.0;1000.0;-373.3
IntroSawing;135;cast;0.00;varinha1;-1;1560.0;1000.0;-373.3
IntroSawing;136;cast;0.00;varinha1;-1;1560.0;1000.0;-373.3
IntroSawing;137;cast;0.00;varinha1;-1;1560.0;1000.0;-373.3
IntroSawing;138;cast;0.00;varinha1;-1;1560.0;1000.0;-373.3
IntroSawing;139;cast;0.00;varinha1;-1;1560.0;1000.0;-373.3
IntroSawing;140;cast;0.00;varinha1;-1;1560.0;1000.0;-373.3
IntroSawing;141;cast;0.00;varinha1;-1;1560.0;1000.0;-373.3
IntroSawing;142;cast;0.00;varinha1;-1;1560.0;1000.0;-373.3
IntroSawing;143;cast;0.00;varinha1;-1;1560.0;1000.0;-373.3
IntroSawing;144;cast;0.00;varinha1;-1;1560.0;1000.0;-373.3
IntroSawing;145;idle;0.00;parado;-1;1560.0;1000.0;-332.1
IntroSawing;146;idle;0.00;parado;-1;1560.0;1000.0;-332.1
IntroSawing;147;idle;0.00;parado;-1;1560.0;1000.0;-332.1
IntroSawing;148;idle;0.00;parado;-1;1560.0;1000.0;-332.1
IntroSawing;149;idle;0.00;parado;-1;1560.0;1000.0;-332.1
IntroSawing;150;idle;0.00;parado;-1;1560.0;1000.0;-332.1
IntroSawing;151;idle;0.00;parado;-1;1560.0;1000.0;-332.1
IntroSawing;152;idle;0.00;parado;-1;1560.0;1000.0;-332.1
IntroSawing;153;idle;0.00;parado;-1;1560.0;1000.0;-332.1
IntroSawing;154;idle;0.00;parado;-1;1560.0;1000.0;-332.1
IntroSawing;155;idle;0.00;parado;-1;1560.0;1000.0;-332.1
IntroSawing;156;idle;0.00;parado;-1;1560.0;1000.0;-332.1
IntroSawing;157;idle;0.00;parado;-1;1560.0;1000.0;-332.1
IntroSawing;158;idle;0.00;parado;-1;1560.0;1000.0;-332.1
IntroSawing;159;idle;0.00;parado;-1;1560.0;1000.0;-332.1
IntroSawing;160;idle;0.00;parado;-1;1560.0;1000.0;-332.1
IntroSawing;161;idle;0.00;parado;-1;1560.0;1000.0;-332.1
IntroSawing;162;idle;0.00;parado;-1;1560.0;1000.0;-332.1
IntroSawing;163;idle;0.00;parado;-1;1560.0;1000.0;-332.1
IntroSawing;164;idle;0.00;parado;-1;1560.0;1000.0;-332.1
IntroSawing;165;idle;0.00;parado;-1;1560.0;1000.0;-332.1
IntroSawing;166;idle;0.00;parado;-1;1560.0;1000.0;-332.1
IntroSawing;167;idle;0.00;parado;-1;1560.0;1000.0;-332.1
IntroSawing;168;idle;0.00;parado;-1;1560.0;1000.0;-332.1
IntroSawing;169;idle;0.00;parado;-1;1560.0;1000.0;-332.1
IntroSawing;170;idle;0.00;parado;-1;1560.0;1000.0;-332.1
IntroSawing;171;idle;0.00;parado;-1;1560.0;1000.0;-332.1
IntroSawing;172;idle;0.00;parado;-1;1560.0;1000.0;-332.1
IntroSawing;173;idle;0.00;parado;-1;1560.0;1000.0;-332.1
IntroSawing;174;idle;0.00;parado;-1;1560.0;1000.0;-332.1
IntroSawing;175;idle;0.00;parado;-1;1560.0;1000.0;-332.1
IntroSawing;176;idle;0.00;parado;-1;1560.0;1000.0;-332.1
IntroSawing;177;idle;0.00;parado;-1;1560.0;1000.0;-332.1
IntroSawing;178;idle;0.00;parado;-1;1560.0;1000.0;-332.1
IntroSawing;179;idle;0.00;parado;-1;1560.0;1000.0;-332.1
IntroSawing;180;idle;0.00;parado;-1;1560.0;1000.0;-332.1
IntroSawing;181;idle;0.00;parado;-1;1560.0;1000.0;-332.1
IntroSawing;182;idle;0.00;parado;-1;1560.0;1000.0;-332.1
IntroSawing;183;idle;0.00;parado;-1;1560.0;1000.0;-332.1
IntroSawing;184;idle;0.00;parado;-1;1560.0;1000.0;-332.1
IntroSawing;185;idle;0.00;parado;-1;1560.0;1000.0;-332.1
IntroSawing;186;idle;0.00;parado;-1;1560.0;1000.0;-332.1
IntroSawing;187;idle;0.00;parado;-1;1560.0;1000.0;-332.1
IntroSawing;188;idle;0.00;parado;-1;1560.0;1000.0;-332.1
IntroSawing;189;idle;0.00;parado;-1;1560.0;1000.0;-332.1
IntroSawing;190;idle;0.00;parado;-1;1560.0;1000.0;-332.1
IntroSawing;191;idle;0.00;parado;-1;1560.0;1000.0;-332.1
IntroSawing;192;idle;0.00;parado;-1;1560.0;1000.0;-332.1
IntroSawing;193;idle;0.00;parado;-1;1560.0;1000.0;-332.1
IntroSawing;194;idle;0.00;parado;-1;1560.0;1000.0;-332.1
IntroSawing;195;idle;0.00;parado;-1;1560.0;1000.0;-332.1
IntroSawing;196;idle;0.00;parado;-1;1560.0;1000.0;-332.1
IntroSawing;197;idle;0.00;parado;-1;1560.0;1000.0;-332.1
IntroSawing;198;idle;0.00;parado;-1;1560.0;1000.0;-332.1
IntroSawing;199;idle;0.00;parado;-1;1560.0;1000.0;-332.1
IntroSawing;200;idle;0.00;parado;-1;1560.0;1000.0;-332.1
Teleport;201;cast;0.07;sumir1;-1;1560.0;1000.0;-332.1
Teleport;202;cast;0.13;sumir1;-1;1560.0;1000.0;-332.1
Teleport;203;cast;0.20;sumir1;-1;1560.0;1000.0;-332.1
Teleport;204;cast;0.27;sumir2;-1;1560.0;1000.0;-327.4
Teleport;205;cast;0.33;sumir2;-1;1560.0;1000.0;-327.4
Teleport;206;cast;0.40;sumir2;-1;1560.0;1000.0;-327.4
Teleport;207;cast;0.47;sumir2;-1;1560.0;1000.0;-327.4
Teleport;208;cast;0.53;sumir3;-1;1560.0;1000.0;-264.9
Teleport;209;cast;0.60;sumir3;-1;1560.0;1000.0;-264.9
Teleport;210;cast;0.67;sumir3;-1;1560.0;1000.0;-264.9
Teleport;211;cast;0.73;sumir3;-1;1560.0;1000.0;-264.9
Teleport;212;cast;0.80;sumir4;-1;1560.0;1000.0;-84.2
Teleport;213;cast;0.87;sumir4;-1;1560.0;1000.0;-84.2
Teleport;214;cast;0.93;sumir4;-1;1560.0;1000.0;-84.2
Teleport;215;cast;1.00;sumir4;-1;1560.0;1000.0;-84.2
Teleport;216;cast;1.00;sumir4;-1;1560.0;1000.0;-84.2
Teleport;217;cast;1.00;sumir4;-1;1560.0;1000.0;-84.2
Teleport;218;cast;1.00;sumir4;-1;1560.0;1000.0;-84.2
Teleport;219;cast;1.00;sumir4;-1;1560.0;1000.0;-84.2
Teleport;220;cast;1.00;sumir4;-1;1560.0;1000.0;-84.2
Teleport;221;cast;1.00;sumir4;-1;1560.0;1000.0;-84.2
Teleport;222;cast;1.00;sumir4;-1;1560.0;1000.0;-84.2
Teleport;223;cast;1.00;sumir4;-1;1560.0;1000.0;-84.2
Teleport;224;cast;1.00;sumir4;-1;1560.0;1000.0;-84.2
Teleport;225;cast;1.00;sumir4;-1;1560.0;1000.0;-84.2
Teleport;226;cast;1.00;sumir4;-1;1560.0;1000.0;-84.2
Teleport;227;cast;1.00;sumir4;-1;1560.0;1000.0;-84.2
Teleport;228;cast;1.00;sumir4;-1;1560.0;1000.0;-84.2
Teleport;229;cast;1.00;sumir4;-1;1560.0;1000.0;-84.2
Teleport;230;cast;1.00;sumir4;-1;1560.0;1000.0;-84.2
Teleport;231;cast;1.00;sumir4;-1;1560.0;1000.0;-84.2
Teleport;232;cast;1.00;sumir4;-1;1560.0;1000.0;-84.2
Teleport;233;cast;1.00;sumir4;-1;1560.0;1000.0;-84.2
Teleport;234;cast;1.00;sumir4;-1;1560.0;1000.0;-84.2
Teleport;235;cast;1.00;sumir4;-1;1560.0;1000.0;-84.2
Teleport;236;cast;1.00;sumir4;-1;1560.0;1000.0;-84.2
Teleport;237;cast;1.00;sumir4;-1;1560.0;1000.0;-84.2
Teleport;238;cast;1.00;sumir4;-1;1560.0;1000.0;-84.2
Teleport;239;cast;1.00;sumir4;-1;1560.0;1000.0;-84.2
Teleport;240;cast;1.00;sumir4;-1;1560.0;1000.0;-84.2
Teleport;241;cast;1.00;sumir4;-1;1560.0;1000.0;-84.2
Teleport;242;cast;1.00;sumir4;-1;1560.0;1000.0;-84.2
Teleport;243;cast;1.00;sumir4;-1;1560.0;1000.0;-84.2
Teleport;244;cast;1.00;sumir4;-1;1560.0;1000.0;-84.2
Teleport;245;cast;1.00;sumir4;-1;1560.0;1000.0;-84.2
Teleport;246;cast;1.00;sumir4;-1;1560.0;1000.0;-84.2
Teleport;247;cast;1.00;sumir4;-1;1560.0;1000.0;-84.2
Teleport;248;cast;1.00;sumir4;-1;1560.0;1000.0;-84.2
Teleport;249;cast;1.00;sumir4;-1;1560.0;1000.0;-84.2
Teleport;250;cast;1.00;sumir4;-1;1560.0;1000.0;-84.2
Teleport;251;cast;1.00;sumir4;1;330.0;1000.0;-84.2
Teleport;252;cast;0.93;sumir4;1;330.0;1000.0;-84.2
Teleport;253;cast;0.87;sumir4;1;330.0;1000.0;-84.2
Teleport;254;cast;0.80;sumir4;1;330.0;1000.0;-84.2
Teleport;255;cast;0.73;sumir3;1;330.0;1000.0;-264.9
Teleport;256;cast;0.67;sumir3;1;330.0;1000.0;-264.9
Teleport;257;cast;0.60;sumir3;1;330.0;1000.0;-264.9
Teleport;258;cast;0.53;sumir3;1;330.0;1000.0;-264.9
Teleport;259;cast;0.47;sumir2;1;330.0;1000.0;-327.4
Teleport;260;cast;0.40;sumir2;1;330.0;1000.0;-327.4
Teleport;261;cast;0.33;sumir2;1;330.0;1000.0;-327.4
Teleport;262;cast;0.27;sumir2;1;330.0;1000.0;-327.4
Teleport;263;cast;0.20;sumir1;1;330.0;1000.0;-332.1
Teleport;264;cast;0.13;sumir1;1;330.0;1000.0;-332.1
Teleport;265;cast;0.07;sumir1;1;330.0;1000.0;-332.1
Teleport;266;cast;0.00;varinha1;1;330.0;1000.0;-373.3
Teleport;267;cast;0.00;varinha1;1;330.0;1000.0;-373.3
Teleport;268;cast;0.00;varinha1;1;330.0;1000.0;-373.3
Teleport;269;cast;0.00;varinha1;1;330.0;1000.0;-373.3
Teleport;270;cast;0.00;varinha1;1;330.0;1000.0;-373.3
Teleport;271;cast;0.00;varinha1;1;330.0;1000.0;-373.3
Teleport;272;cast;0.00;varinha1;1;330.0;1000.0;-373.3
Teleport;273;cast;0.00;varinha1;1;330.0;1000.0;-373.3
Teleport;274;cast;0.00;varinha1;1;330.0;1000.0;-373.3
Teleport;275;cast;0.00;varinha1;1;330.0;1000.0;-373.3
Teleport;276;cast;0.00;varinha1;1;330.0;1000.0;-373.3
Teleport;277;cast;0.00;varinha1;1;330.0;1000.0;-373.3
Teleport;278;throw;0.00;varinha3;1;330.0;1000.0;-332.6
Teleport;279;throw;0.00;varinha3;1;330.0;1000.0;-332.6
Teleport;280;throw;0.00;varinha3;1;330.0;1000.0;-332.6
Teleport;281;throw;0.00;varinha3;1;330.0;1000.0;-332.6
Teleport;282;throw;0.00;varinha3;1;330.0;1000.0;-332.6
Teleport;283;throw;0.00;varinha3;1;330.0;1000.0;-332.6
Teleport;284;throw;0.00;varinha3;1;330.0;1000.0;-332.6
Teleport;285;throw;0.00;varinha3;1;330.0;1000.0;-332.6
Teleport;286;throw;0.00;varinha4;1;330.0;1000.0;-335.4
Teleport;287;throw;0.00;varinha4;1;330.0;1000.0;-335.4
Teleport;288;throw;0.00;varinha4;1;330.0;1000.0;-335.4
Teleport;289;throw;0.00;varinha4;1;330.0;1000.0;-335.4
Teleport;290;throw;0.00;varinha4;1;330.0;1000.0;-335.4
Teleport;291;throw;0.00;varinha4;1;330.0;1000.0;-335.4
Teleport;292;throw;0.00;varinha4;1;330.0;1000.0;-335.4
Teleport;293;throw;0.00;varinha4;1;330.0;1000.0;-335.4
Teleport;294;throw;0.00;varinha4;1;330.0;1000.0;-335.4
Teleport;295;throw;0.00;varinha4;1;330.0;1000.0;-335.4
Teleport;296;throw;0.00;varinha4;1;330.0;1000.0;-335.4
Teleport;297;throw;0.00;varinha4;1;330.0;1000.0;-335.4
Teleport;298;throw;0.00;varinha4;1;330.0;1000.0;-335.4
Teleport;299;throw;0.00;varinha4;1;330.0;1000.0;-335.4
Teleport;300;throw;0.00;varinha4;1;330.0;1000.0;-335.4
Teleport;301;throw;0.00;varinha4;1;330.0;1000.0;-335.4
Teleport;302;throw;0.00;varinha4;1;330.0;1000.0;-335.4
Teleport;303;throw;0.00;varinha4;1;330.0;1000.0;-335.4
Teleport;304;throw;0.00;varinha4;1;330.0;1000.0;-335.4
Teleport;305;throw;0.00;varinha4;1;330.0;1000.0;-335.4
Teleport;306;throw;0.00;varinha4;1;330.0;1000.0;-335.4
Teleport;307;throw;0.00;varinha4;1;330.0;1000.0;-335.4
Teleport;308;throw;0.00;varinha4;1;330.0;1000.0;-335.4
Teleport;309;throw;0.00;varinha4;1;330.0;1000.0;-335.4
Teleport;310;throw;0.00;varinha4;1;330.0;1000.0;-335.4
Teleport;311;throw;0.00;varinha4;1;330.0;1000.0;-335.4
Teleport;312;throw;0.00;varinha4;1;330.0;1000.0;-335.4
Teleport;313;throw;0.00;varinha4;1;330.0;1000.0;-335.4
Teleport;314;throw;0.00;varinha4;1;330.0;1000.0;-335.4
Teleport;315;throw;0.00;varinha4;1;330.0;1000.0;-335.4
Teleport;316;throw;0.00;varinha4;1;330.0;1000.0;-335.4
Teleport;317;throw;0.00;varinha4;1;330.0;1000.0;-335.4
Teleport;318;throw;0.00;varinha4;1;330.0;1000.0;-335.4
Teleport;319;throw;0.00;varinha4;1;330.0;1000.0;-335.4
Teleport;320;throw;0.00;varinha4;1;330.0;1000.0;-335.4
IntroSawing;321;bow;0.00;rev1;1;330.0;1000.0;-326.7
IntroSawing;322;bow;0.00;rev1;1;330.0;1000.0;-326.7
IntroSawing;323;bow;0.00;rev1;1;330.0;1000.0;-326.7
IntroSawing;324;bow;0.00;rev1;1;330.0;1000.0;-326.7
IntroSawing;325;bow;0.00;rev1;1;330.0;1000.0;-326.7
IntroSawing;326;bow;0.00;rev1;1;330.0;1000.0;-326.7
IntroSawing;327;bow;0.00;rev1;1;330.0;1000.0;-326.7
IntroSawing;328;bow;0.00;rev1;1;330.0;1000.0;-326.7
IntroSawing;329;bow;0.00;rev1;1;330.0;1000.0;-326.7
IntroSawing;330;bow;0.00;rev1;1;330.0;1000.0;-326.7
IntroSawing;331;bow;0.00;rev1;1;330.0;1000.0;-326.7
IntroSawing;332;bow;0.00;rev1;1;330.0;1000.0;-326.7
IntroSawing;333;bow;0.00;rev1;1;330.0;1000.0;-326.7
IntroSawing;334;bow;0.00;rev1;1;330.0;1000.0;-326.7
IntroSawing;335;bow;0.00;rev1;1;330.0;1000.0;-326.7
IntroSawing;336;bow;0.00;rev1;1;330.0;1000.0;-326.7
IntroSawing;337;bow;0.00;rev1;1;330.0;1000.0;-326.7
IntroSawing;338;bow;0.00;rev1;1;330.0;1000.0;-326.7
IntroSawing;339;bow;0.00;rev2;1;330.0;1000.0;-235.8
IntroSawing;340;bow;0.00;rev2;1;330.0;1000.0;-235.8
IntroSawing;341;bow;0.00;rev2;1;330.0;1000.0;-235.8
IntroSawing;342;bow;0.00;rev2;1;330.0;1000.0;-235.8
IntroSawing;343;bow;0.00;rev2;1;330.0;1000.0;-235.8
IntroSawing;344;bow;0.00;rev2;1;330.0;1000.0;-235.8
IntroSawing;345;bow;0.00;rev2;1;330.0;1000.0;-235.8
IntroSawing;346;bow;0.00;rev2;1;330.0;1000.0;-235.8
IntroSawing;347;bow;0.00;rev2;1;330.0;1000.0;-235.8
IntroSawing;348;bow;0.00;rev2;1;330.0;1000.0;-235.8
IntroSawing;349;bow;0.00;rev2;1;330.0;1000.0;-235.8
IntroSawing;350;bow;0.00;rev2;1;330.0;1000.0;-235.8
IntroSawing;351;bow;0.00;rev2;1;330.0;1000.0;-235.8
IntroSawing;352;bow;0.00;rev2;1;330.0;1000.0;-235.8
IntroSawing;353;bow;0.00;rev2;1;330.0;1000.0;-235.8
IntroSawing;354;bow;0.00;rev2;1;330.0;1000.0;-235.8
IntroSawing;355;bow;0.00;rev2;1;330.0;1000.0;-235.8
IntroSawing;356;bow;0.00;rev2;1;330.0;1000.0;-235.8
IntroSawing;357;bow;0.00;rev2;1;330.0;1000.0;-235.8
IntroSawing;358;bow;0.00;rev2;1;330.0;1000.0;-235.8
IntroSawing;359;bow;0.00;rev2;1;330.0;1000.0;-235.8
IntroSawing;360;bow;0.00;rev2;1;330.0;1000.0;-235.8
IntroSawing;361;bow;0.00;rev2;1;330.0;1000.0;-235.8
IntroSawing;362;bow;0.00;rev2;1;330.0;1000.0;-235.8
IntroSawing;363;bow;0.00;rev2;1;330.0;1000.0;-235.8
IntroSawing;364;bow;0.00;rev2;1;330.0;1000.0;-235.8
IntroSawing;365;bow;0.00;rev2;1;330.0;1000.0;-235.8
IntroSawing;366;bow;0.00;rev2;1;330.0;1000.0;-235.8
IntroSawing;367;bow;0.00;rev2;1;330.0;1000.0;-235.8
IntroSawing;368;bow;0.00;rev2;1;330.0;1000.0;-235.8
IntroSawing;369;bow;0.00;rev2;1;330.0;1000.0;-235.8
IntroSawing;370;bow;0.00;rev2;1;330.0;1000.0;-235.8
IntroSawing;371;bow;0.00;rev2;1;330.0;1000.0;-235.8
IntroSawing;372;bow;0.00;rev2;1;330.0;1000.0;-235.8
IntroSawing;373;bow;0.00;rev2;1;330.0;1000.0;-235.8
IntroSawing;374;cast;0.00;rev1;1;330.0;1000.0;-326.7
IntroSawing;375;cast;0.00;rev1;1;330.0;1000.0;-326.7
IntroSawing;376;cast;0.00;rev1;1;330.0;1000.0;-326.7
IntroSawing;377;cast;0.00;rev1;1;330.0;1000.0;-326.7
IntroSawing;378;cast;0.00;rev1;1;330.0;1000.0;-326.7
IntroSawing;379;cast;0.00;rev1;1;330.0;1000.0;-326.7
IntroSawing;380;cast;0.00;rev1;1;330.0;1000.0;-326.7
IntroSawing;381;cast;0.00;varinha1;1;330.0;1000.0;-373.3
IntroSawing;382;cast;0.00;varinha1;1;330.0;1000.0;-373.3
IntroSawing;383;cast;0.00;varinha1;1;330.0;1000.0;-373.3
IntroSawing;384;cast;0.00;varinha1;1;330.0;1000.0;-373.3
IntroSawing;385;cast;0.00;varinha1;1;330.0;1000.0;-373.3
IntroSawing;386;cast;0.00;varinha1;1;330.0;1000.0;-373.3
IntroSawing;387;cast;0.00;varinha1;1;330.0;1000.0;-373.3
IntroSawing;388;cast;0.00;varinha1;1;330.0;1000.0;-373.3
IntroSawing;389;cast;0.00;varinha1;1;330.0;1000.0;-373.3
IntroSawing;390;cast;0.00;varinha1;1;330.0;1000.0;-373.3
IntroSawing;391;cast;0.00;varinha1;1;330.0;1000.0;-373.3
IntroSawing;392;cast;0.00;varinha1;1;330.0;1000.0;-373.3
IntroSawing;393;cast;0.00;varinha1;1;330.0;1000.0;-373.3
IntroSawing;394;cast;0.00;varinha1;1;330.0;1000.0;-373.3
IntroSawing;395;cast;0.00;varinha1;1;330.0;1000.0;-373.3
IntroSawing;396;cast;0.00;varinha1;1;330.0;1000.0;-373.3
IntroSawing;397;cast;0.00;varinha1;1;330.0;1000.0;-373.3
IntroSawing;398;cast;0.00;varinha1;1;330.0;1000.0;-373.3
IntroSawing;399;cast;0.00;varinha1;1;330.0;1000.0;-373.3
IntroSawing;400;cast;0.00;varinha1;1;330.0;1000.0;-373.3
IntroSawing;401;cast;0.00;varinha1;1;330.0;1000.0;-373.3
IntroSawing;402;cast;0.00;varinha1;1;330.0;1000.0;-373.3
IntroSawing;403;cast;0.00;varinha1;1;330.0;1000.0;-373.3
IntroSawing;404;cast;0.00;varinha1;1;330.0;1000.0;-373.3
IntroSawing;405;cast;0.00;varinha1;1;330.0;1000.0;-373.3
IntroSawing;406;cast;0.00;varinha1;1;330.0;1000.0;-373.3
IntroSawing;407;cast;0.00;varinha1;1;330.0;1000.0;-373.3
IntroSawing;408;cast;0.00;varinha1;1;330.0;1000.0;-373.3
IntroSawing;409;cast;0.00;varinha1;1;330.0;1000.0;-373.3
IntroSawing;410;cast;0.00;varinha1;1;330.0;1000.0;-373.3
IntroSawing;411;cast;0.00;varinha1;1;330.0;1000.0;-373.3
IntroSawing;412;cast;0.00;varinha1;1;330.0;1000.0;-373.3
IntroSawing;413;cast;0.00;varinha1;1;330.0;1000.0;-373.3
IntroSawing;414;cast;0.00;varinha1;1;330.0;1000.0;-373.3
IntroSawing;415;cast;0.00;varinha1;1;330.0;1000.0;-373.3
IntroSawing;416;cast;0.00;varinha1;1;330.0;1000.0;-373.3
IntroSawing;417;cast;0.00;varinha1;-1;1560.0;1000.0;-373.3
IntroSawing;418;cast;0.00;varinha1;-1;1560.0;1000.0;-373.3
IntroSawing;419;cast;0.00;varinha1;-1;1560.0;1000.0;-373.3
IntroSawing;420;cast;0.00;varinha1;-1;1560.0;1000.0;-373.3
IntroSawing;421;cast;0.00;varinha1;-1;1560.0;1000.0;-373.3
IntroSawing;422;cast;0.00;varinha1;-1;1560.0;1000.0;-373.3
IntroSawing;423;cast;0.00;varinha1;-1;1560.0;1000.0;-373.3
IntroSawing;424;cast;0.00;varinha1;-1;1560.0;1000.0;-373.3
IntroSawing;425;cast;0.00;varinha1;-1;1560.0;1000.0;-373.3
IntroSawing;426;cast;0.00;varinha1;-1;1560.0;1000.0;-373.3
IntroSawing;427;cast;0.00;varinha1;-1;1560.0;1000.0;-373.3
IntroSawing;428;cast;0.00;varinha1;-1;1560.0;1000.0;-373.3
IntroSawing;429;cast;0.00;varinha1;-1;1560.0;1000.0;-373.3
IntroSawing;430;cast;0.00;varinha1;-1;1560.0;1000.0;-373.3
IntroSawing;431;cast;0.00;varinha1;-1;1560.0;1000.0;-373.3
IntroSawing;432;cast;0.00;varinha1;-1;1560.0;1000.0;-373.3
IntroSawing;433;cast;0.00;varinha1;-1;1560.0;1000.0;-373.3
IntroSawing;434;cast;0.00;varinha1;-1;1560.0;1000.0;-373.3
IntroSawing;435;cast;0.00;varinha1;-1;1560.0;1000.0;-373.3
IntroSawing;436;cast;0.00;varinha1;-1;1560.0;1000.0;-373.3
IntroSawing;437;cast;0.00;varinha1;-1;1560.0;1000.0;-373.3
IntroSawing;438;cast;0.00;varinha1;-1;1560.0;1000.0;-373.3
IntroSawing;439;cast;0.00;varinha1;-1;1560.0;1000.0;-373.3
IntroSawing;440;cast;0.00;varinha1;-1;1560.0;1000.0;-373.3
IntroSawing;441;cast;0.00;varinha1;-1;1560.0;1000.0;-373.3
IntroSawing;442;cast;0.00;varinha1;-1;1560.0;1000.0;-373.3
IntroSawing;443;cast;0.00;varinha1;-1;1560.0;1000.0;-373.3
IntroSawing;444;cast;0.00;varinha1;-1;1560.0;1000.0;-373.3
IntroSawing;445;cast;0.00;varinha1;-1;1560.0;1000.0;-373.3
IntroSawing;446;cast;0.00;varinha1;-1;1560.0;1000.0;-373.3
IntroSawing;447;cast;0.00;varinha1;-1;1560.0;1000.0;-373.3
IntroSawing;448;cast;0.00;varinha1;-1;1560.0;1000.0;-373.3
IntroSawing;449;cast;0.00;varinha1;-1;1560.0;1000.0;-373.3
IntroSawing;450;cast;0.00;varinha1;-1;1560.0;1000.0;-373.3
IntroSawing;451;cast;0.00;varinha1;-1;1560.0;1000.0;-373.3
IntroSawing;452;cast;0.00;varinha1;-1;1560.0;1000.0;-373.3
IntroSawing;453;cast;0.00;varinha1;-1;1560.0;1000.0;-373.3
IntroSawing;454;cast;0.00;varinha1;-1;1560.0;1000.0;-373.3
IntroSawing;455;cast;0.00;varinha1;-1;1560.0;1000.0;-373.3
IntroSawing;456;cast;0.00;varinha1;-1;1560.0;1000.0;-373.3
IntroSawing;457;cast;0.00;varinha1;-1;1560.0;1000.0;-373.3
IntroSawing;458;cast;0.00;varinha1;-1;1560.0;1000.0;-373.3
IntroSawing;459;cast;0.00;varinha1;-1;1560.0;1000.0;-373.3
IntroSawing;460;cast;0.00;varinha1;-1;1560.0;1000.0;-373.3
IntroSawing;461;cast;0.00;varinha1;-1;1560.0;1000.0;-373.3
IntroSawing;462;cast;0.00;varinha1;-1;1560.0;1000.0;-373.3
IntroSawing;463;cast;0.00;varinha1;-1;1560.0;1000.0;-373.3
IntroSawing;464;cast;0.00;varinha1;-1;1560.0;1000.0;-373.3
IntroSawing;465;idle;0.00;parado;-1;1560.0;1000.0;-332.1
IntroSawing;466;idle;0.00;parado;-1;1560.0;1000.0;-332.1
IntroSawing;467;idle;0.00;parado;-1;1560.0;1000.0;-332.1
IntroSawing;468;idle;0.00;parado;-1;1560.0;1000.0;-332.1
IntroSawing;469;idle;0.00;parado;-1;1560.0;1000.0;-332.1
IntroSawing;470;idle;0.00;parado;-1;1560.0;1000.0;-332.1
IntroSawing;471;idle;0.00;parado;-1;1560.0;1000.0;-332.1
IntroSawing;472;idle;0.00;parado;-1;1560.0;1000.0;-332.1
IntroSawing;473;idle;0.00;parado;-1;1560.0;1000.0;-332.1
IntroSawing;474;idle;0.00;parado;-1;1560.0;1000.0;-332.1
IntroSawing;475;idle;0.00;parado;-1;1560.0;1000.0;-332.1
IntroSawing;476;idle;0.00;parado;-1;1560.0;1000.0;-332.1
IntroSawing;477;idle;0.00;parado;-1;1560.0;1000.0;-332.1
IntroSawing;478;idle;0.00;parado;-1;1560.0;1000.0;-332.1
IntroSawing;479;idle;0.00;parado;-1;1560.0;1000.0;-332.1
IntroSawing;480;idle;0.00;parado;-1;1560.0;1000.0;-332.1
IntroSawing;481;idle;0.00;parado;-1;1560.0;1000.0;-332.1
IntroSawing;482;idle;0.00;parado;-1;1560.0;1000.0;-332.1
IntroSawing;483;idle;0.00;parado;-1;1560.0;1000.0;-332.1
IntroSawing;484;idle;0.00;parado;-1;1560.0;1000.0;-332.1
IntroSawing;485;idle;0.00;parado;-1;1560.0;1000.0;-332.1
IntroSawing;486;idle;0.00;parado;-1;1560.0;1000.0;-332.1
IntroSawing;487;idle;0.00;parado;-1;1560.0;1000.0;-332.1
IntroSawing;488;idle;0.00;parado;-1;1560.0;1000.0;-332.1
IntroSawing;489;idle;0.00;parado;-1;1560.0;1000.0;-332.1
IntroSawing;490;idle;0.00;parado;-1;1560.0;1000.0;-332.1
IntroSawing;491;idle;0.00;parado;-1;1560.0;1000.0;-332.1
IntroSawing;492;idle;0.00;parado;-1;1560.0;1000.0;-332.1
IntroSawing;493;idle;0.00;parado;-1;1560.0;1000.0;-332.1
IntroSawing;494;idle;0.00;parado;-1;1560.0;1000.0;-332.1
IntroSawing;495;idle;0.00;parado;-1;1560.0;1000.0;-332.1
IntroSawing;496;idle;0.00;parado;-1;1560.0;1000.0;-332.1
IntroSawing;497;idle;0.00;parado;-1;1560.0;1000.0;-332.1
IntroSawing;498;idle;0.00;parado;-1;1560.0;1000.0;-332.1
IntroSawing;499;idle;0.00;parado;-1;1560.0;1000.0;-332.1
IntroSawing;500;idle;0.00;parado;-1;1560.0;1000.0;-332.1
IntroSawing;501;idle;0.00;parado;-1;1560.0;1000.0;-332.1
IntroSawing;502;idle;0.00;parado;-1;1560.0;1000.0;-332.1
IntroSawing;503;idle;0.00;parado;-1;1560.0;1000.0;-332.1
IntroSawing;504;idle;0.00;parado;-1;1560.0;1000.0;-332.1
IntroSawing;505;idle;0.00;parado;-1;1560.0;1000.0;-332.1
IntroSawing;506;idle;0.00;parado;-1;1560.0;1000.0;-332.1
IntroSawing;507;idle;0.00;parado;-1;1560.0;1000.0;-332.1
IntroSawing;508;idle;0.00;parado;-1;1560.0;1000.0;-332.1
IntroSawing;509;idle;0.00;parado;-1;1560.0;1000.0;-332.1
IntroSawing;510;idle;0.00;parado;-1;1560.0;1000.0;-332.1
IntroSawing;511;idle;0.00;parado;-1;1560.0;1000.0;-332.1
IntroSawing;512;idle;0.00;parado;-1;1560.0;1000.0;-332.1
IntroSawing;513;idle;0.00;parado;-1;1560.0;1000.0;-332.1
IntroSawing;514;idle;0.00;parado;-1;1560.0;1000.0;-332.1
IntroSawing;515;idle;0.00;parado;-1;1560.0;1000.0;-332.1
IntroSawing;516;idle;0.00;parado;-1;1560.0;1000.0;-332.1
IntroSawing;517;idle;0.00;parado;-1;1560.0;1000.0;-332.1
IntroSawing;518;idle;0.00;parado;-1;1560.0;1000.0;-332.1
IntroSawing;519;idle;0.00;parado;-1;1560.0;1000.0;-332.1
IntroSawing;520;idle;0.00;parado;-1;1560.0;1000.0;-332.1
ShellGame;521;bow;0.00;rev1;-1;1554.4;1000.0;-326.7
ShellGame;522;bow;0.00;rev1;-1;1543.4;1000.0;-326.7
ShellGame;523;bow;0.00;rev1;-1;1527.0;1000.0;-326.7
ShellGame;524;bow;0.00;rev1;-1;1505.5;1000.0;-326.7
ShellGame;525;bow;0.00;rev1;-1;1479.3;1000.0;-326.7
ShellGame;526;bow;0.00;rev1;-1;1448.6;1000.0;-326.7
ShellGame;527;bow;0.00;rev1;-1;1414.1;1000.0;-326.7
ShellGame;528;bow;0.00;rev1;-1;1376.1;1000.0;-326.7
ShellGame;529;bow;0.00;rev1;-1;1335.3;1000.0;-326.7
ShellGame;530;bow;0.00;rev1;-1;1292.2;1000.0;-326.7
ShellGame;531;bow;0.00;rev1;-1;1247.5;1000.0;-326.7
ShellGame;532;bow;0.00;rev1;-1;1201.6;1000.0;-326.7
ShellGame;533;bow;0.00;rev1;-1;1155.3;1000.0;-326.7
ShellGame;534;bow;0.00;rev1;-1;1109.0;1000.0;-326.7
ShellGame;535;bow;0.00;rev1;-1;1063.2;1000.0;-326.7
ShellGame;536;bow;0.00;rev1;-1;1018.5;1000.0;-326.7
ShellGame;537;bow;0.00;rev1;-1;975.2;1000.0;-326.7
ShellGame;538;bow;0.00;rev1;-1;933.7;1000.0;-326.7
ShellGame;539;bow;0.00;rev2;-1;894.2;1000.0;-235.8
ShellGame;540;bow;0.00;rev2;-1;857.1;1000.0;-235.8
ShellGame;541;bow;0.00;rev2;-1;822.4;1000.0;-235.8
ShellGame;542;bow;0.00;rev2;-1;790.4;1000.0;-235.8
ShellGame;543;bow;0.00;rev2;-1;760.9;1000.0;-235.8
ShellGame;544;bow;0.00;rev2;-1;734.1;1000.0;-235.8
ShellGame;545;bow;0.00;rev2;-1;710.0;1000.0;-235.8
ShellGame;546;bow;0.00;rev2;-1;688.3;1000.0;-235.8
ShellGame;547;bow;0.00;rev2;-1;669.1;1000.0;-235.8
ShellGame;548;bow;0.04;sumir1;-1;652.1;1000.0;-332.1
ShellGame;549;bow;0.07;sumir1;-1;637.3;1000.0;-332.1
ShellGame;550;bow;0.11;sumir1;-1;624.4;1000.0;-332.1
ShellGame;551;bow;0.15;sumir1;-1;613.3;1000.0;-332.1
ShellGame;552;bow;0.19;sumir1;-1;603.8;1000.0;-332.1
ShellGame;553;bow;0.22;sumir1;-1;595.8;1000.0;-332.1
ShellGame;554;bow;0.26;sumir2;-1;589.0;1000.0;-327.4
ShellGame;555;bow;0.30;sumir2;-1;583.4;1000.0;-327.4
ShellGame;556;bow;0.33;sumir2;-1;578.7;1000.0;-327.4
ShellGame;557;bow;0.37;sumir2;-1;574.9;1000.0;-327.4
ShellGame;558;bow;0.41;sumir2;-1;571.7;1000.0;-327.4
ShellGame;559;bow;0.44;sumir2;-1;569.2;1000.0;-327.4
ShellGame;560;bow;0.48;sumir2;-1;567.1;1000.0;-327.4
ShellGame;561;bow;0.52;sumir3;-1;565.5;1000.0;-264.9
ShellGame;562;bow;0.56;sumir3;-1;564.2;1000.0;-264.9
ShellGame;563;bow;0.59;sumir3;-1;563.2;1000.0;-264.9
ShellGame;564;bow;0.63;sumir3;-1;562.4;1000.0;-264.9
ShellGame;565;bow;0.67;sumir3;-1;561.8;1000.0;-264.9
ShellGame;566;bow;0.70;sumir3;-1;561.4;1000.0;-264.9
ShellGame;567;bow;0.74;sumir3;-1;561.0;1000.0;-264.9
ShellGame;568;bow;0.78;sumir4;-1;560.7;1000.0;-84.2
ShellGame;569;bow;0.81;sumir4;-1;560.5;1000.0;-84.2
ShellGame;570;bow;0.85;sumir4;-1;560.4;1000.0;-84.2
ShellGame;571;bow;0.89;sumir4;-1;560.3;1000.0;-84.2
ShellGame;572;bow;0.93;sumir4;-1;560.2;1000.0;-84.2
ShellGame;573;bow;0.96;sumir4;-1;560.1;1000.0;-84.2
ShellGame;574;bow;0.96;sumir4;-1;560.1;1000.0;-84.2
ShellGame;575;bow;0.96;sumir4;-1;560.1;1000.0;-84.2
ShellGame;576;bow;0.96;sumir4;-1;560.1;1000.0;-84.2
ShellGame;577;bow;0.96;sumir4;-1;560.1;1000.0;-84.2
ShellGame;578;bow;0.96;sumir4;-1;560.1;1000.0;-84.2
ShellGame;579;bow;0.96;sumir4;-1;560.1;1000.0;-84.2
ShellGame;580;bow;0.96;sumir4;-1;560.1;1000.0;-84.2
ShellGame;581;bow;0.96;sumir4;-1;560.1;1000.0;-84.2
ShellGame;582;bow;0.96;sumir4;-1;560.1;1000.0;-84.2
ShellGame;583;bow;0.96;sumir4;-1;560.1;1000.0;-84.2
ShellGame;584;bow;0.96;sumir4;-1;560.1;1000.0;-84.2
ShellGame;585;bow;0.96;sumir4;-1;560.1;1000.0;-84.2
ShellGame;586;bow;0.96;sumir4;-1;560.1;1000.0;-84.2
ShellGame;587;bow;0.96;sumir4;-1;560.1;1000.0;-84.2
ShellGame;588;bow;0.96;sumir4;-1;560.1;1000.0;-84.2
ShellGame;589;bow;0.96;sumir4;-1;560.1;1000.0;-84.2
ShellGame;590;bow;0.96;sumir4;-1;560.1;1000.0;-84.2
ShellGame;591;bow;0.96;sumir4;-1;560.1;1000.0;-84.2
ShellGame;592;bow;0.96;sumir4;-1;560.1;1000.0;-84.2
ShellGame;593;bow;0.96;sumir4;-1;560.1;1000.0;-84.2
ShellGame;594;bow;0.96;sumir4;-1;560.1;1000.0;-84.2
ShellGame;595;bow;0.96;sumir4;-1;560.1;1000.0;-84.2
ShellGame;596;bow;0.96;sumir4;-1;560.1;1000.0;-84.2
ShellGame;597;bow;0.96;sumir4;-1;560.1;1000.0;-84.2
ShellGame;598;bow;0.96;sumir4;-1;560.1;1000.0;-84.2
ShellGame;599;bow;0.96;sumir4;-1;560.1;1000.0;-84.2
ShellGame;600;bow;0.96;sumir4;-1;560.1;1000.0;-84.2
ShellGame;601;bow;0.96;sumir4;-1;560.1;1000.0;-84.2
ShellGame;602;bow;0.96;sumir4;-1;560.1;1000.0;-84.2
ShellGame;603;bow;0.96;sumir4;-1;560.1;1000.0;-84.2
ShellGame;604;bow;0.96;sumir4;-1;560.1;1000.0;-84.2
ShellGame;605;bow;0.96;sumir4;-1;560.1;1000.0;-84.2
ShellGame;606;bow;0.96;sumir4;-1;560.1;1000.0;-84.2
ShellGame;607;bow;0.96;sumir4;-1;560.1;1000.0;-84.2
ShellGame;608;bow;0.96;sumir4;-1;560.1;1000.0;-84.2
ShellGame;609;bow;0.96;sumir4;-1;560.1;1000.0;-84.2
ShellGame;610;bow;0.96;sumir4;-1;560.1;1000.0;-84.2
ShellGame;611;bow;0.96;sumir4;-1;560.1;1000.0;-84.2
ShellGame;612;bow;0.96;sumir4;-1;560.1;1000.0;-84.2
ShellGame;613;bow;0.96;sumir4;-1;560.1;1000.0;-84.2
ShellGame;614;bow;0.96;sumir4;-1;560.1;1000.0;-84.2
ShellGame;615;bow;0.96;sumir4;-1;560.1;1000.0;-84.2
ShellGame;616;bow;0.96;sumir4;-1;560.1;1000.0;-84.2
ShellGame;617;bow;0.96;sumir4;-1;560.1;1000.0;-84.2
ShellGame;618;bow;0.96;sumir4;-1;560.1;1000.0;-84.2
ShellGame;619;bow;0.96;sumir4;-1;560.1;1000.0;-84.2
ShellGame;620;bow;0.96;sumir4;-1;560.1;1000.0;-84.2
ShellGame;621;bow;0.96;sumir4;-1;560.1;1000.0;-84.2
ShellGame;622;bow;0.96;sumir4;-1;560.1;1000.0;-84.2
ShellGame;623;bow;0.96;sumir4;-1;560.1;1000.0;-84.2
ShellGame;624;bow;0.96;sumir4;-1;560.1;1000.0;-84.2
ShellGame;625;bow;0.96;sumir4;-1;560.1;1000.0;-84.2
ShellGame;626;bow;0.96;sumir4;-1;560.1;1000.0;-84.2
ShellGame;627;bow;0.96;sumir4;-1;560.1;1000.0;-84.2
ShellGame;628;bow;0.96;sumir4;-1;560.1;1000.0;-84.2
ShellGame;629;bow;0.96;sumir4;-1;560.1;1000.0;-84.2
ShellGame;630;bow;0.96;sumir4;-1;560.1;1000.0;-84.2
ShellGame;631;bow;0.96;sumir4;-1;560.1;1000.0;-84.2
ShellGame;632;bow;0.96;sumir4;-1;560.1;1000.0;-84.2
ShellGame;633;bow;0.96;sumir4;-1;560.1;1000.0;-84.2
ShellGame;634;bow;0.96;sumir4;-1;560.1;1000.0;-84.2
ShellGame;635;bow;0.96;sumir4;-1;560.1;1000.0;-84.2
ShellGame;636;bow;0.96;sumir4;-1;560.1;1000.0;-84.2
ShellGame;637;bow;0.96;sumir4;-1;560.1;1000.0;-84.2
ShellGame;638;bow;0.96;sumir4;-1;560.1;1000.0;-84.2
ShellGame;639;bow;0.96;sumir4;-1;560.1;1000.0;-84.2
ShellGame;640;bow;0.96;sumir4;-1;560.1;1000.0;-84.2
ShellGame;641;bow;0.96;sumir4;-1;560.1;1000.0;-84.2
ShellGame;642;bow;0.96;sumir4;-1;560.1;1000.0;-84.2
ShellGame;643;bow;0.96;sumir4;-1;560.1;1000.0;-84.2
ShellGame;644;bow;0.96;sumir4;-1;560.1;1000.0;-84.2
ShellGame;645;bow;0.96;sumir4;-1;560.1;1000.0;-84.2
ShellGame;646;bow;0.96;sumir4;-1;560.1;1000.0;-84.2
ShellGame;647;bow;0.96;sumir4;-1;560.1;1000.0;-84.2
ShellGame;648;bow;0.96;sumir4;-1;560.1;1000.0;-84.2
ShellGame;649;bow;0.96;sumir4;-1;560.1;1000.0;-84.2
ShellGame;650;bow;0.96;sumir4;-1;560.1;1000.0;-84.2
ShellGame;651;bow;0.96;sumir4;-1;560.1;1000.0;-84.2
ShellGame;652;bow;0.96;sumir4;-1;560.1;1000.0;-84.2
ShellGame;653;bow;0.96;sumir4;-1;560.1;1000.0;-84.2
ShellGame;654;bow;0.96;sumir4;-1;560.1;1000.0;-84.2
ShellGame;655;bow;0.96;sumir4;-1;560.1;1000.0;-84.2
ShellGame;656;bow;0.96;sumir4;-1;560.1;1000.0;-84.2
ShellGame;657;bow;0.96;sumir4;-1;560.1;1000.0;-84.2
ShellGame;658;bow;0.96;sumir4;-1;560.1;1000.0;-84.2
ShellGame;659;bow;0.96;sumir4;-1;560.1;1000.0;-84.2
ShellGame;660;bow;0.96;sumir4;-1;560.1;1000.0;-84.2
ShellGame;661;bow;0.96;sumir4;-1;560.1;1000.0;-84.2
ShellGame;662;bow;0.96;sumir4;-1;560.1;1000.0;-84.2
ShellGame;663;bow;0.96;sumir4;-1;560.1;1000.0;-84.2
ShellGame;664;bow;0.96;sumir4;-1;560.1;1000.0;-84.2
ShellGame;665;bow;0.96;sumir4;-1;560.1;1000.0;-84.2
ShellGame;666;bow;0.96;sumir4;-1;560.1;1000.0;-84.2
ShellGame;667;bow;0.96;sumir4;-1;560.1;1000.0;-84.2
ShellGame;668;bow;0.96;sumir4;-1;560.1;1000.0;-84.2
ShellGame;669;bow;0.96;sumir4;-1;560.1;1000.0;-84.2
ShellGame;670;bow;0.96;sumir4;-1;560.1;1000.0;-84.2
ShellGame;671;bow;0.96;sumir4;-1;560.1;1000.0;-84.2
ShellGame;672;bow;0.96;sumir4;-1;560.1;1000.0;-84.2
ShellGame;673;bow;0.96;sumir4;-1;560.1;1000.0;-84.2
ShellGame;674;bow;0.96;sumir4;-1;560.1;1000.0;-84.2
ShellGame;675;bow;0.96;sumir4;-1;560.1;1000.0;-84.2
ShellGame;676;bow;0.96;sumir4;-1;560.1;1000.0;-84.2
ShellGame;677;bow;0.96;sumir4;-1;560.1;1000.0;-84.2
ShellGame;678;bow;0.96;sumir4;-1;560.1;1000.0;-84.2
ShellGame;679;bow;0.96;sumir4;-1;560.1;1000.0;-84.2
ShellGame;680;bow;0.96;sumir4;-1;560.1;1000.0;-84.2
ShellGame;681;bow;0.96;sumir4;-1;560.1;1000.0;-84.2
ShellGame;682;bow;0.96;sumir4;-1;560.1;1000.0;-84.2
ShellGame;683;bow;0.96;sumir4;-1;560.1;1000.0;-84.2
ShellGame;684;bow;0.96;sumir4;-1;560.1;1000.0;-84.2
ShellGame;685;bow;0.96;sumir4;-1;560.1;1000.0;-84.2
ShellGame;686;bow;0.96;sumir4;-1;560.1;1000.0;-84.2
ShellGame;687;bow;0.96;sumir4;-1;560.1;1000.0;-84.2
ShellGame;688;bow;0.96;sumir4;-1;560.1;1000.0;-84.2
ShellGame;689;bow;0.96;sumir4;-1;560.1;1000.0;-84.2
ShellGame;690;bow;0.96;sumir4;-1;560.1;1000.0;-84.2
ShellGame;691;bow;0.96;sumir4;-1;560.1;1000.0;-84.2
ShellGame;692;bow;0.96;sumir4;-1;560.1;1000.0;-84.2
ShellGame;693;bow;0.96;sumir4;-1;560.1;1000.0;-84.2
ShellGame;694;bow;0.96;sumir4;-1;560.1;1000.0;-84.2
ShellGame;695;bow;0.96;sumir4;-1;560.1;1000.0;-84.2
ShellGame;696;bow;0.96;sumir4;-1;560.1;1000.0;-84.2
ShellGame;697;bow;0.96;sumir4;-1;560.1;1000.0;-84.2
ShellGame;698;bow;0.96;sumir4;-1;560.1;1000.0;-84.2
ShellGame;699;bow;0.96;sumir4;-1;560.1;1000.0;-84.2
ShellGame;700;bow;0.96;sumir4;-1;560.1;1000.0;-84.2
ShellGame;701;bow;0.96;sumir4;-1;560.1;1000.0;-84.2
ShellGame;702;bow;0.96;sumir4;-1;560.1;1000.0;-84.2
ShellGame;703;bow;0.96;sumir4;-1;560.1;1000.0;-84.2
ShellGame;704;bow;0.96;sumir4;-1;560.1;1000.0;-84.2
ShellGame;705;bow;0.96;sumir4;-1;560.1;1000.0;-84.2
ShellGame;706;bow;0.96;sumir4;-1;560.1;1000.0;-84.2
ShellGame;707;bow;0.96;sumir4;-1;560.1;1000.0;-84.2
ShellGame;708;bow;0.96;sumir4;-1;560.1;1000.0;-84.2
ShellGame;709;bow;0.96;sumir4;-1;560.1;1000.0;-84.2
ShellGame;710;bow;0.96;sumir4;-1;560.1;1000.0;-84.2
ShellGame;711;bow;0.96;sumir4;-1;560.1;1000.0;-84.2
ShellGame;712;bow;0.96;sumir4;-1;560.1;1000.0;-84.2
ShellGame;713;bow;0.96;sumir4;-1;560.1;1000.0;-84.2
ShellGame;714;bow;0.96;sumir4;-1;560.1;1000.0;-84.2
ShellGame;715;bow;0.96;sumir4;-1;560.1;1000.0;-84.2
ShellGame;716;bow;0.96;sumir4;-1;560.1;1000.0;-84.2
ShellGame;717;bow;0.96;sumir4;-1;560.1;1000.0;-84.2
ShellGame;718;bow;0.96;sumir4;-1;560.1;1000.0;-84.2
ShellGame;719;bow;0.96;sumir4;-1;560.1;1000.0;-84.2
ShellGame;720;bow;0.96;sumir4;-1;560.1;1000.0;-84.2
ShellGame;721;bow;0.96;sumir4;-1;560.1;1000.0;-84.2
ShellGame;722;bow;0.96;sumir4;-1;560.1;1000.0;-84.2
ShellGame;723;bow;0.96;sumir4;-1;560.1;1000.0;-84.2
ShellGame;724;bow;0.96;sumir4;-1;560.1;1000.0;-84.2
ShellGame;725;bow;0.96;sumir4;-1;560.1;1000.0;-84.2
ShellGame;726;bow;0.96;sumir4;-1;560.1;1000.0;-84.2
ShellGame;727;bow;0.96;sumir4;-1;560.1;1000.0;-84.2
ShellGame;728;bow;0.96;sumir4;-1;560.1;1000.0;-84.2
ShellGame;729;bow;0.96;sumir4;-1;560.1;1000.0;-84.2
ShellGame;730;bow;0.96;sumir4;-1;560.1;1000.0;-84.2
ShellGame;731;bow;0.96;sumir4;-1;560.1;1000.0;-84.2
ShellGame;732;bow;0.96;sumir4;-1;560.1;1000.0;-84.2
ShellGame;733;bow;0.96;sumir4;-1;560.1;1000.0;-84.2
ShellGame;734;bow;0.96;sumir4;-1;560.1;1000.0;-84.2
ShellGame;735;bow;0.96;sumir4;-1;560.1;1000.0;-84.2
ShellGame;736;bow;0.96;sumir4;-1;560.1;1000.0;-84.2
ShellGame;737;bow;0.96;sumir4;-1;560.1;1000.0;-84.2
ShellGame;738;bow;0.96;sumir4;-1;560.1;1000.0;-84.2
ShellGame;739;bow;0.96;sumir4;-1;560.1;1000.0;-84.2
ShellGame;740;bow;0.96;sumir4;-1;560.1;1000.0;-84.2
ShellGame;741;bow;0.96;sumir4;-1;560.1;1000.0;-84.2
ShellGame;742;bow;0.96;sumir4;-1;560.1;1000.0;-84.2
ShellGame;743;bow;0.96;sumir4;-1;560.1;1000.0;-84.2
ShellGame;744;bow;0.96;sumir4;-1;560.1;1000.0;-84.2
ShellGame;745;bow;0.96;sumir4;-1;560.1;1000.0;-84.2
ShellGame;746;bow;0.96;sumir4;-1;560.1;1000.0;-84.2
ShellGame;747;bow;0.96;sumir4;-1;560.1;1000.0;-84.2
ShellGame;748;bow;0.96;sumir4;-1;560.1;1000.0;-84.2
ShellGame;749;bow;0.96;sumir4;-1;560.1;1000.0;-84.2
ShellGame;750;bow;0.96;sumir4;-1;560.1;1000.0;-84.2
ShellGame;751;bow;0.96;sumir4;-1;560.1;1000.0;-84.2
ShellGame;752;bow;0.96;sumir4;-1;560.1;1000.0;-84.2
ShellGame;753;bow;0.96;sumir4;-1;560.1;1000.0;-84.2
ShellGame;754;bow;0.96;sumir4;-1;560.1;1000.0;-84.2
ShellGame;755;bow;0.96;sumir4;-1;560.1;1000.0;-84.2
ShellGame;756;bow;0.96;sumir4;-1;560.1;1000.0;-84.2
ShellGame;757;bow;0.96;sumir4;-1;560.1;1000.0;-84.2
ShellGame;758;bow;0.96;sumir4;-1;560.1;1000.0;-84.2
ShellGame;759;bow;0.96;sumir4;-1;560.1;1000.0;-84.2
ShellGame;760;bow;0.96;sumir4;-1;560.1;1000.0;-84.2
ShellGame;761;bow;0.96;sumir4;-1;560.1;1000.0;-84.2
ShellGame;762;bow;0.96;sumir4;-1;560.1;1000.0;-84.2
ShellGame;763;bow;0.96;sumir4;-1;560.1;1000.0;-84.2
ShellGame;764;bow;0.96;sumir4;-1;560.1;1000.0;-84.2
ShellGame;765;bow;0.96;sumir4;-1;560.1;1000.0;-84.2
ShellGame;766;bow;0.96;sumir4;-1;560.1;1000.0;-84.2
ShellGame;767;bow;0.96;sumir4;-1;560.1;1000.0;-84.2
ShellGame;768;bow;0.96;sumir4;-1;560.1;1000.0;-84.2
ShellGame;769;bow;0.96;sumir4;-1;560.1;1000.0;-84.2
ShellGame;770;bow;0.96;sumir4;-1;560.1;1000.0;-84.2
ShellGame;771;bow;0.96;sumir4;-1;560.1;1000.0;-84.2
ShellGame;772;bow;0.96;sumir4;-1;560.1;1000.0;-84.2
ShellGame;773;bow;0.96;sumir4;-1;560.1;1000.0;-84.2
ShellGame;774;bow;0.96;sumir4;-1;560.1;1000.0;-84.2
ShellGame;775;bow;0.96;sumir4;-1;560.1;1000.0;-84.2
ShellGame;776;bow;0.96;sumir4;-1;560.1;1000.0;-84.2
ShellGame;777;bow;0.96;sumir4;-1;560.1;1000.0;-84.2
ShellGame;778;bow;0.96;sumir4;-1;560.1;1000.0;-84.2
ShellGame;779;bow;0.96;sumir4;-1;560.1;1000.0;-84.2
ShellGame;780;bow;0.96;sumir4;-1;560.1;1000.0;-84.2
ShellGame;781;bow;0.96;sumir4;-1;560.1;1000.0;-84.2
ShellGame;782;bow;0.96;sumir4;-1;560.1;1000.0;-84.2
ShellGame;783;bow;0.96;sumir4;-1;560.1;1000.0;-84.2
ShellGame;784;bow;0.96;sumir4;-1;560.1;1000.0;-84.2
ShellGame;785;bow;0.96;sumir4;-1;560.1;1000.0;-84.2
ShellGame;786;bow;0.96;sumir4;-1;560.1;1000.0;-84.2
ShellGame;787;bow;0.96;sumir4;-1;560.1;1000.0;-84.2
ShellGame;788;bow;0.96;sumir4;-1;560.1;1000.0;-84.2
ShellGame;789;bow;0.96;sumir4;-1;560.1;1000.0;-84.2
ShellGame;790;bow;0.96;sumir4;-1;560.1;1000.0;-84.2
ShellGame;791;bow;0.96;sumir4;-1;560.1;1000.0;-84.2
ShellGame;792;bow;0.96;sumir4;-1;560.1;1000.0;-84.2
ShellGame;793;bow;0.96;sumir4;-1;560.1;1000.0;-84.2
ShellGame;794;bow;0.96;sumir4;-1;560.1;1000.0;-84.2
ShellGame;795;bow;0.96;sumir4;-1;560.1;1000.0;-84.2
ShellGame;796;bow;0.96;sumir4;-1;560.1;1000.0;-84.2
ShellGame;797;bow;0.96;sumir4;-1;560.1;1000.0;-84.2
ShellGame;798;bow;0.96;sumir4;-1;560.1;1000.0;-84.2
ShellGame;799;bow;0.96;sumir4;-1;560.1;1000.0;-84.2
ShellGame;800;bow;0.96;sumir4;-1;560.1;1000.0;-84.2
ShellGame;801;bow;0.96;sumir4;-1;560.1;1000.0;-84.2
ShellGame;802;bow;0.96;sumir4;-1;560.1;1000.0;-84.2
ShellGame;803;bow;0.96;sumir4;-1;560.1;1000.0;-84.2
ShellGame;804;bow;0.96;sumir4;-1;560.1;1000.0;-84.2
ShellGame;805;bow;0.96;sumir4;-1;560.1;1000.0;-84.2
ShellGame;806;bow;0.96;sumir4;-1;560.1;1000.0;-84.2
ShellGame;807;bow;0.96;sumir4;-1;560.1;1000.0;-84.2
ShellGame;808;bow;0.96;sumir4;-1;560.1;1000.0;-84.2
ShellGame;809;bow;0.96;sumir4;-1;560.1;1000.0;-84.2
ShellGame;810;bow;0.96;sumir4;-1;560.1;1000.0;-84.2
ShellGame;811;bow;0.96;sumir4;-1;560.1;1000.0;-84.2
ShellGame;812;bow;0.96;sumir4;-1;560.1;1000.0;-84.2
ShellGame;813;bow;0.96;sumir4;-1;560.1;1000.0;-84.2
ShellGame;814;bow;0.96;sumir4;-1;560.1;1000.0;-84.2
ShellGame;815;bow;0.96;sumir4;-1;560.1;1000.0;-84.2
ShellGame;816;bow;0.96;sumir4;-1;560.1;1000.0;-84.2
ShellGame;817;bow;0.96;sumir4;-1;560.1;1000.0;-84.2
ShellGame;818;bow;0.96;sumir4;-1;560.1;1000.0;-84.2
ShellGame;819;bow;0.96;sumir4;-1;560.1;1000.0;-84.2
ShellGame;820;bow;0.96;sumir4;-1;560.1;1000.0;-84.2
ShellGame;821;bow;0.96;sumir4;-1;560.1;1000.0;-84.2
ShellGame;822;bow;0.96;sumir4;-1;560.1;1000.0;-84.2
ShellGame;823;bow;0.96;sumir4;-1;560.1;1000.0;-84.2
ShellGame;824;bow;0.96;sumir4;-1;560.1;1000.0;-84.2
ShellGame;825;bow;0.96;sumir4;-1;560.1;1000.0;-84.2
ShellGame;826;bow;0.96;sumir4;-1;560.1;1000.0;-84.2
ShellGame;827;bow;0.96;sumir4;-1;560.1;1000.0;-84.2
ShellGame;828;bow;0.96;sumir4;-1;560.1;1000.0;-84.2
ShellGame;829;bow;0.96;sumir4;-1;560.1;1000.0;-84.2
ShellGame;830;bow;0.96;sumir4;-1;560.1;1000.0;-84.2
ShellGame;831;bow;0.96;sumir4;-1;560.1;1000.0;-84.2
ShellGame;832;bow;0.96;sumir4;-1;560.1;1000.0;-84.2
ShellGame;833;bow;0.96;sumir4;-1;560.1;1000.0;-84.2
ShellGame;834;bow;0.96;sumir4;-1;560.1;1000.0;-84.2
ShellGame;835;bow;0.96;sumir4;-1;560.1;1000.0;-84.2
ShellGame;836;bow;0.96;sumir4;-1;560.1;1000.0;-84.2
ShellGame;837;bow;0.96;sumir4;-1;560.1;1000.0;-84.2
ShellGame;838;bow;0.96;sumir4;-1;560.1;1000.0;-84.2
ShellGame;839;bow;0.96;sumir4;-1;560.1;1000.0;-84.2
ShellGame;840;bow;0.96;sumir4;-1;560.1;1000.0;-84.2
ShellGame;841;bow;0.96;sumir4;-1;560.1;1000.0;-84.2
ShellGame;842;bow;0.96;sumir4;-1;560.1;1000.0;-84.2
ShellGame;843;bow;0.96;sumir4;-1;560.1;1000.0;-84.2
ShellGame;844;bow;0.96;sumir4;-1;560.1;1000.0;-84.2
ShellGame;845;bow;0.96;sumir4;-1;560.1;1000.0;-84.2
ShellGame;846;bow;0.96;sumir4;-1;560.1;1000.0;-84.2
ShellGame;847;bow;0.96;sumir4;-1;560.1;1000.0;-84.2
ShellGame;848;bow;0.96;sumir4;-1;560.1;1000.0;-84.2
ShellGame;849;bow;0.96;sumir4;-1;560.1;1000.0;-84.2
ShellGame;850;bow;0.96;sumir4;-1;560.1;1000.0;-84.2
ShellGame;851;bow;0.96;sumir4;-1;560.1;1000.0;-84.2
ShellGame;852;bow;0.96;sumir4;-1;560.1;1000.0;-84.2
ShellGame;853;bow;0.96;sumir4;-1;560.1;1000.0;-84.2
ShellGame;854;bow;0.96;sumir4;-1;560.1;1000.0;-84.2
ShellGame;855;bow;0.96;sumir4;-1;560.1;1000.0;-84.2
ShellGame;856;bow;0.96;sumir4;-1;560.1;1000.0;-84.2
ShellGame;857;bow;0.96;sumir4;-1;560.1;1000.0;-84.2
ShellGame;858;bow;0.96;sumir4;-1;560.1;1000.0;-84.2
ShellGame;859;bow;0.96;sumir4;-1;560.1;1000.0;-84.2
ShellGame;860;bow;0.96;sumir4;-1;560.1;1000.0;-84.2
ShellGame;861;bow;0.96;sumir4;-1;560.1;1000.0;-84.2
ShellGame;862;bow;0.96;sumir4;-1;560.1;1000.0;-84.2
ShellGame;863;bow;0.96;sumir4;-1;560.1;1000.0;-84.2
ShellGame;864;bow;0.96;sumir4;-1;560.1;1000.0;-84.2
ShellGame;865;bow;0.96;sumir4;-1;560.1;1000.0;-84.2
ShellGame;866;bow;0.96;sumir4;-1;560.1;1000.0;-84.2
ShellGame;867;bow;0.96;sumir4;-1;560.1;1000.0;-84.2
ShellGame;868;bow;0.96;sumir4;-1;560.1;1000.0;-84.2
ShellGame;869;bow;0.96;sumir4;-1;560.1;1000.0;-84.2
ShellGame;870;bow;0.96;sumir4;-1;560.1;1000.0;-84.2
ShellGame;871;bow;0.96;sumir4;-1;560.1;1000.0;-84.2
ShellGame;872;bow;0.96;sumir4;-1;560.1;1000.0;-84.2
ShellGame;873;bow;0.96;sumir4;-1;560.1;1000.0;-84.2
ShellGame;874;bow;0.96;sumir4;-1;560.1;1000.0;-84.2
ShellGame;875;bow;0.96;sumir4;-1;560.1;1000.0;-84.2
ShellGame;876;bow;0.96;sumir4;-1;560.1;1000.0;-84.2
ShellGame;877;bow;0.96;sumir4;-1;560.1;1000.0;-84.2
ShellGame;878;bow;0.96;sumir4;-1;560.1;1000.0;-84.2
ShellGame;879;bow;0.96;sumir4;-1;560.1;1000.0;-84.2
ShellGame;880;bow;0.96;sumir4;-1;560.1;1000.0;-84.2
ShellGame;881;bow;0.96;sumir4;-1;560.1;1000.0;-84.2
ShellGame;882;bow;0.96;sumir4;-1;560.1;1000.0;-84.2
ShellGame;883;bow;0.96;sumir4;-1;560.1;1000.0;-84.2
ShellGame;884;bow;0.96;sumir4;-1;560.1;1000.0;-84.2
ShellGame;885;bow;0.96;sumir4;-1;560.1;1000.0;-84.2
ShellGame;886;bow;0.96;sumir4;-1;560.1;1000.0;-84.2
ShellGame;887;bow;0.96;sumir4;-1;560.1;1000.0;-84.2
ShellGame;888;bow;0.96;sumir4;-1;560.1;1000.0;-84.2
ShellGame;889;bow;0.96;sumir4;-1;560.1;1000.0;-84.2
ShellGame;890;bow;0.96;sumir4;-1;560.1;1000.0;-84.2
ShellGame;891;bow;0.96;sumir4;-1;560.1;1000.0;-84.2
ShellGame;892;bow;0.96;sumir4;-1;560.1;1000.0;-84.2
ShellGame;893;bow;0.96;sumir4;-1;560.1;1000.0;-84.2
ShellGame;894;bow;0.96;sumir4;-1;560.1;1000.0;-84.2
ShellGame;895;bow;0.96;sumir4;-1;560.1;1000.0;-84.2
ShellGame;896;bow;0.96;sumir4;-1;560.1;1000.0;-84.2
ShellGame;897;bow;0.96;sumir4;-1;560.1;1000.0;-84.2
ShellGame;898;bow;0.96;sumir4;-1;560.1;1000.0;-84.2
ShellGame;899;bow;0.96;sumir4;-1;560.1;1000.0;-84.2
ShellGame;900;bow;0.96;sumir4;-1;560.1;1000.0;-84.2
ShellGame;901;bow;0.96;sumir4;-1;560.1;1000.0;-84.2
ShellGame;902;bow;0.96;sumir4;-1;560.1;1000.0;-84.2
ShellGame;903;bow;0.96;sumir4;-1;560.1;1000.0;-84.2
ShellGame;904;bow;0.96;sumir4;-1;560.1;1000.0;-84.2
ShellGame;905;bow;0.96;sumir4;-1;560.1;1000.0;-84.2
ShellGame;906;bow;0.96;sumir4;-1;560.1;1000.0;-84.2
ShellGame;907;bow;0.96;sumir4;-1;560.1;1000.0;-84.2
ShellGame;908;bow;0.96;sumir4;-1;560.1;1000.0;-84.2
ShellGame;909;bow;0.96;sumir4;-1;560.1;1000.0;-84.2
ShellGame;910;bow;0.96;sumir4;-1;560.1;1000.0;-84.2
ShellGame;911;bow;0.96;sumir4;-1;560.1;1000.0;-84.2
ShellGame;912;bow;0.96;sumir4;-1;560.1;1000.0;-84.2
ShellGame;913;bow;0.96;sumir4;-1;560.1;1000.0;-84.2
ShellGame;914;bow;0.96;sumir4;-1;560.1;1000.0;-84.2
ShellGame;915;bow;0.96;sumir4;-1;560.1;1000.0;-84.2
ShellGame;916;bow;0.96;sumir4;-1;560.1;1000.0;-84.2
ShellGame;917;bow;0.96;sumir4;-1;560.1;1000.0;-84.2
ShellGame;918;bow;0.96;sumir4;-1;560.1;1000.0;-84.2
ShellGame;919;bow;0.96;sumir4;-1;560.1;1000.0;-84.2
ShellGame;920;bow;0.96;sumir4;-1;560.1;1000.0;-84.2
ShellGame;921;bow;0.96;sumir4;-1;560.1;1000.0;-84.2
ShellGame;922;bow;0.96;sumir4;-1;560.1;1000.0;-84.2
ShellGame;923;bow;0.96;sumir4;-1;560.1;1000.0;-84.2
ShellGame;924;bow;0.96;sumir4;-1;560.1;1000.0;-84.2
ShellGame;925;bow;0.96;sumir4;-1;560.1;1000.0;-84.2
ShellGame;926;bow;0.96;sumir4;-1;560.1;1000.0;-84.2
ShellGame;927;bow;0.96;sumir4;-1;560.1;1000.0;-84.2
ShellGame;928;bow;0.96;sumir4;-1;560.1;1000.0;-84.2
ShellGame;929;bow;0.96;sumir4;-1;560.1;1000.0;-84.2
ShellGame;930;bow;0.96;sumir4;-1;560.1;1000.0;-84.2
ShellGame;931;bow;0.96;sumir4;-1;560.1;1000.0;-84.2
ShellGame;932;bow;0.96;sumir4;-1;560.1;1000.0;-84.2
ShellGame;933;bow;0.96;sumir4;-1;560.1;1000.0;-84.2
ShellGame;934;bow;0.96;sumir4;-1;560.1;1000.0;-84.2
ShellGame;935;bow;0.96;sumir4;-1;560.1;1000.0;-84.2
ShellGame;936;bow;0.96;sumir4;-1;560.1;1000.0;-84.2
ShellGame;937;bow;0.96;sumir4;-1;560.1;1000.0;-84.2
ShellGame;938;bow;0.96;sumir4;-1;560.1;1000.0;-84.2
ShellGame;939;bow;0.96;sumir4;-1;560.1;1000.0;-84.2
ShellGame;940;bow;0.96;sumir4;-1;560.1;1000.0;-84.2
ShellGame;941;bow;0.96;sumir4;-1;560.1;1000.0;-84.2
ShellGame;942;bow;0.96;sumir4;-1;560.1;1000.0;-84.2
ShellGame;943;bow;0.96;sumir4;-1;560.1;1000.0;-84.2
ShellGame;944;bow;0.00;rev1;-1;1360.0;1000.0;-326.7
ShellGame;945;bow;0.00;rev1;-1;1360.0;1000.0;-326.7
ShellGame;946;bow;0.00;rev1;-1;1360.0;1000.0;-326.7
ShellGame;947;bow;0.00;rev1;-1;1360.0;1000.0;-326.7
ShellGame;948;bow;0.00;rev1;-1;1360.0;1000.0;-326.7
ShellGame;949;bow;0.00;rev1;-1;1360.0;1000.0;-326.7
ShellGame;950;bow;0.00;rev1;-1;1360.0;1000.0;-326.7
ShellGame;951;bow;0.00;rev1;-1;1360.0;1000.0;-326.7
ShellGame;952;bow;0.00;rev1;-1;1360.0;1000.0;-326.7
ShellGame;953;bow;0.00;rev1;-1;1360.0;1000.0;-326.7
ShellGame;954;bow;0.00;rev1;-1;1360.0;1000.0;-326.7
ShellGame;955;bow;0.00;rev1;-1;1360.0;1000.0;-326.7
ShellGame;956;bow;0.00;rev1;-1;1360.0;1000.0;-326.7
ShellGame;957;bow;0.00;rev1;-1;1360.0;1000.0;-326.7
ShellGame;958;bow;0.00;rev1;-1;1360.0;1000.0;-326.7
ShellGame;959;bow;0.00;rev1;-1;1360.0;1000.0;-326.7
ShellGame;960;bow;0.00;rev1;-1;1360.0;1000.0;-326.7
ShellGame;961;bow;0.00;rev2;-1;1360.0;1000.0;-235.8
ShellGame;962;bow;0.00;rev2;-1;1360.0;1000.0;-235.8
ShellGame;963;bow;0.00;rev2;-1;1360.0;1000.0;-235.8
ShellGame;964;bow;0.00;rev2;-1;1360.0;1000.0;-235.8
ShellGame;965;bow;0.00;rev2;-1;1360.0;1000.0;-235.8
ShellGame;966;bow;0.00;rev2;-1;1360.0;1000.0;-235.8
ShellGame;967;bow;0.00;rev2;-1;1360.0;1000.0;-235.8
ShellGame;968;bow;0.00;rev2;-1;1360.0;1000.0;-235.8
ShellGame;969;bow;0.00;rev2;-1;1360.0;1000.0;-235.8
ShellGame;970;bow;0.00;rev2;-1;1360.0;1000.0;-235.8
ShellGame;971;bow;0.00;rev2;-1;1360.0;1000.0;-235.8
ShellGame;972;bow;0.00;rev2;-1;1360.0;1000.0;-235.8
ShellGame;973;bow;0.00;rev2;-1;1360.0;1000.0;-235.8
ShellGame;974;bow;0.00;rev2;-1;1360.0;1000.0;-235.8
ShellGame;975;bow;0.00;rev2;-1;1360.0;1000.0;-235.8
ShellGame;976;bow;0.00;rev2;-1;1360.0;1000.0;-235.8
ShellGame;977;bow;0.00;rev2;-1;1360.0;1000.0;-235.8
ShellGame;978;bow;0.00;rev2;-1;1360.0;1000.0;-235.8
ShellGame;979;bow;0.00;rev2;-1;1360.0;1000.0;-235.8
ShellGame;980;bow;0.00;rev2;-1;1360.0;1000.0;-235.8
ShellGame;981;bow;0.00;rev2;-1;1360.0;1000.0;-235.8
ShellGame;982;bow;0.00;rev2;-1;1360.0;1000.0;-235.8
ShellGame;983;bow;0.00;rev2;-1;1360.0;1000.0;-235.8
ShellGame;984;bow;0.00;rev2;-1;1360.0;1000.0;-235.8
ShellGame;985;bow;0.00;rev2;-1;1360.0;1000.0;-235.8
ShellGame;986;bow;0.00;rev2;-1;1360.0;1000.0;-235.8
ShellGame;987;bow;0.00;rev2;-1;1360.0;1000.0;-235.8
ShellGame;988;bow;0.00;rev2;-1;1360.0;1000.0;-235.8
ShellGame;989;bow;0.00;rev2;-1;1360.0;1000.0;-235.8
ShellGame;990;bow;0.00;rev2;-1;1360.0;1000.0;-235.8
ShellGame;991;bow;0.00;rev2;-1;1360.0;1000.0;-235.8
ShellGame;992;bow;0.00;rev2;-1;1360.0;1000.0;-235.8
ShellGame;993;bow;0.00;rev2;-1;1360.0;1000.0;-235.8
ShellGame;994;bow;0.00;rev2;-1;1360.0;1000.0;-235.8
ShellGame;995;bow;0.00;rev2;-1;1360.0;1000.0;-235.8
ShellGame;996;bow;0.00;rev2;-1;1360.0;1000.0;-235.8
ShellGame;997;bow;0.00;rev2;-1;1360.0;1000.0;-235.8
ShellGame;998;idle;0.00;rev1;-1;1360.0;1000.0;-326.7
ShellGame;999;idle;0.00;rev1;-1;1360.0;1000.0;-326.7
ShellGame;1000;idle;0.00;rev1;-1;1360.0;1000.0;-326.7
ShellGame;1001;idle;0.00;rev1;-1;1360.0;1000.0;-326.7
ShellGame;1002;idle;0.00;rev1;-1;1360.0;1000.0;-326.7
ShellGame;1003;idle;0.00;rev1;-1;1360.0;1000.0;-326.7
ShellGame;1004;idle;0.00;rev1;-1;1360.0;1000.0;-326.7
ShellGame;1005;idle;0.00;parado;-1;1360.0;1000.0;-332.1
ShellGame;1006;idle;0.00;parado;-1;1360.0;1000.0;-332.1
ShellGame;1007;idle;0.00;parado;-1;1360.0;1000.0;-332.1
ShellGame;1008;idle;0.00;parado;-1;1360.0;1000.0;-332.1
ShellGame;1009;idle;0.00;parado;-1;1360.0;1000.0;-332.1
ShellGame;1010;idle;0.00;parado;-1;1360.0;1000.0;-332.1
ShellGame;1011;idle;0.00;parado;-1;1360.0;1000.0;-332.1
ShellGame;1012;idle;0.00;parado;-1;1360.0;1000.0;-332.1
ShellGame;1013;idle;0.00;parado;-1;1360.0;1000.0;-332.1
ShellGame;1014;idle;0.00;parado;-1;1360.0;1000.0;-332.1
ShellGame;1015;idle;0.00;parado;-1;1360.0;1000.0;-332.1
ShellGame;1016;idle;0.00;parado;-1;1360.0;1000.0;-332.1
ShellGame;1017;idle;0.00;parado;-1;1360.0;1000.0;-332.1
ShellGame;1018;idle;0.00;parado;-1;1360.0;1000.0;-332.1
ShellGame;1019;idle;0.00;parado;-1;1360.0;1000.0;-332.1
ShellGame;1020;idle;0.00;parado;-1;1360.0;1000.0;-332.1
ShellGame;1021;idle;0.00;parado;-1;1360.0;1000.0;-332.1
ShellGame;1022;idle;0.00;parado;-1;1360.0;1000.0;-332.1
ShellGame;1023;idle;0.00;parado;-1;1360.0;1000.0;-332.1
ShellGame;1024;idle;0.00;parado;-1;1360.0;1000.0;-332.1
ShellGame;1025;idle;0.00;parado;-1;1360.0;1000.0;-332.1
ShellGame;1026;idle;0.00;parado;-1;1360.0;1000.0;-332.1
ShellGame;1027;idle;0.00;parado;-1;1360.0;1000.0;-332.1
ShellGame;1028;idle;0.00;parado;-1;1360.0;1000.0;-332.1
ShellGame;1029;idle;0.00;parado;-1;1360.0;1000.0;-332.1
ShellGame;1030;idle;0.00;parado;-1;1360.0;1000.0;-332.1
ShellGame;1031;idle;0.00;parado;-1;1360.0;1000.0;-332.1
ShellGame;1032;idle;0.00;parado;-1;1360.0;1000.0;-332.1
ShellGame;1033;idle;0.00;parado;-1;1360.0;1000.0;-332.1
ShellGame;1034;idle;0.00;parado;-1;1360.0;1000.0;-332.1
ShellGame;1035;idle;0.00;parado;-1;1360.0;1000.0;-332.1
ShellGame;1036;idle;0.00;parado;-1;1360.0;1000.0;-332.1
ShellGame;1037;idle;0.00;parado;-1;1360.0;1000.0;-332.1
ShellGame;1038;idle;0.00;parado;-1;1360.0;1000.0;-332.1
ShellGame;1039;idle;0.00;parado;-1;1360.0;1000.0;-332.1
ShellGame;1040;idle;0.00;parado;-1;1360.0;1000.0;-332.1
ShellGame;1041;idle;0.00;parado;-1;1360.0;1000.0;-332.1
ShellGame;1042;idle;0.00;parado;-1;1360.0;1000.0;-332.1
ShellGame;1043;idle;0.00;parado;-1;1360.0;1000.0;-332.1
ShellGame;1044;idle;0.00;parado;-1;1360.0;1000.0;-332.1
ShellGame;1045;idle;0.00;parado;-1;1360.0;1000.0;-332.1
ShellGame;1046;idle;0.00;parado;-1;1360.0;1000.0;-332.1
ShellGame;1047;idle;0.00;parado;-1;1360.0;1000.0;-332.1
ShellGame;1048;idle;0.00;parado;-1;1360.0;1000.0;-332.1
ShellGame;1049;idle;0.00;parado;-1;1360.0;1000.0;-332.1
ShellGame;1050;idle;0.00;parado;-1;1360.0;1000.0;-332.1
ShellGame;1051;idle;0.00;parado;-1;1360.0;1000.0;-332.1
ShellGame;1052;idle;0.00;parado;-1;1360.0;1000.0;-332.1
ShellGame;1053;idle;0.00;parado;-1;1360.0;1000.0;-332.1
ShellGame;1054;idle;0.00;parado;-1;1360.0;1000.0;-332.1
ShellGame;1055;idle;0.00;parado;-1;1360.0;1000.0;-332.1
ShellGame;1056;idle;0.00;parado;-1;1360.0;1000.0;-332.1
ShellGame;1057;idle;0.00;parado;-1;1360.0;1000.0;-332.1
ShellGame;1058;idle;0.00;parado;-1;1360.0;1000.0;-332.1
ShellGame;1059;idle;0.00;parado;-1;1360.0;1000.0;-332.1
ShellGame;1060;idle;0.00;parado;-1;1360.0;1000.0;-332.1
ShellGame;1061;idle;0.00;parado;-1;1360.0;1000.0;-332.1
ShellGame;1062;idle;0.00;parado;-1;1360.0;1000.0;-332.1
ShellGame;1063;idle;0.00;parado;-1;1360.0;1000.0;-332.1
ShellGame;1064;idle;0.00;parado;-1;1360.0;1000.0;-332.1
ShellGame;1065;idle;0.00;parado;-1;1360.0;1000.0;-332.1
ShellGame;1066;idle;0.00;parado;-1;1360.0;1000.0;-332.1
ShellGame;1067;idle;0.00;parado;-1;1360.0;1000.0;-332.1
ShellGame;1068;idle;0.00;parado;-1;1360.0;1000.0;-332.1
ShellGame;1069;idle;0.00;parado;-1;1360.0;1000.0;-332.1
ShellGame;1070;idle;0.00;parado;-1;1360.0;1000.0;-332.1
ShellGame;1071;idle;0.00;parado;-1;1360.0;1000.0;-332.1
ShellGame;1072;idle;0.00;parado;-1;1360.0;1000.0;-332.1
ShellGame;1073;idle;0.00;parado;-1;1360.0;1000.0;-332.1
ShellGame;1074;idle;0.00;parado;-1;1360.0;1000.0;-332.1
ShellGame;1075;idle;0.00;parado;-1;1360.0;1000.0;-332.1
ShellGame;1076;idle;0.00;parado;-1;1360.0;1000.0;-332.1
ShellGame;1077;idle;0.00;parado;-1;1360.0;1000.0;-332.1
ShellGame;1078;idle;0.00;parado;-1;1360.0;1000.0;-332.1
ShellGame;1079;idle;0.00;parado;-1;1360.0;1000.0;-332.1
ShellGame;1080;idle;0.00;parado;-1;1360.0;1000.0;-332.1
ShellGame;1081;idle;0.00;parado;-1;1360.0;1000.0;-332.1
ShellGame;1082;idle;0.00;parado;-1;1360.0;1000.0;-332.1
ShellGame;1083;idle;0.00;parado;-1;1360.0;1000.0;-332.1
ShellGame;1084;idle;0.00;parado;-1;1360.0;1000.0;-332.1
ShellGame;1085;idle;0.00;parado;-1;1360.0;1000.0;-332.1
ShellGame;1086;idle;0.00;parado;-1;1360.0;1000.0;-332.1
ShellGame;1087;idle;0.00;parado;-1;1360.0;1000.0;-332.1
ShellGame;1088;idle;0.00;parado;-1;1360.0;1000.0;-332.1
ShellGame;1089;idle;0.00;parado;-1;1360.0;1000.0;-332.1
ShellGame;1090;idle;0.00;parado;-1;1360.0;1000.0;-332.1
ShellGame;1091;idle;0.00;parado;-1;1360.0;1000.0;-332.1
ShellGame;1092;idle;0.00;parado;-1;1360.0;1000.0;-332.1
ShellGame;1093;idle;0.00;parado;-1;1360.0;1000.0;-332.1
ShellGame;1094;idle;0.00;parado;-1;1360.0;1000.0;-332.1
ShellGame;1095;idle;0.00;parado;-1;1360.0;1000.0;-332.1
ShellGame;1096;idle;0.00;parado;-1;1360.0;1000.0;-332.1
ShellGame;1097;idle;0.00;parado;-1;1360.0;1000.0;-332.1
ShellGame;1098;idle;0.00;parado;-1;1360.0;1000.0;-332.1
ShellGame;1099;idle;0.00;parado;-1;1360.0;1000.0;-332.1
ShellGame;1100;idle;0.00;parado;-1;1360.0;1000.0;-332.1
ShellGame;1101;idle;0.00;parado;-1;1360.0;1000.0;-332.1
ShellGame;1102;idle;0.00;parado;-1;1360.0;1000.0;-332.1
ShellGame;1103;idle;0.00;parado;-1;1360.0;1000.0;-332.1
ShellGame;1104;idle;0.00;parado;-1;1360.0;1000.0;-332.1
ShellGame;1105;idle;0.00;parado;-1;1360.0;1000.0;-332.1
ShellGame;1106;idle;0.00;parado;-1;1360.0;1000.0;-332.1
ShellGame;1107;idle;0.00;parado;-1;1360.0;1000.0;-332.1
ShellGame;1108;idle;0.00;parado;-1;1360.0;1000.0;-332.1
ShellGame;1109;idle;0.00;parado;-1;1360.0;1000.0;-332.1
ShellGame;1110;idle;0.00;parado;-1;1360.0;1000.0;-332.1
ShellGame;1111;idle;0.00;parado;-1;1360.0;1000.0;-332.1
ShellGame;1112;idle;0.00;parado;-1;1360.0;1000.0;-332.1
ShellGame;1113;idle;0.00;parado;-1;1360.0;1000.0;-332.1
ShellGame;1114;idle;0.00;parado;-1;1360.0;1000.0;-332.1
ShellGame;1115;idle;0.00;parado;-1;1360.0;1000.0;-332.1
ShellGame;1116;idle;0.00;parado;-1;1360.0;1000.0;-332.1
ShellGame;1117;idle;0.00;parado;-1;1360.0;1000.0;-332.1
ShellGame;1118;idle;0.00;parado;-1;1360.0;1000.0;-332.1
ShellGame;1119;idle;0.00;parado;-1;1360.0;1000.0;-332.1
ShellGame;1120;idle;0.00;parado;-1;1360.0;1000.0;-332.1
ShellGame;1121;idle;0.00;parado;-1;1360.0;1000.0;-332.1
ShellGame;1122;idle;0.00;parado;-1;1360.0;1000.0;-332.1
ShellGame;1123;idle;0.00;parado;-1;1360.0;1000.0;-332.1
ShellGame;1124;idle;0.00;parado;-1;1360.0;1000.0;-332.1
ShellGame;1125;idle;0.00;parado;-1;1360.0;1000.0;-332.1
ShellGame;1126;idle;0.00;parado;-1;1360.0;1000.0;-332.1
ShellGame;1127;idle;0.00;parado;-1;1360.0;1000.0;-332.1
ShellGame;1128;idle;0.00;parado;-1;1360.0;1000.0;-332.1
ShellGame;1129;idle;0.00;parado;-1;1360.0;1000.0;-332.1
ShellGame;1130;idle;0.00;parado;-1;1360.0;1000.0;-332.1
ShellGame;1131;idle;0.00;parado;-1;1360.0;1000.0;-332.1
ShellGame;1132;idle;0.00;parado;-1;1360.0;1000.0;-332.1
ShellGame;1133;idle;0.00;parado;-1;1360.0;1000.0;-332.1
ShellGame;1134;idle;0.00;parado;-1;1360.0;1000.0;-332.1
ShellGame;1135;idle;0.00;parado;-1;1360.0;1000.0;-332.1
ShellGame;1136;idle;0.00;parado;-1;1360.0;1000.0;-332.1
ShellGame;1137;idle;0.00;parado;-1;1360.0;1000.0;-332.1
ShellGame;1138;idle;0.00;parado;-1;1360.0;1000.0;-332.1
ShellGame;1139;idle;0.00;parado;-1;1360.0;1000.0;-332.1
ShellGame;1140;idle;0.00;parado;-1;1360.0;1000.0;-332.1
ShellGame;1141;idle;0.00;parado;-1;1360.0;1000.0;-332.1
ShellGame;1142;idle;0.00;parado;-1;1360.0;1000.0;-332.1
ShellGame;1143;idle;0.00;parado;-1;1360.0;1000.0;-332.1
ShellGame;1144;idle;0.00;parado;-1;1360.0;1000.0;-332.1
ShellGame;1145;idle;0.00;parado;-1;1360.0;1000.0;-332.1
ShellGame;1146;idle;0.00;parado;-1;1360.0;1000.0;-332.1
ShellGame;1147;idle;0.00;parado;-1;1360.0;1000.0;-332.1
ShellGame;1148;idle;0.00;parado;-1;1360.0;1000.0;-332.1
ShellGame;1149;idle;0.00;parado;-1;1360.0;1000.0;-332.1
ShellGame;1150;idle;0.00;parado;-1;1360.0;1000.0;-332.1
ShellGame;1151;idle;0.00;parado;-1;1360.0;1000.0;-332.1
ShellGame;1152;idle;0.00;parado;-1;1360.0;1000.0;-332.1
ShellGame;1153;idle;0.00;parado;-1;1360.0;1000.0;-332.1
ShellGame;1154;idle;0.00;parado;-1;1360.0;1000.0;-332.1
ShellGame;1155;idle;0.00;parado;-1;1360.0;1000.0;-332.1
ShellGame;1156;idle;0.00;parado;-1;1360.0;1000.0;-332.1
ShellGame;1157;idle;0.00;parado;-1;1360.0;1000.0;-332.1
ShellGame;1158;idle;0.00;parado;-1;1360.0;1000.0;-332.1
ShellGame;1159;idle;0.00;parado;-1;1360.0;1000.0;-332.1
ShellGame;1160;idle;0.00;parado;-1;1360.0;1000.0;-332.1
ShellGame;1161;idle;0.00;parado;-1;1360.0;1000.0;-332.1
ShellGame;1162;idle;0.00;parado;-1;1360.0;1000.0;-332.1
ShellGame;1163;idle;0.00;parado;-1;1360.0;1000.0;-332.1
ShellGame;1164;idle;0.00;parado;-1;1360.0;1000.0;-332.1
ShellGame;1165;idle;0.00;parado;-1;1360.0;1000.0;-332.1
ShellGame;1166;idle;0.00;parado;-1;1360.0;1000.0;-332.1
ShellGame;1167;idle;0.00;parado;-1;1360.0;1000.0;-332.1
ShellGame;1168;idle;0.00;parado;-1;1360.0;1000.0;-332.1
ShellGame;1169;idle;0.00;parado;-1;1360.0;1000.0;-332.1
ShellGame;1170;idle;0.00;parado;-1;1360.0;1000.0;-332.1
ShellGame;1171;idle;0.00;parado;-1;1360.0;1000.0;-332.1
ShellGame;1172;idle;0.00;parado;-1;1360.0;1000.0;-332.1
ShellGame;1173;idle;0.00;parado;-1;1360.0;1000.0;-332.1
ShellGame;1174;idle;0.00;parado;-1;1360.0;1000.0;-332.1
ShellGame;1175;idle;0.00;parado;-1;1360.0;1000.0;-332.1
ShellGame;1176;idle;0.00;parado;-1;1360.0;1000.0;-332.1
ShellGame;1177;idle;0.00;parado;-1;1360.0;1000.0;-332.1
ShellGame;1178;idle;0.00;parado;-1;1360.0;1000.0;-332.1
ShellGame;1179;idle;0.00;parado;-1;1360.0;1000.0;-332.1
ShellGame;1180;idle;0.00;parado;-1;1360.0;1000.0;-332.1
Teleport;1181;cast;0.07;sumir1;-1;1360.0;1000.0;-332.1
Teleport;1182;cast;0.13;sumir1;-1;1360.0;1000.0;-332.1
Teleport;1183;cast;0.20;sumir1;-1;1360.0;1000.0;-332.1
Teleport;1184;cast;0.27;sumir2;-1;1360.0;1000.0;-327.4
Teleport;1185;cast;0.33;sumir2;-1;1360.0;1000.0;-327.4
Teleport;1186;cast;0.40;sumir2;-1;1360.0;1000.0;-327.4
Teleport;1187;cast;0.47;sumir2;-1;1360.0;1000.0;-327.4
Teleport;1188;cast;0.53;sumir3;-1;1360.0;1000.0;-264.9
Teleport;1189;cast;0.60;sumir3;-1;1360.0;1000.0;-264.9
Teleport;1190;cast;0.67;sumir3;-1;1360.0;1000.0;-264.9
Teleport;1191;cast;0.73;sumir3;-1;1360.0;1000.0;-264.9
Teleport;1192;cast;0.80;sumir4;-1;1360.0;1000.0;-84.2
Teleport;1193;cast;0.87;sumir4;-1;1360.0;1000.0;-84.2
Teleport;1194;cast;0.93;sumir4;-1;1360.0;1000.0;-84.2
Teleport;1195;cast;1.00;sumir4;-1;1360.0;1000.0;-84.2
Teleport;1196;cast;1.00;sumir4;-1;1360.0;1000.0;-84.2
Teleport;1197;cast;1.00;sumir4;-1;1360.0;1000.0;-84.2
Teleport;1198;cast;1.00;sumir4;-1;1360.0;1000.0;-84.2
Teleport;1199;cast;1.00;sumir4;-1;1360.0;1000.0;-84.2
Teleport;1200;cast;1.00;sumir4;-1;1360.0;1000.0;-84.2
Teleport;1201;cast;1.00;sumir4;-1;1360.0;1000.0;-84.2
Teleport;1202;cast;1.00;sumir4;-1;1360.0;1000.0;-84.2
Teleport;1203;cast;1.00;sumir4;-1;1360.0;1000.0;-84.2
Teleport;1204;cast;1.00;sumir4;-1;1360.0;1000.0;-84.2
Teleport;1205;cast;1.00;sumir4;-1;1360.0;1000.0;-84.2
Teleport;1206;cast;1.00;sumir4;-1;1360.0;1000.0;-84.2
Teleport;1207;cast;1.00;sumir4;-1;1360.0;1000.0;-84.2
Teleport;1208;cast;1.00;sumir4;-1;1360.0;1000.0;-84.2
Teleport;1209;cast;1.00;sumir4;-1;1360.0;1000.0;-84.2
Teleport;1210;cast;1.00;sumir4;-1;1360.0;1000.0;-84.2
Teleport;1211;cast;1.00;sumir4;-1;1360.0;1000.0;-84.2
Teleport;1212;cast;1.00;sumir4;-1;1360.0;1000.0;-84.2
Teleport;1213;cast;1.00;sumir4;-1;1360.0;1000.0;-84.2
Teleport;1214;cast;1.00;sumir4;-1;1360.0;1000.0;-84.2
Teleport;1215;cast;1.00;sumir4;-1;1360.0;1000.0;-84.2
Teleport;1216;cast;1.00;sumir4;-1;1360.0;1000.0;-84.2
Teleport;1217;cast;1.00;sumir4;-1;1360.0;1000.0;-84.2
Teleport;1218;cast;1.00;sumir4;-1;1360.0;1000.0;-84.2
Teleport;1219;cast;1.00;sumir4;-1;1360.0;1000.0;-84.2
Teleport;1220;cast;1.00;sumir4;-1;1360.0;1000.0;-84.2
Teleport;1221;cast;1.00;sumir4;-1;1360.0;1000.0;-84.2
Teleport;1222;cast;1.00;sumir4;-1;1360.0;1000.0;-84.2
Teleport;1223;cast;1.00;sumir4;-1;1360.0;1000.0;-84.2
Teleport;1224;cast;1.00;sumir4;-1;1360.0;1000.0;-84.2
Teleport;1225;cast;1.00;sumir4;-1;1360.0;1000.0;-84.2
Teleport;1226;cast;1.00;sumir4;-1;1360.0;1000.0;-84.2
Teleport;1227;cast;1.00;sumir4;-1;1360.0;1000.0;-84.2
Teleport;1228;cast;1.00;sumir4;-1;1360.0;1000.0;-84.2
Teleport;1229;cast;1.00;sumir4;-1;1360.0;1000.0;-84.2
Teleport;1230;cast;1.00;sumir4;-1;1360.0;1000.0;-84.2
Teleport;1231;cast;1.00;sumir4;-1;1590.0;1000.0;-84.2
Teleport;1232;cast;0.93;sumir4;-1;1590.0;1000.0;-84.2
Teleport;1233;cast;0.87;sumir4;-1;1590.0;1000.0;-84.2
Teleport;1234;cast;0.80;sumir4;-1;1590.0;1000.0;-84.2
Teleport;1235;cast;0.73;sumir3;-1;1590.0;1000.0;-264.9
Teleport;1236;cast;0.67;sumir3;-1;1590.0;1000.0;-264.9
Teleport;1237;cast;0.60;sumir3;-1;1590.0;1000.0;-264.9
Teleport;1238;cast;0.53;sumir3;-1;1590.0;1000.0;-264.9
Teleport;1239;cast;0.47;sumir2;-1;1590.0;1000.0;-327.4
Teleport;1240;cast;0.40;sumir2;-1;1590.0;1000.0;-327.4
Teleport;1241;cast;0.33;sumir2;-1;1590.0;1000.0;-327.4
Teleport;1242;cast;0.27;sumir2;-1;1590.0;1000.0;-327.4
Teleport;1243;cast;0.20;sumir1;-1;1590.0;1000.0;-332.1
Teleport;1244;cast;0.13;sumir1;-1;1590.0;1000.0;-332.1
Teleport;1245;cast;0.07;sumir1;-1;1590.0;1000.0;-332.1
Teleport;1246;cast;0.00;varinha1;-1;1590.0;1000.0;-373.3
Teleport;1247;cast;0.00;varinha1;-1;1590.0;1000.0;-373.3
Teleport;1248;cast;0.00;varinha1;-1;1590.0;1000.0;-373.3
Teleport;1249;cast;0.00;varinha1;-1;1590.0;1000.0;-373.3
Teleport;1250;cast;0.00;varinha1;-1;1590.0;1000.0;-373.3
Teleport;1251;cast;0.00;varinha1;-1;1590.0;1000.0;-373.3
Teleport;1252;cast;0.00;varinha1;-1;1590.0;1000.0;-373.3
Teleport;1253;cast;0.00;varinha1;-1;1590.0;1000.0;-373.3
Teleport;1254;cast;0.00;varinha1;-1;1590.0;1000.0;-373.3
Teleport;1255;cast;0.00;varinha1;-1;1590.0;1000.0;-373.3
Teleport;1256;cast;0.00;varinha1;-1;1590.0;1000.0;-373.3
Teleport;1257;cast;0.00;varinha1;-1;1590.0;1000.0;-373.3
Teleport;1258;throw;0.00;varinha3;-1;1590.0;1000.0;-332.6
Teleport;1259;throw;0.00;varinha3;-1;1590.0;1000.0;-332.6
Teleport;1260;throw;0.00;varinha3;-1;1590.0;1000.0;-332.6
Teleport;1261;throw;0.00;varinha3;-1;1590.0;1000.0;-332.6
Teleport;1262;throw;0.00;varinha3;-1;1590.0;1000.0;-332.6
Teleport;1263;throw;0.00;varinha3;-1;1590.0;1000.0;-332.6
Teleport;1264;throw;0.00;varinha3;-1;1590.0;1000.0;-332.6
Teleport;1265;throw;0.00;varinha3;-1;1590.0;1000.0;-332.6
Teleport;1266;throw;0.00;varinha4;-1;1590.0;1000.0;-335.4
Teleport;1267;throw;0.00;varinha4;-1;1590.0;1000.0;-335.4
Teleport;1268;throw;0.00;varinha4;-1;1590.0;1000.0;-335.4
Teleport;1269;throw;0.00;varinha4;-1;1590.0;1000.0;-335.4
Teleport;1270;throw;0.00;varinha4;-1;1590.0;1000.0;-335.4
Teleport;1271;throw;0.00;varinha4;-1;1590.0;1000.0;-335.4
Teleport;1272;throw;0.00;varinha4;-1;1590.0;1000.0;-335.4
Teleport;1273;throw;0.00;varinha4;-1;1590.0;1000.0;-335.4
Teleport;1274;throw;0.00;varinha4;-1;1590.0;1000.0;-335.4
Teleport;1275;throw;0.00;varinha4;-1;1590.0;1000.0;-335.4
Teleport;1276;throw;0.00;varinha4;-1;1590.0;1000.0;-335.4
Teleport;1277;throw;0.00;varinha4;-1;1590.0;1000.0;-335.4
Teleport;1278;throw;0.00;varinha4;-1;1590.0;1000.0;-335.4
Teleport;1279;throw;0.00;varinha4;-1;1590.0;1000.0;-335.4
Teleport;1280;throw;0.00;varinha4;-1;1590.0;1000.0;-335.4
Teleport;1281;throw;0.00;varinha4;-1;1590.0;1000.0;-335.4
Teleport;1282;throw;0.00;varinha4;-1;1590.0;1000.0;-335.4
Teleport;1283;throw;0.00;varinha4;-1;1590.0;1000.0;-335.4
Teleport;1284;throw;0.00;varinha4;-1;1590.0;1000.0;-335.4
Teleport;1285;throw;0.00;varinha4;-1;1590.0;1000.0;-335.4
Teleport;1286;throw;0.00;varinha4;-1;1590.0;1000.0;-335.4
Teleport;1287;throw;0.00;varinha4;-1;1590.0;1000.0;-335.4
Teleport;1288;throw;0.00;varinha4;-1;1590.0;1000.0;-335.4
Teleport;1289;throw;0.00;varinha4;-1;1590.0;1000.0;-335.4
Teleport;1290;throw;0.00;varinha4;-1;1590.0;1000.0;-335.4
Teleport;1291;throw;0.00;varinha4;-1;1590.0;1000.0;-335.4
Teleport;1292;throw;0.00;varinha4;-1;1590.0;1000.0;-335.4
Teleport;1293;throw;0.00;varinha4;-1;1590.0;1000.0;-335.4
Teleport;1294;throw;0.00;varinha4;-1;1590.0;1000.0;-335.4
Teleport;1295;throw;0.00;varinha4;-1;1590.0;1000.0;-335.4
Teleport;1296;throw;0.00;varinha4;-1;1590.0;1000.0;-335.4
Teleport;1297;throw;0.00;varinha4;-1;1590.0;1000.0;-335.4
Teleport;1298;throw;0.00;varinha4;-1;1590.0;1000.0;-335.4
Teleport;1299;throw;0.00;varinha4;-1;1590.0;1000.0;-335.4
Teleport;1300;throw;0.00;varinha4;-1;1590.0;1000.0;-335.4
ShellGame;1301;bow;0.00;rev1;-1;1584.3;1000.0;-326.7
ShellGame;1302;bow;0.00;rev1;-1;1572.9;1000.0;-326.7
ShellGame;1303;bow;0.00;rev1;-1;1556.0;1000.0;-326.7
ShellGame;1304;bow;0.00;rev1;-1;1533.9;1000.0;-326.7
ShellGame;1305;bow;0.00;rev1;-1;1506.8;1000.0;-326.7
ShellGame;1306;bow;0.00;rev1;-1;1475.3;1000.0;-326.7
ShellGame;1307;bow;0.00;rev1;-1;1439.7;1000.0;-326.7
ShellGame;1308;bow;0.00;rev1;-1;1400.6;1000.0;-326.7
ShellGame;1309;bow;0.00;rev1;-1;1358.5;1000.0;-326.7
ShellGame;1310;bow;0.00;rev1;-1;1314.2;1000.0;-326.7
ShellGame;1311;bow;0.00;rev1;-1;1268.1;1000.0;-326.7
ShellGame;1312;bow;0.00;rev1;-1;1220.9;1000.0;-326.7
ShellGame;1313;bow;0.00;rev1;-1;1173.2;1000.0;-326.7
ShellGame;1314;bow;0.00;rev1;-1;1125.5;1000.0;-326.7
ShellGame;1315;bow;0.00;rev1;-1;1078.3;1000.0;-326.7
ShellGame;1316;bow;0.00;rev1;-1;1032.3;1000.0;-326.7
ShellGame;1317;bow;0.00;rev1;-1;987.7;1000.0;-326.7
ShellGame;1318;bow;0.00;rev1;-1;944.9;1000.0;-326.7
ShellGame;1319;bow;0.00;rev2;-1;904.3;1000.0;-235.8
ShellGame;1320;bow;0.00;rev2;-1;866.0;1000.0;-235.8
ShellGame;1321;bow;0.00;rev2;-1;830.3;1000.0;-235.8
ShellGame;1322;bow;0.00;rev2;-1;797.3;1000.0;-235.8
ShellGame;1323;bow;0.00;rev2;-1;767.0;1000.0;-235.8
ShellGame;1324;bow;0.00;rev2;-1;739.4;1000.0;-235.8
ShellGame;1325;bow;0.00;rev2;-1;714.5;1000.0;-235.8
ShellGame;1326;bow;0.00;rev2;-1;692.1;1000.0;-235.8
ShellGame;1327;bow;0.00;rev2;-1;672.3;1000.0;-235.8
ShellGame;1328;bow;0.04;sumir1;-1;654.8;1000.0;-332.1
ShellGame;1329;bow;0.07;sumir1;-1;639.6;1000.0;-332.1
ShellGame;1330;bow;0.11;sumir1;-1;626.3;1000.0;-332.1
ShellGame;1331;bow;0.15;sumir1;-1;614.9;1000.0;-332.1
ShellGame;1332;bow;0.19;sumir1;-1;605.1;1000.0;-332.1
ShellGame;1333;bow;0.22;sumir1;-1;596.9;1000.0;-332.1
ShellGame;1334;bow;0.26;sumir2;-1;589.9;1000.0;-327.4
ShellGame;1335;bow;0.30;sumir2;-1;584.1;1000.0;-327.4
ShellGame;1336;bow;0.33;sumir2;-1;579.3;1000.0;-327.4
ShellGame;1337;bow;0.37;sumir2;-1;575.3;1000.0;-327.4
ShellGame;1338;bow;0.41;sumir2;-1;572.1;1000.0;-327.4
ShellGame;1339;bow;0.44;sumir2;-1;569.5;1000.0;-327.4
ShellGame;1340;bow;0.48;sumir2;-1;567.4;1000.0;-327.4
ShellGame;1341;bow;0.52;sumir3;-1;565.7;1000.0;-264.9
ShellGame;1342;bow;0.56;sumir3;-1;564.4;1000.0;-264.9
ShellGame;1343;bow;0.59;sumir3;-1;563.3;1000.0;-264.9
ShellGame;1344;bow;0.63;sumir3;-1;562.5;1000.0;-264.9
ShellGame;1345;bow;0.67;sumir3;-1;561.9;1000.0;-264.9
ShellGame;1346;bow;0.70;sumir3;-1;561.4;1000.0;-264.9
ShellGame;1347;bow;0.74;sumir3;-1;561.0;1000.0;-264.9
ShellGame;1348;bow;0.78;sumir4;-1;560.8;1000.0;-84.2
ShellGame;1349;bow;0.81;sumir4;-1;560.6;1000.0;-84.2
ShellGame;1350;bow;0.85;sumir4;-1;560.4;1000.0;-84.2
ShellGame;1351;bow;0.89;sumir4;-1;560.3;1000.0;-84.2
ShellGame;1352;bow;0.93;sumir4;-1;560.2;1000.0;-84.2
ShellGame;1353;bow;0.96;sumir4;-1;560.1;1000.0;-84.2
ShellGame;1354;bow;0.96;sumir4;-1;560.1;1000.0;-84.2
ShellGame;1355;bow;0.96;sumir4;-1;560.1;1000.0;-84.2
ShellGame;1356;bow;0.96;sumir4;-1;560.1;1000.0;-84.2
ShellGame;1357;bow;0.96;sumir4;-1;560.1;1000.0;-84.2
ShellGame;1358;bow;0.96;sumir4;-1;560.1;1000.0;-84.2
ShellGame;1359;bow;0.96;sumir4;-1;560.1;1000.0;-84.2
ShellGame;1360;bow;0.96;sumir4;-1;560.1;1000.0;-84.2
ShellGame;1361;bow;0.96;sumir4;-1;560.1;1000.0;-84.2
ShellGame;1362;bow;0.96;sumir4;-1;560.1;1000.0;-84.2
ShellGame;1363;bow;0.96;sumir4;-1;560.1;1000.0;-84.2
ShellGame;1364;bow;0.96;sumir4;-1;560.1;1000.0;-84.2
ShellGame;1365;bow;0.96;sumir4;-1;560.1;1000.0;-84.2
ShellGame;1366;bow;0.96;sumir4;-1;560.1;1000.0;-84.2
ShellGame;1367;bow;0.96;sumir4;-1;560.1;1000.0;-84.2
ShellGame;1368;bow;0.96;sumir4;-1;560.1;1000.0;-84.2
ShellGame;1369;bow;0.96;sumir4;-1;560.1;1000.0;-84.2
ShellGame;1370;bow;0.96;sumir4;-1;560.1;1000.0;-84.2
ShellGame;1371;bow;0.96;sumir4;-1;560.1;1000.0;-84.2
ShellGame;1372;bow;0.96;sumir4;-1;560.1;1000.0;-84.2
ShellGame;1373;bow;0.96;sumir4;-1;560.1;1000.0;-84.2
ShellGame;1374;bow;0.96;sumir4;-1;560.1;1000.0;-84.2
ShellGame;1375;bow;0.96;sumir4;-1;560.1;1000.0;-84.2
ShellGame;1376;bow;0.96;sumir4;-1;560.1;1000.0;-84.2
ShellGame;1377;bow;0.96;sumir4;-1;560.1;1000.0;-84.2
ShellGame;1378;bow;0.96;sumir4;-1;560.1;1000.0;-84.2
ShellGame;1379;bow;0.96;sumir4;-1;560.1;1000.0;-84.2
ShellGame;1380;bow;0.96;sumir4;-1;560.1;1000.0;-84.2
ShellGame;1381;bow;0.96;sumir4;-1;560.1;1000.0;-84.2
ShellGame;1382;bow;0.96;sumir4;-1;560.1;1000.0;-84.2
ShellGame;1383;bow;0.96;sumir4;-1;560.1;1000.0;-84.2
ShellGame;1384;bow;0.96;sumir4;-1;560.1;1000.0;-84.2
ShellGame;1385;bow;0.96;sumir4;-1;560.1;1000.0;-84.2
ShellGame;1386;bow;0.96;sumir4;-1;560.1;1000.0;-84.2
ShellGame;1387;bow;0.96;sumir4;-1;560.1;1000.0;-84.2
ShellGame;1388;bow;0.96;sumir4;-1;560.1;1000.0;-84.2
ShellGame;1389;bow;0.96;sumir4;-1;560.1;1000.0;-84.2
ShellGame;1390;bow;0.96;sumir4;-1;560.1;1000.0;-84.2
ShellGame;1391;bow;0.96;sumir4;-1;560.1;1000.0;-84.2
ShellGame;1392;bow;0.96;sumir4;-1;560.1;1000.0;-84.2
ShellGame;1393;bow;0.96;sumir4;-1;560.1;1000.0;-84.2
ShellGame;1394;bow;0.96;sumir4;-1;560.1;1000.0;-84.2
ShellGame;1395;bow;0.96;sumir4;-1;560.1;1000.0;-84.2
ShellGame;1396;bow;0.96;sumir4;-1;560.1;1000.0;-84.2
ShellGame;1397;bow;0.96;sumir4;-1;560.1;1000.0;-84.2
ShellGame;1398;bow;0.96;sumir4;-1;560.1;1000.0;-84.2
ShellGame;1399;bow;0.96;sumir4;-1;560.1;1000.0;-84.2
ShellGame;1400;bow;0.96;sumir4;-1;560.1;1000.0;-84.2
ShellGame;1401;bow;0.96;sumir4;-1;560.1;1000.0;-84.2
ShellGame;1402;bow;0.96;sumir4;-1;560.1;1000.0;-84.2
ShellGame;1403;bow;0.96;sumir4;-1;560.1;1000.0;-84.2
ShellGame;1404;bow;0.96;sumir4;-1;560.1;1000.0;-84.2
ShellGame;1405;bow;0.96;sumir4;-1;560.1;1000.0;-84.2
ShellGame;1406;bow;0.96;sumir4;-1;560.1;1000.0;-84.2
ShellGame;1407;bow;0.96;sumir4;-1;560.1;1000.0;-84.2
ShellGame;1408;bow;0.96;sumir4;-1;560.1;1000.0;-84.2
ShellGame;1409;bow;0.96;sumir4;-1;560.1;1000.0;-84.2
ShellGame;1410;bow;0.96;sumir4;-1;560.1;1000.0;-84.2
ShellGame;1411;bow;0.96;sumir4;-1;560.1;1000.0;-84.2
ShellGame;1412;bow;0.96;sumir4;-1;560.1;1000.0;-84.2
ShellGame;1413;bow;0.96;sumir4;-1;560.1;1000.0;-84.2
ShellGame;1414;bow;0.96;sumir4;-1;560.1;1000.0;-84.2
ShellGame;1415;bow;0.96;sumir4;-1;560.1;1000.0;-84.2
ShellGame;1416;bow;0.96;sumir4;-1;560.1;1000.0;-84.2
ShellGame;1417;bow;0.96;sumir4;-1;560.1;1000.0;-84.2
ShellGame;1418;bow;0.96;sumir4;-1;560.1;1000.0;-84.2
ShellGame;1419;bow;0.96;sumir4;-1;560.1;1000.0;-84.2
ShellGame;1420;bow;0.96;sumir4;-1;560.1;1000.0;-84.2
ShellGame;1421;bow;0.96;sumir4;-1;560.1;1000.0;-84.2
ShellGame;1422;bow;0.96;sumir4;-1;560.1;1000.0;-84.2
ShellGame;1423;bow;0.96;sumir4;-1;560.1;1000.0;-84.2
ShellGame;1424;bow;0.96;sumir4;-1;560.1;1000.0;-84.2
ShellGame;1425;bow;0.96;sumir4;-1;560.1;1000.0;-84.2
ShellGame;1426;bow;0.96;sumir4;-1;560.1;1000.0;-84.2
ShellGame;1427;bow;0.96;sumir4;-1;560.1;1000.0;-84.2
ShellGame;1428;bow;0.96;sumir4;-1;560.1;1000.0;-84.2
ShellGame;1429;bow;0.96;sumir4;-1;560.1;1000.0;-84.2
ShellGame;1430;bow;0.96;sumir4;-1;560.1;1000.0;-84.2
ShellGame;1431;bow;0.96;sumir4;-1;560.1;1000.0;-84.2
ShellGame;1432;bow;0.96;sumir4;-1;560.1;1000.0;-84.2
ShellGame;1433;bow;0.96;sumir4;-1;560.1;1000.0;-84.2
ShellGame;1434;bow;0.96;sumir4;-1;560.1;1000.0;-84.2
ShellGame;1435;bow;0.96;sumir4;-1;560.1;1000.0;-84.2
ShellGame;1436;bow;0.96;sumir4;-1;560.1;1000.0;-84.2
ShellGame;1437;bow;0.96;sumir4;-1;560.1;1000.0;-84.2
ShellGame;1438;bow;0.96;sumir4;-1;560.1;1000.0;-84.2
ShellGame;1439;bow;0.96;sumir4;-1;560.1;1000.0;-84.2
ShellGame;1440;bow;0.96;sumir4;-1;560.1;1000.0;-84.2
ShellGame;1441;bow;0.96;sumir4;-1;560.1;1000.0;-84.2
ShellGame;1442;bow;0.96;sumir4;-1;560.1;1000.0;-84.2
ShellGame;1443;bow;0.96;sumir4;-1;560.1;1000.0;-84.2
ShellGame;1444;bow;0.96;sumir4;-1;560.1;1000.0;-84.2
ShellGame;1445;bow;0.96;sumir4;-1;560.1;1000.0;-84.2
ShellGame;1446;bow;0.96;sumir4;-1;560.1;1000.0;-84.2
ShellGame;1447;bow;0.96;sumir4;-1;560.1;1000.0;-84.2
ShellGame;1448;bow;0.96;sumir4;-1;560.1;1000.0;-84.2
ShellGame;1449;bow;0.96;sumir4;-1;560.1;1000.0;-84.2
ShellGame;1450;bow;0.96;sumir4;-1;560.1;1000.0;-84.2
ShellGame;1451;bow;0.96;sumir4;-1;560.1;1000.0;-84.2
ShellGame;1452;bow;0.96;sumir4;-1;560.1;1000.0;-84.2
ShellGame;1453;bow;0.96;sumir4;-1;560.1;1000.0;-84.2
ShellGame;1454;bow;0.96;sumir4;-1;560.1;1000.0;-84.2
ShellGame;1455;bow;0.96;sumir4;-1;560.1;1000.0;-84.2
ShellGame;1456;bow;0.96;sumir4;-1;560.1;1000.0;-84.2
ShellGame;1457;bow;0.96;sumir4;-1;560.1;1000.0;-84.2
ShellGame;1458;bow;0.96;sumir4;-1;560.1;1000.0;-84.2
ShellGame;1459;bow;0.96;sumir4;-1;560.1;1000.0;-84.2
ShellGame;1460;bow;0.96;sumir4;-1;560.1;1000.0;-84.2
ShellGame;1461;bow;0.96;sumir4;-1;560.1;1000.0;-84.2
ShellGame;1462;bow;0.96;sumir4;-1;560.1;1000.0;-84.2
ShellGame;1463;bow;0.96;sumir4;-1;560.1;1000.0;-84.2
ShellGame;1464;bow;0.96;sumir4;-1;560.1;1000.0;-84.2
ShellGame;1465;bow;0.96;sumir4;-1;560.1;1000.0;-84.2
ShellGame;1466;bow;0.96;sumir4;-1;560.1;1000.0;-84.2
ShellGame;1467;bow;0.96;sumir4;-1;560.1;1000.0;-84.2
ShellGame;1468;bow;0.96;sumir4;-1;560.1;1000.0;-84.2
ShellGame;1469;bow;0.96;sumir4;-1;560.1;1000.0;-84.2
ShellGame;1470;bow;0.96;sumir4;-1;560.1;1000.0;-84.2
ShellGame;1471;bow;0.96;sumir4;-1;560.1;1000.0;-84.2
ShellGame;1472;bow;0.96;sumir4;-1;560.1;1000.0;-84.2
ShellGame;1473;bow;0.96;sumir4;-1;560.1;1000.0;-84.2
ShellGame;1474;bow;0.96;sumir4;-1;560.1;1000.0;-84.2
ShellGame;1475;bow;0.96;sumir4;-1;560.1;1000.0;-84.2
ShellGame;1476;bow;0.96;sumir4;-1;560.1;1000.0;-84.2
ShellGame;1477;bow;0.96;sumir4;-1;560.1;1000.0;-84.2
ShellGame;1478;bow;0.96;sumir4;-1;560.1;1000.0;-84.2
ShellGame;1479;bow;0.96;sumir4;-1;560.1;1000.0;-84.2
ShellGame;1480;bow;0.96;sumir4;-1;560.1;1000.0;-84.2
ShellGame;1481;bow;0.96;sumir4;-1;560.1;1000.0;-84.2
ShellGame;1482;bow;0.96;sumir4;-1;560.1;1000.0;-84.2
ShellGame;1483;bow;0.96;sumir4;-1;560.1;1000.0;-84.2
ShellGame;1484;bow;0.96;sumir4;-1;560.1;1000.0;-84.2
ShellGame;1485;bow;0.96;sumir4;-1;560.1;1000.0;-84.2
ShellGame;1486;bow;0.96;sumir4;-1;560.1;1000.0;-84.2
ShellGame;1487;bow;0.96;sumir4;-1;560.1;1000.0;-84.2
ShellGame;1488;bow;0.96;sumir4;-1;560.1;1000.0;-84.2
ShellGame;1489;bow;0.96;sumir4;-1;560.1;1000.0;-84.2
ShellGame;1490;bow;0.96;sumir4;-1;560.1;1000.0;-84.2
ShellGame;1491;bow;0.96;sumir4;-1;560.1;1000.0;-84.2
ShellGame;1492;bow;0.96;sumir4;-1;560.1;1000.0;-84.2
ShellGame;1493;bow;0.96;sumir4;-1;560.1;1000.0;-84.2
ShellGame;1494;bow;0.96;sumir4;-1;560.1;1000.0;-84.2
ShellGame;1495;bow;0.96;sumir4;-1;560.1;1000.0;-84.2
ShellGame;1496;bow;0.96;sumir4;-1;560.1;1000.0;-84.2
ShellGame;1497;bow;0.96;sumir4;-1;560.1;1000.0;-84.2
ShellGame;1498;bow;0.96;sumir4;-1;560.1;1000.0;-84.2
ShellGame;1499;bow;0.96;sumir4;-1;560.1;1000.0;-84.2
ShellGame;1500;bow;0.96;sumir4;-1;560.1;1000.0;-84.2
ShellGame;1501;bow;0.96;sumir4;-1;560.1;1000.0;-84.2
ShellGame;1502;bow;0.96;sumir4;-1;560.1;1000.0;-84.2
ShellGame;1503;bow;0.96;sumir4;-1;560.1;1000.0;-84.2
ShellGame;1504;bow;0.96;sumir4;-1;560.1;1000.0;-84.2
ShellGame;1505;bow;0.96;sumir4;-1;560.1;1000.0;-84.2
ShellGame;1506;bow;0.96;sumir4;-1;560.1;1000.0;-84.2
ShellGame;1507;bow;0.96;sumir4;-1;560.1;1000.0;-84.2
ShellGame;1508;bow;0.96;sumir4;-1;560.1;1000.0;-84.2
ShellGame;1509;bow;0.96;sumir4;-1;560.1;1000.0;-84.2
ShellGame;1510;bow;0.96;sumir4;-1;560.1;1000.0;-84.2
ShellGame;1511;bow;0.96;sumir4;-1;560.1;1000.0;-84.2
ShellGame;1512;bow;0.96;sumir4;-1;560.1;1000.0;-84.2
ShellGame;1513;bow;0.96;sumir4;-1;560.1;1000.0;-84.2
ShellGame;1514;bow;0.96;sumir4;-1;560.1;1000.0;-84.2
ShellGame;1515;bow;0.96;sumir4;-1;560.1;1000.0;-84.2
ShellGame;1516;bow;0.96;sumir4;-1;560.1;1000.0;-84.2
ShellGame;1517;bow;0.96;sumir4;-1;560.1;1000.0;-84.2
ShellGame;1518;bow;0.96;sumir4;-1;560.1;1000.0;-84.2
ShellGame;1519;bow;0.96;sumir4;-1;560.1;1000.0;-84.2
ShellGame;1520;bow;0.96;sumir4;-1;560.1;1000.0;-84.2
ShellGame;1521;bow;0.96;sumir4;-1;560.1;1000.0;-84.2
ShellGame;1522;bow;0.96;sumir4;-1;560.1;1000.0;-84.2
ShellGame;1523;bow;0.96;sumir4;-1;560.1;1000.0;-84.2
ShellGame;1524;bow;0.96;sumir4;-1;560.1;1000.0;-84.2
ShellGame;1525;bow;0.96;sumir4;-1;560.1;1000.0;-84.2
ShellGame;1526;bow;0.96;sumir4;-1;560.1;1000.0;-84.2
ShellGame;1527;bow;0.96;sumir4;-1;560.1;1000.0;-84.2
ShellGame;1528;bow;0.96;sumir4;-1;560.1;1000.0;-84.2
ShellGame;1529;bow;0.96;sumir4;-1;560.1;1000.0;-84.2
ShellGame;1530;bow;0.96;sumir4;-1;560.1;1000.0;-84.2
ShellGame;1531;bow;0.96;sumir4;-1;560.1;1000.0;-84.2
ShellGame;1532;bow;0.96;sumir4;-1;560.1;1000.0;-84.2
ShellGame;1533;bow;0.96;sumir4;-1;560.1;1000.0;-84.2
ShellGame;1534;bow;0.96;sumir4;-1;560.1;1000.0;-84.2
ShellGame;1535;bow;0.96;sumir4;-1;560.1;1000.0;-84.2
ShellGame;1536;bow;0.96;sumir4;-1;560.1;1000.0;-84.2
ShellGame;1537;bow;0.96;sumir4;-1;560.1;1000.0;-84.2
ShellGame;1538;bow;0.96;sumir4;-1;560.1;1000.0;-84.2
ShellGame;1539;bow;0.96;sumir4;-1;560.1;1000.0;-84.2
ShellGame;1540;bow;0.96;sumir4;-1;560.1;1000.0;-84.2
ShellGame;1541;bow;0.96;sumir4;-1;560.1;1000.0;-84.2
ShellGame;1542;bow;0.96;sumir4;-1;560.1;1000.0;-84.2
ShellGame;1543;bow;0.96;sumir4;-1;560.1;1000.0;-84.2
ShellGame;1544;bow;0.96;sumir4;-1;560.1;1000.0;-84.2
ShellGame;1545;bow;0.96;sumir4;-1;560.1;1000.0;-84.2
ShellGame;1546;bow;0.96;sumir4;-1;560.1;1000.0;-84.2
ShellGame;1547;bow;0.96;sumir4;-1;560.1;1000.0;-84.2
ShellGame;1548;bow;0.96;sumir4;-1;560.1;1000.0;-84.2
ShellGame;1549;bow;0.96;sumir4;-1;560.1;1000.0;-84.2
ShellGame;1550;bow;0.96;sumir4;-1;560.1;1000.0;-84.2
ShellGame;1551;bow;0.96;sumir4;-1;560.1;1000.0;-84.2
ShellGame;1552;bow;0.96;sumir4;-1;560.1;1000.0;-84.2
ShellGame;1553;bow;0.96;sumir4;-1;560.1;1000.0;-84.2
ShellGame;1554;bow;0.96;sumir4;-1;560.1;1000.0;-84.2
ShellGame;1555;bow;0.96;sumir4;-1;560.1;1000.0;-84.2
ShellGame;1556;bow;0.96;sumir4;-1;560.1;1000.0;-84.2
ShellGame;1557;bow;0.96;sumir4;-1;560.1;1000.0;-84.2
ShellGame;1558;bow;0.96;sumir4;-1;560.1;1000.0;-84.2
ShellGame;1559;bow;0.96;sumir4;-1;560.1;1000.0;-84.2
ShellGame;1560;bow;0.96;sumir4;-1;560.1;1000.0;-84.2
ShellGame;1561;bow;0.96;sumir4;-1;560.1;1000.0;-84.2
ShellGame;1562;bow;0.96;sumir4;-1;560.1;1000.0;-84.2
ShellGame;1563;bow;0.96;sumir4;-1;560.1;1000.0;-84.2
ShellGame;1564;bow;0.96;sumir4;-1;560.1;1000.0;-84.2
ShellGame;1565;bow;0.96;sumir4;-1;560.1;1000.0;-84.2
ShellGame;1566;bow;0.96;sumir4;-1;560.1;1000.0;-84.2
ShellGame;1567;bow;0.96;sumir4;-1;560.1;1000.0;-84.2
ShellGame;1568;bow;0.96;sumir4;-1;560.1;1000.0;-84.2
ShellGame;1569;bow;0.96;sumir4;-1;560.1;1000.0;-84.2
ShellGame;1570;bow;0.96;sumir4;-1;560.1;1000.0;-84.2
ShellGame;1571;bow;0.96;sumir4;-1;560.1;1000.0;-84.2
ShellGame;1572;bow;0.96;sumir4;-1;560.1;1000.0;-84.2
ShellGame;1573;bow;0.96;sumir4;-1;560.1;1000.0;-84.2
ShellGame;1574;bow;0.96;sumir4;-1;560.1;1000.0;-84.2
ShellGame;1575;bow;0.96;sumir4;-1;560.1;1000.0;-84.2
ShellGame;1576;bow;0.96;sumir4;-1;560.1;1000.0;-84.2
ShellGame;1577;bow;0.96;sumir4;-1;560.1;1000.0;-84.2
ShellGame;1578;bow;0.96;sumir4;-1;560.1;1000.0;-84.2
ShellGame;1579;bow;0.96;sumir4;-1;560.1;1000.0;-84.2
ShellGame;1580;bow;0.96;sumir4;-1;560.1;1000.0;-84.2
ShellGame;1581;bow;0.96;sumir4;-1;560.1;1000.0;-84.2
ShellGame;1582;bow;0.96;sumir4;-1;560.1;1000.0;-84.2
ShellGame;1583;bow;0.96;sumir4;-1;560.1;1000.0;-84.2
ShellGame;1584;bow;0.96;sumir4;-1;560.1;1000.0;-84.2
ShellGame;1585;bow;0.96;sumir4;-1;560.1;1000.0;-84.2
ShellGame;1586;bow;0.96;sumir4;-1;560.1;1000.0;-84.2
ShellGame;1587;bow;0.96;sumir4;-1;560.1;1000.0;-84.2
ShellGame;1588;bow;0.96;sumir4;-1;560.1;1000.0;-84.2
ShellGame;1589;bow;0.96;sumir4;-1;560.1;1000.0;-84.2
ShellGame;1590;bow;0.96;sumir4;-1;560.1;1000.0;-84.2
ShellGame;1591;bow;0.96;sumir4;-1;560.1;1000.0;-84.2
ShellGame;1592;bow;0.96;sumir4;-1;560.1;1000.0;-84.2
ShellGame;1593;bow;0.96;sumir4;-1;560.1;1000.0;-84.2
ShellGame;1594;bow;0.96;sumir4;-1;560.1;1000.0;-84.2
ShellGame;1595;bow;0.96;sumir4;-1;560.1;1000.0;-84.2
ShellGame;1596;bow;0.96;sumir4;-1;560.1;1000.0;-84.2
ShellGame;1597;bow;0.96;sumir4;-1;560.1;1000.0;-84.2
ShellGame;1598;bow;0.96;sumir4;-1;560.1;1000.0;-84.2
ShellGame;1599;bow;0.96;sumir4;-1;560.1;1000.0;-84.2
ShellGame;1600;bow;0.96;sumir4;-1;560.1;1000.0;-84.2
ShellGame;1601;bow;0.96;sumir4;-1;560.1;1000.0;-84.2
ShellGame;1602;bow;0.96;sumir4;-1;560.1;1000.0;-84.2
ShellGame;1603;bow;0.96;sumir4;-1;560.1;1000.0;-84.2
ShellGame;1604;bow;0.96;sumir4;-1;560.1;1000.0;-84.2
ShellGame;1605;bow;0.96;sumir4;-1;560.1;1000.0;-84.2
ShellGame;1606;bow;0.96;sumir4;-1;560.1;1000.0;-84.2
ShellGame;1607;bow;0.96;sumir4;-1;560.1;1000.0;-84.2
ShellGame;1608;bow;0.96;sumir4;-1;560.1;1000.0;-84.2
ShellGame;1609;bow;0.96;sumir4;-1;560.1;1000.0;-84.2
ShellGame;1610;bow;0.96;sumir4;-1;560.1;1000.0;-84.2
ShellGame;1611;bow;0.96;sumir4;-1;560.1;1000.0;-84.2
ShellGame;1612;bow;0.96;sumir4;-1;560.1;1000.0;-84.2
ShellGame;1613;bow;0.96;sumir4;-1;560.1;1000.0;-84.2
ShellGame;1614;bow;0.96;sumir4;-1;560.1;1000.0;-84.2
ShellGame;1615;bow;0.96;sumir4;-1;560.1;1000.0;-84.2
ShellGame;1616;bow;0.96;sumir4;-1;560.1;1000.0;-84.2
ShellGame;1617;bow;0.96;sumir4;-1;560.1;1000.0;-84.2
ShellGame;1618;bow;0.96;sumir4;-1;560.1;1000.0;-84.2
ShellGame;1619;bow;0.96;sumir4;-1;560.1;1000.0;-84.2
ShellGame;1620;bow;0.96;sumir4;-1;560.1;1000.0;-84.2
ShellGame;1621;bow;0.96;sumir4;-1;560.1;1000.0;-84.2
ShellGame;1622;bow;0.96;sumir4;-1;560.1;1000.0;-84.2
ShellGame;1623;bow;0.96;sumir4;-1;560.1;1000.0;-84.2
ShellGame;1624;bow;0.96;sumir4;-1;560.1;1000.0;-84.2
ShellGame;1625;bow;0.96;sumir4;-1;560.1;1000.0;-84.2
ShellGame;1626;bow;0.96;sumir4;-1;560.1;1000.0;-84.2
ShellGame;1627;bow;0.96;sumir4;-1;560.1;1000.0;-84.2
ShellGame;1628;bow;0.96;sumir4;-1;560.1;1000.0;-84.2
ShellGame;1629;bow;0.96;sumir4;-1;560.1;1000.0;-84.2
ShellGame;1630;bow;0.96;sumir4;-1;560.1;1000.0;-84.2
ShellGame;1631;bow;0.96;sumir4;-1;560.1;1000.0;-84.2
ShellGame;1632;bow;0.96;sumir4;-1;560.1;1000.0;-84.2
ShellGame;1633;bow;0.96;sumir4;-1;560.1;1000.0;-84.2
ShellGame;1634;bow;0.96;sumir4;-1;560.1;1000.0;-84.2
ShellGame;1635;bow;0.96;sumir4;-1;560.1;1000.0;-84.2
ShellGame;1636;bow;0.96;sumir4;-1;560.1;1000.0;-84.2
ShellGame;1637;bow;0.96;sumir4;-1;560.1;1000.0;-84.2
ShellGame;1638;bow;0.96;sumir4;-1;560.1;1000.0;-84.2
ShellGame;1639;bow;0.96;sumir4;-1;560.1;1000.0;-84.2
ShellGame;1640;bow;0.96;sumir4;-1;560.1;1000.0;-84.2
ShellGame;1641;bow;0.96;sumir4;-1;560.1;1000.0;-84.2
ShellGame;1642;bow;0.96;sumir4;-1;560.1;1000.0;-84.2
ShellGame;1643;bow;0.96;sumir4;-1;560.1;1000.0;-84.2
ShellGame;1644;bow;0.96;sumir4;-1;560.1;1000.0;-84.2
ShellGame;1645;bow;0.96;sumir4;-1;560.1;1000.0;-84.2
ShellGame;1646;bow;0.96;sumir4;-1;560.1;1000.0;-84.2
ShellGame;1647;bow;0.96;sumir4;-1;560.1;1000.0;-84.2
ShellGame;1648;bow;0.96;sumir4;-1;560.1;1000.0;-84.2
ShellGame;1649;bow;0.96;sumir4;-1;560.1;1000.0;-84.2
ShellGame;1650;bow;0.96;sumir4;-1;560.1;1000.0;-84.2
ShellGame;1651;bow;0.96;sumir4;-1;560.1;1000.0;-84.2
ShellGame;1652;bow;0.96;sumir4;-1;560.1;1000.0;-84.2
ShellGame;1653;bow;0.96;sumir4;-1;560.1;1000.0;-84.2
ShellGame;1654;bow;0.96;sumir4;-1;560.1;1000.0;-84.2
ShellGame;1655;bow;0.96;sumir4;-1;560.1;1000.0;-84.2
ShellGame;1656;bow;0.96;sumir4;-1;560.1;1000.0;-84.2
ShellGame;1657;bow;0.96;sumir4;-1;560.1;1000.0;-84.2
ShellGame;1658;bow;0.96;sumir4;-1;560.1;1000.0;-84.2
ShellGame;1659;bow;0.96;sumir4;-1;560.1;1000.0;-84.2
ShellGame;1660;bow;0.96;sumir4;-1;560.1;1000.0;-84.2
ShellGame;1661;bow;0.96;sumir4;-1;560.1;1000.0;-84.2
ShellGame;1662;bow;0.96;sumir4;-1;560.1;1000.0;-84.2
ShellGame;1663;bow;0.96;sumir4;-1;560.1;1000.0;-84.2
ShellGame;1664;bow;0.96;sumir4;-1;560.1;1000.0;-84.2
ShellGame;1665;bow;0.96;sumir4;-1;560.1;1000.0;-84.2
ShellGame;1666;bow;0.96;sumir4;-1;560.1;1000.0;-84.2
ShellGame;1667;bow;0.96;sumir4;-1;560.1;1000.0;-84.2
ShellGame;1668;bow;0.96;sumir4;-1;560.1;1000.0;-84.2
ShellGame;1669;bow;0.96;sumir4;-1;560.1;1000.0;-84.2
ShellGame;1670;bow;0.96;sumir4;-1;560.1;1000.0;-84.2
ShellGame;1671;bow;0.96;sumir4;-1;560.1;1000.0;-84.2
ShellGame;1672;bow;0.96;sumir4;-1;560.1;1000.0;-84.2
ShellGame;1673;bow;0.96;sumir4;-1;560.1;1000.0;-84.2
ShellGame;1674;bow;0.96;sumir4;-1;560.1;1000.0;-84.2
ShellGame;1675;bow;0.96;sumir4;-1;560.1;1000.0;-84.2
ShellGame;1676;bow;0.96;sumir4;-1;560.1;1000.0;-84.2
ShellGame;1677;bow;0.96;sumir4;-1;560.1;1000.0;-84.2
ShellGame;1678;bow;0.96;sumir4;-1;560.1;1000.0;-84.2
ShellGame;1679;bow;0.96;sumir4;-1;560.1;1000.0;-84.2
ShellGame;1680;bow;0.96;sumir4;-1;560.1;1000.0;-84.2
ShellGame;1681;bow;0.96;sumir4;-1;560.1;1000.0;-84.2
ShellGame;1682;bow;0.96;sumir4;-1;560.1;1000.0;-84.2
ShellGame;1683;bow;0.96;sumir4;-1;560.1;1000.0;-84.2
ShellGame;1684;bow;0.96;sumir4;-1;560.1;1000.0;-84.2
ShellGame;1685;bow;0.96;sumir4;-1;560.1;1000.0;-84.2
ShellGame;1686;bow;0.96;sumir4;-1;560.1;1000.0;-84.2
ShellGame;1687;bow;0.96;sumir4;-1;560.1;1000.0;-84.2
ShellGame;1688;bow;0.96;sumir4;-1;560.1;1000.0;-84.2
ShellGame;1689;bow;0.96;sumir4;-1;560.1;1000.0;-84.2
ShellGame;1690;bow;0.96;sumir4;-1;560.1;1000.0;-84.2
ShellGame;1691;bow;0.96;sumir4;-1;560.1;1000.0;-84.2
ShellGame;1692;bow;0.96;sumir4;-1;560.1;1000.0;-84.2
ShellGame;1693;bow;0.96;sumir4;-1;560.1;1000.0;-84.2
ShellGame;1694;bow;0.96;sumir4;-1;560.1;1000.0;-84.2
ShellGame;1695;bow;0.96;sumir4;-1;560.1;1000.0;-84.2
ShellGame;1696;bow;0.96;sumir4;-1;560.1;1000.0;-84.2
ShellGame;1697;bow;0.96;sumir4;-1;560.1;1000.0;-84.2
ShellGame;1698;bow;0.96;sumir4;-1;560.1;1000.0;-84.2
ShellGame;1699;bow;0.96;sumir4;-1;560.1;1000.0;-84.2
ShellGame;1700;bow;0.96;sumir4;-1;560.1;1000.0;-84.2
ShellGame;1701;bow;0.96;sumir4;-1;560.1;1000.0;-84.2
ShellGame;1702;bow;0.96;sumir4;-1;560.1;1000.0;-84.2
ShellGame;1703;bow;0.96;sumir4;-1;560.1;1000.0;-84.2
ShellGame;1704;bow;0.96;sumir4;-1;560.1;1000.0;-84.2
ShellGame;1705;bow;0.96;sumir4;-1;560.1;1000.0;-84.2
ShellGame;1706;bow;0.96;sumir4;-1;560.1;1000.0;-84.2
ShellGame;1707;bow;0.96;sumir4;-1;560.1;1000.0;-84.2
ShellGame;1708;bow;0.96;sumir4;-1;560.1;1000.0;-84.2
ShellGame;1709;bow;0.96;sumir4;-1;560.1;1000.0;-84.2
ShellGame;1710;bow;0.96;sumir4;-1;560.1;1000.0;-84.2
ShellGame;1711;bow;0.96;sumir4;-1;560.1;1000.0;-84.2
ShellGame;1712;bow;0.96;sumir4;-1;560.1;1000.0;-84.2
ShellGame;1713;bow;0.96;sumir4;-1;560.1;1000.0;-84.2
ShellGame;1714;bow;0.96;sumir4;-1;560.1;1000.0;-84.2
ShellGame;1715;bow;0.96;sumir4;-1;560.1;1000.0;-84.2
ShellGame;1716;bow;0.96;sumir4;-1;560.1;1000.0;-84.2
ShellGame;1717;bow;0.96;sumir4;-1;560.1;1000.0;-84.2
ShellGame;1718;bow;0.96;sumir4;-1;560.1;1000.0;-84.2
ShellGame;1719;bow;0.96;sumir4;-1;560.1;1000.0;-84.2
ShellGame;1720;bow;0.96;sumir4;-1;560.1;1000.0;-84.2
ShellGame;1721;bow;0.96;sumir4;-1;560.1;1000.0;-84.2
ShellGame;1722;bow;0.96;sumir4;-1;560.1;1000.0;-84.2
ShellGame;1723;bow;0.96;sumir4;-1;560.1;1000.0;-84.2
ShellGame;1724;bow;0.00;rev1;-1;1360.0;1000.0;-326.7
ShellGame;1725;bow;0.00;rev1;-1;1360.0;1000.0;-326.7
ShellGame;1726;bow;0.00;rev1;-1;1360.0;1000.0;-326.7
ShellGame;1727;bow;0.00;rev1;-1;1360.0;1000.0;-326.7
ShellGame;1728;bow;0.00;rev1;-1;1360.0;1000.0;-326.7
ShellGame;1729;bow;0.00;rev1;-1;1360.0;1000.0;-326.7
ShellGame;1730;bow;0.00;rev1;-1;1360.0;1000.0;-326.7
ShellGame;1731;bow;0.00;rev1;-1;1360.0;1000.0;-326.7
ShellGame;1732;bow;0.00;rev1;-1;1360.0;1000.0;-326.7
ShellGame;1733;bow;0.00;rev1;-1;1360.0;1000.0;-326.7
ShellGame;1734;bow;0.00;rev1;-1;1360.0;1000.0;-326.7
ShellGame;1735;bow;0.00;rev1;-1;1360.0;1000.0;-326.7
ShellGame;1736;bow;0.00;rev1;-1;1360.0;1000.0;-326.7
ShellGame;1737;bow;0.00;rev1;-1;1360.0;1000.0;-326.7
ShellGame;1738;bow;0.00;rev1;-1;1360.0;1000.0;-326.7
ShellGame;1739;bow;0.00;rev1;-1;1360.0;1000.0;-326.7
ShellGame;1740;bow;0.00;rev1;-1;1360.0;1000.0;-326.7
ShellGame;1741;bow;0.00;rev2;-1;1360.0;1000.0;-235.8
ShellGame;1742;bow;0.00;rev2;-1;1360.0;1000.0;-235.8
ShellGame;1743;bow;0.00;rev2;-1;1360.0;1000.0;-235.8
ShellGame;1744;bow;0.00;rev2;-1;1360.0;1000.0;-235.8
ShellGame;1745;bow;0.00;rev2;-1;1360.0;1000.0;-235.8
ShellGame;1746;bow;0.00;rev2;-1;1360.0;1000.0;-235.8
ShellGame;1747;bow;0.00;rev2;-1;1360.0;1000.0;-235.8
ShellGame;1748;bow;0.00;rev2;-1;1360.0;1000.0;-235.8
ShellGame;1749;bow;0.00;rev2;-1;1360.0;1000.0;-235.8
ShellGame;1750;bow;0.00;rev2;-1;1360.0;1000.0;-235.8
ShellGame;1751;bow;0.00;rev2;-1;1360.0;1000.0;-235.8
ShellGame;1752;bow;0.00;rev2;-1;1360.0;1000.0;-235.8
ShellGame;1753;bow;0.00;rev2;-1;1360.0;1000.0;-235.8
ShellGame;1754;bow;0.00;rev2;-1;1360.0;1000.0;-235.8
ShellGame;1755;bow;0.00;rev2;-1;1360.0;1000.0;-235.8
ShellGame;1756;bow;0.00;rev2;-1;1360.0;1000.0;-235.8
ShellGame;1757;bow;0.00;rev2;-1;1360.0;1000.0;-235.8
ShellGame;1758;bow;0.00;rev2;-1;1360.0;1000.0;-235.8
ShellGame;1759;bow;0.00;rev2;-1;1360.0;1000.0;-235.8
ShellGame;1760;bow;0.00;rev2;-1;1360.0;1000.0;-235.8
ShellGame;1761;bow;0.00;rev2;-1;1360.0;1000.0;-235.8
ShellGame;1762;bow;0.00;rev2;-1;1360.0;1000.0;-235.8
ShellGame;1763;bow;0.00;rev2;-1;1360.0;1000.0;-235.8
ShellGame;1764;bow;0.00;rev2;-1;1360.0;1000.0;-235.8
ShellGame;1765;bow;0.00;rev2;-1;1360.0;1000.0;-235.8
ShellGame;1766;bow;0.00;rev2;-1;1360.0;1000.0;-235.8
ShellGame;1767;bow;0.00;rev2;-1;1360.0;1000.0;-235.8
ShellGame;1768;bow;0.00;rev2;-1;1360.0;1000.0;-235.8
ShellGame;1769;bow;0.00;rev2;-1;1360.0;1000.0;-235.8
ShellGame;1770;bow;0.00;rev2;-1;1360.0;1000.0;-235.8
ShellGame;1771;bow;0.00;rev2;-1;1360.0;1000.0;-235.8
ShellGame;1772;bow;0.00;rev2;-1;1360.0;1000.0;-235.8
ShellGame;1773;bow;0.00;rev2;-1;1360.0;1000.0;-235.8
ShellGame;1774;bow;0.00;rev2;-1;1360.0;1000.0;-235.8
ShellGame;1775;bow;0.00;rev2;-1;1360.0;1000.0;-235.8
ShellGame;1776;bow;0.00;rev2;-1;1360.0;1000.0;-235.8
ShellGame;1777;bow;0.00;rev2;-1;1360.0;1000.0;-235.8
ShellGame;1778;idle;0.00;rev1;-1;1360.0;1000.0;-326.7
ShellGame;1779;idle;0.00;rev1;-1;1360.0;1000.0;-326.7
ShellGame;1780;idle;0.00;rev1;-1;1360.0;1000.0;-326.7
ShellGame;1781;idle;0.00;rev1;-1;1360.0;1000.0;-326.7
ShellGame;1782;idle;0.00;rev1;-1;1360.0;1000.0;-326.7
ShellGame;1783;idle;0.00;rev1;-1;1360.0;1000.0;-326.7
ShellGame;1784;idle;0.00;rev1;-1;1360.0;1000.0;-326.7
ShellGame;1785;idle;0.00;parado;-1;1360.0;1000.0;-332.1
ShellGame;1786;idle;0.00;parado;-1;1360.0;1000.0;-332.1
ShellGame;1787;idle;0.00;parado;-1;1360.0;1000.0;-332.1
ShellGame;1788;idle;0.00;parado;-1;1360.0;1000.0;-332.1
ShellGame;1789;idle;0.00;parado;-1;1360.0;1000.0;-332.1
ShellGame;1790;idle;0.00;parado;-1;1360.0;1000.0;-332.1
ShellGame;1791;idle;0.00;parado;-1;1360.0;1000.0;-332.1
ShellGame;1792;idle;0.00;parado;-1;1360.0;1000.0;-332.1
ShellGame;1793;idle;0.00;parado;-1;1360.0;1000.0;-332.1
ShellGame;1794;idle;0.00;parado;-1;1360.0;1000.0;-332.1
ShellGame;1795;idle;0.00;parado;-1;1360.0;1000.0;-332.1
ShellGame;1796;idle;0.00;parado;-1;1360.0;1000.0;-332.1
ShellGame;1797;idle;0.00;parado;-1;1360.0;1000.0;-332.1
ShellGame;1798;idle;0.00;parado;-1;1360.0;1000.0;-332.1
ShellGame;1799;idle;0.00;parado;-1;1360.0;1000.0;-332.1
ShellGame;1800;idle;0.00;parado;-1;1360.0;1000.0;-332.1
ShellGame;1801;idle;0.00;parado;-1;1360.0;1000.0;-332.1
ShellGame;1802;idle;0.00;parado;-1;1360.0;1000.0;-332.1
ShellGame;1803;idle;0.00;parado;-1;1360.0;1000.0;-332.1
ShellGame;1804;idle;0.00;parado;-1;1360.0;1000.0;-332.1
ShellGame;1805;idle;0.00;parado;-1;1360.0;1000.0;-332.1
ShellGame;1806;idle;0.00;parado;-1;1360.0;1000.0;-332.1
ShellGame;1807;idle;0.00;parado;-1;1360.0;1000.0;-332.1
ShellGame;1808;idle;0.00;parado;-1;1360.0;1000.0;-332.1
ShellGame;1809;idle;0.00;parado;-1;1360.0;1000.0;-332.1
ShellGame;1810;idle;0.00;parado;-1;1360.0;1000.0;-332.1
ShellGame;1811;idle;0.00;parado;-1;1360.0;1000.0;-332.1
ShellGame;1812;idle;0.00;parado;-1;1360.0;1000.0;-332.1
ShellGame;1813;idle;0.00;parado;-1;1360.0;1000.0;-332.1
ShellGame;1814;idle;0.00;parado;-1;1360.0;1000.0;-332.1
ShellGame;1815;idle;0.00;parado;-1;1360.0;1000.0;-332.1
ShellGame;1816;idle;0.00;parado;-1;1360.0;1000.0;-332.1
ShellGame;1817;idle;0.00;parado;-1;1360.0;1000.0;-332.1
ShellGame;1818;idle;0.00;parado;-1;1360.0;1000.0;-332.1
ShellGame;1819;idle;0.00;parado;-1;1360.0;1000.0;-332.1
ShellGame;1820;idle;0.00;parado;-1;1360.0;1000.0;-332.1
ShellGame;1821;idle;0.00;parado;-1;1360.0;1000.0;-332.1
ShellGame;1822;idle;0.00;parado;-1;1360.0;1000.0;-332.1
ShellGame;1823;idle;0.00;parado;-1;1360.0;1000.0;-332.1
ShellGame;1824;idle;0.00;parado;-1;1360.0;1000.0;-332.1
ShellGame;1825;idle;0.00;parado;-1;1360.0;1000.0;-332.1
ShellGame;1826;idle;0.00;parado;-1;1360.0;1000.0;-332.1
ShellGame;1827;idle;0.00;parado;-1;1360.0;1000.0;-332.1
ShellGame;1828;idle;0.00;parado;-1;1360.0;1000.0;-332.1
ShellGame;1829;idle;0.00;parado;-1;1360.0;1000.0;-332.1
ShellGame;1830;idle;0.00;parado;-1;1360.0;1000.0;-332.1
ShellGame;1831;idle;0.00;parado;-1;1360.0;1000.0;-332.1
ShellGame;1832;idle;0.00;parado;-1;1360.0;1000.0;-332.1
ShellGame;1833;idle;0.00;parado;-1;1360.0;1000.0;-332.1
ShellGame;1834;idle;0.00;parado;-1;1360.0;1000.0;-332.1
ShellGame;1835;idle;0.00;parado;-1;1360.0;1000.0;-332.1
ShellGame;1836;idle;0.00;parado;-1;1360.0;1000.0;-332.1
ShellGame;1837;idle;0.00;parado;-1;1360.0;1000.0;-332.1
ShellGame;1838;idle;0.00;parado;-1;1360.0;1000.0;-332.1
ShellGame;1839;idle;0.00;parado;-1;1360.0;1000.0;-332.1
ShellGame;1840;idle;0.00;parado;-1;1360.0;1000.0;-332.1
ShellGame;1841;idle;0.00;parado;-1;1360.0;1000.0;-332.1
ShellGame;1842;idle;0.00;parado;-1;1360.0;1000.0;-332.1
ShellGame;1843;idle;0.00;parado;-1;1360.0;1000.0;-332.1
ShellGame;1844;idle;0.00;parado;-1;1360.0;1000.0;-332.1
ShellGame;1845;idle;0.00;parado;-1;1360.0;1000.0;-332.1
ShellGame;1846;idle;0.00;parado;-1;1360.0;1000.0;-332.1
ShellGame;1847;idle;0.00;parado;-1;1360.0;1000.0;-332.1
ShellGame;1848;idle;0.00;parado;-1;1360.0;1000.0;-332.1
ShellGame;1849;idle;0.00;parado;-1;1360.0;1000.0;-332.1
ShellGame;1850;idle;0.00;parado;-1;1360.0;1000.0;-332.1
ShellGame;1851;idle;0.00;parado;-1;1360.0;1000.0;-332.1
ShellGame;1852;idle;0.00;parado;-1;1360.0;1000.0;-332.1
ShellGame;1853;idle;0.00;parado;-1;1360.0;1000.0;-332.1
ShellGame;1854;idle;0.00;parado;-1;1360.0;1000.0;-332.1
ShellGame;1855;idle;0.00;parado;-1;1360.0;1000.0;-332.1
ShellGame;1856;idle;0.00;parado;-1;1360.0;1000.0;-332.1
ShellGame;1857;idle;0.00;parado;-1;1360.0;1000.0;-332.1
ShellGame;1858;idle;0.00;parado;-1;1360.0;1000.0;-332.1
ShellGame;1859;idle;0.00;parado;-1;1360.0;1000.0;-332.1
ShellGame;1860;idle;0.00;parado;-1;1360.0;1000.0;-332.1
ShellGame;1861;idle;0.00;parado;-1;1360.0;1000.0;-332.1
ShellGame;1862;idle;0.00;parado;-1;1360.0;1000.0;-332.1
ShellGame;1863;idle;0.00;parado;-1;1360.0;1000.0;-332.1
ShellGame;1864;idle;0.00;parado;-1;1360.0;1000.0;-332.1
ShellGame;1865;idle;0.00;parado;-1;1360.0;1000.0;-332.1
ShellGame;1866;idle;0.00;parado;-1;1360.0;1000.0;-332.1
ShellGame;1867;idle;0.00;parado;-1;1360.0;1000.0;-332.1
ShellGame;1868;idle;0.00;parado;-1;1360.0;1000.0;-332.1
ShellGame;1869;idle;0.00;parado;-1;1360.0;1000.0;-332.1
ShellGame;1870;idle;0.00;parado;-1;1360.0;1000.0;-332.1
ShellGame;1871;idle;0.00;parado;-1;1360.0;1000.0;-332.1
ShellGame;1872;idle;0.00;parado;-1;1360.0;1000.0;-332.1
ShellGame;1873;idle;0.00;parado;-1;1360.0;1000.0;-332.1
ShellGame;1874;idle;0.00;parado;-1;1360.0;1000.0;-332.1
ShellGame;1875;idle;0.00;parado;-1;1360.0;1000.0;-332.1
ShellGame;1876;idle;0.00;parado;-1;1360.0;1000.0;-332.1
ShellGame;1877;idle;0.00;parado;-1;1360.0;1000.0;-332.1
ShellGame;1878;idle;0.00;parado;-1;1360.0;1000.0;-332.1
ShellGame;1879;idle;0.00;parado;-1;1360.0;1000.0;-332.1
ShellGame;1880;idle;0.00;parado;-1;1360.0;1000.0;-332.1
ShellGame;1881;idle;0.00;parado;-1;1360.0;1000.0;-332.1
ShellGame;1882;idle;0.00;parado;-1;1360.0;1000.0;-332.1
ShellGame;1883;idle;0.00;parado;-1;1360.0;1000.0;-332.1
ShellGame;1884;idle;0.00;parado;-1;1360.0;1000.0;-332.1
ShellGame;1885;idle;0.00;parado;-1;1360.0;1000.0;-332.1
ShellGame;1886;idle;0.00;parado;-1;1360.0;1000.0;-332.1
ShellGame;1887;idle;0.00;parado;-1;1360.0;1000.0;-332.1
ShellGame;1888;idle;0.00;parado;-1;1360.0;1000.0;-332.1
ShellGame;1889;idle;0.00;parado;-1;1360.0;1000.0;-332.1
ShellGame;1890;idle;0.00;parado;-1;1360.0;1000.0;-332.1
ShellGame;1891;idle;0.00;parado;-1;1360.0;1000.0;-332.1
ShellGame;1892;idle;0.00;parado;-1;1360.0;1000.0;-332.1
ShellGame;1893;idle;0.00;parado;-1;1360.0;1000.0;-332.1
ShellGame;1894;idle;0.00;parado;-1;1360.0;1000.0;-332.1
ShellGame;1895;idle;0.00;parado;-1;1360.0;1000.0;-332.1
ShellGame;1896;idle;0.00;parado;-1;1360.0;1000.0;-332.1
ShellGame;1897;idle;0.00;parado;-1;1360.0;1000.0;-332.1
ShellGame;1898;idle;0.00;parado;-1;1360.0;1000.0;-332.1
ShellGame;1899;idle;0.00;parado;-1;1360.0;1000.0;-332.1
ShellGame;1900;idle;0.00;parado;-1;1360.0;1000.0;-332.1
ShellGame;1901;idle;0.00;parado;-1;1360.0;1000.0;-332.1
ShellGame;1902;idle;0.00;parado;-1;1360.0;1000.0;-332.1
ShellGame;1903;idle;0.00;parado;-1;1360.0;1000.0;-332.1
ShellGame;1904;idle;0.00;parado;-1;1360.0;1000.0;-332.1
ShellGame;1905;idle;0.00;parado;-1;1360.0;1000.0;-332.1
ShellGame;1906;idle;0.00;parado;-1;1360.0;1000.0;-332.1
ShellGame;1907;idle;0.00;parado;-1;1360.0;1000.0;-332.1
ShellGame;1908;idle;0.00;parado;-1;1360.0;1000.0;-332.1
ShellGame;1909;idle;0.00;parado;-1;1360.0;1000.0;-332.1
ShellGame;1910;idle;0.00;parado;-1;1360.0;1000.0;-332.1
ShellGame;1911;idle;0.00;parado;-1;1360.0;1000.0;-332.1
ShellGame;1912;idle;0.00;parado;-1;1360.0;1000.0;-332.1
ShellGame;1913;idle;0.00;parado;-1;1360.0;1000.0;-332.1
ShellGame;1914;idle;0.00;parado;-1;1360.0;1000.0;-332.1
ShellGame;1915;idle;0.00;parado;-1;1360.0;1000.0;-332.1
ShellGame;1916;idle;0.00;parado;-1;1360.0;1000.0;-332.1
ShellGame;1917;idle;0.00;parado;-1;1360.0;1000.0;-332.1
ShellGame;1918;idle;0.00;parado;-1;1360.0;1000.0;-332.1
ShellGame;1919;idle;0.00;parado;-1;1360.0;1000.0;-332.1
ShellGame;1920;idle;0.00;parado;-1;1360.0;1000.0;-332.1
ShellGame;1921;idle;0.00;parado;-1;1360.0;1000.0;-332.1
ShellGame;1922;idle;0.00;parado;-1;1360.0;1000.0;-332.1
ShellGame;1923;idle;0.00;parado;-1;1360.0;1000.0;-332.1
ShellGame;1924;idle;0.00;parado;-1;1360.0;1000.0;-332.1
ShellGame;1925;idle;0.00;parado;-1;1360.0;1000.0;-332.1
ShellGame;1926;idle;0.00;parado;-1;1360.0;1000.0;-332.1
ShellGame;1927;idle;0.00;parado;-1;1360.0;1000.0;-332.1
ShellGame;1928;idle;0.00;parado;-1;1360.0;1000.0;-332.1
ShellGame;1929;idle;0.00;parado;-1;1360.0;1000.0;-332.1
ShellGame;1930;idle;0.00;parado;-1;1360.0;1000.0;-332.1
ShellGame;1931;idle;0.00;parado;-1;1360.0;1000.0;-332.1
ShellGame;1932;idle;0.00;parado;-1;1360.0;1000.0;-332.1
ShellGame;1933;idle;0.00;parado;-1;1360.0;1000.0;-332.1
ShellGame;1934;idle;0.00;parado;-1;1360.0;1000.0;-332.1
ShellGame;1935;idle;0.00;parado;-1;1360.0;1000.0;-332.1
ShellGame;1936;idle;0.00;parado;-1;1360.0;1000.0;-332.1
ShellGame;1937;idle;0.00;parado;-1;1360.0;1000.0;-332.1
ShellGame;1938;idle;0.00;parado;-1;1360.0;1000.0;-332.1
ShellGame;1939;idle;0.00;parado;-1;1360.0;1000.0;-332.1
ShellGame;1940;idle;0.00;parado;-1;1360.0;1000.0;-332.1
ShellGame;1941;idle;0.00;parado;-1;1360.0;1000.0;-332.1
ShellGame;1942;idle;0.00;parado;-1;1360.0;1000.0;-332.1
ShellGame;1943;idle;0.00;parado;-1;1360.0;1000.0;-332.1
ShellGame;1944;idle;0.00;parado;-1;1360.0;1000.0;-332.1
ShellGame;1945;idle;0.00;parado;-1;1360.0;1000.0;-332.1
ShellGame;1946;idle;0.00;parado;-1;1360.0;1000.0;-332.1
ShellGame;1947;idle;0.00;parado;-1;1360.0;1000.0;-332.1
ShellGame;1948;idle;0.00;parado;-1;1360.0;1000.0;-332.1
ShellGame;1949;idle;0.00;parado;-1;1360.0;1000.0;-332.1
ShellGame;1950;idle;0.00;parado;-1;1360.0;1000.0;-332.1
ShellGame;1951;idle;0.00;parado;-1;1360.0;1000.0;-332.1
ShellGame;1952;idle;0.00;parado;-1;1360.0;1000.0;-332.1
ShellGame;1953;idle;0.00;parado;-1;1360.0;1000.0;-332.1
ShellGame;1954;idle;0.00;parado;-1;1360.0;1000.0;-332.1
ShellGame;1955;idle;0.00;parado;-1;1360.0;1000.0;-332.1
ShellGame;1956;idle;0.00;parado;-1;1360.0;1000.0;-332.1
ShellGame;1957;idle;0.00;parado;-1;1360.0;1000.0;-332.1
ShellGame;1958;idle;0.00;parado;-1;1360.0;1000.0;-332.1
ShellGame;1959;idle;0.00;parado;-1;1360.0;1000.0;-332.1
ShellGame;1960;idle;0.00;parado;-1;1360.0;1000.0;-332.1
IntroGiant;1961;scared;0.00;medo3;1;1360.0;1000.0;-331.4
IntroGiant;1962;scared;0.00;medo3;1;1360.0;1000.0;-331.4
IntroGiant;1963;scared;0.00;medo3;1;1360.0;1000.0;-331.4
IntroGiant;1964;scared;0.00;medo3;1;1360.0;1000.0;-331.4
IntroGiant;1965;scared;0.00;medo3;1;1360.0;1000.0;-331.4
IntroGiant;1966;scared;0.00;medo4;1;1360.0;1000.0;-315.3
IntroGiant;1967;scared;0.00;medo4;1;1360.0;1000.0;-315.3
IntroGiant;1968;scared;0.00;medo4;1;1360.0;1000.0;-315.3
IntroGiant;1969;scared;0.00;medo4;1;1360.0;1000.0;-315.3
IntroGiant;1970;scared;0.00;medo4;1;1360.0;1000.0;-315.3
IntroGiant;1971;scared;0.00;medo3;1;1360.0;1000.0;-331.4
IntroGiant;1972;scared;0.00;medo3;1;1360.0;1000.0;-331.4
IntroGiant;1973;scared;0.00;medo3;1;1360.0;1000.0;-331.4
IntroGiant;1974;scared;0.00;medo3;1;1360.0;1000.0;-331.4
IntroGiant;1975;scared;0.00;medo3;1;1360.0;1000.0;-331.4
IntroGiant;1976;scared;0.00;medo3;1;1360.0;1000.0;-331.4
IntroGiant;1977;scared;0.00;medo4;1;1360.0;1000.0;-315.3
IntroGiant;1978;scared;0.00;medo4;1;1360.0;1000.0;-315.3
IntroGiant;1979;scared;0.00;medo4;1;1360.0;1000.0;-315.3
IntroGiant;1980;scared;0.00;medo4;1;1360.0;1000.0;-315.3
IntroGiant;1981;scared;0.00;medo3;1;1360.0;1000.0;-331.4
IntroGiant;1982;scared;0.00;medo3;1;1360.0;1000.0;-331.4
IntroGiant;1983;scared;0.00;medo3;1;1360.0;1000.0;-331.4
IntroGiant;1984;scared;0.00;medo3;1;1360.0;1000.0;-331.4
IntroGiant;1985;scared;0.00;medo3;1;1360.0;1000.0;-331.4
IntroGiant;1986;scared;0.00;medo4;1;1360.0;1000.0;-315.3
IntroGiant;1987;scared;0.00;medo4;1;1360.0;1000.0;-315.3
IntroGiant;1988;scared;0.00;medo4;1;1360.0;1000.0;-315.3
IntroGiant;1989;scared;0.00;medo4;1;1360.0;1000.0;-315.3
IntroGiant;1990;scared;0.00;medo4;1;1360.0;1000.0;-315.3
IntroGiant;1991;scared;0.00;medo4;1;1360.0;1000.0;-315.3
IntroGiant;1992;scared;0.00;medo3;1;1360.0;1000.0;-331.4
IntroGiant;1993;scared;0.00;medo3;1;1360.0;1000.0;-331.4
IntroGiant;1994;scared;0.00;medo3;1;1360.0;1000.0;-331.4
IntroGiant;1995;scared;0.00;medo3;1;1360.0;1000.0;-331.4
IntroGiant;1996;scared;0.00;escondido;1;1360.0;1000.0;nan
IntroGiant;1997;scared;0.00;escondido;1;1360.0;1000.0;nan
IntroGiant;1998;scared;0.00;escondido;1;1360.0;1000.0;nan
IntroGiant;1999;scared;0.00;escondido;1;1360.0;1000.0;nan
IntroGiant;2000;scared;0.00;escondido;1;1360.0;1000.0;nan
IntroGiant;2001;scared;0.00;escondido;1;1360.0;1000.0;nan
IntroGiant;2002;scared;0.00;escondido;1;1360.0;1000.0;nan
IntroGiant;2003;scared;0.00;escondido;1;1360.0;1000.0;nan
IntroGiant;2004;scared;0.00;escondido;1;1360.0;1000.0;nan
IntroGiant;2005;scared;0.00;escondido;1;1360.0;1000.0;nan
IntroGiant;2006;scared;0.00;escondido;1;1360.0;1000.0;nan
IntroGiant;2007;scared;0.00;escondido;1;1360.0;1000.0;nan
IntroGiant;2008;scared;0.00;escondido;1;1360.0;1000.0;nan
IntroGiant;2009;scared;0.00;escondido;1;1360.0;1000.0;nan
IntroGiant;2010;scared;0.00;escondido;1;1360.0;1000.0;nan
IntroGiant;2011;scared;0.00;escondido;1;1360.0;1000.0;nan
IntroGiant;2012;scared;0.00;escondido;1;1360.0;1000.0;nan
IntroGiant;2013;scared;0.00;escondido;1;1360.0;1000.0;nan
IntroGiant;2014;scared;0.00;escondido;1;1360.0;1000.0;nan
IntroGiant;2015;scared;0.00;escondido;1;1360.0;1000.0;nan
IntroGiant;2016;scared;0.00;escondido;1;1360.0;1000.0;nan
IntroGiant;2017;scared;0.00;escondido;1;1360.0;1000.0;nan
IntroGiant;2018;scared;0.00;escondido;1;1360.0;1000.0;nan
IntroGiant;2019;scared;0.00;escondido;1;1360.0;1000.0;nan
IntroGiant;2020;scared;0.00;escondido;1;1360.0;1000.0;nan
IntroGiant;2021;scared;0.00;escondido;1;1360.0;1000.0;nan
IntroGiant;2022;scared;0.00;escondido;1;1360.0;1000.0;nan
IntroGiant;2023;scared;0.00;escondido;1;1360.0;1000.0;nan
IntroGiant;2024;scared;0.00;escondido;1;1360.0;1000.0;nan
IntroGiant;2025;scared;0.00;escondido;1;1360.0;1000.0;nan
IntroGiant;2026;scared;0.00;escondido;1;1360.0;1000.0;nan
IntroGiant;2027;scared;0.00;escondido;1;1360.0;1000.0;nan
IntroGiant;2028;scared;0.00;escondido;1;1360.0;1000.0;nan
IntroGiant;2029;scared;0.00;escondido;1;1360.0;1000.0;nan
IntroGiant;2030;scared;0.00;escondido;1;1360.0;1000.0;nan
IntroGiant;2031;scared;0.00;escondido;1;1360.0;1000.0;nan
IntroGiant;2032;scared;0.00;escondido;1;1360.0;1000.0;nan
IntroGiant;2033;scared;0.00;escondido;1;1360.0;1000.0;nan
IntroGiant;2034;scared;0.00;escondido;1;1360.0;1000.0;nan
IntroGiant;2035;scared;0.00;escondido;1;1360.0;1000.0;nan
IntroGiant;2036;scared;0.00;escondido;1;1360.0;1000.0;nan
IntroGiant;2037;scared;0.00;escondido;1;1360.0;1000.0;nan
IntroGiant;2038;scared;0.00;escondido;1;1360.0;1000.0;nan
IntroGiant;2039;scared;0.00;escondido;1;1360.0;1000.0;nan
IntroGiant;2040;scared;0.00;escondido;1;1360.0;1000.0;nan
IntroGiant;2041;scared;0.00;escondido;1;1360.0;1000.0;nan
IntroGiant;2042;scared;0.00;escondido;1;1360.0;1000.0;nan
IntroGiant;2043;scared;0.00;escondido;1;1360.0;1000.0;nan
IntroGiant;2044;scared;0.00;escondido;1;1360.0;1000.0;nan
IntroGiant;2045;scared;0.00;escondido;1;1360.0;1000.0;nan
IntroGiant;2046;scared;0.00;escondido;1;1360.0;1000.0;nan
IntroGiant;2047;scared;0.00;escondido;1;1360.0;1000.0;nan
IntroGiant;2048;scared;0.00;escondido;1;1360.0;1000.0;nan
IntroGiant;2049;scared;0.00;escondido;1;1360.0;1000.0;nan
IntroGiant;2050;scared;0.00;escondido;1;1360.0;1000.0;nan
IntroGiant;2051;scared;0.00;escondido;1;1360.0;1000.0;nan
IntroGiant;2052;scared;0.00;escondido;1;1360.0;1000.0;nan
IntroGiant;2053;scared;0.00;escondido;1;1360.0;1000.0;nan
IntroGiant;2054;scared;0.00;escondido;1;1360.0;1000.0;nan
IntroGiant;2055;scared;0.00;escondido;1;1360.0;1000.0;nan
IntroGiant;2056;scared;0.00;escondido;1;1360.0;1000.0;nan
IntroGiant;2057;scared;0.00;escondido;1;1360.0;1000.0;nan
IntroGiant;2058;scared;0.00;escondido;1;1360.0;1000.0;nan
IntroGiant;2059;scared;0.00;escondido;1;1360.0;1000.0;nan
IntroGiant;2060;scared;0.00;escondido;1;1360.0;1000.0;nan
IntroGiant;2061;scared;0.00;escondido;1;1360.0;1000.0;nan
IntroGiant;2062;scared;0.00;escondido;1;1360.0;1000.0;nan
IntroGiant;2063;scared;0.00;escondido;1;1360.0;1000.0;nan
IntroGiant;2064;scared;0.00;escondido;1;1360.0;1000.0;nan
IntroGiant;2065;scared;0.00;escondido;1;1360.0;1000.0;nan
IntroGiant;2066;scared;0.00;escondido;1;1360.0;1000.0;nan
IntroGiant;2067;scared;0.00;escondido;1;1360.0;1000.0;nan
IntroGiant;2068;scared;0.00;escondido;1;1360.0;1000.0;nan
IntroGiant;2069;scared;0.00;escondido;1;1360.0;1000.0;nan
IntroGiant;2070;scared;0.00;escondido;1;1360.0;1000.0;nan
IntroGiant;2071;scared;0.00;escondido;1;1360.0;1000.0;nan
IntroGiant;2072;scared;0.00;escondido;1;1360.0;1000.0;nan
IntroGiant;2073;scared;0.00;escondido;1;1360.0;1000.0;nan
IntroGiant;2074;scared;0.00;escondido;1;1360.0;1000.0;nan
IntroGiant;2075;scared;0.00;escondido;1;1360.0;1000.0;nan
IntroGiant;2076;scared;0.00;escondido;1;1360.0;1000.0;nan
IntroGiant;2077;scared;0.00;escondido;1;1360.0;1000.0;nan
IntroGiant;2078;scared;0.00;escondido;1;1360.0;1000.0;nan
IntroGiant;2079;scared;0.00;escondido;1;1360.0;1000.0;nan
IntroGiant;2080;scared;0.00;escondido;1;1360.0;1000.0;nan
IntroGiant;2081;scared;0.00;escondido;1;1360.0;1000.0;nan
IntroGiant;2082;scared;0.00;escondido;1;1360.0;1000.0;nan
IntroGiant;2083;scared;0.00;escondido;1;1360.0;1000.0;nan
IntroGiant;2084;scared;0.00;escondido;1;1360.0;1000.0;nan
IntroGiant;2085;scared;0.00;escondido;1;1360.0;1000.0;nan
IntroGiant;2086;scared;0.00;escondido;1;1360.0;1000.0;nan
IntroGiant;2087;scared;0.00;escondido;1;1360.0;1000.0;nan
IntroGiant;2088;scared;0.00;escondido;1;1360.0;1000.0;nan
IntroGiant;2089;scared;0.00;escondido;1;1360.0;1000.0;nan
IntroGiant;2090;scared;0.00;escondido;1;1360.0;1000.0;nan
IntroGiant;2091;scared;0.00;escondido;1;1360.0;1000.0;nan
IntroGiant;2092;scared;0.00;escondido;1;1360.0;1000.0;nan
IntroGiant;2093;scared;0.00;escondido;1;1360.0;1000.0;nan
IntroGiant;2094;scared;0.00;escondido;1;1360.0;1000.0;nan
IntroGiant;2095;scared;0.00;escondido;1;1360.0;1000.0;nan
IntroGiant;2096;scared;0.00;escondido;1;1360.0;1000.0;nan
IntroGiant;2097;scared;0.00;escondido;1;1360.0;1000.0;nan
IntroGiant;2098;scared;0.00;escondido;1;1360.0;1000.0;nan
IntroGiant;2099;scared;0.00;escondido;1;1360.0;1000.0;nan
IntroGiant;2100;scared;0.00;escondido;1;1360.0;1000.0;nan
IntroGiant;2101;scared;0.00;escondido;1;1360.0;1000.0;nan
IntroGiant;2102;scared;0.00;escondido;1;1360.0;1000.0;nan
IntroGiant;2103;scared;0.00;escondido;1;1360.0;1000.0;nan
IntroGiant;2104;scared;0.00;escondido;1;1360.0;1000.0;nan
IntroGiant;2105;scared;0.00;escondido;1;1360.0;1000.0;nan
IntroGiant;2106;scared;0.00;escondido;1;1360.0;1000.0;nan
IntroGiant;2107;scared;0.00;escondido;1;1360.0;1000.0;nan
IntroGiant;2108;scared;0.00;escondido;1;1360.0;1000.0;nan
IntroGiant;2109;scared;0.00;escondido;1;1360.0;1000.0;nan
IntroGiant;2110;scared;0.00;escondido;1;1360.0;1000.0;nan
IntroGiant;2111;scared;0.00;escondido;1;1360.0;1000.0;nan
IntroGiant;2112;scared;0.00;escondido;1;1360.0;1000.0;nan
IntroGiant;2113;scared;0.00;escondido;1;1360.0;1000.0;nan
IntroGiant;2114;scared;0.00;escondido;1;1360.0;1000.0;nan
IntroGiant;2115;scared;0.00;escondido;1;1360.0;1000.0;nan
IntroGiant;2116;scared;0.00;escondido;1;1360.0;1000.0;nan
IntroGiant;2117;scared;0.00;escondido;1;1360.0;1000.0;nan
IntroGiant;2118;scared;0.00;escondido;1;1360.0;1000.0;nan
IntroGiant;2119;scared;0.00;escondido;1;1360.0;1000.0;nan
IntroGiant;2120;scared;0.00;escondido;1;1360.0;1000.0;nan
IntroGiant;2121;scared;0.00;escondido;1;1360.0;1000.0;nan
IntroGiant;2122;scared;0.00;escondido;1;1360.0;1000.0;nan
IntroGiant;2123;scared;0.00;escondido;1;1360.0;1000.0;nan
IntroGiant;2124;scared;0.00;escondido;1;1360.0;1000.0;nan
IntroGiant;2125;scared;0.00;escondido;1;1360.0;1000.0;nan
IntroGiant;2126;scared;0.00;escondido;1;1360.0;1000.0;nan
IntroGiant;2127;scared;0.00;escondido;1;1360.0;1000.0;nan
IntroGiant;2128;scared;0.00;escondido;1;1360.0;1000.0;nan
IntroGiant;2129;scared;0.00;escondido;1;1360.0;1000.0;nan
IntroGiant;2130;scared;0.00;escondido;1;1360.0;1000.0;nan
