ataque;quadro;mao;closed;desenho;golpe;x;y;presence;espelho
IntroGiant;1;0;0.00;1;false;490.0;1630.0;1.00;false
IntroGiant;1;1;0.00;1;false;1430.0;1630.0;1.00;true
IntroGiant;2;0;0.00;1;false;490.0;1630.0;1.00;false
IntroGiant;2;1;0.00;1;false;1430.0;1630.0;1.00;true
IntroGiant;3;0;0.00;1;false;490.0;1630.0;1.00;false
IntroGiant;3;1;0.00;1;false;1430.0;1630.0;1.00;true
IntroGiant;4;0;0.00;1;false;490.0;1630.0;1.00;false
IntroGiant;4;1;0.00;1;false;1430.0;1630.0;1.00;true
IntroGiant;5;0;0.00;1;false;490.0;1630.0;1.00;false
IntroGiant;5;1;0.00;1;false;1430.0;1630.0;1.00;true
IntroGiant;6;0;0.00;1;false;490.0;1630.0;1.00;false
IntroGiant;6;1;0.00;1;false;1430.0;1630.0;1.00;true
IntroGiant;7;0;0.00;1;false;490.0;1630.0;1.00;false
IntroGiant;7;1;0.00;1;false;1430.0;1630.0;1.00;true
IntroGiant;8;0;0.00;1;false;490.0;1630.0;1.00;false
IntroGiant;8;1;0.00;1;false;1430.0;1630.0;1.00;true
IntroGiant;9;0;0.00;1;false;490.0;1630.0;1.00;false
IntroGiant;9;1;0.00;1;false;1430.0;1630.0;1.00;true
IntroGiant;10;0;0.00;1;false;490.0;1630.0;1.00;false
IntroGiant;10;1;0.00;1;false;1430.0;1630.0;1.00;true
IntroGiant;11;0;0.00;1;false;490.0;1630.0;1.00;false
IntroGiant;11;1;0.00;1;false;1430.0;1630.0;1.00;true
IntroGiant;12;0;0.00;1;false;490.0;1630.0;1.00;false
IntroGiant;12;1;0.00;1;false;1430.0;1630.0;1.00;true
IntroGiant;13;0;0.00;1;false;490.0;1630.0;1.00;false
IntroGiant;13;1;0.00;1;false;1430.0;1630.0;1.00;true
IntroGiant;14;0;0.00;1;false;490.0;1630.0;1.00;false
IntroGiant;14;1;0.00;1;false;1430.0;1630.0;1.00;true
IntroGiant;15;0;0.00;1;false;490.0;1630.0;1.00;false
IntroGiant;15;1;0.00;1;false;1430.0;1630.0;1.00;true
IntroGiant;16;0;0.00;1;false;490.0;1630.0;1.00;false
IntroGiant;16;1;0.00;1;false;1430.0;1630.0;1.00;true
IntroGiant;17;0;0.00;1;false;490.0;1630.0;1.00;false
IntroGiant;17;1;0.00;1;false;1430.0;1630.0;1.00;true
IntroGiant;18;0;0.00;1;false;490.0;1630.0;1.00;false
IntroGiant;18;1;0.00;1;false;1430.0;1630.0;1.00;true
IntroGiant;19;0;0.00;1;false;490.0;1630.0;1.00;false
IntroGiant;19;1;0.00;1;false;1430.0;1630.0;1.00;true
IntroGiant;20;0;0.00;1;false;490.0;1630.0;1.00;false
IntroGiant;20;1;0.00;1;false;1430.0;1630.0;1.00;true
IntroGiant;21;0;0.00;1;false;490.0;1630.0;1.00;false
IntroGiant;21;1;0.00;1;false;1430.0;1630.0;1.00;true
IntroGiant;22;0;0.00;1;false;490.0;1630.0;1.00;false
IntroGiant;22;1;0.00;1;false;1430.0;1630.0;1.00;true
IntroGiant;23;0;0.00;1;false;490.0;1630.0;1.00;false
IntroGiant;23;1;0.00;1;false;1430.0;1630.0;1.00;true
IntroGiant;24;0;0.00;1;false;490.0;1630.0;1.00;false
IntroGiant;24;1;0.00;1;false;1430.0;1630.0;1.00;true
IntroGiant;25;0;0.00;1;false;490.0;1630.0;1.00;false
IntroGiant;25;1;0.00;1;false;1430.0;1630.0;1.00;true
IntroGiant;26;0;0.00;1;false;490.0;1630.0;1.00;false
IntroGiant;26;1;0.00;1;false;1430.0;1630.0;1.00;true
IntroGiant;27;0;0.00;1;false;490.0;1630.0;1.00;false
IntroGiant;27;1;0.00;1;false;1430.0;1630.0;1.00;true
IntroGiant;28;0;0.00;1;false;490.0;1630.0;1.00;false
IntroGiant;28;1;0.00;1;false;1430.0;1630.0;1.00;true
IntroGiant;29;0;0.00;1;false;490.0;1630.0;1.00;false
IntroGiant;29;1;0.00;1;false;1430.0;1630.0;1.00;true
IntroGiant;30;0;0.00;1;false;490.0;1630.0;1.00;false
IntroGiant;30;1;0.00;1;false;1430.0;1630.0;1.00;true
IntroGiant;31;0;0.00;1;false;490.0;1630.0;1.00;false
IntroGiant;31;1;0.00;1;false;1430.0;1630.0;1.00;true
IntroGiant;32;0;0.00;1;false;490.0;1630.0;1.00;false
IntroGiant;32;1;0.00;1;false;1430.0;1630.0;1.00;true
IntroGiant;33;0;0.00;1;false;490.0;1630.0;1.00;false
IntroGiant;33;1;0.00;1;false;1430.0;1630.0;1.00;true
IntroGiant;34;0;0.00;1;false;490.0;1630.0;1.00;false
IntroGiant;34;1;0.00;1;false;1430.0;1630.0;1.00;true
IntroGiant;35;0;0.00;1;false;490.0;1630.0;1.00;false
IntroGiant;35;1;0.00;1;false;1430.0;1630.0;1.00;true
IntroGiant;36;0;0.00;1;false;490.0;2130.0;0.00;false
IntroGiant;36;1;0.00;1;false;1430.0;2130.0;0.00;true
IntroGiant;37;0;0.00;1;false;490.0;2097.4;0.01;false
IntroGiant;37;1;0.00;1;false;1430.0;2097.4;0.01;true
IntroGiant;38;0;0.00;1;false;490.0;2065.3;0.02;false
IntroGiant;38;1;0.00;1;false;1430.0;2065.3;0.02;true
IntroGiant;39;0;0.00;1;false;490.0;2033.7;0.03;false
IntroGiant;39;1;0.00;1;false;1430.0;2033.7;0.03;true
IntroGiant;40;0;0.00;1;false;490.0;2002.5;0.04;false
IntroGiant;40;1;0.00;1;false;1430.0;2002.5;0.04;true
IntroGiant;41;0;0.00;1;false;490.0;1971.7;0.06;false
IntroGiant;41;1;0.00;1;false;1430.0;1971.7;0.06;true
IntroGiant;42;0;0.00;1;false;490.0;1941.4;0.07;false
IntroGiant;42;1;0.00;1;false;1430.0;1941.4;0.07;true
IntroGiant;43;0;0.00;1;false;490.0;1911.5;0.08;false
IntroGiant;43;1;0.00;1;false;1430.0;1911.5;0.08;true
IntroGiant;44;0;0.00;1;false;490.0;1882.1;0.09;false
IntroGiant;44;1;0.00;1;false;1430.0;1882.1;0.09;true
IntroGiant;45;0;0.00;1;false;490.0;1853.1;0.10;false
IntroGiant;45;1;0.00;1;false;1430.0;1853.1;0.10;true
IntroGiant;46;0;0.00;1;false;490.0;1824.5;0.11;false
IntroGiant;46;1;0.00;1;false;1430.0;1824.5;0.11;true
IntroGiant;47;0;0.00;1;false;490.0;1796.3;0.12;false
IntroGiant;47;1;0.00;1;false;1430.0;1796.3;0.12;true
IntroGiant;48;0;0.00;1;false;490.0;1768.6;0.13;false
IntroGiant;48;1;0.00;1;false;1430.0;1768.6;0.13;true
IntroGiant;49;0;0.00;1;false;490.0;1741.3;0.14;false
IntroGiant;49;1;0.00;1;false;1430.0;1741.3;0.14;true
IntroGiant;50;0;0.00;1;false;490.0;1714.4;0.16;false
IntroGiant;50;1;0.00;1;false;1430.0;1714.4;0.16;true
IntroGiant;51;0;0.00;1;false;490.0;1687.9;0.17;false
IntroGiant;51;1;0.00;1;false;1430.0;1687.9;0.17;true
IntroGiant;52;0;0.00;1;false;490.0;1661.9;0.18;false
IntroGiant;52;1;0.00;1;false;1430.0;1661.9;0.18;true
IntroGiant;53;0;0.00;1;false;490.0;1636.2;0.19;false
IntroGiant;53;1;0.00;1;false;1430.0;1636.2;0.19;true
IntroGiant;54;0;0.00;1;false;490.0;1611.0;0.20;false
IntroGiant;54;1;0.00;1;false;1430.0;1611.0;0.20;true
IntroGiant;55;0;0.00;1;false;490.0;1586.2;0.21;false
IntroGiant;55;1;0.00;1;false;1430.0;1586.2;0.21;true
IntroGiant;56;0;0.00;1;false;490.0;1561.7;0.22;false
IntroGiant;56;1;0.00;1;false;1430.0;1561.7;0.22;true
IntroGiant;57;0;0.00;1;false;490.0;1537.7;0.23;false
IntroGiant;57;1;0.00;1;false;1430.0;1537.7;0.23;true
IntroGiant;58;0;0.00;1;false;490.0;1514.1;0.24;false
IntroGiant;58;1;0.00;1;false;1430.0;1514.1;0.24;true
IntroGiant;59;0;0.00;1;false;490.0;1490.8;0.26;false
IntroGiant;59;1;0.00;1;false;1430.0;1490.8;0.26;true
IntroGiant;60;0;0.00;1;false;490.0;1468.0;0.27;false
IntroGiant;60;1;0.00;1;false;1430.0;1468.0;0.27;true
IntroGiant;61;0;0.00;1;false;490.0;1445.5;0.28;false
IntroGiant;61;1;0.00;1;false;1430.0;1445.5;0.28;true
IntroGiant;62;0;0.00;1;false;490.0;1423.5;0.29;false
IntroGiant;62;1;0.00;1;false;1430.0;1423.5;0.29;true
IntroGiant;63;0;0.00;1;false;490.0;1401.8;0.30;false
IntroGiant;63;1;0.00;1;false;1430.0;1401.8;0.30;true
IntroGiant;64;0;0.00;1;false;490.0;1380.5;0.31;false
IntroGiant;64;1;0.00;1;false;1430.0;1380.5;0.31;true
IntroGiant;65;0;0.00;1;false;490.0;1359.5;0.32;false
IntroGiant;65;1;0.00;1;false;1430.0;1359.5;0.32;true
IntroGiant;66;0;0.00;1;false;490.0;1339.0;0.33;false
IntroGiant;66;1;0.00;1;false;1430.0;1339.0;0.33;true
IntroGiant;67;0;0.00;1;false;490.0;1318.8;0.34;false
IntroGiant;67;1;0.00;1;false;1430.0;1318.8;0.34;true
IntroGiant;68;0;0.00;1;false;490.0;1299.0;0.36;false
IntroGiant;68;1;0.00;1;false;1430.0;1299.0;0.36;true
IntroGiant;69;0;0.00;1;false;490.0;1279.5;0.37;false
IntroGiant;69;1;0.00;1;false;1430.0;1279.5;0.37;true
IntroGiant;70;0;0.00;1;false;490.0;1260.4;0.38;false
IntroGiant;70;1;0.00;1;false;1430.0;1260.4;0.38;true
IntroGiant;71;0;0.00;1;false;490.0;1241.7;0.39;false
IntroGiant;71;1;0.00;1;false;1430.0;1241.7;0.39;true
IntroGiant;72;0;0.00;1;false;490.0;1223.3;0.40;false
IntroGiant;72;1;0.00;1;false;1430.0;1223.3;0.40;true
IntroGiant;73;0;0.00;1;false;490.0;1205.2;0.41;false
IntroGiant;73;1;0.00;1;false;1430.0;1205.2;0.41;true
IntroGiant;74;0;0.00;1;false;490.0;1187.6;0.42;false
IntroGiant;74;1;0.00;1;false;1430.0;1187.6;0.42;true
IntroGiant;75;0;0.00;1;false;490.0;1170.2;0.43;false
IntroGiant;75;1;0.00;1;false;1430.0;1170.2;0.43;true
IntroGiant;76;0;0.00;1;false;490.0;1153.2;0.44;false
IntroGiant;76;1;0.00;1;false;1430.0;1153.2;0.44;true
IntroGiant;77;0;0.00;1;false;490.0;1136.6;0.46;false
IntroGiant;77;1;0.00;1;false;1430.0;1136.6;0.46;true
IntroGiant;78;0;0.00;1;false;490.0;1120.2;0.47;false
IntroGiant;78;1;0.00;1;false;1430.0;1120.2;0.47;true
IntroGiant;79;0;0.00;1;false;490.0;1104.2;0.48;false
IntroGiant;79;1;0.00;1;false;1430.0;1104.2;0.48;true
IntroGiant;80;0;0.00;1;false;490.0;1088.6;0.49;false
IntroGiant;80;1;0.00;1;false;1430.0;1088.6;0.49;true
IntroGiant;81;0;0.00;1;false;490.0;1073.2;0.50;false
IntroGiant;81;1;0.00;1;false;1430.0;1073.2;0.50;true
IntroGiant;82;0;0.00;1;false;490.0;1058.2;0.51;false
IntroGiant;82;1;0.00;1;false;1430.0;1058.2;0.51;true
IntroGiant;83;0;0.00;1;false;490.0;1043.5;0.52;false
IntroGiant;83;1;0.00;1;false;1430.0;1043.5;0.52;true
IntroGiant;84;0;0.00;1;false;490.0;1029.1;0.53;false
IntroGiant;84;1;0.00;1;false;1430.0;1029.1;0.53;true
IntroGiant;85;0;0.00;1;false;490.0;1015.0;0.54;false
IntroGiant;85;1;0.00;1;false;1430.0;1015.0;0.54;true
IntroGiant;86;0;0.00;1;false;490.0;1001.3;0.56;false
IntroGiant;86;1;0.00;1;false;1430.0;1001.3;0.56;true
IntroGiant;87;0;0.00;1;false;490.0;987.8;0.57;false
IntroGiant;87;1;0.00;1;false;1430.0;987.8;0.57;true
IntroGiant;88;0;0.00;1;false;490.0;974.6;0.58;false
IntroGiant;88;1;0.00;1;false;1430.0;974.6;0.58;true
IntroGiant;89;0;0.00;1;false;490.0;961.8;0.59;false
IntroGiant;89;1;0.00;1;false;1430.0;961.8;0.59;true
IntroGiant;90;0;0.00;1;false;490.0;949.2;0.60;false
IntroGiant;90;1;0.00;1;false;1430.0;949.2;0.60;true
IntroGiant;91;0;0.00;1;false;490.0;936.9;0.61;false
IntroGiant;91;1;0.00;1;false;1430.0;936.9;0.61;true
IntroGiant;92;0;0.00;1;false;490.0;924.9;0.62;false
IntroGiant;92;1;0.00;1;false;1430.0;924.9;0.62;true
IntroGiant;93;0;0.00;1;false;490.0;913.1;0.63;false
IntroGiant;93;1;0.00;1;false;1430.0;913.1;0.63;true
IntroGiant;94;0;0.00;1;false;490.0;901.7;0.64;false
IntroGiant;94;1;0.00;1;false;1430.0;901.7;0.64;true
IntroGiant;95;0;0.00;1;false;490.0;890.5;0.66;false
IntroGiant;95;1;0.00;1;false;1430.0;890.5;0.66;true
IntroGiant;96;0;0.00;1;false;490.0;879.5;0.67;false
IntroGiant;96;1;0.00;1;false;1430.0;879.5;0.67;true
IntroGiant;97;0;0.00;1;false;490.0;868.9;0.68;false
IntroGiant;97;1;0.00;1;false;1430.0;868.9;0.68;true
IntroGiant;98;0;0.00;1;false;490.0;858.5;0.69;false
IntroGiant;98;1;0.00;1;false;1430.0;858.5;0.69;true
IntroGiant;99;0;0.00;1;false;490.0;848.3;0.70;false
IntroGiant;99;1;0.00;1;false;1430.0;848.3;0.70;true
IntroGiant;100;0;0.00;1;false;490.0;838.4;0.71;false
IntroGiant;100;1;0.00;1;false;1430.0;838.4;0.71;true
IntroGiant;101;0;0.00;1;false;490.0;828.7;0.72;false
IntroGiant;101;1;0.00;1;false;1430.0;828.7;0.72;true
IntroGiant;102;0;0.00;1;false;490.0;819.3;0.73;false
IntroGiant;102;1;0.00;1;false;1430.0;819.3;0.73;true
IntroGiant;103;0;0.00;1;false;490.0;810.1;0.74;false
IntroGiant;103;1;0.00;1;false;1430.0;810.1;0.74;true
IntroGiant;104;0;0.00;1;false;490.0;801.2;0.76;false
IntroGiant;104;1;0.00;1;false;1430.0;801.2;0.76;true
IntroGiant;105;0;0.00;1;false;490.0;792.4;0.77;false
IntroGiant;105;1;0.00;1;false;1430.0;792.4;0.77;true
IntroGiant;106;0;0.00;1;false;490.0;783.9;0.78;false
IntroGiant;106;1;0.00;1;false;1430.0;783.9;0.78;true
IntroGiant;107;0;0.00;1;false;490.0;775.6;0.79;false
IntroGiant;107;1;0.00;1;false;1430.0;775.6;0.79;true
IntroGiant;108;0;0.00;1;false;490.0;767.5;0.80;false
IntroGiant;108;1;0.00;1;false;1430.0;767.5;0.80;true
IntroGiant;109;0;0.00;1;false;490.0;759.6;0.81;false
IntroGiant;109;1;0.00;1;false;1430.0;759.6;0.81;true
IntroGiant;110;0;0.00;1;false;490.0;751.9;0.82;false
IntroGiant;110;1;0.00;1;false;1430.0;751.9;0.82;true
IntroGiant;111;0;0.00;1;false;490.0;744.4;0.83;false
IntroGiant;111;1;0.00;1;false;1430.0;744.4;0.83;true
IntroGiant;112;0;0.00;1;false;490.0;737.1;0.84;false
IntroGiant;112;1;0.00;1;false;1430.0;737.1;0.84;true
IntroGiant;113;0;0.00;1;false;490.0;730.0;0.86;false
IntroGiant;113;1;0.00;1;false;1430.0;730.0;0.86;true
IntroGiant;114;0;0.00;1;false;490.0;723.0;0.87;false
IntroGiant;114;1;0.00;1;false;1430.0;723.0;0.87;true
IntroGiant;115;0;0.00;1;false;490.0;716.2;0.88;false
IntroGiant;115;1;0.00;1;false;1430.0;716.2;0.88;true
IntroGiant;116;0;0.00;1;false;490.0;709.6;0.89;false
IntroGiant;116;1;0.00;1;false;1430.0;709.6;0.89;true
IntroGiant;117;0;0.00;1;false;490.0;703.1;0.90;false
IntroGiant;117;1;0.00;1;false;1430.0;703.1;0.90;true
IntroGiant;118;0;0.00;1;false;490.0;696.8;0.91;false
IntroGiant;118;1;0.00;1;false;1430.0;696.8;0.91;true
IntroGiant;119;0;0.00;1;false;490.0;690.5;0.92;false
IntroGiant;119;1;0.00;1;false;1430.0;690.5;0.92;true
IntroGiant;120;0;0.00;1;false;490.0;684.5;0.93;false
IntroGiant;120;1;0.00;1;false;1430.0;684.5;0.93;true
IntroGiant;121;0;0.00;1;false;490.0;678.5;0.94;false
IntroGiant;121;1;0.00;1;false;1430.0;678.5;0.94;true
IntroGiant;122;0;0.00;1;false;490.0;672.6;0.96;false
IntroGiant;122;1;0.00;1;false;1430.0;672.6;0.96;true
IntroGiant;123;0;0.00;1;false;490.0;666.9;0.97;false
IntroGiant;123;1;0.00;1;false;1430.0;666.9;0.97;true
IntroGiant;124;0;0.00;1;false;490.0;661.2;0.98;false
IntroGiant;124;1;0.00;1;false;1430.0;661.2;0.98;true
IntroGiant;125;0;0.00;1;false;490.0;655.6;0.99;false
IntroGiant;125;1;0.00;1;false;1430.0;655.6;0.99;true
IntroGiant;126;0;0.00;1;false;490.0;650.0;1.00;false
IntroGiant;126;1;0.00;1;false;1430.0;650.0;1.00;true
IntroGiant;127;0;0.00;1;false;490.0;650.0;1.00;false
IntroGiant;127;1;0.00;1;false;1430.0;650.0;1.00;true
IntroGiant;128;0;0.00;1;false;490.0;650.0;1.00;false
IntroGiant;128;1;0.00;1;false;1430.0;650.0;1.00;true
IntroGiant;129;0;0.00;1;false;490.0;650.0;1.00;false
IntroGiant;129;1;0.00;1;false;1430.0;650.0;1.00;true
IntroGiant;130;0;0.00;1;false;490.0;650.0;1.00;false
IntroGiant;130;1;0.00;1;false;1430.0;650.0;1.00;true
IntroGiant;131;0;0.00;1;false;490.0;650.0;1.00;false
IntroGiant;131;1;0.00;1;false;1430.0;650.0;1.00;true
IntroGiant;132;0;0.00;1;false;490.0;650.0;1.00;false
IntroGiant;132;1;0.00;1;false;1430.0;650.0;1.00;true
IntroGiant;133;0;0.00;1;false;490.0;650.0;1.00;false
IntroGiant;133;1;0.00;1;false;1430.0;650.0;1.00;true
IntroGiant;134;0;0.00;1;false;490.0;650.0;1.00;false
IntroGiant;134;1;0.00;1;false;1430.0;650.0;1.00;true
IntroGiant;135;0;0.00;1;false;490.0;650.0;1.00;false
IntroGiant;135;1;0.00;1;false;1430.0;650.0;1.00;true
IntroGiant;136;0;0.00;1;false;490.0;650.0;1.00;false
IntroGiant;136;1;0.00;1;false;1430.0;650.0;1.00;true
IntroGiant;137;0;0.00;1;false;490.0;650.0;1.00;false
IntroGiant;137;1;0.00;1;false;1430.0;650.0;1.00;true
IntroGiant;138;0;0.00;1;false;490.0;650.0;1.00;false
IntroGiant;138;1;0.00;1;false;1430.0;650.0;1.00;true
IntroGiant;139;0;0.00;1;false;490.0;650.0;1.00;false
IntroGiant;139;1;0.00;1;false;1430.0;650.0;1.00;true
IntroGiant;140;0;0.00;1;false;490.0;650.0;1.00;false
IntroGiant;140;1;0.00;1;false;1430.0;650.0;1.00;true
IntroGiant;141;0;0.00;1;false;490.0;650.0;1.00;false
IntroGiant;141;1;0.00;1;false;1430.0;650.0;1.00;true
IntroGiant;142;0;0.00;1;false;490.0;650.0;1.00;false
IntroGiant;142;1;0.00;1;false;1430.0;650.0;1.00;true
IntroGiant;143;0;0.00;1;false;490.0;650.0;1.00;false
IntroGiant;143;1;0.00;1;false;1430.0;650.0;1.00;true
IntroGiant;144;0;0.00;1;false;490.0;650.0;1.00;false
IntroGiant;144;1;0.00;1;false;1430.0;650.0;1.00;true
IntroGiant;145;0;0.00;1;false;490.0;650.0;1.00;false
IntroGiant;145;1;0.00;1;false;1430.0;650.0;1.00;true
IntroGiant;146;0;0.00;1;false;490.0;650.0;1.00;false
IntroGiant;146;1;0.00;1;false;1430.0;650.0;1.00;true
IntroGiant;147;0;0.00;1;false;490.0;650.0;1.00;false
IntroGiant;147;1;0.00;1;false;1430.0;650.0;1.00;true
IntroGiant;148;0;0.00;1;false;490.0;650.0;1.00;false
IntroGiant;148;1;0.00;1;false;1430.0;650.0;1.00;true
IntroGiant;149;0;0.00;1;false;490.0;650.0;1.00;false
IntroGiant;149;1;0.00;1;false;1430.0;650.0;1.00;true
IntroGiant;150;0;0.00;1;false;490.0;650.0;1.00;false
IntroGiant;150;1;0.00;1;false;1430.0;650.0;1.00;true
IntroGiant;151;0;0.00;1;false;490.0;650.0;1.00;false
IntroGiant;151;1;0.00;1;false;1430.0;650.0;1.00;true
IntroGiant;152;0;0.00;1;false;490.0;650.0;1.00;false
IntroGiant;152;1;0.00;1;false;1430.0;650.0;1.00;true
IntroGiant;153;0;0.00;1;false;490.0;650.0;1.00;false
IntroGiant;153;1;0.00;1;false;1430.0;650.0;1.00;true
IntroGiant;154;0;0.00;1;false;490.0;650.0;1.00;false
IntroGiant;154;1;0.00;1;false;1430.0;650.0;1.00;true
IntroGiant;155;0;0.00;1;false;490.0;650.0;1.00;false
IntroGiant;155;1;0.00;1;false;1430.0;650.0;1.00;true
IntroGiant;156;0;0.00;1;false;490.0;650.0;1.00;false
IntroGiant;156;1;0.00;1;false;1430.0;650.0;1.00;true
IntroGiant;157;0;0.00;1;false;490.0;650.0;1.00;false
IntroGiant;157;1;0.00;1;false;1430.0;650.0;1.00;true
IntroGiant;158;0;0.00;1;false;490.0;650.0;1.00;false
IntroGiant;158;1;0.00;1;false;1430.0;650.0;1.00;true
IntroGiant;159;0;0.00;1;false;490.0;650.0;1.00;false
IntroGiant;159;1;0.00;1;false;1430.0;650.0;1.00;true
IntroGiant;160;0;0.00;1;false;490.0;650.0;1.00;false
IntroGiant;160;1;0.00;1;false;1430.0;650.0;1.00;true
IntroGiant;161;0;0.00;1;false;490.0;650.0;1.00;false
IntroGiant;161;1;0.00;1;false;1430.0;650.0;1.00;true
IntroGiant;162;0;0.00;1;false;490.0;650.0;1.00;false
IntroGiant;162;1;0.00;1;false;1430.0;650.0;1.00;true
IntroGiant;163;0;0.00;1;false;490.0;649.1;1.00;false
IntroGiant;163;1;0.00;1;false;1430.0;650.9;1.00;true
IntroGiant;164;0;0.00;1;false;490.0;648.3;1.00;false
IntroGiant;164;1;0.00;1;false;1430.0;651.7;1.00;true
IntroGiant;165;0;0.00;1;false;490.0;647.6;1.00;false
IntroGiant;165;1;0.00;1;false;1430.0;652.4;1.00;true
IntroGiant;166;0;0.00;1;false;490.0;647.1;1.00;false
IntroGiant;166;1;0.00;1;false;1430.0;652.9;1.00;true
IntroGiant;167;0;0.00;1;false;490.0;646.6;1.00;false
IntroGiant;167;1;0.00;1;false;1430.0;653.4;1.00;true
IntroGiant;168;0;0.00;1;false;490.0;646.2;1.00;false
IntroGiant;168;1;0.00;1;false;1430.0;653.8;1.00;true
IntroGiant;169;0;0.00;1;false;490.0;645.9;1.00;false
IntroGiant;169;1;0.00;1;false;1430.0;654.1;1.00;true
IntroGiant;170;0;0.00;1;false;490.0;645.6;1.00;false
IntroGiant;170;1;0.00;1;false;1430.0;654.4;1.00;true
IntroGiant;171;0;0.00;1;false;490.0;645.4;1.00;false
IntroGiant;171;1;0.00;1;false;1430.0;654.6;1.00;true
IntroGiant;172;0;0.00;1;false;490.0;645.3;1.00;false
IntroGiant;172;1;0.00;1;false;1430.0;654.7;1.00;true
IntroGiant;173;0;0.00;1;false;490.0;645.2;1.00;false
IntroGiant;173;1;0.00;1;false;1430.0;654.8;1.00;true
IntroGiant;174;0;0.00;1;false;490.0;645.2;1.00;false
IntroGiant;174;1;0.00;1;false;1430.0;654.8;1.00;true
IntroGiant;175;0;0.00;1;false;490.0;645.2;1.00;false
IntroGiant;175;1;0.00;1;false;1430.0;654.8;1.00;true
GrabHands;176;0;0.00;1;false;490.0;645.2;1.00;false
GrabHands;176;1;0.00;1;false;1430.0;654.8;1.00;true
GrabHands;177;0;0.00;1;false;490.0;645.2;1.00;false
GrabHands;177;1;0.00;1;false;1430.0;654.8;1.00;true
GrabHands;178;0;0.00;1;false;490.0;645.2;1.00;false
GrabHands;178;1;0.00;1;false;1430.0;654.8;1.00;true
GrabHands;179;0;0.00;1;false;490.0;645.2;1.00;false
GrabHands;179;1;0.00;1;false;1430.0;654.8;1.00;true
GrabHands;180;0;0.00;1;false;490.0;645.2;1.00;false
GrabHands;180;1;0.00;1;false;1430.0;654.8;1.00;true
GrabHands;181;0;0.00;1;false;490.0;645.2;1.00;false
GrabHands;181;1;0.00;1;false;1430.0;654.8;1.00;true
GrabHands;182;0;0.00;1;false;490.0;645.2;1.00;false
GrabHands;182;1;0.00;1;false;1430.0;654.8;1.00;true
GrabHands;183;0;0.00;1;false;490.0;645.2;1.00;false
GrabHands;183;1;0.00;1;false;1430.0;654.8;1.00;true
GrabHands;184;0;0.00;1;false;490.0;645.2;1.00;false
GrabHands;184;1;0.00;1;false;1430.0;654.8;1.00;true
GrabHands;185;0;0.00;1;false;490.0;645.2;1.00;false
GrabHands;185;1;0.00;1;false;1430.0;654.8;1.00;true
GrabHands;186;0;0.00;1;false;490.0;645.2;1.00;false
GrabHands;186;1;0.00;1;false;1430.0;654.8;1.00;true
GrabHands;187;0;0.00;1;false;490.0;645.2;1.00;false
GrabHands;187;1;0.00;1;false;1430.0;654.8;1.00;true
GrabHands;188;0;0.00;1;false;490.0;645.2;1.00;false
GrabHands;188;1;0.00;1;false;1430.0;654.8;1.00;true
GrabHands;189;0;0.00;1;false;490.0;645.2;1.00;false
GrabHands;189;1;0.00;1;false;1430.0;654.8;1.00;true
GrabHands;190;0;0.00;1;false;490.0;645.2;1.00;false
GrabHands;190;1;0.00;1;false;1430.0;654.8;1.00;true
GrabHands;191;0;0.00;1;false;490.0;645.2;1.00;false
GrabHands;191;1;0.00;1;false;1430.0;654.8;1.00;true
GrabHands;192;0;0.00;1;false;490.0;645.2;1.00;false
GrabHands;192;1;0.00;1;false;1430.0;654.8;1.00;true
GrabHands;193;0;0.00;1;false;490.0;650.0;1.00;false
GrabHands;193;1;0.00;1;false;1430.0;654.8;1.00;true
GrabHands;194;0;0.00;1;false;489.7;649.8;1.00;false
GrabHands;194;1;0.00;1;false;1430.0;654.8;1.00;true
GrabHands;195;0;0.00;1;false;488.8;649.2;1.00;false
GrabHands;195;1;0.00;1;false;1430.0;654.8;1.00;true
GrabHands;196;0;0.00;1;false;487.4;648.2;1.00;false
GrabHands;196;1;0.00;1;false;1430.0;654.8;1.00;true
GrabHands;197;0;0.00;1;false;485.3;646.8;1.00;false
GrabHands;197;1;0.00;1;false;1430.0;654.8;1.00;true
GrabHands;198;0;0.00;1;false;482.7;645.0;1.00;false
GrabHands;198;1;0.00;1;false;1430.0;654.8;1.00;true
GrabHands;199;0;0.00;1;false;479.4;642.8;1.00;false
GrabHands;199;1;0.00;1;false;1430.0;654.8;1.00;true
GrabHands;200;0;0.00;1;false;475.6;640.2;1.00;false
GrabHands;200;1;0.00;1;false;1430.0;654.8;1.00;true
GrabHands;201;0;0.00;1;false;471.2;637.2;1.00;false
GrabHands;201;1;0.00;1;false;1430.0;654.8;1.00;true
GrabHands;202;0;0.00;1;false;466.3;633.8;1.00;false
GrabHands;202;1;0.00;1;false;1430.0;654.8;1.00;true
GrabHands;203;0;0.00;1;false;460.7;629.9;1.00;false
GrabHands;203;1;0.00;1;false;1430.0;654.8;1.00;true
GrabHands;204;0;0.00;1;false;454.5;625.7;1.00;false
GrabHands;204;1;0.00;1;false;1430.0;654.8;1.00;true
GrabHands;205;0;0.00;1;false;447.8;621.1;1.00;false
GrabHands;205;1;0.00;1;false;1430.0;654.8;1.00;true
GrabHands;206;0;0.00;1;false;440.4;616.1;1.00;false
GrabHands;206;1;0.00;1;false;1430.0;654.8;1.00;true
GrabHands;207;0;0.00;1;false;432.5;610.7;1.00;false
GrabHands;207;1;0.00;1;false;1430.0;654.8;1.00;true
GrabHands;208;0;0.00;1;false;424.0;604.9;1.00;false
GrabHands;208;1;0.00;1;false;1430.0;654.8;1.00;true
GrabHands;209;0;0.00;1;false;414.9;598.6;1.00;false
GrabHands;209;1;0.00;1;false;1430.0;654.8;1.00;true
GrabHands;210;0;0.00;1;false;405.3;592.0;1.00;false
GrabHands;210;1;0.00;1;false;1430.0;654.8;1.00;true
GrabHands;211;0;0.00;1;false;395.0;585.0;1.00;false
GrabHands;211;1;0.00;1;false;1430.0;654.8;1.00;true
GrabHands;212;0;0.00;1;false;384.7;578.0;1.00;false
GrabHands;212;1;0.00;1;false;1430.0;654.8;1.00;true
GrabHands;213;0;0.00;1;false;375.1;571.4;1.00;false
GrabHands;213;1;0.00;1;false;1430.0;654.8;1.00;true
GrabHands;214;0;0.00;1;false;366.0;565.1;1.00;false
GrabHands;214;1;0.00;1;false;1430.0;654.8;1.00;true
GrabHands;215;0;0.00;1;false;357.5;559.3;1.00;false
GrabHands;215;1;0.00;1;false;1430.0;654.8;1.00;true
GrabHands;216;0;0.00;1;false;349.6;553.9;1.00;false
GrabHands;216;1;0.00;1;false;1430.0;654.8;1.00;true
GrabHands;217;0;0.00;1;false;342.2;548.9;1.00;false
GrabHands;217;1;0.00;1;false;1430.0;654.8;1.00;true
GrabHands;218;0;0.00;1;false;335.5;544.3;1.00;false
GrabHands;218;1;0.00;1;false;1430.0;654.8;1.00;true
GrabHands;219;0;0.00;1;false;329.3;540.1;1.00;false
GrabHands;219;1;0.00;1;false;1430.0;654.8;1.00;true
GrabHands;220;0;0.00;1;false;323.8;536.3;1.00;false
GrabHands;220;1;0.00;1;false;1430.0;654.8;1.00;true
GrabHands;221;0;0.00;1;false;318.8;532.8;1.00;false
GrabHands;221;1;0.00;1;false;1430.0;654.8;1.00;true
GrabHands;222;0;0.00;1;false;314.4;529.8;1.00;false
GrabHands;222;1;0.00;1;false;1430.0;654.8;1.00;true
GrabHands;223;0;0.00;1;false;310.6;527.2;1.00;false
GrabHands;223;1;0.00;1;false;1430.0;654.8;1.00;true
GrabHands;224;0;0.00;1;false;307.3;525.0;1.00;false
GrabHands;224;1;0.00;1;false;1430.0;654.8;1.00;true
GrabHands;225;0;0.00;1;false;304.7;523.2;1.00;false
GrabHands;225;1;0.00;1;false;1430.0;654.8;1.00;true
GrabHands;226;0;0.00;1;false;302.6;521.8;1.00;false
GrabHands;226;1;0.00;1;false;1430.0;654.8;1.00;true
GrabHands;227;0;0.00;1;false;301.2;520.8;1.00;false
GrabHands;227;1;0.00;1;false;1430.0;654.8;1.00;true
GrabHands;228;0;0.00;1;false;300.3;520.2;1.00;false
GrabHands;228;1;0.00;1;false;1430.0;654.8;1.00;true
GrabHands;229;0;0.00;1;false;294.0;520.0;1.00;false
GrabHands;229;1;0.00;1;false;1430.0;650.0;1.00;true
GrabHands;230;0;0.00;1;false;296.1;520.0;1.00;false
GrabHands;230;1;0.00;1;false;1428.5;649.8;1.00;true
GrabHands;231;0;0.00;1;false;301.8;520.0;1.00;false
GrabHands;231;1;0.00;1;false;1424.1;649.2;1.00;true
GrabHands;232;0;0.00;1;false;305.8;520.0;1.00;false
GrabHands;232;1;0.00;1;false;1416.8;648.2;1.00;true
GrabHands;233;0;0.00;1;false;304.5;520.0;1.00;false
GrabHands;233;1;0.00;1;false;1406.5;646.8;1.00;true
GrabHands;234;0;0.00;1;false;299.0;520.0;1.00;false
GrabHands;234;1;0.00;1;false;1393.3;645.0;1.00;true
GrabHands;235;0;0.00;1;false;294.5;520.0;1.00;false
GrabHands;235;1;0.00;1;false;1377.2;642.8;1.00;true
GrabHands;236;0;0.00;1;false;295.0;520.0;1.00;false
GrabHands;236;1;0.00;1;false;1358.2;640.2;1.00;true
GrabHands;237;0;0.00;1;false;300.1;520.0;1.00;false
GrabHands;237;1;0.00;1;false;1336.2;637.2;1.00;true
GrabHands;238;0;0.00;1;false;300.0;520.0;1.00;false
GrabHands;238;1;0.00;1;false;1311.3;633.8;1.00;true
GrabHands;239;0;0.11;1;false;300.0;524.4;1.00;false
GrabHands;239;1;0.00;1;false;1283.4;629.9;1.00;true
GrabHands;240;0;0.22;2;false;300.0;537.8;1.00;false
GrabHands;240;1;0.00;1;false;1252.6;625.7;1.00;true
GrabHands;241;0;0.33;2;false;300.0;560.0;1.00;false
GrabHands;241;1;0.00;1;false;1218.9;621.1;1.00;true
GrabHands;242;0;0.44;2;false;300.0;591.1;1.00;false
GrabHands;242;1;0.00;1;false;1182.2;616.1;1.00;true
GrabHands;243;0;0.56;3;true;300.0;631.1;1.00;false
GrabHands;243;1;0.00;1;false;1142.7;610.7;1.00;true
GrabHands;244;0;0.67;3;true;300.0;680.0;1.00;false
GrabHands;244;1;0.00;1;false;1100.1;604.9;1.00;true
GrabHands;245;0;0.78;3;true;300.0;737.8;1.00;false
GrabHands;245;1;0.00;1;false;1054.7;598.6;1.00;true
GrabHands;246;0;0.89;4;true;300.0;804.4;1.00;false
GrabHands;246;1;0.00;1;false;1006.3;592.0;1.00;true
GrabHands;247;0;1.00;4;true;300.0;880.0;1.00;false
GrabHands;247;1;0.00;1;false;955.0;585.0;1.00;true
GrabHands;248;0;1.00;4;true;300.0;880.0;1.00;false
GrabHands;248;1;0.00;1;false;903.7;578.0;1.00;true
GrabHands;249;0;1.00;4;true;300.0;880.0;1.00;false
GrabHands;249;1;0.00;1;false;855.3;571.4;1.00;true
GrabHands;250;0;1.00;4;true;300.0;880.0;1.00;false
GrabHands;250;1;0.00;1;false;809.9;565.1;1.00;true
GrabHands;251;0;1.00;4;true;300.0;880.0;1.00;false
GrabHands;251;1;0.00;1;false;767.3;559.3;1.00;true
GrabHands;252;0;1.00;4;true;300.0;880.0;1.00;false
GrabHands;252;1;0.00;1;false;727.8;553.9;1.00;true
GrabHands;253;0;1.00;4;true;300.0;880.0;1.00;false
GrabHands;253;1;0.00;1;false;691.1;548.9;1.00;true
GrabHands;254;0;1.00;4;true;300.0;880.0;1.00;false
GrabHands;254;1;0.00;1;false;657.4;544.3;1.00;true
GrabHands;255;0;1.00;4;true;300.0;880.0;1.00;false
GrabHands;255;1;0.00;1;false;626.6;540.1;1.00;true
GrabHands;256;0;1.00;4;true;300.0;880.0;1.00;false
GrabHands;256;1;0.00;1;false;598.8;536.3;1.00;true
GrabHands;257;0;1.00;4;true;300.0;880.0;1.00;false
GrabHands;257;1;0.00;1;false;573.8;532.8;1.00;true
GrabHands;258;0;1.00;4;true;300.0;880.0;1.00;false
GrabHands;258;1;0.00;1;false;551.8;529.8;1.00;true
GrabHands;259;0;1.00;4;true;300.0;880.0;1.00;false
GrabHands;259;1;0.00;1;false;532.8;527.2;1.00;true
GrabHands;260;0;1.00;4;true;300.0;880.0;1.00;false
GrabHands;260;1;0.00;1;false;516.7;525.0;1.00;true
GrabHands;261;0;1.00;4;true;300.0;880.0;1.00;false
GrabHands;261;1;0.00;1;false;503.5;523.2;1.00;true
GrabHands;262;0;1.00;4;true;300.0;880.0;1.00;false
GrabHands;262;1;0.00;1;false;493.2;521.8;1.00;true
GrabHands;263;0;1.00;4;true;300.0;880.0;1.00;false
GrabHands;263;1;0.00;1;false;485.9;520.8;1.00;true
GrabHands;264;0;1.00;4;true;300.0;880.0;1.00;false
GrabHands;264;1;0.00;1;false;481.5;520.2;1.00;true
GrabHands;265;0;1.00;4;true;300.0;880.0;1.00;false
GrabHands;265;1;0.00;1;false;480.0;520.0;1.00;true
GrabHands;266;0;0.00;1;true;490.0;649.8;1.00;false
GrabHands;266;1;0.00;1;false;476.1;520.0;1.00;true
GrabHands;267;0;0.00;1;true;489.9;649.2;1.00;false
GrabHands;267;1;0.00;1;false;481.8;520.0;1.00;true
GrabHands;268;0;0.00;1;true;489.9;648.2;1.00;false
GrabHands;268;1;0.00;1;false;485.8;520.0;1.00;true
GrabHands;269;0;0.00;1;false;489.8;646.8;1.00;false
GrabHands;269;1;0.00;1;false;484.5;520.0;1.00;true
GrabHands;270;0;0.00;1;false;489.6;645.0;1.00;false
GrabHands;270;1;0.00;1;false;479.0;520.0;1.00;true
GrabHands;271;0;0.00;1;false;489.4;642.8;1.00;false
GrabHands;271;1;0.00;1;false;474.5;520.0;1.00;true
GrabHands;272;0;0.00;1;false;489.2;640.2;1.00;false
GrabHands;272;1;0.00;1;false;475.0;520.0;1.00;true
GrabHands;273;0;0.00;1;false;489.0;637.2;1.00;false
GrabHands;273;1;0.00;1;false;480.1;520.0;1.00;true
GrabHands;274;0;0.00;1;false;488.8;633.8;1.00;false
GrabHands;274;1;0.00;1;false;485.1;520.0;1.00;true
GrabHands;275;0;0.00;1;false;488.5;629.9;1.00;false
GrabHands;275;1;0.11;1;false;480.0;524.4;1.00;true
GrabHands;276;0;0.00;1;false;488.1;625.7;1.00;false
GrabHands;276;1;0.22;2;false;480.0;537.8;1.00;true
GrabHands;277;0;0.00;1;false;487.8;621.1;1.00;false
GrabHands;277;1;0.33;2;false;480.0;560.0;1.00;true
GrabHands;278;0;0.00;1;false;487.4;616.1;1.00;false
GrabHands;278;1;0.44;2;false;480.0;591.1;1.00;true
GrabHands;279;0;0.00;1;false;487.0;610.7;1.00;false
GrabHands;279;1;0.56;3;true;480.0;631.1;1.00;true
GrabHands;280;0;0.00;1;false;486.5;604.9;1.00;false
GrabHands;280;1;0.67;3;true;480.0;680.0;1.00;true
GrabHands;281;0;0.00;1;false;486.0;598.6;1.00;false
GrabHands;281;1;0.78;3;true;480.0;737.8;1.00;true
GrabHands;282;0;0.00;1;false;485.5;592.0;1.00;false
GrabHands;282;1;0.89;4;true;480.0;804.4;1.00;true
GrabHands;283;0;0.00;1;false;485.0;585.0;1.00;false
GrabHands;283;1;1.00;4;true;480.0;880.0;1.00;true
GrabHands;284;0;0.00;1;false;484.5;578.0;1.00;false
GrabHands;284;1;1.00;4;true;480.0;880.0;1.00;true
GrabHands;285;0;0.00;1;false;484.0;571.4;1.00;false
GrabHands;285;1;1.00;4;true;480.0;880.0;1.00;true
GrabHands;286;0;0.00;1;false;483.5;565.1;1.00;false
GrabHands;286;1;1.00;4;true;480.0;880.0;1.00;true
GrabHands;287;0;0.00;1;false;483.0;559.3;1.00;false
GrabHands;287;1;1.00;4;true;480.0;880.0;1.00;true
GrabHands;288;0;0.00;1;false;482.6;553.9;1.00;false
GrabHands;288;1;1.00;4;true;480.0;880.0;1.00;true
GrabHands;289;0;0.00;1;false;482.2;548.9;1.00;false
GrabHands;289;1;1.00;4;true;480.0;880.0;1.00;true
GrabHands;290;0;0.00;1;false;481.9;544.3;1.00;false
GrabHands;290;1;1.00;4;true;480.0;880.0;1.00;true
GrabHands;291;0;0.00;1;false;481.5;540.1;1.00;false
GrabHands;291;1;1.00;4;true;480.0;880.0;1.00;true
GrabHands;292;0;0.00;1;false;481.3;536.3;1.00;false
GrabHands;292;1;1.00;4;true;480.0;880.0;1.00;true
GrabHands;293;0;0.00;1;false;481.0;532.8;1.00;false
GrabHands;293;1;1.00;4;true;480.0;880.0;1.00;true
GrabHands;294;0;0.00;1;false;480.8;529.8;1.00;false
GrabHands;294;1;1.00;4;true;480.0;880.0;1.00;true
GrabHands;295;0;0.00;1;false;480.6;527.2;1.00;false
GrabHands;295;1;1.00;4;true;480.0;880.0;1.00;true
GrabHands;296;0;0.00;1;false;480.4;525.0;1.00;false
GrabHands;296;1;1.00;4;true;480.0;880.0;1.00;true
GrabHands;297;0;0.00;1;false;480.2;523.2;1.00;false
GrabHands;297;1;1.00;4;true;480.0;880.0;1.00;true
GrabHands;298;0;0.00;1;false;480.1;521.8;1.00;false
GrabHands;298;1;1.00;4;true;480.0;880.0;1.00;true
GrabHands;299;0;0.00;1;false;480.1;520.8;1.00;false
GrabHands;299;1;1.00;4;true;480.0;880.0;1.00;true
GrabHands;300;0;0.00;1;false;480.0;520.2;1.00;false
GrabHands;300;1;1.00;4;true;480.0;880.0;1.00;true
GrabHands;301;0;0.00;1;false;480.0;520.0;1.00;false
GrabHands;301;1;1.00;4;true;480.0;880.0;1.00;true
GrabHands;302;0;0.00;1;false;476.1;520.0;1.00;false
GrabHands;302;1;0.00;1;true;1428.3;649.8;1.00;true
GrabHands;303;0;0.00;1;false;481.8;520.0;1.00;false
GrabHands;303;1;0.00;1;true;1423.0;649.2;1.00;true
GrabHands;304;0;0.00;1;false;485.8;520.0;1.00;false
GrabHands;304;1;0.00;1;true;1414.3;648.2;1.00;true
GrabHands;305;0;0.00;1;false;484.5;520.0;1.00;false
GrabHands;305;1;0.00;1;false;1402.1;646.8;1.00;true
GrabHands;306;0;0.00;1;false;479.0;520.0;1.00;false
GrabHands;306;1;0.00;1;false;1386.4;645.0;1.00;true
GrabHands;307;0;0.00;1;false;474.5;520.0;1.00;false
GrabHands;307;1;0.00;1;false;1367.2;642.8;1.00;true
GrabHands;308;0;0.00;1;false;475.0;520.0;1.00;false
GrabHands;308;1;0.00;1;false;1344.6;640.2;1.00;true
GrabHands;309;0;0.00;1;false;480.1;520.0;1.00;false
GrabHands;309;1;0.00;1;false;1318.4;637.2;1.00;true
GrabHands;310;0;0.00;1;false;485.1;520.0;1.00;false
GrabHands;310;1;0.00;1;false;1288.8;633.8;1.00;true
GrabHands;311;0;0.11;1;false;480.0;524.4;1.00;false
GrabHands;311;1;0.00;1;false;1255.6;629.9;1.00;true
GrabHands;312;0;0.22;2;false;480.0;537.8;1.00;false
GrabHands;312;1;0.00;1;false;1219.0;625.7;1.00;true
GrabHands;313;0;0.33;2;false;480.0;560.0;1.00;false
GrabHands;313;1;0.00;1;false;1178.9;621.1;1.00;true
GrabHands;314;0;0.44;2;false;480.0;591.1;1.00;false
GrabHands;314;1;0.00;1;false;1135.3;616.1;1.00;true
GrabHands;315;0;0.56;3;true;480.0;631.1;1.00;false
GrabHands;315;1;0.00;1;false;1088.2;610.7;1.00;true
GrabHands;316;0;0.67;3;true;480.0;680.0;1.00;false
GrabHands;316;1;0.00;1;false;1037.6;604.9;1.00;true
GrabHands;317;0;0.78;3;true;480.0;737.8;1.00;false
GrabHands;317;1;0.00;1;false;983.6;598.6;1.00;true
GrabHands;318;0;0.89;4;true;480.0;804.4;1.00;false
GrabHands;318;1;0.00;1;false;926.0;592.0;1.00;true
GrabHands;319;0;1.00;4;true;480.0;880.0;1.00;false
GrabHands;319;1;0.00;1;false;865.0;585.0;1.00;true
GrabHands;320;0;1.00;4;true;480.0;880.0;1.00;false
GrabHands;320;1;0.00;1;false;804.0;578.0;1.00;true
GrabHands;321;0;1.00;4;true;480.0;880.0;1.00;false
GrabHands;321;1;0.00;1;false;746.4;571.4;1.00;true
GrabHands;322;0;1.00;4;true;480.0;880.0;1.00;false
GrabHands;322;1;0.00;1;false;692.4;565.1;1.00;true
GrabHands;323;0;1.00;4;true;480.0;880.0;1.00;false
GrabHands;323;1;0.00;1;false;641.8;559.3;1.00;true
GrabHands;324;0;1.00;4;true;480.0;880.0;1.00;false
GrabHands;324;1;0.00;1;false;594.7;553.9;1.00;true
GrabHands;325;0;1.00;4;true;480.0;880.0;1.00;false
GrabHands;325;1;0.00;1;false;551.1;548.9;1.00;true
GrabHands;326;0;1.00;4;true;480.0;880.0;1.00;false
GrabHands;326;1;0.00;1;false;511.0;544.3;1.00;true
GrabHands;327;0;1.00;4;true;480.0;880.0;1.00;false
GrabHands;327;1;0.00;1;false;474.4;540.1;1.00;true
GrabHands;328;0;1.00;4;true;480.0;880.0;1.00;false
GrabHands;328;1;0.00;1;false;441.3;536.3;1.00;true
GrabHands;329;0;1.00;4;true;480.0;880.0;1.00;false
GrabHands;329;1;0.00;1;false;411.6;532.8;1.00;true
GrabHands;330;0;1.00;4;true;480.0;880.0;1.00;false
GrabHands;330;1;0.00;1;false;385.4;529.8;1.00;true
GrabHands;331;0;1.00;4;true;480.0;880.0;1.00;false
GrabHands;331;1;0.00;1;false;362.8;527.2;1.00;true
GrabHands;332;0;1.00;4;true;480.0;880.0;1.00;false
GrabHands;332;1;0.00;1;false;343.6;525.0;1.00;true
GrabHands;333;0;1.00;4;true;480.0;880.0;1.00;false
GrabHands;333;1;0.00;1;false;327.9;523.2;1.00;true
GrabHands;334;0;1.00;4;true;480.0;880.0;1.00;false
GrabHands;334;1;0.00;1;false;315.7;521.8;1.00;true
GrabHands;335;0;1.00;4;true;480.0;880.0;1.00;false
GrabHands;335;1;0.00;1;false;307.0;520.8;1.00;true
GrabHands;336;0;1.00;4;true;480.0;880.0;1.00;false
GrabHands;336;1;0.00;1;false;301.7;520.2;1.00;true
GrabHands;337;0;1.00;4;true;480.0;880.0;1.00;false
GrabHands;337;1;0.00;1;false;300.0;520.0;1.00;true
GrabHands;338;0;1.00;4;true;480.0;880.0;1.00;false
GrabHands;338;1;0.00;1;false;296.1;520.0;1.00;true
GrabHands;339;0;1.00;4;true;480.0;880.0;1.00;false
GrabHands;339;1;0.00;1;false;301.8;520.0;1.00;true
GrabHands;340;0;1.00;4;true;480.0;880.0;1.00;false
GrabHands;340;1;0.00;1;false;305.8;520.0;1.00;true
GrabHands;341;0;0.97;4;false;480.7;864.9;1.00;false
GrabHands;341;1;0.00;1;false;304.5;520.0;1.00;true
GrabHands;342;0;0.93;4;false;481.3;850.4;1.00;false
GrabHands;342;1;0.00;1;false;299.0;520.0;1.00;true
GrabHands;343;0;0.90;4;false;481.9;836.3;1.00;false
GrabHands;343;1;0.00;1;false;294.5;520.0;1.00;true
GrabHands;344;0;0.87;4;false;482.5;822.8;1.00;false
GrabHands;344;1;0.00;1;false;295.0;520.0;1.00;true
GrabHands;345;0;0.83;4;false;483.1;809.7;1.00;false
GrabHands;345;1;0.00;1;false;300.1;520.0;1.00;true
GrabHands;346;0;0.80;3;false;483.6;797.2;1.00;false
GrabHands;346;1;0.00;1;false;305.1;520.0;1.00;true
GrabHands;347;0;0.77;3;false;484.1;785.2;1.00;false
GrabHands;347;1;0.11;1;false;300.0;524.4;1.00;true
GrabHands;348;0;0.73;3;false;484.6;773.7;1.00;false
GrabHands;348;1;0.22;2;false;300.0;537.8;1.00;true
GrabHands;349;0;0.70;3;false;485.1;762.7;1.00;false
GrabHands;349;1;0.33;2;false;300.0;560.0;1.00;true
GrabHands;350;0;0.67;3;false;485.6;752.2;1.00;false
GrabHands;350;1;0.44;2;false;300.0;591.1;1.00;true
GrabHands;351;0;0.63;3;false;486.0;742.3;1.00;false
GrabHands;351;1;0.56;3;true;300.0;631.1;1.00;true
GrabHands;352;0;0.60;3;false;486.4;732.8;1.00;false
GrabHands;352;1;0.67;3;true;300.0;680.0;1.00;true
GrabHands;353;0;0.57;3;false;486.8;723.9;1.00;false
GrabHands;353;1;0.78;3;true;300.0;737.8;1.00;true
GrabHands;354;0;0.53;3;false;487.2;715.4;1.00;false
GrabHands;354;1;0.89;4;true;300.0;804.4;1.00;true
GrabHands;355;0;0.50;3;false;487.5;707.5;1.00;false
GrabHands;355;1;1.00;4;true;300.0;880.0;1.00;true
GrabHands;356;0;0.47;2;false;487.8;700.1;1.00;false
GrabHands;356;1;1.00;4;true;300.0;880.0;1.00;true
GrabHands;357;0;0.43;2;false;488.1;693.2;1.00;false
GrabHands;357;1;1.00;4;true;300.0;880.0;1.00;true
GrabHands;358;0;0.40;2;false;488.4;686.8;1.00;false
GrabHands;358;1;1.00;4;true;300.0;880.0;1.00;true
GrabHands;359;0;0.37;2;false;488.7;680.9;1.00;false
GrabHands;359;1;1.00;4;true;300.0;880.0;1.00;true
GrabHands;360;0;0.33;2;false;488.9;675.6;1.00;false
GrabHands;360;1;1.00;4;true;300.0;880.0;1.00;true
GrabHands;361;0;0.30;2;false;489.1;670.7;1.00;false
GrabHands;361;1;1.00;4;true;300.0;880.0;1.00;true
GrabHands;362;0;0.27;2;false;489.3;666.4;1.00;false
GrabHands;362;1;1.00;4;true;300.0;880.0;1.00;true
GrabHands;363;0;0.23;2;false;489.5;662.5;1.00;false
GrabHands;363;1;1.00;4;true;300.0;880.0;1.00;true
GrabHands;364;0;0.20;2;false;489.6;659.2;1.00;false
GrabHands;364;1;1.00;4;true;300.0;880.0;1.00;true
GrabHands;365;0;0.17;1;false;489.7;656.4;1.00;false
GrabHands;365;1;1.00;4;true;300.0;880.0;1.00;true
GrabHands;366;0;0.13;1;false;489.8;654.1;1.00;false
GrabHands;366;1;1.00;4;true;300.0;880.0;1.00;true
GrabHands;367;0;0.10;1;false;489.9;652.3;1.00;false
GrabHands;367;1;1.00;4;true;300.0;880.0;1.00;true
GrabHands;368;0;0.07;1;false;490.0;651.0;1.00;false
GrabHands;368;1;1.00;4;true;300.0;880.0;1.00;true
GrabHands;369;0;0.03;1;false;490.0;650.3;1.00;false
GrabHands;369;1;1.00;4;true;300.0;880.0;1.00;true
GrabHands;370;0;0.00;1;false;490.0;650.0;1.00;false
GrabHands;370;1;1.00;4;true;300.0;880.0;1.00;true
GrabHands;371;0;0.00;1;false;490.0;650.0;1.00;false
GrabHands;371;1;1.00;4;true;300.0;880.0;1.00;true
GrabHands;372;0;0.00;1;false;490.0;650.0;1.00;false
GrabHands;372;1;1.00;4;true;300.0;880.0;1.00;true
GrabHands;373;0;0.00;1;false;490.0;650.0;1.00;false
GrabHands;373;1;1.00;4;true;300.0;880.0;1.00;true
GrabHands;374;0;0.00;1;false;490.0;650.0;1.00;false
GrabHands;374;1;1.00;4;true;300.0;880.0;1.00;true
GrabHands;375;0;0.00;1;false;490.0;650.0;1.00;false
GrabHands;375;1;1.00;4;true;300.0;880.0;1.00;true
GrabHands;376;0;0.00;1;false;490.0;650.0;1.00;false
GrabHands;376;1;1.00;4;true;300.0;880.0;1.00;true
GrabHands;377;0;0.00;1;false;490.0;650.0;1.00;false
GrabHands;377;1;0.97;4;false;374.1;864.9;1.00;true
GrabHands;378;0;0.00;1;false;490.0;650.0;1.00;false
GrabHands;378;1;0.93;4;false;445.6;850.4;1.00;true
GrabHands;379;0;0.00;1;false;490.0;650.0;1.00;false
GrabHands;379;1;0.90;4;false;514.7;836.3;1.00;true
GrabHands;380;0;0.00;1;false;490.0;650.0;1.00;false
GrabHands;380;1;0.87;4;false;581.2;822.8;1.00;true
GrabHands;381;0;0.00;1;false;490.0;650.0;1.00;false
GrabHands;381;1;0.83;4;false;645.3;809.7;1.00;true
GrabHands;382;0;0.00;1;false;490.0;650.0;1.00;false
GrabHands;382;1;0.80;3;false;706.8;797.2;1.00;true
GrabHands;383;0;0.00;1;false;490.0;650.0;1.00;false
GrabHands;383;1;0.77;3;false;765.8;785.2;1.00;true
GrabHands;384;0;0.00;1;false;490.0;650.0;1.00;false
GrabHands;384;1;0.73;3;false;822.3;773.7;1.00;true
GrabHands;385;0;0.00;1;false;490.0;650.0;1.00;false
GrabHands;385;1;0.70;3;false;876.3;762.7;1.00;true
GrabHands;386;0;0.00;1;false;490.0;650.0;1.00;false
GrabHands;386;1;0.67;3;false;927.8;752.2;1.00;true
GrabHands;387;0;0.00;1;false;490.0;650.0;1.00;false
GrabHands;387;1;0.63;3;false;976.7;742.3;1.00;true
GrabHands;388;0;0.00;1;false;490.0;650.0;1.00;false
GrabHands;388;1;0.60;3;false;1023.2;732.8;1.00;true
GrabHands;389;0;0.00;1;false;490.0;650.0;1.00;false
GrabHands;389;1;0.57;3;false;1067.1;723.9;1.00;true
GrabHands;390;0;0.00;1;false;490.0;650.0;1.00;false
GrabHands;390;1;0.53;3;false;1108.6;715.4;1.00;true
GrabHands;391;0;0.00;1;false;490.0;650.0;1.00;false
GrabHands;391;1;0.50;3;false;1147.5;707.5;1.00;true
GrabHands;392;0;0.00;1;false;490.0;650.0;1.00;false
GrabHands;392;1;0.47;2;false;1183.9;700.1;1.00;true
GrabHands;393;0;0.00;1;false;490.0;650.0;1.00;false
GrabHands;393;1;0.43;2;false;1217.8;693.2;1.00;true
GrabHands;394;0;0.00;1;false;490.0;650.0;1.00;false
GrabHands;394;1;0.40;2;false;1249.2;686.8;1.00;true
GrabHands;395;0;0.00;1;false;490.0;650.0;1.00;false
GrabHands;395;1;0.37;2;false;1278.1;680.9;1.00;true
GrabHands;396;0;0.00;1;false;490.0;650.0;1.00;false
GrabHands;396;1;0.33;2;false;1304.4;675.6;1.00;true
GrabHands;397;0;0.00;1;false;490.0;650.0;1.00;false
GrabHands;397;1;0.30;2;false;1328.3;670.7;1.00;true
GrabHands;398;0;0.00;1;false;490.0;650.0;1.00;false
GrabHands;398;1;0.27;2;false;1349.6;666.4;1.00;true
GrabHands;399;0;0.00;1;false;490.0;650.0;1.00;false
GrabHands;399;1;0.23;2;false;1368.5;662.5;1.00;true
GrabHands;400;0;0.00;1;false;490.0;650.0;1.00;false
GrabHands;400;1;0.20;2;false;1384.8;659.2;1.00;true
GrabHands;401;0;0.00;1;false;490.0;650.0;1.00;false
GrabHands;401;1;0.17;1;false;1398.6;656.4;1.00;true
GrabHands;402;0;0.00;1;false;490.0;650.0;1.00;false
GrabHands;402;1;0.13;1;false;1409.9;654.1;1.00;true
GrabHands;403;0;0.00;1;false;490.0;650.0;1.00;false
GrabHands;403;1;0.10;1;false;1418.7;652.3;1.00;true
GrabHands;404;0;0.00;1;false;490.0;650.0;1.00;false
GrabHands;404;1;0.07;1;false;1425.0;651.0;1.00;true
GrabHands;405;0;0.00;1;false;490.0;650.0;1.00;false
GrabHands;405;1;0.03;1;false;1428.7;650.3;1.00;true
GrabHands;406;0;0.00;1;false;490.0;650.0;1.00;false
GrabHands;406;1;0.00;1;false;1428.7;650.3;1.00;true
GrabHands;407;0;0.00;1;false;490.0;650.0;1.00;false
GrabHands;407;1;0.00;1;false;1428.7;650.3;1.00;true
GrabHands;408;0;0.00;1;false;490.0;650.0;1.00;false
GrabHands;408;1;0.00;1;false;1428.7;650.3;1.00;true
GrabHands;409;0;0.00;1;false;490.0;650.0;1.00;false
GrabHands;409;1;0.00;1;false;1428.7;650.3;1.00;true
GrabHands;410;0;0.00;1;false;490.0;650.0;1.00;false
GrabHands;410;1;0.00;1;false;1428.7;650.3;1.00;true
GrabHands;411;0;0.00;1;false;490.0;650.0;1.00;false
GrabHands;411;1;0.00;1;false;1428.7;650.3;1.00;true
GrabHands;412;0;0.00;1;false;490.0;650.0;1.00;false
GrabHands;412;1;0.00;1;false;1428.7;650.3;1.00;true
GrabHands;413;0;0.00;1;false;490.0;650.0;1.00;false
GrabHands;413;1;0.00;1;false;1428.7;650.3;1.00;true
GrabHands;414;0;0.00;1;false;490.0;650.0;1.00;false
GrabHands;414;1;0.00;1;false;1428.7;650.3;1.00;true
GrabHands;415;0;0.00;1;false;490.0;650.0;1.00;false
GrabHands;415;1;0.00;1;false;1428.7;650.3;1.00;true
GrabHands;416;0;0.00;1;false;490.0;650.0;1.00;false
GrabHands;416;1;0.00;1;false;1428.7;650.3;1.00;true
GrabHands;417;0;0.00;1;false;490.0;650.0;1.00;false
GrabHands;417;1;0.00;1;false;1428.7;650.3;1.00;true
GrabHands;418;0;0.00;1;false;490.0;650.0;1.00;false
GrabHands;418;1;0.00;1;false;1428.7;650.3;1.00;true
GrabHands;419;0;0.00;1;false;490.0;650.0;1.00;false
GrabHands;419;1;0.00;1;false;1428.7;650.3;1.00;true
GrabHands;420;0;0.00;1;false;490.0;650.0;1.00;false
GrabHands;420;1;0.00;1;false;1428.7;650.3;1.00;true
GrabHands;421;0;0.00;1;false;490.0;650.0;1.00;false
GrabHands;421;1;0.00;1;false;1428.7;650.3;1.00;true
GrabHands;422;0;0.00;1;false;490.0;650.0;1.00;false
GrabHands;422;1;0.00;1;false;1428.7;650.3;1.00;true
GrabHands;423;0;0.00;1;false;490.0;650.0;1.00;false
GrabHands;423;1;0.00;1;false;1428.7;650.3;1.00;true
GrabHands;424;0;0.00;1;false;489.7;649.8;1.00;false
GrabHands;424;1;0.00;1;false;1428.7;650.3;1.00;true
GrabHands;425;0;0.00;1;false;488.8;649.2;1.00;false
GrabHands;425;1;0.00;1;false;1428.7;650.3;1.00;true
GrabHands;426;0;0.00;1;false;487.4;648.2;1.00;false
GrabHands;426;1;0.00;1;false;1428.7;650.3;1.00;true
GrabHands;427;0;0.00;1;false;485.3;646.8;1.00;false
GrabHands;427;1;0.00;1;false;1428.7;650.3;1.00;true
GrabHands;428;0;0.00;1;false;482.7;645.0;1.00;false
GrabHands;428;1;0.00;1;false;1428.7;650.3;1.00;true
GrabHands;429;0;0.00;1;false;479.4;642.8;1.00;false
GrabHands;429;1;0.00;1;false;1428.7;650.3;1.00;true
GrabHands;430;0;0.00;1;false;475.6;640.2;1.00;false
GrabHands;430;1;0.00;1;false;1428.7;650.3;1.00;true
GrabHands;431;0;0.00;1;false;471.2;637.2;1.00;false
GrabHands;431;1;0.00;1;false;1428.7;650.3;1.00;true
GrabHands;432;0;0.00;1;false;466.3;633.8;1.00;false
GrabHands;432;1;0.00;1;false;1428.7;650.3;1.00;true
GrabHands;433;0;0.00;1;false;460.7;629.9;1.00;false
GrabHands;433;1;0.00;1;false;1428.7;650.3;1.00;true
GrabHands;434;0;0.00;1;false;454.5;625.7;1.00;false
GrabHands;434;1;0.00;1;false;1428.7;650.3;1.00;true
GrabHands;435;0;0.00;1;false;447.8;621.1;1.00;false
GrabHands;435;1;0.00;1;false;1428.7;650.3;1.00;true
GrabHands;436;0;0.00;1;false;440.4;616.1;1.00;false
GrabHands;436;1;0.00;1;false;1428.7;650.3;1.00;true
GrabHands;437;0;0.00;1;false;432.5;610.7;1.00;false
GrabHands;437;1;0.00;1;false;1428.7;650.3;1.00;true
GrabHands;438;0;0.00;1;false;424.0;604.9;1.00;false
GrabHands;438;1;0.00;1;false;1428.7;650.3;1.00;true
GrabHands;439;0;0.00;1;false;414.9;598.6;1.00;false
GrabHands;439;1;0.00;1;false;1428.7;650.3;1.00;true
GrabHands;440;0;0.00;1;false;405.3;592.0;1.00;false
GrabHands;440;1;0.00;1;false;1428.7;650.3;1.00;true
GrabHands;441;0;0.00;1;false;395.0;585.0;1.00;false
GrabHands;441;1;0.00;1;false;1428.7;650.3;1.00;true
GrabHands;442;0;0.00;1;false;384.7;578.0;1.00;false
GrabHands;442;1;0.00;1;false;1428.7;650.3;1.00;true
GrabHands;443;0;0.00;1;false;375.1;571.4;1.00;false
GrabHands;443;1;0.00;1;false;1428.7;650.3;1.00;true
GrabHands;444;0;0.00;1;false;366.0;565.1;1.00;false
GrabHands;444;1;0.00;1;false;1428.7;650.3;1.00;true
GrabHands;445;0;0.00;1;false;357.5;559.3;1.00;false
GrabHands;445;1;0.00;1;false;1428.7;650.3;1.00;true
GrabHands;446;0;0.00;1;false;349.6;553.9;1.00;false
GrabHands;446;1;0.00;1;false;1428.7;650.3;1.00;true
GrabHands;447;0;0.00;1;false;342.2;548.9;1.00;false
GrabHands;447;1;0.00;1;false;1428.7;650.3;1.00;true
GrabHands;448;0;0.00;1;false;335.5;544.3;1.00;false
GrabHands;448;1;0.00;1;false;1428.7;650.3;1.00;true
GrabHands;449;0;0.00;1;false;329.3;540.1;1.00;false
GrabHands;449;1;0.00;1;false;1428.7;650.3;1.00;true
GrabHands;450;0;0.00;1;false;323.8;536.3;1.00;false
GrabHands;450;1;0.00;1;false;1428.7;650.3;1.00;true
GrabHands;451;0;0.00;1;false;318.8;532.8;1.00;false
GrabHands;451;1;0.00;1;false;1428.7;650.3;1.00;true
GrabHands;452;0;0.00;1;false;314.4;529.8;1.00;false
GrabHands;452;1;0.00;1;false;1428.7;650.3;1.00;true
GrabHands;453;0;0.00;1;false;310.6;527.2;1.00;false
GrabHands;453;1;0.00;1;false;1428.7;650.3;1.00;true
GrabHands;454;0;0.00;1;false;307.3;525.0;1.00;false
GrabHands;454;1;0.00;1;false;1428.7;650.3;1.00;true
GrabHands;455;0;0.00;1;false;304.7;523.2;1.00;false
GrabHands;455;1;0.00;1;false;1428.7;650.3;1.00;true
GrabHands;456;0;0.00;1;false;302.6;521.8;1.00;false
GrabHands;456;1;0.00;1;false;1428.7;650.3;1.00;true
GrabHands;457;0;0.00;1;false;301.2;520.8;1.00;false
GrabHands;457;1;0.00;1;false;1428.7;650.3;1.00;true
GrabHands;458;0;0.00;1;false;300.3;520.2;1.00;false
GrabHands;458;1;0.00;1;false;1428.7;650.3;1.00;true
GrabHands;459;0;0.00;1;false;294.0;520.0;1.00;false
GrabHands;459;1;0.00;1;false;1430.0;650.0;1.00;true
GrabHands;460;0;0.00;1;false;296.1;520.0;1.00;false
GrabHands;460;1;0.00;1;false;1428.5;649.8;1.00;true
GrabHands;461;0;0.00;1;false;301.8;520.0;1.00;false
GrabHands;461;1;0.00;1;false;1424.1;649.2;1.00;true
GrabHands;462;0;0.00;1;false;305.8;520.0;1.00;false
GrabHands;462;1;0.00;1;false;1416.8;648.2;1.00;true
GrabHands;463;0;0.00;1;false;304.5;520.0;1.00;false
GrabHands;463;1;0.00;1;false;1406.5;646.8;1.00;true
GrabHands;464;0;0.00;1;false;299.0;520.0;1.00;false
GrabHands;464;1;0.00;1;false;1393.3;645.0;1.00;true
GrabHands;465;0;0.00;1;false;294.5;520.0;1.00;false
GrabHands;465;1;0.00;1;false;1377.2;642.8;1.00;true
GrabHands;466;0;0.00;1;false;295.0;520.0;1.00;false
GrabHands;466;1;0.00;1;false;1358.2;640.2;1.00;true
GrabHands;467;0;0.00;1;false;300.1;520.0;1.00;false
GrabHands;467;1;0.00;1;false;1336.2;637.2;1.00;true
GrabHands;468;0;0.00;1;false;300.0;520.0;1.00;false
GrabHands;468;1;0.00;1;false;1311.3;633.8;1.00;true
GrabHands;469;0;0.11;1;false;300.0;524.4;1.00;false
GrabHands;469;1;0.00;1;false;1283.4;629.9;1.00;true
GrabHands;470;0;0.22;2;false;300.0;537.8;1.00;false
GrabHands;470;1;0.00;1;false;1252.6;625.7;1.00;true
GrabHands;471;0;0.33;2;false;300.0;560.0;1.00;false
GrabHands;471;1;0.00;1;false;1218.9;621.1;1.00;true
GrabHands;472;0;0.44;2;false;300.0;591.1;1.00;false
GrabHands;472;1;0.00;1;false;1182.2;616.1;1.00;true
GrabHands;473;0;0.56;3;true;300.0;631.1;1.00;false
GrabHands;473;1;0.00;1;false;1142.7;610.7;1.00;true
GrabHands;474;0;0.67;3;true;300.0;680.0;1.00;false
GrabHands;474;1;0.00;1;false;1100.1;604.9;1.00;true
GrabHands;475;0;0.78;3;true;300.0;737.8;1.00;false
GrabHands;475;1;0.00;1;false;1054.7;598.6;1.00;true
GrabHands;476;0;0.89;4;true;300.0;804.4;1.00;false
GrabHands;476;1;0.00;1;false;1006.3;592.0;1.00;true
GrabHands;477;0;1.00;4;true;300.0;880.0;1.00;false
GrabHands;477;1;0.00;1;false;955.0;585.0;1.00;true
GrabHands;478;0;1.00;4;true;300.0;880.0;1.00;false
GrabHands;478;1;0.00;1;false;903.7;578.0;1.00;true
GrabHands;479;0;1.00;4;true;300.0;880.0;1.00;false
GrabHands;479;1;0.00;1;false;855.3;571.4;1.00;true
GrabHands;480;0;1.00;4;true;300.0;880.0;1.00;false
GrabHands;480;1;0.00;1;false;809.9;565.1;1.00;true
GrabHands;481;0;1.00;4;true;300.0;880.0;1.00;false
GrabHands;481;1;0.00;1;false;767.3;559.3;1.00;true
GrabHands;482;0;1.00;4;true;300.0;880.0;1.00;false
GrabHands;482;1;0.00;1;false;727.8;553.9;1.00;true
GrabHands;483;0;1.00;4;true;300.0;880.0;1.00;false
GrabHands;483;1;0.00;1;false;691.1;548.9;1.00;true
GrabHands;484;0;1.00;4;true;300.0;880.0;1.00;false
GrabHands;484;1;0.00;1;false;657.4;544.3;1.00;true
GrabHands;485;0;1.00;4;true;300.0;880.0;1.00;false
GrabHands;485;1;0.00;1;false;626.6;540.1;1.00;true
GrabHands;486;0;1.00;4;true;300.0;880.0;1.00;false
GrabHands;486;1;0.00;1;false;598.8;536.3;1.00;true
GrabHands;487;0;1.00;4;true;300.0;880.0;1.00;false
GrabHands;487;1;0.00;1;false;573.8;532.8;1.00;true
GrabHands;488;0;1.00;4;true;300.0;880.0;1.00;false
GrabHands;488;1;0.00;1;false;551.8;529.8;1.00;true
GrabHands;489;0;1.00;4;true;300.0;880.0;1.00;false
GrabHands;489;1;0.00;1;false;532.8;527.2;1.00;true
GrabHands;490;0;1.00;4;true;300.0;880.0;1.00;false
GrabHands;490;1;0.00;1;false;516.7;525.0;1.00;true
GrabHands;491;0;1.00;4;true;300.0;880.0;1.00;false
GrabHands;491;1;0.00;1;false;503.5;523.2;1.00;true
GrabHands;492;0;1.00;4;true;300.0;880.0;1.00;false
GrabHands;492;1;0.00;1;false;493.2;521.8;1.00;true
GrabHands;493;0;1.00;4;true;300.0;880.0;1.00;false
GrabHands;493;1;0.00;1;false;485.9;520.8;1.00;true
GrabHands;494;0;1.00;4;true;300.0;880.0;1.00;false
GrabHands;494;1;0.00;1;false;481.5;520.2;1.00;true
GrabHands;495;0;1.00;4;true;300.0;880.0;1.00;false
GrabHands;495;1;0.00;1;false;480.0;520.0;1.00;true
GrabHands;496;0;0.00;1;true;490.0;649.8;1.00;false
GrabHands;496;1;0.00;1;false;476.1;520.0;1.00;true
GrabHands;497;0;0.00;1;true;489.9;649.2;1.00;false
GrabHands;497;1;0.00;1;false;481.8;520.0;1.00;true
GrabHands;498;0;0.00;1;true;489.9;648.2;1.00;false
GrabHands;498;1;0.00;1;false;485.8;520.0;1.00;true
GrabHands;499;0;0.00;1;false;489.8;646.8;1.00;false
GrabHands;499;1;0.00;1;false;484.5;520.0;1.00;true
GrabHands;500;0;0.00;1;false;489.6;645.0;1.00;false
GrabHands;500;1;0.00;1;false;479.0;520.0;1.00;true
GrabHands;501;0;0.00;1;false;489.4;642.8;1.00;false
GrabHands;501;1;0.00;1;false;474.5;520.0;1.00;true
GrabHands;502;0;0.00;1;false;489.2;640.2;1.00;false
GrabHands;502;1;0.00;1;false;475.0;520.0;1.00;true
GrabHands;503;0;0.00;1;false;489.0;637.2;1.00;false
GrabHands;503;1;0.00;1;false;480.1;520.0;1.00;true
GrabHands;504;0;0.00;1;false;488.8;633.8;1.00;false
GrabHands;504;1;0.00;1;false;485.1;520.0;1.00;true
GrabHands;505;0;0.00;1;false;488.5;629.9;1.00;false
GrabHands;505;1;0.11;1;false;480.0;524.4;1.00;true
GrabHands;506;0;0.00;1;false;488.1;625.7;1.00;false
GrabHands;506;1;0.22;2;false;480.0;537.8;1.00;true
GrabHands;507;0;0.00;1;false;487.8;621.1;1.00;false
GrabHands;507;1;0.33;2;false;480.0;560.0;1.00;true
GrabHands;508;0;0.00;1;false;487.4;616.1;1.00;false
GrabHands;508;1;0.44;2;false;480.0;591.1;1.00;true
GrabHands;509;0;0.00;1;false;487.0;610.7;1.00;false
GrabHands;509;1;0.56;3;true;480.0;631.1;1.00;true
GrabHands;510;0;0.00;1;false;486.5;604.9;1.00;false
GrabHands;510;1;0.67;3;true;480.0;680.0;1.00;true
GrabHands;511;0;0.00;1;false;486.0;598.6;1.00;false
GrabHands;511;1;0.78;3;true;480.0;737.8;1.00;true
GrabHands;512;0;0.00;1;false;485.5;592.0;1.00;false
GrabHands;512;1;0.89;4;true;480.0;804.4;1.00;true
GrabHands;513;0;0.00;1;false;485.0;585.0;1.00;false
GrabHands;513;1;1.00;4;true;480.0;880.0;1.00;true
GrabHands;514;0;0.00;1;false;484.5;578.0;1.00;false
GrabHands;514;1;1.00;4;true;480.0;880.0;1.00;true
GrabHands;515;0;0.00;1;false;484.0;571.4;1.00;false
GrabHands;515;1;1.00;4;true;480.0;880.0;1.00;true
GrabHands;516;0;0.00;1;false;483.5;565.1;1.00;false
GrabHands;516;1;1.00;4;true;480.0;880.0;1.00;true
GrabHands;517;0;0.00;1;false;483.0;559.3;1.00;false
GrabHands;517;1;1.00;4;true;480.0;880.0;1.00;true
GrabHands;518;0;0.00;1;false;482.6;553.9;1.00;false
GrabHands;518;1;1.00;4;true;480.0;880.0;1.00;true
GrabHands;519;0;0.00;1;false;482.2;548.9;1.00;false
GrabHands;519;1;1.00;4;true;480.0;880.0;1.00;true
GrabHands;520;0;0.00;1;false;481.9;544.3;1.00;false
GrabHands;520;1;1.00;4;true;480.0;880.0;1.00;true
GrabHands;521;0;0.00;1;false;481.5;540.1;1.00;false
GrabHands;521;1;1.00;4;true;480.0;880.0;1.00;true
GrabHands;522;0;0.00;1;false;481.3;536.3;1.00;false
GrabHands;522;1;1.00;4;true;480.0;880.0;1.00;true
GrabHands;523;0;0.00;1;false;481.0;532.8;1.00;false
GrabHands;523;1;1.00;4;true;480.0;880.0;1.00;true
GrabHands;524;0;0.00;1;false;480.8;529.8;1.00;false
GrabHands;524;1;1.00;4;true;480.0;880.0;1.00;true
GrabHands;525;0;0.00;1;false;480.6;527.2;1.00;false
GrabHands;525;1;1.00;4;true;480.0;880.0;1.00;true
GrabHands;526;0;0.00;1;false;480.4;525.0;1.00;false
GrabHands;526;1;1.00;4;true;480.0;880.0;1.00;true
GrabHands;527;0;0.00;1;false;480.2;523.2;1.00;false
GrabHands;527;1;1.00;4;true;480.0;880.0;1.00;true
GrabHands;528;0;0.00;1;false;480.1;521.8;1.00;false
GrabHands;528;1;1.00;4;true;480.0;880.0;1.00;true
GrabHands;529;0;0.00;1;false;480.1;520.8;1.00;false
GrabHands;529;1;1.00;4;true;480.0;880.0;1.00;true
GrabHands;530;0;0.00;1;false;480.0;520.2;1.00;false
GrabHands;530;1;1.00;4;true;480.0;880.0;1.00;true
GrabHands;531;0;0.00;1;false;480.0;520.0;1.00;false
GrabHands;531;1;1.00;4;true;480.0;880.0;1.00;true
GrabHands;532;0;0.00;1;false;476.1;520.0;1.00;false
GrabHands;532;1;0.00;1;true;1428.3;649.8;1.00;true
GrabHands;533;0;0.00;1;false;481.8;520.0;1.00;false
GrabHands;533;1;0.00;1;true;1423.0;649.2;1.00;true
GrabHands;534;0;0.00;1;false;485.8;520.0;1.00;false
GrabHands;534;1;0.00;1;true;1414.3;648.2;1.00;true
GrabHands;535;0;0.00;1;false;484.5;520.0;1.00;false
GrabHands;535;1;0.00;1;false;1402.1;646.8;1.00;true
GrabHands;536;0;0.00;1;false;479.0;520.0;1.00;false
GrabHands;536;1;0.00;1;false;1386.4;645.0;1.00;true
GrabHands;537;0;0.00;1;false;474.5;520.0;1.00;false
GrabHands;537;1;0.00;1;false;1367.2;642.8;1.00;true
GrabHands;538;0;0.00;1;false;475.0;520.0;1.00;false
GrabHands;538;1;0.00;1;false;1344.6;640.2;1.00;true
GrabHands;539;0;0.00;1;false;480.1;520.0;1.00;false
GrabHands;539;1;0.00;1;false;1318.4;637.2;1.00;true
GrabHands;540;0;0.00;1;false;485.1;520.0;1.00;false
GrabHands;540;1;0.00;1;false;1288.8;633.8;1.00;true
GrabHands;541;0;0.11;1;false;480.0;524.4;1.00;false
GrabHands;541;1;0.00;1;false;1255.6;629.9;1.00;true
GrabHands;542;0;0.22;2;false;480.0;537.8;1.00;false
GrabHands;542;1;0.00;1;false;1219.0;625.7;1.00;true
GrabHands;543;0;0.33;2;false;480.0;560.0;1.00;false
GrabHands;543;1;0.00;1;false;1178.9;621.1;1.00;true
GrabHands;544;0;0.44;2;false;480.0;591.1;1.00;false
GrabHands;544;1;0.00;1;false;1135.3;616.1;1.00;true
GrabHands;545;0;0.56;3;true;480.0;631.1;1.00;false
GrabHands;545;1;0.00;1;false;1088.2;610.7;1.00;true
GrabHands;546;0;0.67;3;true;480.0;680.0;1.00;false
GrabHands;546;1;0.00;1;false;1037.6;604.9;1.00;true
GrabHands;547;0;0.78;3;true;480.0;737.8;1.00;false
GrabHands;547;1;0.00;1;false;983.6;598.6;1.00;true
GrabHands;548;0;0.89;4;true;480.0;804.4;1.00;false
GrabHands;548;1;0.00;1;false;926.0;592.0;1.00;true
GrabHands;549;0;1.00;4;true;480.0;880.0;1.00;false
GrabHands;549;1;0.00;1;false;865.0;585.0;1.00;true
GrabHands;550;0;1.00;4;true;480.0;880.0;1.00;false
GrabHands;550;1;0.00;1;false;804.0;578.0;1.00;true
GrabHands;551;0;1.00;4;true;480.0;880.0;1.00;false
GrabHands;551;1;0.00;1;false;746.4;571.4;1.00;true
GrabHands;552;0;1.00;4;true;480.0;880.0;1.00;false
GrabHands;552;1;0.00;1;false;692.4;565.1;1.00;true
GrabHands;553;0;1.00;4;true;480.0;880.0;1.00;false
GrabHands;553;1;0.00;1;false;641.8;559.3;1.00;true
GrabHands;554;0;1.00;4;true;480.0;880.0;1.00;false
GrabHands;554;1;0.00;1;false;594.7;553.9;1.00;true
GrabHands;555;0;1.00;4;true;480.0;880.0;1.00;false
GrabHands;555;1;0.00;1;false;551.1;548.9;1.00;true
GrabHands;556;0;1.00;4;true;480.0;880.0;1.00;false
GrabHands;556;1;0.00;1;false;511.0;544.3;1.00;true
GrabHands;557;0;1.00;4;true;480.0;880.0;1.00;false
GrabHands;557;1;0.00;1;false;474.4;540.1;1.00;true
GrabHands;558;0;1.00;4;true;480.0;880.0;1.00;false
GrabHands;558;1;0.00;1;false;441.3;536.3;1.00;true
GrabHands;559;0;1.00;4;true;480.0;880.0;1.00;false
GrabHands;559;1;0.00;1;false;411.6;532.8;1.00;true
GrabHands;560;0;1.00;4;true;480.0;880.0;1.00;false
GrabHands;560;1;0.00;1;false;385.4;529.8;1.00;true
GrabHands;561;0;1.00;4;true;480.0;880.0;1.00;false
GrabHands;561;1;0.00;1;false;362.8;527.2;1.00;true
GrabHands;562;0;1.00;4;true;480.0;880.0;1.00;false
GrabHands;562;1;0.00;1;false;343.6;525.0;1.00;true
GrabHands;563;0;1.00;4;true;480.0;880.0;1.00;false
GrabHands;563;1;0.00;1;false;327.9;523.2;1.00;true
GrabHands;564;0;1.00;4;true;480.0;880.0;1.00;false
GrabHands;564;1;0.00;1;false;315.7;521.8;1.00;true
GrabHands;565;0;1.00;4;true;480.0;880.0;1.00;false
GrabHands;565;1;0.00;1;false;307.0;520.8;1.00;true
GrabHands;566;0;1.00;4;true;480.0;880.0;1.00;false
GrabHands;566;1;0.00;1;false;301.7;520.2;1.00;true
GrabHands;567;0;1.00;4;true;480.0;880.0;1.00;false
GrabHands;567;1;0.00;1;false;300.0;520.0;1.00;true
GrabHands;568;0;1.00;4;true;480.0;880.0;1.00;false
GrabHands;568;1;0.00;1;false;296.1;520.0;1.00;true
GrabHands;569;0;1.00;4;true;480.0;880.0;1.00;false
GrabHands;569;1;0.00;1;false;301.8;520.0;1.00;true
GrabHands;570;0;1.00;4;true;480.0;880.0;1.00;false
GrabHands;570;1;0.00;1;false;305.8;520.0;1.00;true
GrabHands;571;0;0.97;4;false;480.7;864.9;1.00;false
GrabHands;571;1;0.00;1;false;304.5;520.0;1.00;true
GrabHands;572;0;0.93;4;false;481.3;850.4;1.00;false
GrabHands;572;1;0.00;1;false;299.0;520.0;1.00;true
GrabHands;573;0;0.90;4;false;481.9;836.3;1.00;false
GrabHands;573;1;0.00;1;false;294.5;520.0;1.00;true
GrabHands;574;0;0.87;4;false;482.5;822.8;1.00;false
GrabHands;574;1;0.00;1;false;295.0;520.0;1.00;true
GrabHands;575;0;0.83;4;false;483.1;809.7;1.00;false
GrabHands;575;1;0.00;1;false;300.1;520.0;1.00;true
GrabHands;576;0;0.80;3;false;483.6;797.2;1.00;false
GrabHands;576;1;0.00;1;false;305.1;520.0;1.00;true
GrabHands;577;0;0.77;3;false;484.1;785.2;1.00;false
GrabHands;577;1;0.11;1;false;300.0;524.4;1.00;true
GrabHands;578;0;0.73;3;false;484.6;773.7;1.00;false
GrabHands;578;1;0.22;2;false;300.0;537.8;1.00;true
GrabHands;579;0;0.70;3;false;485.1;762.7;1.00;false
GrabHands;579;1;0.33;2;false;300.0;560.0;1.00;true
GrabHands;580;0;0.67;3;false;485.6;752.2;1.00;false
GrabHands;580;1;0.44;2;false;300.0;591.1;1.00;true
GrabHands;581;0;0.63;3;false;486.0;742.3;1.00;false
GrabHands;581;1;0.56;3;true;300.0;631.1;1.00;true
GrabHands;582;0;0.60;3;false;486.4;732.8;1.00;false
GrabHands;582;1;0.67;3;true;300.0;680.0;1.00;true
GrabHands;583;0;0.57;3;false;486.8;723.9;1.00;false
GrabHands;583;1;0.78;3;true;300.0;737.8;1.00;true
GrabHands;584;0;0.53;3;false;487.2;715.4;1.00;false
GrabHands;584;1;0.89;4;true;300.0;804.4;1.00;true
GrabHands;585;0;0.50;3;false;487.5;707.5;1.00;false
GrabHands;585;1;1.00;4;true;300.0;880.0;1.00;true
GrabHands;586;0;0.47;2;false;487.8;700.1;1.00;false
GrabHands;586;1;1.00;4;true;300.0;880.0;1.00;true
GrabHands;587;0;0.43;2;false;488.1;693.2;1.00;false
GrabHands;587;1;1.00;4;true;300.0;880.0;1.00;true
GrabHands;588;0;0.40;2;false;488.4;686.8;1.00;false
GrabHands;588;1;1.00;4;true;300.0;880.0;1.00;true
GrabHands;589;0;0.37;2;false;488.7;680.9;1.00;false
GrabHands;589;1;1.00;4;true;300.0;880.0;1.00;true
GrabHands;590;0;0.33;2;false;488.9;675.6;1.00;false
GrabHands;590;1;1.00;4;true;300.0;880.0;1.00;true
GrabHands;591;0;0.30;2;false;489.1;670.7;1.00;false
GrabHands;591;1;1.00;4;true;300.0;880.0;1.00;true
GrabHands;592;0;0.27;2;false;489.3;666.4;1.00;false
GrabHands;592;1;1.00;4;true;300.0;880.0;1.00;true
GrabHands;593;0;0.23;2;false;489.5;662.5;1.00;false
GrabHands;593;1;1.00;4;true;300.0;880.0;1.00;true
GrabHands;594;0;0.20;2;false;489.6;659.2;1.00;false
GrabHands;594;1;1.00;4;true;300.0;880.0;1.00;true
GrabHands;595;0;0.17;1;false;489.7;656.4;1.00;false
GrabHands;595;1;1.00;4;true;300.0;880.0;1.00;true
GrabHands;596;0;0.13;1;false;489.8;654.1;1.00;false
GrabHands;596;1;1.00;4;true;300.0;880.0;1.00;true
GrabHands;597;0;0.10;1;false;489.9;652.3;1.00;false
GrabHands;597;1;1.00;4;true;300.0;880.0;1.00;true
GrabHands;598;0;0.07;1;false;490.0;651.0;1.00;false
GrabHands;598;1;1.00;4;true;300.0;880.0;1.00;true
GrabHands;599;0;0.03;1;false;490.0;650.3;1.00;false
GrabHands;599;1;1.00;4;true;300.0;880.0;1.00;true
GrabHands;600;0;0.00;1;false;490.0;650.0;1.00;false
GrabHands;600;1;1.00;4;true;300.0;880.0;1.00;true
GrabHands;601;0;0.00;1;false;490.0;650.0;1.00;false
GrabHands;601;1;1.00;4;true;300.0;880.0;1.00;true
GrabHands;602;0;0.00;1;false;490.0;650.0;1.00;false
GrabHands;602;1;1.00;4;true;300.0;880.0;1.00;true
GrabHands;603;0;0.00;1;false;490.0;650.0;1.00;false
GrabHands;603;1;1.00;4;true;300.0;880.0;1.00;true
GrabHands;604;0;0.00;1;false;490.0;650.0;1.00;false
GrabHands;604;1;1.00;4;true;300.0;880.0;1.00;true
GrabHands;605;0;0.00;1;false;490.0;650.0;1.00;false
GrabHands;605;1;1.00;4;true;300.0;880.0;1.00;true
GrabHands;606;0;0.00;1;false;490.0;650.0;1.00;false
GrabHands;606;1;1.00;4;true;300.0;880.0;1.00;true
GrabHands;607;0;0.00;1;false;490.0;650.0;1.00;false
GrabHands;607;1;0.97;4;false;374.1;864.9;1.00;true
GrabHands;608;0;0.00;1;false;490.0;650.0;1.00;false
GrabHands;608;1;0.93;4;false;445.6;850.4;1.00;true
GrabHands;609;0;0.00;1;false;490.0;650.0;1.00;false
GrabHands;609;1;0.90;4;false;514.7;836.3;1.00;true
GrabHands;610;0;0.00;1;false;490.0;650.0;1.00;false
GrabHands;610;1;0.87;4;false;581.2;822.8;1.00;true
GrabHands;611;0;0.00;1;false;490.0;650.0;1.00;false
GrabHands;611;1;0.83;4;false;645.3;809.7;1.00;true
GrabHands;612;0;0.00;1;false;490.0;650.0;1.00;false
GrabHands;612;1;0.80;3;false;706.8;797.2;1.00;true
GrabHands;613;0;0.00;1;false;490.0;650.0;1.00;false
GrabHands;613;1;0.77;3;false;765.8;785.2;1.00;true
GrabHands;614;0;0.00;1;false;490.0;650.0;1.00;false
GrabHands;614;1;0.73;3;false;822.3;773.7;1.00;true
GrabHands;615;0;0.00;1;false;490.0;650.0;1.00;false
GrabHands;615;1;0.70;3;false;876.3;762.7;1.00;true
GrabHands;616;0;0.00;1;false;490.0;650.0;1.00;false
GrabHands;616;1;0.67;3;false;927.8;752.2;1.00;true
GrabHands;617;0;0.00;1;false;490.0;650.0;1.00;false
GrabHands;617;1;0.63;3;false;976.7;742.3;1.00;true
GrabHands;618;0;0.00;1;false;490.0;650.0;1.00;false
GrabHands;618;1;0.60;3;false;1023.2;732.8;1.00;true
GrabHands;619;0;0.00;1;false;490.0;650.0;1.00;false
GrabHands;619;1;0.57;3;false;1067.1;723.9;1.00;true
GrabHands;620;0;0.00;1;false;490.0;650.0;1.00;false
GrabHands;620;1;0.53;3;false;1108.6;715.4;1.00;true
GrabHands;621;0;0.00;1;false;490.0;650.0;1.00;false
GrabHands;621;1;0.50;3;false;1147.5;707.5;1.00;true
GrabHands;622;0;0.00;1;false;490.0;650.0;1.00;false
GrabHands;622;1;0.47;2;false;1183.9;700.1;1.00;true
GrabHands;623;0;0.00;1;false;490.0;650.0;1.00;false
GrabHands;623;1;0.43;2;false;1217.8;693.2;1.00;true
GrabHands;624;0;0.00;1;false;490.0;650.0;1.00;false
GrabHands;624;1;0.40;2;false;1249.2;686.8;1.00;true
GrabHands;625;0;0.00;1;false;490.0;650.0;1.00;false
GrabHands;625;1;0.37;2;false;1278.1;680.9;1.00;true
GrabHands;626;0;0.00;1;false;490.0;650.0;1.00;false
GrabHands;626;1;0.33;2;false;1304.4;675.6;1.00;true
GrabHands;627;0;0.00;1;false;490.0;650.0;1.00;false
GrabHands;627;1;0.30;2;false;1328.3;670.7;1.00;true
GrabHands;628;0;0.00;1;false;490.0;650.0;1.00;false
GrabHands;628;1;0.27;2;false;1349.6;666.4;1.00;true
GrabHands;629;0;0.00;1;false;490.0;650.0;1.00;false
GrabHands;629;1;0.23;2;false;1368.5;662.5;1.00;true
GrabHands;630;0;0.00;1;false;490.0;650.0;1.00;false
GrabHands;630;1;0.20;2;false;1384.8;659.2;1.00;true
GrabHands;631;0;0.00;1;false;490.0;650.0;1.00;false
GrabHands;631;1;0.17;1;false;1398.6;656.4;1.00;true
GrabHands;632;0;0.00;1;false;490.0;650.0;1.00;false
GrabHands;632;1;0.13;1;false;1409.9;654.1;1.00;true
GrabHands;633;0;0.00;1;false;490.0;650.0;1.00;false
GrabHands;633;1;0.10;1;false;1418.7;652.3;1.00;true
GrabHands;634;0;0.00;1;false;490.0;650.0;1.00;false
GrabHands;634;1;0.07;1;false;1425.0;651.0;1.00;true
GrabHands;635;0;0.00;1;false;490.0;650.0;1.00;false
GrabHands;635;1;0.03;1;false;1428.7;650.3;1.00;true
GiantCards;636;0;0.00;1;false;490.0;650.0;1.00;false
GiantCards;636;1;0.00;1;false;1428.7;650.3;1.00;true
GiantCards;637;0;0.00;1;false;490.0;650.0;1.00;false
GiantCards;637;1;0.00;1;false;1428.7;650.3;1.00;true
GiantCards;638;0;0.00;1;false;490.0;650.0;1.00;false
GiantCards;638;1;0.00;1;false;1428.7;650.3;1.00;true
GiantCards;639;0;0.00;1;false;490.0;650.0;1.00;false
GiantCards;639;1;0.00;1;false;1428.7;650.3;1.00;true
GiantCards;640;0;0.00;1;false;490.0;650.0;1.00;false
GiantCards;640;1;0.00;1;false;1428.7;650.3;1.00;true
GiantCards;641;0;0.00;1;false;490.0;650.0;1.00;false
GiantCards;641;1;0.00;1;false;1428.7;650.3;1.00;true
GiantCards;642;0;0.00;1;false;490.0;650.0;1.00;false
GiantCards;642;1;0.00;1;false;1428.7;650.3;1.00;true
GiantCards;643;0;0.00;1;false;490.0;650.0;1.00;false
GiantCards;643;1;0.00;1;false;1428.7;650.3;1.00;true
GiantCards;644;0;0.00;1;false;490.0;650.0;1.00;false
GiantCards;644;1;0.00;1;false;1428.7;650.3;1.00;true
GiantCards;645;0;0.00;1;false;490.0;650.0;1.00;false
GiantCards;645;1;0.00;1;false;1428.7;650.3;1.00;true
GiantCards;646;0;0.00;1;false;490.0;650.0;1.00;false
GiantCards;646;1;0.00;1;false;1428.7;650.3;1.00;true
GiantCards;647;0;0.00;1;false;490.0;650.0;1.00;false
GiantCards;647;1;0.00;1;false;1428.7;650.3;1.00;true
GiantCards;648;0;1.00;4;false;493.3;647.5;1.00;false
GiantCards;648;1;0.00;1;false;1428.7;650.3;1.00;true
GiantCards;649;0;1.00;4;false;496.7;645.0;1.00;false
GiantCards;649;1;0.00;1;false;1428.7;650.3;1.00;true
GiantCards;650;0;1.00;4;false;500.0;642.5;1.00;false
GiantCards;650;1;0.00;1;false;1428.7;650.3;1.00;true
GiantCards;651;0;1.00;4;false;503.3;640.0;1.00;false
GiantCards;651;1;0.00;1;false;1428.7;650.3;1.00;true
GiantCards;652;0;1.00;4;false;506.7;637.5;1.00;false
GiantCards;652;1;0.00;1;false;1428.7;650.3;1.00;true
GiantCards;653;0;1.00;4;false;510.0;635.0;1.00;false
GiantCards;653;1;0.00;1;false;1428.7;650.3;1.00;true
GiantCards;654;0;1.00;4;false;513.3;632.5;1.00;false
GiantCards;654;1;0.00;1;false;1428.7;650.3;1.00;true
GiantCards;655;0;1.00;4;false;516.7;630.0;1.00;false
GiantCards;655;1;0.00;1;false;1428.7;650.3;1.00;true
GiantCards;656;0;1.00;4;false;520.0;627.5;1.00;false
GiantCards;656;1;0.00;1;false;1428.7;650.3;1.00;true
GiantCards;657;0;1.00;4;false;523.3;625.0;1.00;false
GiantCards;657;1;0.00;1;false;1428.7;650.3;1.00;true
GiantCards;658;0;1.00;4;false;526.7;622.5;1.00;false
GiantCards;658;1;0.00;1;false;1428.7;650.3;1.00;true
GiantCards;659;0;1.00;4;false;530.0;620.0;1.00;false
GiantCards;659;1;0.00;1;false;1428.7;650.3;1.00;true
GiantCards;660;0;1.00;4;false;533.3;617.5;1.00;false
GiantCards;660;1;0.00;1;false;1428.7;650.3;1.00;true
GiantCards;661;0;1.00;4;false;536.7;615.0;1.00;false
GiantCards;661;1;0.00;1;false;1428.7;650.3;1.00;true
GiantCards;662;0;1.00;4;false;540.0;612.5;1.00;false
GiantCards;662;1;0.00;1;false;1428.7;650.3;1.00;true
GiantCards;663;0;1.00;4;false;543.3;610.0;1.00;false
GiantCards;663;1;0.00;1;false;1428.7;650.3;1.00;true
GiantCards;664;0;1.00;4;false;546.7;607.5;1.00;false
GiantCards;664;1;0.00;1;false;1428.7;650.3;1.00;true
GiantCards;665;0;1.00;4;false;550.0;605.0;1.00;false
GiantCards;665;1;0.00;1;false;1428.7;650.3;1.00;true
GiantCards;666;0;1.00;4;false;553.3;602.5;1.00;false
GiantCards;666;1;0.00;1;false;1428.7;650.3;1.00;true
GiantCards;667;0;1.00;4;false;556.7;600.0;1.00;false
GiantCards;667;1;0.00;1;false;1428.7;650.3;1.00;true
GiantCards;668;0;1.00;4;false;560.0;597.5;1.00;false
GiantCards;668;1;0.00;1;false;1428.7;650.3;1.00;true
GiantCards;669;0;1.00;4;false;563.3;595.0;1.00;false
GiantCards;669;1;0.00;1;false;1428.7;650.3;1.00;true
GiantCards;670;0;1.00;4;false;566.7;592.5;1.00;false
GiantCards;670;1;0.00;1;false;1428.7;650.3;1.00;true
GiantCards;671;0;0.00;1;false;570.0;590.0;1.00;false
GiantCards;671;1;0.00;1;false;1428.7;650.3;1.00;true
GiantCards;672;0;0.00;1;false;570.0;590.0;1.00;false
GiantCards;672;1;0.00;1;false;1428.7;650.3;1.00;true
GiantCards;673;0;0.00;1;false;570.0;590.0;1.00;false
GiantCards;673;1;0.00;1;false;1428.7;650.3;1.00;true
GiantCards;674;0;0.00;1;false;570.0;590.0;1.00;false
GiantCards;674;1;0.00;1;false;1428.7;650.3;1.00;true
GiantCards;675;0;0.00;1;false;570.0;590.0;1.00;false
GiantCards;675;1;0.00;1;false;1428.7;650.3;1.00;true
GiantCards;676;0;0.00;1;false;570.0;590.0;1.00;false
GiantCards;676;1;0.00;1;false;1428.7;650.3;1.00;true
GiantCards;677;0;0.00;1;false;570.0;590.0;1.00;false
GiantCards;677;1;0.00;1;false;1428.7;650.3;1.00;true
GiantCards;678;0;0.00;1;false;570.0;590.0;1.00;false
GiantCards;678;1;0.00;1;false;1428.7;650.3;1.00;true
GiantCards;679;0;0.00;1;false;570.0;590.0;1.00;false
GiantCards;679;1;0.00;1;false;1428.7;650.3;1.00;true
GiantCards;680;0;0.00;1;false;570.0;590.0;1.00;false
GiantCards;680;1;0.00;1;false;1428.7;650.3;1.00;true
GiantCards;681;0;0.00;1;false;570.0;590.0;1.00;false
GiantCards;681;1;0.00;1;false;1428.7;650.3;1.00;true
GiantCards;682;0;0.00;1;false;570.0;590.0;1.00;false
GiantCards;682;1;0.00;1;false;1428.7;650.3;1.00;true
GiantCards;683;0;0.00;1;false;570.0;590.0;1.00;false
GiantCards;683;1;0.00;1;false;1428.7;650.3;1.00;true
GiantCards;684;0;0.00;1;false;570.0;590.0;1.00;false
GiantCards;684;1;0.00;1;false;1428.7;650.3;1.00;true
GiantCards;685;0;0.00;1;false;570.0;590.0;1.00;false
GiantCards;685;1;0.00;1;false;1428.7;650.3;1.00;true
GiantCards;686;0;0.00;1;false;570.0;590.0;1.00;false
GiantCards;686;1;0.00;1;false;1428.7;650.3;1.00;true
GiantCards;687;0;0.00;1;false;570.0;590.0;1.00;false
GiantCards;687;1;0.00;1;false;1428.7;650.3;1.00;true
GiantCards;688;0;0.00;1;false;570.0;590.0;1.00;false
GiantCards;688;1;0.00;1;false;1428.7;650.3;1.00;true
GiantCards;689;0;0.00;1;false;554.0;602.0;1.00;false
GiantCards;689;1;0.00;1;false;1428.7;650.3;1.00;true
GiantCards;690;0;0.00;1;false;541.2;611.6;1.00;false
GiantCards;690;1;0.00;1;false;1428.7;650.3;1.00;true
GiantCards;691;0;0.00;1;false;531.0;619.3;1.00;false
GiantCards;691;1;0.00;1;false;1428.7;650.3;1.00;true
GiantCards;692;0;0.00;1;false;522.8;625.4;1.00;false
GiantCards;692;1;0.00;1;false;1428.7;650.3;1.00;true
GiantCards;693;0;0.00;1;false;516.2;630.3;1.00;false
GiantCards;693;1;0.00;1;false;1428.7;650.3;1.00;true
GiantCards;694;0;0.00;1;false;511.0;634.3;1.00;false
GiantCards;694;1;0.00;1;false;1428.7;650.3;1.00;true
GiantCards;695;0;0.00;1;false;506.8;637.4;1.00;false
GiantCards;695;1;1.00;4;false;1430.0;650.0;1.00;true
GiantCards;696;0;0.00;1;false;503.4;639.9;1.00;false
GiantCards;696;1;1.00;4;false;1426.7;647.5;1.00;true
GiantCards;697;0;0.00;1;false;500.7;641.9;1.00;false
GiantCards;697;1;1.00;4;false;1423.3;645.0;1.00;true
GiantCards;698;0;0.00;1;false;498.6;643.6;1.00;false
GiantCards;698;1;1.00;4;false;1420.0;642.5;1.00;true
GiantCards;699;0;0.00;1;false;496.9;644.8;1.00;false
GiantCards;699;1;1.00;4;false;1416.7;640.0;1.00;true
GiantCards;700;0;0.00;1;false;495.5;645.9;1.00;false
GiantCards;700;1;1.00;4;false;1413.3;637.5;1.00;true
GiantCards;701;0;0.00;1;false;494.4;646.7;1.00;false
GiantCards;701;1;1.00;4;false;1410.0;635.0;1.00;true
GiantCards;702;0;0.00;1;false;493.5;647.4;1.00;false
GiantCards;702;1;1.00;4;false;1406.7;632.5;1.00;true
GiantCards;703;0;0.00;1;false;492.8;647.9;1.00;false
GiantCards;703;1;1.00;4;false;1403.3;630.0;1.00;true
GiantCards;704;0;0.00;1;false;492.3;648.3;1.00;false
GiantCards;704;1;1.00;4;false;1400.0;627.5;1.00;true
GiantCards;705;0;0.00;1;false;491.8;648.6;1.00;false
GiantCards;705;1;1.00;4;false;1396.7;625.0;1.00;true
GiantCards;706;0;0.00;1;false;491.4;648.9;1.00;false
GiantCards;706;1;1.00;4;false;1393.3;622.5;1.00;true
GiantCards;707;0;0.00;1;false;491.4;648.9;1.00;false
GiantCards;707;1;1.00;4;false;1390.0;620.0;1.00;true
GiantCards;708;0;0.00;1;false;491.4;648.9;1.00;false
GiantCards;708;1;1.00;4;false;1386.7;617.5;1.00;true
GiantCards;709;0;0.00;1;false;491.4;648.9;1.00;false
GiantCards;709;1;1.00;4;false;1383.3;615.0;1.00;true
GiantCards;710;0;0.00;1;false;491.4;648.9;1.00;false
GiantCards;710;1;1.00;4;false;1380.0;612.5;1.00;true
GiantCards;711;0;0.00;1;false;491.4;648.9;1.00;false
GiantCards;711;1;1.00;4;false;1376.7;610.0;1.00;true
GiantCards;712;0;0.00;1;false;491.4;648.9;1.00;false
GiantCards;712;1;1.00;4;false;1373.3;607.5;1.00;true
GiantCards;713;0;0.00;1;false;491.4;648.9;1.00;false
GiantCards;713;1;1.00;4;false;1370.0;605.0;1.00;true
GiantCards;714;0;0.00;1;false;491.4;648.9;1.00;false
GiantCards;714;1;1.00;4;false;1366.7;602.5;1.00;true
GiantCards;715;0;0.00;1;false;491.4;648.9;1.00;false
GiantCards;715;1;1.00;4;false;1363.3;600.0;1.00;true
GiantCards;716;0;0.00;1;false;491.4;648.9;1.00;false
GiantCards;716;1;1.00;4;false;1360.0;597.5;1.00;true
GiantCards;717;0;0.00;1;false;491.4;648.9;1.00;false
GiantCards;717;1;1.00;4;false;1356.7;595.0;1.00;true
GiantCards;718;0;0.00;1;false;491.4;648.9;1.00;false
GiantCards;718;1;1.00;4;false;1353.3;592.5;1.00;true
GiantCards;719;0;0.00;1;false;491.4;648.9;1.00;false
GiantCards;719;1;0.00;1;false;1350.0;590.0;1.00;true
GiantCards;720;0;0.00;1;false;491.4;648.9;1.00;false
GiantCards;720;1;0.00;1;false;1350.0;590.0;1.00;true
GiantCards;721;0;0.00;1;false;491.4;648.9;1.00;false
GiantCards;721;1;0.00;1;false;1350.0;590.0;1.00;true
GiantCards;722;0;0.00;1;false;491.4;648.9;1.00;false
GiantCards;722;1;0.00;1;false;1350.0;590.0;1.00;true
GiantCards;723;0;0.00;1;false;491.4;648.9;1.00;false
GiantCards;723;1;0.00;1;false;1350.0;590.0;1.00;true
GiantCards;724;0;0.00;1;false;491.4;648.9;1.00;false
GiantCards;724;1;0.00;1;false;1350.0;590.0;1.00;true
GiantCards;725;0;0.00;1;false;491.4;648.9;1.00;false
GiantCards;725;1;0.00;1;false;1350.0;590.0;1.00;true
GiantCards;726;0;0.00;1;false;491.4;648.9;1.00;false
GiantCards;726;1;0.00;1;false;1350.0;590.0;1.00;true
GiantCards;727;0;0.00;1;false;491.4;648.9;1.00;false
GiantCards;727;1;0.00;1;false;1350.0;590.0;1.00;true
GiantCards;728;0;0.00;1;false;491.4;648.9;1.00;false
GiantCards;728;1;0.00;1;false;1350.0;590.0;1.00;true
GiantCards;729;0;0.00;1;false;491.4;648.9;1.00;false
GiantCards;729;1;0.00;1;false;1350.0;590.0;1.00;true
GiantCards;730;0;0.00;1;false;491.4;648.9;1.00;false
GiantCards;730;1;0.00;1;false;1350.0;590.0;1.00;true
GiantCards;731;0;0.00;1;false;491.4;648.9;1.00;false
GiantCards;731;1;0.00;1;false;1350.0;590.0;1.00;true
GiantCards;732;0;0.00;1;false;491.4;648.9;1.00;false
GiantCards;732;1;0.00;1;false;1350.0;590.0;1.00;true
GiantCards;733;0;0.00;1;false;491.4;648.9;1.00;false
GiantCards;733;1;0.00;1;false;1350.0;590.0;1.00;true
GiantCards;734;0;0.00;1;false;491.4;648.9;1.00;false
GiantCards;734;1;0.00;1;false;1350.0;590.0;1.00;true
GiantCards;735;0;0.00;1;false;491.4;648.9;1.00;false
GiantCards;735;1;0.00;1;false;1350.0;590.0;1.00;true
GiantCards;736;0;0.00;1;false;491.4;648.9;1.00;false
GiantCards;736;1;0.00;1;false;1350.0;590.0;1.00;true
GiantCards;737;0;0.00;1;false;491.4;648.9;1.00;false
GiantCards;737;1;0.00;1;false;1350.0;590.0;1.00;true
GiantCards;738;0;0.00;1;false;491.4;648.9;1.00;false
GiantCards;738;1;0.00;1;false;1366.0;602.0;1.00;true
GiantCards;739;0;0.00;1;false;491.4;648.9;1.00;false
GiantCards;739;1;0.00;1;false;1378.8;611.6;1.00;true
GiantCards;740;0;0.00;1;false;491.4;648.9;1.00;false
GiantCards;740;1;0.00;1;false;1389.0;619.3;1.00;true
GiantCards;741;0;0.00;1;false;491.4;648.9;1.00;false
GiantCards;741;1;0.00;1;false;1397.2;625.4;1.00;true
GiantCards;742;0;0.00;1;false;491.4;648.9;1.00;false
GiantCards;742;1;0.00;1;false;1403.8;630.3;1.00;true
GiantCards;743;0;0.00;1;false;491.4;648.9;1.00;false
GiantCards;743;1;0.00;1;false;1409.0;634.3;1.00;true
GiantCards;744;0;1.00;4;false;493.3;647.5;1.00;false
GiantCards;744;1;0.00;1;false;1413.2;637.4;1.00;true
GiantCards;745;0;1.00;4;false;496.7;645.0;1.00;false
GiantCards;745;1;0.00;1;false;1416.6;639.9;1.00;true
GiantCards;746;0;1.00;4;false;500.0;642.5;1.00;false
GiantCards;746;1;0.00;1;false;1419.3;641.9;1.00;true
GiantCards;747;0;1.00;4;false;503.3;640.0;1.00;false
GiantCards;747;1;0.00;1;false;1421.4;643.6;1.00;true
GiantCards;748;0;1.00;4;false;506.7;637.5;1.00;false
GiantCards;748;1;0.00;1;false;1423.1;644.8;1.00;true
GiantCards;749;0;1.00;4;false;510.0;635.0;1.00;false
GiantCards;749;1;0.00;1;false;1424.5;645.9;1.00;true
GiantCards;750;0;1.00;4;false;513.3;632.5;1.00;false
GiantCards;750;1;0.00;1;false;1425.6;646.7;1.00;true
GiantCards;751;0;1.00;4;false;516.7;630.0;1.00;false
GiantCards;751;1;0.00;1;false;1426.5;647.4;1.00;true
GiantCards;752;0;1.00;4;false;520.0;627.5;1.00;false
GiantCards;752;1;0.00;1;false;1427.2;647.9;1.00;true
GiantCards;753;0;1.00;4;false;523.3;625.0;1.00;false
GiantCards;753;1;0.00;1;false;1427.7;648.3;1.00;true
GiantCards;754;0;1.00;4;false;526.7;622.5;1.00;false
GiantCards;754;1;0.00;1;false;1428.2;648.6;1.00;true
GiantCards;755;0;1.00;4;false;530.0;620.0;1.00;false
GiantCards;755;1;0.00;1;false;1428.6;648.9;1.00;true
GiantCards;756;0;1.00;4;false;533.3;617.5;1.00;false
GiantCards;756;1;0.00;1;false;1428.6;648.9;1.00;true
GiantCards;757;0;1.00;4;false;536.7;615.0;1.00;false
GiantCards;757;1;0.00;1;false;1428.6;648.9;1.00;true
GiantCards;758;0;1.00;4;false;540.0;612.5;1.00;false
GiantCards;758;1;0.00;1;false;1428.6;648.9;1.00;true
GiantCards;759;0;1.00;4;false;543.3;610.0;1.00;false
GiantCards;759;1;0.00;1;false;1428.6;648.9;1.00;true
GiantCards;760;0;1.00;4;false;546.7;607.5;1.00;false
GiantCards;760;1;0.00;1;false;1428.6;648.9;1.00;true
GiantCards;761;0;1.00;4;false;550.0;605.0;1.00;false
GiantCards;761;1;0.00;1;false;1428.6;648.9;1.00;true
GiantCards;762;0;1.00;4;false;553.3;602.5;1.00;false
GiantCards;762;1;0.00;1;false;1428.6;648.9;1.00;true
GiantCards;763;0;1.00;4;false;556.7;600.0;1.00;false
GiantCards;763;1;0.00;1;false;1428.6;648.9;1.00;true
GiantCards;764;0;1.00;4;false;560.0;597.5;1.00;false
GiantCards;764;1;0.00;1;false;1428.6;648.9;1.00;true
GiantCards;765;0;1.00;4;false;563.3;595.0;1.00;false
GiantCards;765;1;0.00;1;false;1428.6;648.9;1.00;true
GiantCards;766;0;1.00;4;false;566.7;592.5;1.00;false
GiantCards;766;1;0.00;1;false;1428.6;648.9;1.00;true
GiantCards;767;0;1.00;4;false;570.0;590.0;1.00;false
GiantCards;767;1;0.00;1;false;1428.6;648.9;1.00;true
GiantCards;768;0;0.00;1;false;570.0;590.0;1.00;false
GiantCards;768;1;0.00;1;false;1428.6;648.9;1.00;true
GiantCards;769;0;0.00;1;false;570.0;590.0;1.00;false
GiantCards;769;1;0.00;1;false;1428.6;648.9;1.00;true
GiantCards;770;0;0.00;1;false;570.0;590.0;1.00;false
GiantCards;770;1;0.00;1;false;1428.6;648.9;1.00;true
GiantCards;771;0;0.00;1;false;570.0;590.0;1.00;false
GiantCards;771;1;0.00;1;false;1428.6;648.9;1.00;true
GiantCards;772;0;0.00;1;false;570.0;590.0;1.00;false
GiantCards;772;1;0.00;1;false;1428.6;648.9;1.00;true
GiantCards;773;0;0.00;1;false;570.0;590.0;1.00;false
GiantCards;773;1;0.00;1;false;1428.6;648.9;1.00;true
GiantCards;774;0;0.00;1;false;570.0;590.0;1.00;false
GiantCards;774;1;0.00;1;false;1428.6;648.9;1.00;true
GiantCards;775;0;0.00;1;false;570.0;590.0;1.00;false
GiantCards;775;1;0.00;1;false;1428.6;648.9;1.00;true
GiantCards;776;0;0.00;1;false;570.0;590.0;1.00;false
GiantCards;776;1;0.00;1;false;1428.6;648.9;1.00;true
GiantCards;777;0;0.00;1;false;570.0;590.0;1.00;false
GiantCards;777;1;0.00;1;false;1428.6;648.9;1.00;true
GiantCards;778;0;0.00;1;false;570.0;590.0;1.00;false
GiantCards;778;1;0.00;1;false;1428.6;648.9;1.00;true
GiantCards;779;0;0.00;1;false;570.0;590.0;1.00;false
GiantCards;779;1;0.00;1;false;1428.6;648.9;1.00;true
GiantCards;780;0;0.00;1;false;570.0;590.0;1.00;false
GiantCards;780;1;0.00;1;false;1428.6;648.9;1.00;true
GiantCards;781;0;0.00;1;false;570.0;590.0;1.00;false
GiantCards;781;1;0.00;1;false;1428.6;648.9;1.00;true
GiantCards;782;0;0.00;1;false;570.0;590.0;1.00;false
GiantCards;782;1;0.00;1;false;1428.6;648.9;1.00;true
GiantCards;783;0;0.00;1;false;570.0;590.0;1.00;false
GiantCards;783;1;0.00;1;false;1428.6;648.9;1.00;true
GiantCards;784;0;0.00;1;false;570.0;590.0;1.00;false
GiantCards;784;1;0.00;1;false;1428.6;648.9;1.00;true
GiantCards;785;0;0.00;1;false;570.0;590.0;1.00;false
GiantCards;785;1;0.00;1;false;1428.6;648.9;1.00;true
GiantCards;786;0;0.00;1;false;554.0;602.0;1.00;false
GiantCards;786;1;0.00;1;false;1428.6;648.9;1.00;true
GiantCards;787;0;0.00;1;false;541.2;611.6;1.00;false
GiantCards;787;1;0.00;1;false;1428.6;648.9;1.00;true
GiantCards;788;0;0.00;1;false;531.0;619.3;1.00;false
GiantCards;788;1;0.00;1;false;1428.6;648.9;1.00;true
GiantCards;789;0;0.00;1;false;522.8;625.4;1.00;false
GiantCards;789;1;0.00;1;false;1428.6;648.9;1.00;true
GiantCards;790;0;0.00;1;false;516.2;630.3;1.00;false
GiantCards;790;1;0.00;1;false;1428.6;648.9;1.00;true
GiantCards;791;0;0.00;1;false;511.0;634.3;1.00;false
GiantCards;791;1;0.00;1;false;1428.6;648.9;1.00;true
GiantCards;792;0;0.00;1;false;506.8;637.4;1.00;false
GiantCards;792;1;1.00;4;false;1426.7;647.5;1.00;true
GiantCards;793;0;0.00;1;false;503.4;639.9;1.00;false
GiantCards;793;1;1.00;4;false;1423.3;645.0;1.00;true
GiantCards;794;0;0.00;1;false;500.7;641.9;1.00;false
GiantCards;794;1;1.00;4;false;1420.0;642.5;1.00;true
GiantCards;795;0;0.00;1;false;498.6;643.6;1.00;false
GiantCards;795;1;1.00;4;false;1416.7;640.0;1.00;true
GiantCards;796;0;0.00;1;false;496.9;644.8;1.00;false
GiantCards;796;1;1.00;4;false;1413.3;637.5;1.00;true
GiantCards;797;0;0.00;1;false;495.5;645.9;1.00;false
GiantCards;797;1;1.00;4;false;1410.0;635.0;1.00;true
GiantCards;798;0;0.00;1;false;494.4;646.7;1.00;false
GiantCards;798;1;1.00;4;false;1406.7;632.5;1.00;true
GiantCards;799;0;0.00;1;false;493.5;647.4;1.00;false
GiantCards;799;1;1.00;4;false;1403.3;630.0;1.00;true
GiantCards;800;0;0.00;1;false;492.8;647.9;1.00;false
GiantCards;800;1;1.00;4;false;1400.0;627.5;1.00;true
GiantCards;801;0;0.00;1;false;492.3;648.3;1.00;false
GiantCards;801;1;1.00;4;false;1396.7;625.0;1.00;true
GiantCards;802;0;0.00;1;false;491.8;648.6;1.00;false
GiantCards;802;1;1.00;4;false;1393.3;622.5;1.00;true
GiantCards;803;0;0.00;1;false;491.4;648.9;1.00;false
GiantCards;803;1;1.00;4;false;1390.0;620.0;1.00;true
GiantCards;804;0;0.00;1;false;491.4;648.9;1.00;false
GiantCards;804;1;1.00;4;false;1386.7;617.5;1.00;true
GiantCards;805;0;0.00;1;false;491.4;648.9;1.00;false
GiantCards;805;1;1.00;4;false;1383.3;615.0;1.00;true
GiantCards;806;0;0.00;1;false;491.4;648.9;1.00;false
GiantCards;806;1;1.00;4;false;1380.0;612.5;1.00;true
GiantCards;807;0;0.00;1;false;491.4;648.9;1.00;false
GiantCards;807;1;1.00;4;false;1376.7;610.0;1.00;true
GiantCards;808;0;0.00;1;false;491.4;648.9;1.00;false
GiantCards;808;1;1.00;4;false;1373.3;607.5;1.00;true
GiantCards;809;0;0.00;1;false;491.4;648.9;1.00;false
GiantCards;809;1;1.00;4;false;1370.0;605.0;1.00;true
GiantCards;810;0;0.00;1;false;491.4;648.9;1.00;false
GiantCards;810;1;1.00;4;false;1366.7;602.5;1.00;true
GiantCards;811;0;0.00;1;false;491.4;648.9;1.00;false
GiantCards;811;1;1.00;4;false;1363.3;600.0;1.00;true
GiantCards;812;0;0.00;1;false;491.4;648.9;1.00;false
GiantCards;812;1;1.00;4;false;1360.0;597.5;1.00;true
GiantCards;813;0;0.00;1;false;491.4;648.9;1.00;false
GiantCards;813;1;1.00;4;false;1356.7;595.0;1.00;true
GiantCards;814;0;0.00;1;false;491.4;648.9;1.00;false
GiantCards;814;1;1.00;4;false;1353.3;592.5;1.00;true
GiantCards;815;0;0.00;1;false;491.4;648.9;1.00;false
GiantCards;815;1;1.00;4;false;1350.0;590.0;1.00;true
GiantCards;816;0;0.00;1;false;491.4;648.9;1.00;false
GiantCards;816;1;0.00;1;false;1350.0;590.0;1.00;true
GiantCards;817;0;0.00;1;false;491.4;648.9;1.00;false
GiantCards;817;1;0.00;1;false;1350.0;590.0;1.00;true
GiantCards;818;0;0.00;1;false;491.4;648.9;1.00;false
GiantCards;818;1;0.00;1;false;1350.0;590.0;1.00;true
GiantCards;819;0;0.00;1;false;491.4;648.9;1.00;false
GiantCards;819;1;0.00;1;false;1350.0;590.0;1.00;true
GiantCards;820;0;0.00;1;false;491.4;648.9;1.00;false
GiantCards;820;1;0.00;1;false;1350.0;590.0;1.00;true
GiantCards;821;0;0.00;1;false;491.4;648.9;1.00;false
GiantCards;821;1;0.00;1;false;1350.0;590.0;1.00;true
GiantCards;822;0;0.00;1;false;491.4;648.9;1.00;false
GiantCards;822;1;0.00;1;false;1350.0;590.0;1.00;true
GiantCards;823;0;0.00;1;false;491.4;648.9;1.00;false
GiantCards;823;1;0.00;1;false;1350.0;590.0;1.00;true
GiantCards;824;0;0.00;1;false;491.4;648.9;1.00;false
GiantCards;824;1;0.00;1;false;1350.0;590.0;1.00;true
GiantCards;825;0;0.00;1;false;491.4;648.9;1.00;false
GiantCards;825;1;0.00;1;false;1350.0;590.0;1.00;true
GiantCards;826;0;0.00;1;false;491.4;648.9;1.00;false
GiantCards;826;1;0.00;1;false;1350.0;590.0;1.00;true
GiantCards;827;0;0.00;1;false;491.4;648.9;1.00;false
GiantCards;827;1;0.00;1;false;1350.0;590.0;1.00;true
GiantCards;828;0;0.00;1;false;491.4;648.9;1.00;false
GiantCards;828;1;0.00;1;false;1350.0;590.0;1.00;true
GiantCards;829;0;0.00;1;false;491.4;648.9;1.00;false
GiantCards;829;1;0.00;1;false;1350.0;590.0;1.00;true
GiantCards;830;0;0.00;1;false;491.4;648.9;1.00;false
GiantCards;830;1;0.00;1;false;1350.0;590.0;1.00;true
GiantCards;831;0;0.00;1;false;491.4;648.9;1.00;false
GiantCards;831;1;0.00;1;false;1350.0;590.0;1.00;true
GiantCards;832;0;0.00;1;false;491.4;648.9;1.00;false
GiantCards;832;1;0.00;1;false;1350.0;590.0;1.00;true
GiantCards;833;0;0.00;1;false;491.4;648.9;1.00;false
GiantCards;833;1;0.00;1;false;1350.0;590.0;1.00;true
GiantCards;834;0;0.00;1;false;491.4;648.9;1.00;false
GiantCards;834;1;0.00;1;false;1366.0;602.0;1.00;true
GiantCards;835;0;0.00;1;false;491.4;648.9;1.00;false
GiantCards;835;1;0.00;1;false;1378.8;611.6;1.00;true
GiantCards;836;0;0.00;1;false;491.4;648.9;1.00;false
GiantCards;836;1;0.00;1;false;1389.0;619.3;1.00;true
GiantCards;837;0;0.00;1;false;491.4;648.9;1.00;false
GiantCards;837;1;0.00;1;false;1397.2;625.4;1.00;true
GiantCards;838;0;0.00;1;false;491.4;648.9;1.00;false
GiantCards;838;1;0.00;1;false;1403.8;630.3;1.00;true
GiantCards;839;0;0.00;1;false;491.4;648.9;1.00;false
GiantCards;839;1;0.00;1;false;1409.0;634.3;1.00;true
GiantCards;840;0;0.00;1;false;491.4;648.9;1.00;false
GiantCards;840;1;0.00;1;false;1413.2;637.4;1.00;true
GiantCards;841;0;0.00;1;false;491.4;648.9;1.00;false
GiantCards;841;1;0.00;1;false;1416.6;639.9;1.00;true
GiantCards;842;0;0.00;1;false;491.4;648.9;1.00;false
GiantCards;842;1;0.00;1;false;1419.3;641.9;1.00;true
GiantCards;843;0;0.00;1;false;491.4;648.9;1.00;false
GiantCards;843;1;0.00;1;false;1421.4;643.6;1.00;true
GiantCards;844;0;0.00;1;false;491.4;648.9;1.00;false
GiantCards;844;1;0.00;1;false;1423.1;644.8;1.00;true
GiantCards;845;0;0.00;1;false;491.4;648.9;1.00;false
GiantCards;845;1;0.00;1;false;1424.5;645.9;1.00;true
GiantCards;846;0;0.00;1;false;491.4;648.9;1.00;false
GiantCards;846;1;0.00;1;false;1425.6;646.7;1.00;true
GiantCards;847;0;0.00;1;false;491.4;648.9;1.00;false
GiantCards;847;1;0.00;1;false;1426.5;647.4;1.00;true
GiantCards;848;0;0.00;1;false;491.4;648.9;1.00;false
GiantCards;848;1;0.00;1;false;1427.2;647.9;1.00;true
GiantCards;849;0;0.00;1;false;491.4;648.9;1.00;false
GiantCards;849;1;0.00;1;false;1427.7;648.3;1.00;true
GiantCards;850;0;0.00;1;false;491.4;648.9;1.00;false
GiantCards;850;1;0.00;1;false;1428.2;648.6;1.00;true
GiantCards;851;0;0.00;1;false;491.4;648.9;1.00;false
GiantCards;851;1;0.00;1;false;1428.6;648.9;1.00;true
GiantCards;852;0;0.00;1;false;491.4;648.9;1.00;false
GiantCards;852;1;0.00;1;false;1428.6;648.9;1.00;true
GiantCards;853;0;0.00;1;false;491.4;648.9;1.00;false
GiantCards;853;1;0.00;1;false;1428.6;648.9;1.00;true
GiantCards;854;0;0.00;1;false;491.4;648.9;1.00;false
GiantCards;854;1;0.00;1;false;1428.6;648.9;1.00;true
GiantCards;855;0;0.00;1;false;491.4;648.9;1.00;false
GiantCards;855;1;0.00;1;false;1428.6;648.9;1.00;true
GiantCards;856;0;0.00;1;false;491.4;648.9;1.00;false
GiantCards;856;1;0.00;1;false;1428.6;648.9;1.00;true
GiantCards;857;0;0.00;1;false;491.4;648.9;1.00;false
GiantCards;857;1;0.00;1;false;1428.6;648.9;1.00;true
GiantCards;858;0;0.00;1;false;491.4;648.9;1.00;false
GiantCards;858;1;0.00;1;false;1428.6;648.9;1.00;true
GiantCards;859;0;0.00;1;false;491.4;648.9;1.00;false
GiantCards;859;1;0.00;1;false;1428.6;648.9;1.00;true
GiantCards;860;0;0.00;1;false;491.4;648.9;1.00;false
GiantCards;860;1;0.00;1;false;1428.6;648.9;1.00;true
GiantCards;861;0;0.00;1;false;491.4;648.9;1.00;false
GiantCards;861;1;0.00;1;false;1428.6;648.9;1.00;true
GiantCards;862;0;0.00;1;false;491.4;648.9;1.00;false
GiantCards;862;1;0.00;1;false;1428.6;648.9;1.00;true
GiantCards;863;0;0.00;1;false;491.4;648.9;1.00;false
GiantCards;863;1;0.00;1;false;1428.6;648.9;1.00;true
GiantCards;864;0;0.00;1;false;491.4;648.9;1.00;false
GiantCards;864;1;0.00;1;false;1428.6;648.9;1.00;true
GiantCards;865;0;0.00;1;false;491.4;648.9;1.00;false
GiantCards;865;1;0.00;1;false;1428.6;648.9;1.00;true
GiantCards;866;0;0.00;1;false;491.4;648.9;1.00;false
GiantCards;866;1;0.00;1;false;1428.6;648.9;1.00;true
GiantCards;867;0;0.00;1;false;491.4;648.9;1.00;false
GiantCards;867;1;0.00;1;false;1428.6;648.9;1.00;true
GiantCards;868;0;0.00;1;false;491.4;648.9;1.00;false
GiantCards;868;1;0.00;1;false;1428.6;648.9;1.00;true
GiantCards;869;0;0.00;1;false;491.4;648.9;1.00;false
GiantCards;869;1;0.00;1;false;1428.6;648.9;1.00;true
GiantCards;870;0;0.00;1;false;491.4;648.9;1.00;false
GiantCards;870;1;0.00;1;false;1428.6;648.9;1.00;true
GiantCards;871;0;0.00;1;false;491.4;648.9;1.00;false
GiantCards;871;1;0.00;1;false;1428.6;648.9;1.00;true
GiantCards;872;0;0.00;1;false;491.4;648.9;1.00;false
GiantCards;872;1;0.00;1;false;1428.6;648.9;1.00;true
GiantCards;873;0;0.00;1;false;491.4;648.9;1.00;false
GiantCards;873;1;0.00;1;false;1428.6;648.9;1.00;true
GiantCards;874;0;0.00;1;false;491.4;648.9;1.00;false
GiantCards;874;1;0.00;1;false;1428.6;648.9;1.00;true
GiantCards;875;0;0.00;1;false;491.4;648.9;1.00;false
GiantCards;875;1;0.00;1;false;1428.6;648.9;1.00;true
GiantCards;876;0;0.00;1;false;491.4;648.9;1.00;false
GiantCards;876;1;0.00;1;false;1428.6;648.9;1.00;true
GiantCards;877;0;0.00;1;false;491.4;648.9;1.00;false
GiantCards;877;1;0.00;1;false;1428.6;648.9;1.00;true
GiantCards;878;0;0.00;1;false;491.4;648.9;1.00;false
GiantCards;878;1;0.00;1;false;1428.6;648.9;1.00;true
GiantCards;879;0;0.00;1;false;491.4;648.9;1.00;false
GiantCards;879;1;0.00;1;false;1428.6;648.9;1.00;true
GiantCards;880;0;0.00;1;false;491.4;648.9;1.00;false
GiantCards;880;1;0.00;1;false;1428.6;648.9;1.00;true
GiantCards;881;0;0.00;1;false;491.4;648.9;1.00;false
GiantCards;881;1;0.00;1;false;1428.6;648.9;1.00;true
GiantCards;882;0;0.00;1;false;491.4;648.9;1.00;false
GiantCards;882;1;0.00;1;false;1428.6;648.9;1.00;true
GiantCards;883;0;0.00;1;false;491.4;648.9;1.00;false
GiantCards;883;1;0.00;1;false;1428.6;648.9;1.00;true
GiantCards;884;0;0.00;1;false;491.4;648.9;1.00;false
GiantCards;884;1;0.00;1;false;1428.6;648.9;1.00;true
GiantCards;885;0;0.00;1;false;491.4;648.9;1.00;false
GiantCards;885;1;0.00;1;false;1428.6;648.9;1.00;true
GiantCards;886;0;0.00;1;false;491.4;648.9;1.00;false
GiantCards;886;1;0.00;1;false;1428.6;648.9;1.00;true
GiantCards;887;0;0.00;1;false;491.4;648.9;1.00;false
GiantCards;887;1;0.00;1;false;1428.6;648.9;1.00;true
GiantCards;888;0;0.00;1;false;491.4;648.9;1.00;false
GiantCards;888;1;0.00;1;false;1428.6;648.9;1.00;true
GiantCards;889;0;0.00;1;false;491.4;648.9;1.00;false
GiantCards;889;1;0.00;1;false;1428.6;648.9;1.00;true
GiantCards;890;0;0.00;1;false;491.4;648.9;1.00;false
GiantCards;890;1;0.00;1;false;1428.6;648.9;1.00;true
GiantCards;891;0;0.00;1;false;491.4;648.9;1.00;false
GiantCards;891;1;0.00;1;false;1428.6;648.9;1.00;true
GiantCards;892;0;0.00;1;false;491.4;648.9;1.00;false
GiantCards;892;1;0.00;1;false;1428.6;648.9;1.00;true
GiantCards;893;0;0.00;1;false;491.4;648.9;1.00;false
GiantCards;893;1;0.00;1;false;1428.6;648.9;1.00;true
GiantCards;894;0;0.00;1;false;491.4;648.9;1.00;false
GiantCards;894;1;0.00;1;false;1428.6;648.9;1.00;true
GiantCards;895;0;0.00;1;false;491.4;648.9;1.00;false
GiantCards;895;1;0.00;1;false;1428.6;648.9;1.00;true
GiantCards;896;0;0.00;1;false;491.4;648.9;1.00;false
GiantCards;896;1;0.00;1;false;1428.6;648.9;1.00;true
GiantCards;897;0;0.00;1;false;491.4;648.9;1.00;false
GiantCards;897;1;0.00;1;false;1428.6;648.9;1.00;true
GiantCards;898;0;0.00;1;false;491.4;648.9;1.00;false
GiantCards;898;1;0.00;1;false;1428.6;648.9;1.00;true
GiantCards;899;0;0.00;1;false;491.4;648.9;1.00;false
GiantCards;899;1;0.00;1;false;1428.6;648.9;1.00;true
GiantCards;900;0;0.00;1;false;491.4;648.9;1.00;false
GiantCards;900;1;0.00;1;false;1428.6;648.9;1.00;true
GiantCards;901;0;0.00;1;false;491.4;648.9;1.00;false
GiantCards;901;1;0.00;1;false;1428.6;648.9;1.00;true
GiantCards;902;0;0.00;1;false;491.4;648.9;1.00;false
GiantCards;902;1;0.00;1;false;1428.6;648.9;1.00;true
GiantCards;903;0;0.00;1;false;491.4;648.9;1.00;false
GiantCards;903;1;0.00;1;false;1428.6;648.9;1.00;true
GiantCards;904;0;0.00;1;false;491.4;648.9;1.00;false
GiantCards;904;1;0.00;1;false;1428.6;648.9;1.00;true
GiantCards;905;0;0.00;1;false;491.4;648.9;1.00;false
GiantCards;905;1;0.00;1;false;1428.6;648.9;1.00;true
GiantCards;906;0;0.00;1;false;491.4;648.9;1.00;false
GiantCards;906;1;0.00;1;false;1428.6;648.9;1.00;true
GiantCards;907;0;0.00;1;false;491.4;648.9;1.00;false
GiantCards;907;1;0.00;1;false;1428.6;648.9;1.00;true
GiantCards;908;0;0.00;1;false;491.4;648.9;1.00;false
GiantCards;908;1;0.00;1;false;1428.6;648.9;1.00;true
GiantCards;909;0;0.00;1;false;491.4;648.9;1.00;false
GiantCards;909;1;0.00;1;false;1428.6;648.9;1.00;true
GiantCards;910;0;0.00;1;false;491.4;648.9;1.00;false
GiantCards;910;1;0.00;1;false;1428.6;648.9;1.00;true
GiantCards;911;0;0.00;1;false;491.4;648.9;1.00;false
GiantCards;911;1;0.00;1;false;1428.6;648.9;1.00;true
GiantCards;912;0;0.00;1;false;491.4;648.9;1.00;false
GiantCards;912;1;0.00;1;false;1428.6;648.9;1.00;true
GiantCards;913;0;0.00;1;false;491.4;648.9;1.00;false
GiantCards;913;1;0.00;1;false;1428.6;648.9;1.00;true
GiantCards;914;0;0.00;1;false;491.4;648.9;1.00;false
GiantCards;914;1;0.00;1;false;1428.6;648.9;1.00;true
GiantCards;915;0;0.00;1;false;491.4;648.9;1.00;false
GiantCards;915;1;0.00;1;false;1428.6;648.9;1.00;true
GiantCards;916;0;0.00;1;false;491.4;648.9;1.00;false
GiantCards;916;1;0.00;1;false;1428.6;648.9;1.00;true
GiantCards;917;0;0.00;1;false;491.4;648.9;1.00;false
GiantCards;917;1;0.00;1;false;1428.6;648.9;1.00;true
GiantCards;918;0;0.00;1;false;491.4;648.9;1.00;false
GiantCards;918;1;0.00;1;false;1428.6;648.9;1.00;true
GiantCards;919;0;0.00;1;false;491.4;648.9;1.00;false
GiantCards;919;1;0.00;1;false;1428.6;648.9;1.00;true
GiantCards;920;0;0.00;1;false;491.4;648.9;1.00;false
GiantCards;920;1;0.00;1;false;1428.6;648.9;1.00;true
GiantCards;921;0;0.00;1;false;491.4;648.9;1.00;false
GiantCards;921;1;0.00;1;false;1428.6;648.9;1.00;true
GiantCards;922;0;0.00;1;false;491.4;648.9;1.00;false
GiantCards;922;1;0.00;1;false;1428.6;648.9;1.00;true
GiantCards;923;0;0.00;1;false;491.4;648.9;1.00;false
GiantCards;923;1;0.00;1;false;1428.6;648.9;1.00;true
GiantCards;924;0;0.00;1;false;491.4;648.9;1.00;false
GiantCards;924;1;0.00;1;false;1428.6;648.9;1.00;true
GiantCards;925;0;0.00;1;false;491.4;648.9;1.00;false
GiantCards;925;1;0.00;1;false;1428.6;648.9;1.00;true
GiantCards;926;0;0.00;1;false;491.4;648.9;1.00;false
GiantCards;926;1;0.00;1;false;1428.6;648.9;1.00;true
GiantCards;927;0;0.00;1;false;491.4;648.9;1.00;false
GiantCards;927;1;0.00;1;false;1428.6;648.9;1.00;true
GiantCards;928;0;0.00;1;false;491.4;648.9;1.00;false
GiantCards;928;1;0.00;1;false;1428.6;648.9;1.00;true
GiantCards;929;0;0.00;1;false;491.4;648.9;1.00;false
GiantCards;929;1;0.00;1;false;1428.6;648.9;1.00;true
GiantCards;930;0;0.00;1;false;491.4;648.9;1.00;false
GiantCards;930;1;0.00;1;false;1428.6;648.9;1.00;true
GiantCards;931;0;0.00;1;false;491.4;648.9;1.00;false
GiantCards;931;1;0.00;1;false;1428.6;648.9;1.00;true
GiantCards;932;0;0.00;1;false;491.4;648.9;1.00;false
GiantCards;932;1;0.00;1;false;1428.6;648.9;1.00;true
GiantCards;933;0;0.00;1;false;491.4;648.9;1.00;false
GiantCards;933;1;0.00;1;false;1428.6;648.9;1.00;true
GiantCards;934;0;0.00;1;false;491.4;648.9;1.00;false
GiantCards;934;1;0.00;1;false;1428.6;648.9;1.00;true
GiantCards;935;0;0.00;1;false;491.4;648.9;1.00;false
GiantCards;935;1;0.00;1;false;1428.6;648.9;1.00;true
GiantCards;936;0;0.00;1;false;491.4;648.9;1.00;false
GiantCards;936;1;0.00;1;false;1428.6;648.9;1.00;true
GiantCards;937;0;0.00;1;false;491.4;648.9;1.00;false
GiantCards;937;1;0.00;1;false;1428.6;648.9;1.00;true
GiantCards;938;0;0.00;1;false;491.4;648.9;1.00;false
GiantCards;938;1;0.00;1;false;1428.6;648.9;1.00;true
GiantCards;939;0;0.00;1;false;491.4;648.9;1.00;false
GiantCards;939;1;0.00;1;false;1428.6;648.9;1.00;true
GiantCards;940;0;0.00;1;false;491.4;648.9;1.00;false
GiantCards;940;1;0.00;1;false;1428.6;648.9;1.00;true
GiantCards;941;0;0.00;1;false;491.4;648.9;1.00;false
GiantCards;941;1;0.00;1;false;1428.6;648.9;1.00;true
GiantCards;942;0;0.00;1;false;491.4;648.9;1.00;false
GiantCards;942;1;0.00;1;false;1428.6;648.9;1.00;true
GiantCards;943;0;0.00;1;false;491.4;648.9;1.00;false
GiantCards;943;1;0.00;1;false;1428.6;648.9;1.00;true
GiantCards;944;0;0.00;1;false;491.4;648.9;1.00;false
GiantCards;944;1;0.00;1;false;1428.6;648.9;1.00;true
GiantCards;945;0;0.00;1;false;491.4;648.9;1.00;false
GiantCards;945;1;0.00;1;false;1428.6;648.9;1.00;true
GiantCards;946;0;0.00;1;false;491.4;648.9;1.00;false
GiantCards;946;1;0.00;1;false;1428.6;648.9;1.00;true
GiantCards;947;0;0.00;1;false;491.4;648.9;1.00;false
GiantCards;947;1;0.00;1;false;1428.6;648.9;1.00;true
GiantCards;948;0;0.00;1;false;491.4;648.9;1.00;false
GiantCards;948;1;0.00;1;false;1428.6;648.9;1.00;true
GiantCards;949;0;0.00;1;false;491.4;648.9;1.00;false
GiantCards;949;1;0.00;1;false;1428.6;648.9;1.00;true
GiantCards;950;0;0.00;1;false;491.4;648.9;1.00;false
GiantCards;950;1;0.00;1;false;1428.6;648.9;1.00;true
GiantCards;951;0;0.00;1;false;491.4;648.9;1.00;false
GiantCards;951;1;0.00;1;false;1428.6;648.9;1.00;true
GiantCards;952;0;0.00;1;false;491.4;648.9;1.00;false
GiantCards;952;1;0.00;1;false;1428.6;648.9;1.00;true
GiantCards;953;0;0.00;1;false;491.4;648.9;1.00;false
GiantCards;953;1;0.00;1;false;1428.6;648.9;1.00;true
GiantCards;954;0;0.00;1;false;491.4;648.9;1.00;false
GiantCards;954;1;0.00;1;false;1428.6;648.9;1.00;true
GiantCards;955;0;0.00;1;false;491.4;648.9;1.00;false
GiantCards;955;1;0.00;1;false;1428.6;648.9;1.00;true
GiantCards;956;0;0.00;1;false;491.4;648.9;1.00;false
GiantCards;956;1;0.00;1;false;1428.6;648.9;1.00;true
GiantCards;957;0;0.00;1;false;491.4;648.9;1.00;false
GiantCards;957;1;0.00;1;false;1428.6;648.9;1.00;true
GiantCards;958;0;0.00;1;false;491.4;648.9;1.00;false
GiantCards;958;1;0.00;1;false;1428.6;648.9;1.00;true
GiantCards;959;0;0.00;1;false;491.4;648.9;1.00;false
GiantCards;959;1;0.00;1;false;1428.6;648.9;1.00;true
GiantCards;960;0;0.00;1;false;491.4;648.9;1.00;false
GiantCards;960;1;0.00;1;false;1428.6;648.9;1.00;true
GiantCards;961;0;0.00;1;false;491.4;648.9;1.00;false
GiantCards;961;1;0.00;1;false;1428.6;648.9;1.00;true
GiantCards;962;0;0.00;1;false;491.4;648.9;1.00;false
GiantCards;962;1;0.00;1;false;1428.6;648.9;1.00;true
GiantCards;963;0;0.00;1;false;491.4;648.9;1.00;false
GiantCards;963;1;0.00;1;false;1428.6;648.9;1.00;true
GiantCards;964;0;0.00;1;false;491.4;648.9;1.00;false
GiantCards;964;1;0.00;1;false;1428.6;648.9;1.00;true
GiantCards;965;0;0.00;1;false;491.4;648.9;1.00;false
GiantCards;965;1;0.00;1;false;1428.6;648.9;1.00;true
GiantCards;966;0;0.00;1;false;491.4;648.9;1.00;false
GiantCards;966;1;0.00;1;false;1428.6;648.9;1.00;true
GiantCards;967;0;0.00;1;false;491.4;648.9;1.00;false
GiantCards;967;1;0.00;1;false;1428.6;648.9;1.00;true
GiantCards;968;0;0.00;1;false;491.4;648.9;1.00;false
GiantCards;968;1;0.00;1;false;1428.6;648.9;1.00;true
GiantCards;969;0;0.00;1;false;491.4;648.9;1.00;false
GiantCards;969;1;0.00;1;false;1428.6;648.9;1.00;true
GiantCards;970;0;0.00;1;false;491.4;648.9;1.00;false
GiantCards;970;1;0.00;1;false;1428.6;648.9;1.00;true
GiantCards;971;0;0.00;1;false;491.4;648.9;1.00;false
GiantCards;971;1;0.00;1;false;1428.6;648.9;1.00;true
GiantCards;972;0;0.00;1;false;491.4;648.9;1.00;false
GiantCards;972;1;0.00;1;false;1428.6;648.9;1.00;true
GiantCards;973;0;0.00;1;false;491.4;648.9;1.00;false
GiantCards;973;1;0.00;1;false;1428.6;648.9;1.00;true
GiantCards;974;0;0.00;1;false;491.4;648.9;1.00;false
GiantCards;974;1;0.00;1;false;1428.6;648.9;1.00;true
GiantCards;975;0;0.00;1;false;491.4;648.9;1.00;false
GiantCards;975;1;0.00;1;false;1428.6;648.9;1.00;true
GiantCards;976;0;0.00;1;false;491.4;648.9;1.00;false
GiantCards;976;1;0.00;1;false;1428.6;648.9;1.00;true
GiantCards;977;0;0.00;1;false;491.4;648.9;1.00;false
GiantCards;977;1;0.00;1;false;1428.6;648.9;1.00;true
GiantCards;978;0;0.00;1;false;491.4;648.9;1.00;false
GiantCards;978;1;0.00;1;false;1428.6;648.9;1.00;true
GiantCards;979;0;0.00;1;false;491.4;648.9;1.00;false
GiantCards;979;1;0.00;1;false;1428.6;648.9;1.00;true
GiantCards;980;0;0.00;1;false;491.4;648.9;1.00;false
GiantCards;980;1;0.00;1;false;1428.6;648.9;1.00;true
GiantCards;981;0;0.00;1;false;491.4;648.9;1.00;false
GiantCards;981;1;0.00;1;false;1428.6;648.9;1.00;true
GiantCards;982;0;0.00;1;false;491.4;648.9;1.00;false
GiantCards;982;1;0.00;1;false;1428.6;648.9;1.00;true
GiantCards;983;0;0.00;1;false;491.4;648.9;1.00;false
GiantCards;983;1;0.00;1;false;1428.6;648.9;1.00;true
GiantCards;984;0;0.00;1;false;491.4;648.9;1.00;false
GiantCards;984;1;0.00;1;false;1428.6;648.9;1.00;true
GiantCards;985;0;0.00;1;false;491.4;648.9;1.00;false
GiantCards;985;1;0.00;1;false;1428.6;648.9;1.00;true
GiantCards;986;0;0.00;1;false;491.4;648.9;1.00;false
GiantCards;986;1;0.00;1;false;1428.6;648.9;1.00;true
GiantCards;987;0;0.00;1;false;491.4;648.9;1.00;false
GiantCards;987;1;0.00;1;false;1428.6;648.9;1.00;true
GiantCards;988;0;0.00;1;false;491.4;648.9;1.00;false
GiantCards;988;1;0.00;1;false;1428.6;648.9;1.00;true
GiantCards;989;0;0.00;1;false;491.4;648.9;1.00;false
GiantCards;989;1;0.00;1;false;1428.6;648.9;1.00;true
GiantCards;990;0;0.00;1;false;491.4;648.9;1.00;false
GiantCards;990;1;0.00;1;false;1428.6;648.9;1.00;true
GiantCards;991;0;0.00;1;false;491.4;648.9;1.00;false
GiantCards;991;1;0.00;1;false;1428.6;648.9;1.00;true
GiantCards;992;0;0.00;1;false;491.4;648.9;1.00;false
GiantCards;992;1;0.00;1;false;1428.6;648.9;1.00;true
GiantCards;993;0;0.00;1;false;491.4;648.9;1.00;false
GiantCards;993;1;0.00;1;false;1428.6;648.9;1.00;true
GiantCards;994;0;0.00;1;false;491.4;648.9;1.00;false
GiantCards;994;1;0.00;1;false;1428.6;648.9;1.00;true
GiantCards;995;0;0.00;1;false;491.4;648.9;1.00;false
GiantCards;995;1;0.00;1;false;1428.6;648.9;1.00;true
GiantCards;996;0;0.00;1;false;491.3;650.0;1.00;false
GiantCards;996;1;0.00;1;false;1428.7;648.1;1.00;true
GiantCards;997;0;0.00;1;false;491.2;650.9;1.00;false
GiantCards;997;1;0.00;1;false;1428.8;647.3;1.00;true
GiantCards;998;0;0.00;1;false;491.1;651.9;1.00;false
GiantCards;998;1;0.00;1;false;1428.9;646.6;1.00;true
GiantCards;999;0;0.00;1;false;490.9;652.7;1.00;false
GiantCards;999;1;0.00;1;false;1429.1;645.9;1.00;true
GiantCards;1000;0;0.00;1;false;490.9;653.5;1.00;false
GiantCards;1000;1;0.00;1;false;1429.1;645.2;1.00;true
GiantCards;1001;0;0.00;1;false;490.8;654.2;1.00;false
GiantCards;1001;1;0.00;1;false;1429.2;644.6;1.00;true
GiantCards;1002;0;0.00;1;false;490.7;654.9;1.00;false
GiantCards;1002;1;0.00;1;false;1429.3;644.1;1.00;true
GiantCards;1003;0;0.00;1;false;490.6;655.6;1.00;false
GiantCards;1003;1;0.00;1;false;1429.4;643.5;1.00;true
GiantCards;1004;0;0.00;1;false;490.6;656.2;1.00;false
GiantCards;1004;1;0.00;1;false;1429.4;643.0;1.00;true
GiantCards;1005;0;0.00;1;false;490.5;656.7;1.00;false
GiantCards;1005;1;0.00;1;false;1429.5;642.5;1.00;true
GiantCards;1006;0;0.00;1;false;490.5;657.3;1.00;false
GiantCards;1006;1;0.00;1;false;1429.5;642.1;1.00;true
GiantCards;1007;0;0.00;1;false;490.4;657.8;1.00;false
GiantCards;1007;1;0.00;1;false;1429.6;641.6;1.00;true
GiantCards;1008;0;0.00;1;false;490.4;658.2;1.00;false
GiantCards;1008;1;0.00;1;false;1429.6;641.2;1.00;true
GiantCards;1009;0;0.00;1;false;490.3;658.7;1.00;false
GiantCards;1009;1;0.00;1;false;1429.7;640.8;1.00;true
GiantCards;1010;0;0.00;1;false;490.3;659.1;1.00;false
GiantCards;1010;1;0.00;1;false;1429.7;640.5;1.00;true
GiantCards;1011;0;0.00;1;false;490.3;659.5;1.00;false
GiantCards;1011;1;0.00;1;false;1429.7;640.1;1.00;true
GiantCards;1012;0;0.00;1;false;490.2;659.8;1.00;false
GiantCards;1012;1;0.00;1;false;1429.8;639.8;1.00;true
GiantCards;1013;0;0.00;1;false;490.2;660.2;1.00;false
GiantCards;1013;1;0.00;1;false;1429.8;639.5;1.00;true
GiantCards;1014;0;0.00;1;false;490.2;660.5;1.00;false
GiantCards;1014;1;0.00;1;false;1429.8;639.2;1.00;true
GiantCards;1015;0;0.00;1;false;490.2;660.8;1.00;false
GiantCards;1015;1;0.00;1;false;1429.8;638.9;1.00;true
GiantCards;1016;0;0.00;1;false;490.2;661.1;1.00;false
GiantCards;1016;1;0.00;1;false;1429.8;638.7;1.00;true
GiantCards;1017;0;0.00;1;false;490.1;661.4;1.00;false
GiantCards;1017;1;0.00;1;false;1429.9;638.4;1.00;true
GiantCards;1018;0;0.00;1;false;490.1;661.6;1.00;false
GiantCards;1018;1;0.00;1;false;1429.9;638.2;1.00;true
GiantCards;1019;0;0.00;1;false;490.1;661.8;1.00;false
GiantCards;1019;1;0.00;1;false;1429.9;638.0;1.00;true
GiantCards;1020;0;0.00;1;false;490.1;662.0;1.00;false
GiantCards;1020;1;0.00;1;false;1429.9;637.8;1.00;true
GiantCards;1021;0;0.00;1;false;490.1;662.2;1.00;false
GiantCards;1021;1;0.00;1;false;1429.9;637.6;1.00;true
GiantCards;1022;0;0.00;1;false;490.1;662.4;1.00;false
GiantCards;1022;1;0.00;1;false;1429.9;637.5;1.00;true
GiantCards;1023;0;0.00;1;false;490.1;662.6;1.00;false
GiantCards;1023;1;0.00;1;false;1429.9;637.3;1.00;true
GiantCards;1024;0;0.00;1;false;490.1;662.7;1.00;false
GiantCards;1024;1;0.00;1;false;1429.9;637.2;1.00;true
GiantCards;1025;0;0.00;1;false;490.1;662.8;1.00;false
GiantCards;1025;1;0.00;1;false;1429.9;637.1;1.00;true
GiantCards;1026;0;0.00;1;false;490.1;662.9;1.00;false
GiantCards;1026;1;0.00;1;false;1429.9;637.0;1.00;true
GiantCards;1027;0;0.00;1;false;490.0;663.0;1.00;false
GiantCards;1027;1;0.00;1;false;1430.0;636.9;1.00;true
GiantCards;1028;0;0.00;1;false;490.0;663.1;1.00;false
GiantCards;1028;1;0.00;1;false;1430.0;636.8;1.00;true
GiantCards;1029;0;0.00;1;false;490.0;663.2;1.00;false
GiantCards;1029;1;0.00;1;false;1430.0;636.7;1.00;true
GiantCards;1030;0;0.00;1;false;490.0;663.3;1.00;false
GiantCards;1030;1;0.00;1;false;1430.0;636.7;1.00;true
GiantCards;1031;0;0.00;1;false;490.0;663.3;1.00;false
GiantCards;1031;1;0.00;1;false;1430.0;636.7;1.00;true
GiantCards;1032;0;0.00;1;false;490.0;663.3;1.00;false
GiantCards;1032;1;0.00;1;false;1430.0;636.6;1.00;true
GiantCards;1033;0;0.00;1;false;490.0;663.3;1.00;false
GiantCards;1033;1;0.00;1;false;1430.0;636.6;1.00;true
GiantCards;1034;0;0.00;1;false;490.0;663.3;1.00;false
GiantCards;1034;1;0.00;1;false;1430.0;636.6;1.00;true
GiantCards;1035;0;0.00;1;false;490.0;663.3;1.00;false
GiantCards;1035;1;0.00;1;false;1430.0;636.6;1.00;true
