rodada;quadro;tempo;pose;vanish;desenho;facing;x;y;alto;tampas
0;1;0.017;bow;0.00;rev1;-1;1560.0;1000.0;-326.7;---
0;2;0.033;bow;0.00;rev1;-1;1560.0;1000.0;-326.7;---
0;3;0.050;bow;0.00;rev1;-1;1560.0;1000.0;-326.7;---
0;4;0.067;bow;0.00;rev1;-1;1560.0;1000.0;-326.7;---
0;5;0.083;bow;0.00;rev1;-1;1560.0;1000.0;-326.7;---
0;6;0.100;bow;0.00;rev1;-1;1560.0;1000.0;-326.7;---
0;7;0.117;bow;0.00;rev1;-1;1560.0;1000.0;-326.7;-1-
0;8;0.133;bow;0.00;rev1;-1;1560.0;1000.0;-326.7;-1-
0;9;0.150;bow;0.00;rev1;-1;1560.0;1000.0;-326.7;-1-
0;10;0.167;bow;0.00;rev1;-1;1560.0;1000.0;-326.7;-1-
0;11;0.183;bow;0.00;rev1;-1;1560.0;1000.0;-326.7;-1-
0;12;0.200;bow;0.00;rev1;-1;1560.0;1000.0;-326.7;-1-
0;13;0.217;bow;0.08;sumir1;-1;1560.0;1000.0;-332.1;-1-
0;14;0.233;bow;0.17;sumir1;-1;1560.0;1000.0;-332.1;-1-
0;15;0.250;bow;0.25;sumir1;-1;1560.0;1000.0;-332.1;-1-
0;16;0.267;bow;0.33;sumir2;-1;1560.0;1000.0;-327.4;-1-
0;17;0.283;bow;0.42;sumir2;-1;1560.0;1000.0;-327.4;-1-
0;18;0.300;bow;0.50;sumir2;-1;1560.0;1000.0;-327.4;-1-
0;19;0.317;bow;0.58;sumir3;-1;1560.0;1000.0;-264.9;-1-
0;20;0.333;bow;0.67;sumir3;-1;1560.0;1000.0;-264.9;-1-
0;21;0.350;bow;0.75;sumir3;-1;1560.0;1000.0;-264.9;-1-
0;22;0.367;bow;0.83;sumir4;-1;1560.0;1000.0;-84.2;-1-
0;23;0.383;bow;0.92;sumir4;-1;1560.0;1000.0;-84.2;-1-
0;24;0.400;bow;1.00;sumir4;-1;1560.0;1000.0;-84.2;-1-
0;25;0.417;bow;1.00;invisivel;-1;960.0;1000.0;nan;-1-
0;26;0.433;bow;0.83;sumir4;-1;960.0;1000.0;-84.2;-1-
0;27;0.450;bow;0.75;sumir4;-1;960.0;1000.0;-84.2;-1-
0;28;0.467;bow;0.67;sumir3;-1;960.0;1000.0;-264.9;-1-
0;29;0.483;bow;0.58;sumir3;-1;960.0;1000.0;-264.9;-1-
0;30;0.500;bow;0.50;sumir3;-1;960.0;1000.0;-264.9;-1-
0;31;0.517;bow;0.42;sumir2;-1;960.0;1000.0;-327.4;-1-
0;32;0.533;bow;0.33;sumir2;-1;960.0;1000.0;-327.4;-1-
0;33;0.550;bow;0.25;sumir2;-1;960.0;1000.0;-327.4;-1-
0;34;0.567;bow;0.25;sumir2;-1;960.0;1000.0;-327.4;-1-
0;35;0.583;bow;0.25;sumir2;-1;960.0;1000.0;-327.4;-1-
0;36;0.600;bow;0.25;sumir2;-1;960.0;1000.0;-327.4;-1-
0;37;0.617;bow;0.25;sumir2;-1;960.0;1000.0;-327.4;-1-
0;38;0.633;bow;0.25;sumir2;-1;960.0;1000.0;-327.4;-1-
0;39;0.650;bow;0.25;sumir2;-1;960.0;1000.0;-327.4;-1-
0;40;0.667;bow;0.25;sumir2;-1;960.0;1000.0;-327.4;-1-
0;41;0.683;bow;0.25;sumir2;-1;960.0;1000.0;-327.4;-1-
0;42;0.700;bow;0.25;sumir2;-1;960.0;1000.0;-327.4;-1-
0;43;0.717;bow;0.25;sumir2;-1;960.0;1000.0;-327.4;-1-
0;44;0.733;bow;0.25;sumir2;-1;960.0;1000.0;-327.4;-1-
0;45;0.750;bow;0.25;sumir2;-1;960.0;1000.0;-327.4;-1-
0;46;0.767;bow;0.33;sumir2;-1;960.0;1000.0;-327.4;-1-
0;47;0.783;bow;0.42;sumir2;-1;960.0;1000.0;-327.4;-1-
0;48;0.800;bow;0.50;sumir3;-1;960.0;1000.0;-264.9;-1-
0;49;0.817;bow;0.58;sumir3;-1;960.0;1000.0;-264.9;-1-
0;50;0.833;bow;0.67;sumir3;-1;960.0;1000.0;-264.9;---
0;51;0.850;bow;0.75;sumir4;-1;960.0;1000.0;-84.2;---
0;52;0.867;bow;0.83;sumir4;-1;960.0;1000.0;-84.2;---
0;53;0.883;bow;0.92;sumir4;-1;960.0;1000.0;-84.2;---
0;54;0.900;bow;1.00;invisivel;-1;960.0;1000.0;nan;---
0;55;0.917;bow;1.00;invisivel;-1;960.0;1000.0;nan;---
0;56;0.933;bow;1.00;invisivel;-1;960.0;1000.0;nan;---
0;57;0.950;bow;1.00;invisivel;-1;960.0;1000.0;nan;---
0;58;0.967;bow;1.00;invisivel;-1;960.0;1000.0;nan;---
0;59;0.983;bow;1.00;invisivel;-1;960.0;1000.0;nan;---
0;60;1.000;bow;1.00;invisivel;-1;960.0;1000.0;nan;---
0;61;1.017;bow;1.00;invisivel;-1;960.0;1000.0;nan;---
0;62;1.033;bow;1.00;invisivel;-1;960.0;1000.0;nan;---
0;63;1.050;bow;1.00;invisivel;-1;960.0;1000.0;nan;---
0;64;1.067;bow;1.00;invisivel;-1;960.0;1000.0;nan;---
0;65;1.083;bow;1.00;invisivel;-1;960.0;1000.0;nan;---
0;66;1.100;bow;1.00;invisivel;-1;960.0;1000.0;nan;---
0;67;1.117;bow;1.00;invisivel;-1;960.0;1000.0;nan;---
0;68;1.133;bow;1.00;invisivel;-1;960.0;1000.0;nan;---
0;69;1.150;bow;1.00;invisivel;-1;960.0;1000.0;nan;---
0;70;1.167;bow;1.00;invisivel;-1;960.0;1000.0;nan;---
0;71;1.183;bow;1.00;invisivel;-1;960.0;1000.0;nan;---
0;72;1.200;bow;1.00;invisivel;-1;960.0;1000.0;nan;---
0;73;1.217;bow;1.00;invisivel;-1;960.0;1000.0;nan;---
0;74;1.233;bow;1.00;invisivel;-1;960.0;1000.0;nan;---
0;75;1.250;bow;1.00;invisivel;-1;960.0;1000.0;nan;---
0;76;1.267;bow;1.00;invisivel;-1;960.0;1000.0;nan;---
0;77;1.283;bow;1.00;invisivel;-1;960.0;1000.0;nan;---
0;78;1.300;bow;1.00;invisivel;-1;960.0;1000.0;nan;---
0;79;1.317;bow;1.00;invisivel;-1;960.0;1000.0;nan;---
0;80;1.333;bow;1.00;invisivel;-1;960.0;1000.0;nan;---
0;81;1.350;bow;1.00;invisivel;-1;960.0;1000.0;nan;---
0;82;1.367;bow;1.00;invisivel;-1;960.0;1000.0;nan;---
0;83;1.383;bow;1.00;invisivel;-1;960.0;1000.0;nan;---
0;84;1.400;bow;1.00;invisivel;-1;960.0;1000.0;nan;---
0;85;1.417;bow;1.00;invisivel;-1;960.0;1000.0;nan;---
0;86;1.433;bow;1.00;invisivel;-1;960.0;1000.0;nan;---
0;87;1.450;bow;1.00;invisivel;-1;960.0;1000.0;nan;---
0;88;1.467;bow;1.00;invisivel;-1;960.0;1000.0;nan;---
0;89;1.483;bow;1.00;invisivel;-1;960.0;1000.0;nan;---
0;90;1.500;bow;1.00;invisivel;-1;960.0;1000.0;nan;---
0;91;1.517;bow;1.00;invisivel;-1;960.0;1000.0;nan;---
0;92;1.533;bow;1.00;invisivel;-1;960.0;1000.0;nan;---
0;93;1.550;bow;1.00;invisivel;-1;960.0;1000.0;nan;---
0;94;1.567;bow;1.00;invisivel;-1;960.0;1000.0;nan;---
0;95;1.583;bow;1.00;invisivel;-1;960.0;1000.0;nan;---
0;96;1.600;bow;1.00;invisivel;-1;960.0;1000.0;nan;---
0;97;1.617;bow;1.00;invisivel;-1;960.0;1000.0;nan;---
0;98;1.633;bow;1.00;invisivel;-1;960.0;1000.0;nan;---
0;99;1.650;bow;1.00;invisivel;-1;960.0;1000.0;nan;---
0;100;1.667;bow;1.00;invisivel;-1;960.0;1000.0;nan;---
0;101;1.683;bow;1.00;invisivel;-1;960.0;1000.0;nan;---
0;102;1.700;bow;1.00;invisivel;-1;960.0;1000.0;nan;---
0;103;1.717;bow;1.00;invisivel;-1;960.0;1000.0;nan;---
0;104;1.733;bow;1.00;invisivel;-1;960.0;1000.0;nan;---
0;105;1.750;bow;1.00;invisivel;-1;960.0;1000.0;nan;---
0;106;1.767;bow;1.00;invisivel;-1;960.0;1000.0;nan;---
0;107;1.783;bow;1.00;invisivel;-1;960.0;1000.0;nan;---
0;108;1.800;bow;1.00;invisivel;-1;960.0;1000.0;nan;---
0;109;1.817;bow;1.00;invisivel;-1;960.0;1000.0;nan;---
0;110;1.833;bow;1.00;invisivel;-1;960.0;1000.0;nan;---
0;111;1.850;bow;1.00;invisivel;-1;960.0;1000.0;nan;---
0;112;1.867;bow;1.00;invisivel;-1;960.0;1000.0;nan;---
0;113;1.883;bow;1.00;invisivel;-1;960.0;1000.0;nan;---
0;114;1.900;bow;1.00;invisivel;-1;960.0;1000.0;nan;---
0;115;1.917;bow;1.00;invisivel;-1;960.0;1000.0;nan;---
0;116;1.933;bow;1.00;invisivel;-1;960.0;1000.0;nan;---
0;117;1.950;bow;1.00;invisivel;-1;960.0;1000.0;nan;---
0;118;1.967;bow;1.00;invisivel;-1;960.0;1000.0;nan;---
0;119;1.983;bow;1.00;invisivel;-1;960.0;1000.0;nan;---
0;120;2.000;bow;1.00;invisivel;-1;960.0;1000.0;nan;---
0;121;2.017;bow;1.00;invisivel;-1;960.0;1000.0;nan;---
0;122;2.033;bow;1.00;invisivel;-1;960.0;1000.0;nan;---
0;123;2.050;bow;1.00;invisivel;-1;960.0;1000.0;nan;---
0;124;2.067;bow;1.00;invisivel;-1;960.0;1000.0;nan;---
0;125;2.083;bow;1.00;invisivel;-1;960.0;1000.0;nan;---
0;126;2.100;bow;1.00;invisivel;-1;960.0;1000.0;nan;---
0;127;2.117;bow;1.00;invisivel;-1;960.0;1000.0;nan;---
0;128;2.133;bow;1.00;invisivel;-1;960.0;1000.0;nan;---
0;129;2.150;bow;1.00;invisivel;-1;960.0;1000.0;nan;---
0;130;2.167;bow;1.00;invisivel;-1;960.0;1000.0;nan;---
0;131;2.183;bow;1.00;invisivel;-1;960.0;1000.0;nan;---
0;132;2.200;bow;1.00;invisivel;-1;960.0;1000.0;nan;---
0;133;2.217;bow;1.00;invisivel;-1;960.0;1000.0;nan;---
0;134;2.233;bow;1.00;invisivel;-1;960.0;1000.0;nan;---
0;135;2.250;bow;1.00;invisivel;-1;960.0;1000.0;nan;---
0;136;2.267;bow;1.00;invisivel;-1;960.0;1000.0;nan;---
0;137;2.283;bow;1.00;invisivel;-1;960.0;1000.0;nan;---
0;138;2.300;bow;1.00;invisivel;-1;960.0;1000.0;nan;---
0;139;2.317;bow;1.00;invisivel;-1;960.0;1000.0;nan;---
0;140;2.333;bow;1.00;invisivel;-1;960.0;1000.0;nan;---
0;141;2.350;bow;1.00;invisivel;-1;960.0;1000.0;nan;---
0;142;2.367;bow;1.00;invisivel;-1;960.0;1000.0;nan;---
0;143;2.383;bow;1.00;invisivel;-1;960.0;1000.0;nan;---
0;144;2.400;bow;1.00;invisivel;-1;960.0;1000.0;nan;---
0;145;2.417;bow;1.00;invisivel;-1;960.0;1000.0;nan;---
0;146;2.433;bow;1.00;invisivel;-1;960.0;1000.0;nan;---
0;147;2.450;bow;1.00;invisivel;-1;960.0;1000.0;nan;---
0;148;2.467;bow;1.00;invisivel;-1;960.0;1000.0;nan;---
0;149;2.483;bow;1.00;invisivel;-1;960.0;1000.0;nan;---
0;150;2.500;bow;1.00;invisivel;-1;960.0;1000.0;nan;---
0;151;2.517;bow;1.00;invisivel;-1;960.0;1000.0;nan;---
0;152;2.533;bow;1.00;invisivel;-1;960.0;1000.0;nan;---
0;153;2.550;bow;1.00;invisivel;-1;960.0;1000.0;nan;---
0;154;2.567;bow;1.00;invisivel;-1;960.0;1000.0;nan;---
0;155;2.583;bow;1.00;invisivel;-1;960.0;1000.0;nan;---
0;156;2.600;bow;1.00;invisivel;-1;960.0;1000.0;nan;---
0;157;2.617;bow;1.00;invisivel;-1;960.0;1000.0;nan;---
0;158;2.633;bow;1.00;invisivel;-1;960.0;1000.0;nan;---
0;159;2.650;bow;1.00;invisivel;-1;960.0;1000.0;nan;---
0;160;2.667;bow;1.00;invisivel;-1;960.0;1000.0;nan;---
0;161;2.683;bow;1.00;invisivel;-1;960.0;1000.0;nan;---
0;162;2.700;bow;1.00;invisivel;-1;960.0;1000.0;nan;---
0;163;2.717;bow;1.00;invisivel;-1;960.0;1000.0;nan;---
0;164;2.733;bow;1.00;invisivel;-1;960.0;1000.0;nan;---
0;165;2.750;bow;1.00;invisivel;-1;960.0;1000.0;nan;---
0;166;2.767;bow;1.00;invisivel;-1;960.0;1000.0;nan;---
0;167;2.783;bow;1.00;invisivel;-1;960.0;1000.0;nan;---
0;168;2.800;bow;1.00;invisivel;-1;960.0;1000.0;nan;---
0;169;2.817;bow;1.00;invisivel;-1;960.0;1000.0;nan;---
0;170;2.833;bow;1.00;invisivel;-1;960.0;1000.0;nan;---
0;171;2.850;bow;1.00;invisivel;-1;960.0;1000.0;nan;---
0;172;2.867;bow;1.00;invisivel;-1;960.0;1000.0;nan;---
0;173;2.883;bow;1.00;invisivel;-1;960.0;1000.0;nan;---
0;174;2.900;bow;1.00;invisivel;-1;960.0;1000.0;nan;---
0;175;2.917;bow;1.00;invisivel;-1;960.0;1000.0;nan;---
0;176;2.933;bow;1.00;invisivel;-1;960.0;1000.0;nan;---
0;177;2.950;bow;1.00;invisivel;-1;960.0;1000.0;nan;---
0;178;2.967;bow;1.00;invisivel;-1;960.0;1000.0;nan;---
0;179;2.983;bow;1.00;invisivel;-1;960.0;1000.0;nan;---
0;180;3.000;bow;1.00;invisivel;-1;960.0;1000.0;nan;---
0;181;3.017;bow;1.00;invisivel;-1;960.0;1000.0;nan;---
0;182;3.033;bow;1.00;invisivel;-1;960.0;1000.0;nan;---
0;183;3.050;bow;1.00;invisivel;-1;960.0;1000.0;nan;---
0;184;3.067;bow;1.00;invisivel;-1;960.0;1000.0;nan;---
0;185;3.083;bow;1.00;invisivel;-1;960.0;1000.0;nan;---
0;186;3.100;bow;1.00;invisivel;-1;960.0;1000.0;nan;---
0;187;3.117;bow;1.00;invisivel;-1;960.0;1000.0;nan;---
0;188;3.133;bow;1.00;invisivel;-1;960.0;1000.0;nan;---
0;189;3.150;bow;1.00;invisivel;-1;960.0;1000.0;nan;---
0;190;3.167;bow;1.00;invisivel;-1;960.0;1000.0;nan;---
0;191;3.183;bow;1.00;invisivel;-1;960.0;1000.0;nan;---
0;192;3.200;bow;1.00;invisivel;-1;960.0;1000.0;nan;---
0;193;3.217;bow;1.00;invisivel;-1;960.0;1000.0;nan;---
0;194;3.233;bow;1.00;invisivel;-1;960.0;1000.0;nan;---
0;195;3.250;bow;1.00;invisivel;-1;960.0;1000.0;nan;---
0;196;3.267;bow;1.00;invisivel;-1;960.0;1000.0;nan;---
0;197;3.283;bow;1.00;invisivel;-1;960.0;1000.0;nan;---
0;198;3.300;bow;1.00;invisivel;-1;960.0;1000.0;nan;---
0;199;3.317;bow;1.00;invisivel;-1;960.0;1000.0;nan;---
0;200;3.333;bow;1.00;invisivel;-1;960.0;1000.0;nan;---
0;201;3.350;bow;1.00;invisivel;-1;960.0;1000.0;nan;---
0;202;3.367;bow;1.00;invisivel;-1;960.0;1000.0;nan;---
0;203;3.383;bow;1.00;invisivel;-1;960.0;1000.0;nan;---
0;204;3.400;bow;1.00;invisivel;-1;960.0;1000.0;nan;---
0;205;3.417;bow;1.00;invisivel;-1;960.0;1000.0;nan;---
0;206;3.433;bow;1.00;invisivel;-1;960.0;1000.0;nan;---
0;207;3.450;bow;1.00;invisivel;-1;960.0;1000.0;nan;---
0;208;3.467;bow;1.00;invisivel;-1;960.0;1000.0;nan;---
0;209;3.483;bow;1.00;invisivel;-1;960.0;1000.0;nan;---
0;210;3.500;bow;1.00;invisivel;-1;960.0;1000.0;nan;---
0;211;3.517;bow;1.00;invisivel;-1;960.0;1000.0;nan;---
0;212;3.533;bow;1.00;invisivel;-1;960.0;1000.0;nan;---
0;213;3.550;bow;1.00;invisivel;-1;960.0;1000.0;nan;---
0;214;3.567;bow;1.00;invisivel;-1;960.0;1000.0;nan;---
0;215;3.583;bow;1.00;invisivel;-1;960.0;1000.0;nan;---
0;216;3.600;bow;1.00;invisivel;-1;960.0;1000.0;nan;---
0;217;3.617;bow;1.00;invisivel;-1;960.0;1000.0;nan;---
0;218;3.633;bow;1.00;invisivel;-1;960.0;1000.0;nan;---
0;219;3.650;bow;1.00;invisivel;-1;960.0;1000.0;nan;---
0;220;3.667;bow;1.00;invisivel;-1;960.0;1000.0;nan;---
0;221;3.683;bow;1.00;invisivel;-1;960.0;1000.0;nan;---
0;222;3.700;bow;1.00;invisivel;-1;960.0;1000.0;nan;---
0;223;3.717;bow;1.00;invisivel;-1;960.0;1000.0;nan;---
0;224;3.733;bow;1.00;invisivel;-1;960.0;1000.0;nan;---
0;225;3.750;bow;1.00;invisivel;-1;960.0;1000.0;nan;---
0;226;3.767;bow;1.00;invisivel;-1;960.0;1000.0;nan;---
0;227;3.783;bow;1.00;invisivel;-1;960.0;1000.0;nan;---
0;228;3.800;bow;1.00;invisivel;-1;960.0;1000.0;nan;---
0;229;3.817;bow;1.00;invisivel;-1;960.0;1000.0;nan;---
0;230;3.833;bow;1.00;invisivel;-1;960.0;1000.0;nan;---
0;231;3.850;bow;1.00;invisivel;-1;960.0;1000.0;nan;---
0;232;3.867;bow;1.00;invisivel;-1;960.0;1000.0;nan;---
0;233;3.883;bow;1.00;invisivel;-1;960.0;1000.0;nan;---
0;234;3.900;bow;1.00;invisivel;-1;960.0;1000.0;nan;---
0;235;3.917;bow;1.00;invisivel;-1;960.0;1000.0;nan;---
0;236;3.933;bow;1.00;invisivel;-1;960.0;1000.0;nan;---
0;237;3.950;bow;1.00;invisivel;-1;960.0;1000.0;nan;---
0;238;3.967;bow;1.00;invisivel;-1;960.0;1000.0;nan;---
0;239;3.983;bow;1.00;invisivel;-1;960.0;1000.0;nan;---
0;240;4.000;bow;1.00;invisivel;-1;960.0;1000.0;nan;---
0;241;4.017;bow;1.00;invisivel;-1;960.0;1000.0;nan;---
0;242;4.033;bow;1.00;invisivel;-1;960.0;1000.0;nan;---
0;243;4.050;bow;1.00;invisivel;-1;960.0;1000.0;nan;---
0;244;4.067;bow;1.00;invisivel;-1;960.0;1000.0;nan;---
0;245;4.083;bow;1.00;invisivel;-1;960.0;1000.0;nan;---
0;246;4.100;bow;1.00;invisivel;-1;960.0;1000.0;nan;---
0;247;4.117;bow;1.00;invisivel;-1;960.0;1000.0;nan;---
0;248;4.133;bow;1.00;invisivel;-1;960.0;1000.0;nan;---
0;249;4.150;bow;1.00;invisivel;-1;960.0;1000.0;nan;---
0;250;4.167;bow;1.00;invisivel;-1;960.0;1000.0;nan;---
0;251;4.183;bow;1.00;invisivel;-1;960.0;1000.0;nan;---
0;252;4.200;bow;1.00;invisivel;-1;960.0;1000.0;nan;---
0;253;4.217;bow;1.00;invisivel;-1;960.0;1000.0;nan;---
0;254;4.233;bow;1.00;invisivel;-1;960.0;1000.0;nan;---
0;255;4.250;bow;1.00;invisivel;-1;960.0;1000.0;nan;---
0;256;4.267;bow;1.00;invisivel;-1;960.0;1000.0;nan;---
0;257;4.283;bow;1.00;invisivel;-1;960.0;1000.0;nan;---
0;258;4.300;bow;1.00;invisivel;-1;960.0;1000.0;nan;---
0;259;4.317;bow;1.00;invisivel;-1;960.0;1000.0;nan;---
0;260;4.333;bow;1.00;invisivel;-1;960.0;1000.0;nan;---
0;261;4.350;bow;1.00;invisivel;-1;960.0;1000.0;nan;---
0;262;4.367;bow;1.00;invisivel;-1;960.0;1000.0;nan;---
0;263;4.383;bow;1.00;invisivel;-1;960.0;1000.0;nan;---
0;264;4.400;bow;1.00;invisivel;-1;960.0;1000.0;nan;---
0;265;4.417;bow;1.00;invisivel;-1;960.0;1000.0;nan;---
0;266;4.433;bow;1.00;invisivel;-1;960.0;1000.0;nan;---
0;267;4.450;bow;1.00;invisivel;-1;960.0;1000.0;nan;---
0;268;4.467;bow;1.00;invisivel;-1;960.0;1000.0;nan;---
0;269;4.483;bow;1.00;invisivel;-1;960.0;1000.0;nan;---
0;270;4.500;bow;1.00;invisivel;-1;960.0;1000.0;nan;---
0;271;4.517;bow;1.00;invisivel;-1;960.0;1000.0;nan;---
0;272;4.533;bow;1.00;invisivel;-1;960.0;1000.0;nan;---
0;273;4.550;bow;1.00;invisivel;-1;960.0;1000.0;nan;---
0;274;4.567;bow;1.00;invisivel;-1;960.0;1000.0;nan;---
0;275;4.583;bow;1.00;invisivel;-1;960.0;1000.0;nan;---
0;276;4.600;bow;1.00;invisivel;-1;960.0;1000.0;nan;---
0;277;4.617;bow;1.00;invisivel;-1;960.0;1000.0;nan;---
0;278;4.633;bow;1.00;invisivel;-1;960.0;1000.0;nan;---
0;279;4.650;bow;1.00;invisivel;-1;960.0;1000.0;nan;---
0;280;4.667;bow;1.00;invisivel;-1;960.0;1000.0;nan;---
0;281;4.683;bow;1.00;invisivel;-1;960.0;1000.0;nan;---
0;282;4.700;bow;1.00;invisivel;-1;960.0;1000.0;nan;---
0;283;4.717;bow;1.00;invisivel;-1;960.0;1000.0;nan;---
0;284;4.733;bow;1.00;invisivel;-1;960.0;1000.0;nan;---
0;285;4.750;bow;1.00;invisivel;-1;960.0;1000.0;nan;---
0;286;4.767;bow;1.00;invisivel;-1;960.0;1000.0;nan;---
0;287;4.783;bow;1.00;invisivel;-1;960.0;1000.0;nan;---
0;288;4.800;bow;1.00;invisivel;-1;960.0;1000.0;nan;---
0;289;4.817;bow;1.00;invisivel;-1;960.0;1000.0;nan;---
0;290;4.833;bow;1.00;invisivel;-1;960.0;1000.0;nan;---
0;291;4.850;bow;1.00;invisivel;-1;960.0;1000.0;nan;---
0;292;4.867;bow;1.00;invisivel;-1;960.0;1000.0;nan;---
0;293;4.883;bow;1.00;invisivel;-1;960.0;1000.0;nan;---
0;294;4.900;bow;1.00;invisivel;-1;960.0;1000.0;nan;---
0;295;4.917;bow;1.00;invisivel;-1;960.0;1000.0;nan;---
0;296;4.933;bow;1.00;invisivel;-1;960.0;1000.0;nan;---
0;297;4.950;bow;1.00;invisivel;-1;960.0;1000.0;nan;---
0;298;4.967;bow;1.00;invisivel;-1;960.0;1000.0;nan;---
0;299;4.983;bow;1.00;invisivel;-1;960.0;1000.0;nan;---
0;300;5.000;bow;1.00;invisivel;-1;960.0;1000.0;nan;---
0;301;5.017;bow;1.00;invisivel;-1;960.0;1000.0;nan;---
0;302;5.033;bow;1.00;invisivel;-1;960.0;1000.0;nan;---
0;303;5.050;bow;1.00;invisivel;-1;960.0;1000.0;nan;---
0;304;5.067;bow;1.00;invisivel;-1;960.0;1000.0;nan;---
0;305;5.083;bow;1.00;invisivel;-1;960.0;1000.0;nan;---
0;306;5.100;bow;1.00;invisivel;-1;960.0;1000.0;nan;---
0;307;5.117;bow;1.00;invisivel;-1;960.0;1000.0;nan;---
0;308;5.133;bow;1.00;invisivel;-1;960.0;1000.0;nan;---
0;309;5.150;bow;1.00;invisivel;-1;960.0;1000.0;nan;---
0;310;5.167;bow;1.00;invisivel;-1;960.0;1000.0;nan;---
0;311;5.183;bow;1.00;invisivel;-1;960.0;1000.0;nan;---
0;312;5.200;bow;1.00;invisivel;-1;960.0;1000.0;nan;---
0;313;5.217;bow;1.00;invisivel;-1;960.0;1000.0;nan;---
0;314;5.233;bow;1.00;invisivel;-1;960.0;1000.0;nan;---
0;315;5.250;bow;1.00;invisivel;-1;960.0;1000.0;nan;---
0;316;5.267;bow;1.00;invisivel;-1;960.0;1000.0;nan;---
0;317;5.283;bow;1.00;invisivel;-1;960.0;1000.0;nan;---
0;318;5.300;bow;1.00;invisivel;-1;960.0;1000.0;nan;---
0;319;5.317;bow;1.00;invisivel;-1;960.0;1000.0;nan;---
0;320;5.333;bow;1.00;invisivel;-1;960.0;1000.0;nan;---
0;321;5.350;bow;1.00;invisivel;-1;960.0;1000.0;nan;---
0;322;5.367;bow;1.00;invisivel;-1;960.0;1000.0;nan;---
0;323;5.383;bow;1.00;invisivel;-1;960.0;1000.0;nan;---
0;324;5.400;bow;1.00;invisivel;-1;960.0;1000.0;nan;---
0;325;5.417;bow;1.00;invisivel;-1;960.0;1000.0;nan;---
0;326;5.433;bow;1.00;invisivel;-1;960.0;1000.0;nan;---
0;327;5.450;bow;1.00;invisivel;-1;960.0;1000.0;nan;---
0;328;5.467;bow;1.00;invisivel;-1;960.0;1000.0;nan;---
0;329;5.483;bow;1.00;invisivel;-1;960.0;1000.0;nan;---
0;330;5.500;bow;1.00;invisivel;-1;960.0;1000.0;nan;---
0;331;5.517;bow;1.00;invisivel;-1;960.0;1000.0;nan;---
0;332;5.533;bow;1.00;invisivel;-1;960.0;1000.0;nan;---
0;333;5.550;bow;1.00;invisivel;-1;960.0;1000.0;nan;---
0;334;5.567;bow;1.00;invisivel;-1;960.0;1000.0;nan;---
0;335;5.583;bow;1.00;invisivel;-1;960.0;1000.0;nan;---
0;336;5.600;bow;1.00;invisivel;-1;960.0;1000.0;nan;---
0;337;5.617;bow;1.00;invisivel;-1;960.0;1000.0;nan;---
0;338;5.633;bow;1.00;invisivel;-1;960.0;1000.0;nan;---
0;339;5.650;bow;1.00;invisivel;-1;960.0;1000.0;nan;---
0;340;5.667;bow;1.00;invisivel;-1;960.0;1000.0;nan;---
0;341;5.683;bow;1.00;invisivel;-1;960.0;1000.0;nan;---
0;342;5.700;bow;1.00;invisivel;-1;960.0;1000.0;nan;---
0;343;5.717;bow;1.00;invisivel;-1;960.0;1000.0;nan;---
0;344;5.733;bow;1.00;invisivel;-1;960.0;1000.0;nan;---
0;345;5.750;bow;1.00;invisivel;-1;960.0;1000.0;nan;---
0;346;5.767;bow;1.00;invisivel;-1;960.0;1000.0;nan;---
0;347;5.783;bow;1.00;invisivel;-1;960.0;1000.0;nan;---
0;348;5.800;bow;1.00;invisivel;-1;960.0;1000.0;nan;---
0;349;5.817;bow;1.00;invisivel;-1;960.0;1000.0;nan;---
0;350;5.833;bow;1.00;invisivel;-1;960.0;1000.0;nan;---
0;351;5.850;bow;1.00;invisivel;-1;960.0;1000.0;nan;---
0;352;5.867;bow;1.00;invisivel;-1;960.0;1000.0;nan;---
0;353;5.883;bow;1.00;invisivel;-1;960.0;1000.0;nan;---
0;354;5.900;bow;1.00;invisivel;-1;960.0;1000.0;nan;---
0;355;5.917;bow;1.00;invisivel;-1;960.0;1000.0;nan;---
0;356;5.933;bow;1.00;invisivel;-1;960.0;1000.0;nan;---
0;357;5.950;bow;1.00;invisivel;-1;960.0;1000.0;nan;---
0;358;5.967;bow;1.00;invisivel;-1;960.0;1000.0;nan;---
0;359;5.983;bow;1.00;invisivel;-1;960.0;1000.0;nan;---
0;360;6.000;bow;1.00;invisivel;-1;960.0;1000.0;nan;---
0;361;6.017;bow;1.00;invisivel;-1;960.0;1000.0;nan;---
0;362;6.033;bow;1.00;invisivel;-1;960.0;1000.0;nan;---
0;363;6.050;bow;1.00;invisivel;-1;960.0;1000.0;nan;---
0;364;6.067;bow;1.00;invisivel;-1;960.0;1000.0;nan;---
0;365;6.083;bow;1.00;invisivel;-1;960.0;1000.0;nan;---
0;366;6.100;bow;1.00;invisivel;-1;960.0;1000.0;nan;---
0;367;6.117;bow;1.00;invisivel;-1;960.0;1000.0;nan;---
0;368;6.133;bow;1.00;invisivel;-1;960.0;1000.0;nan;---
0;369;6.150;bow;1.00;invisivel;-1;960.0;1000.0;nan;---
0;370;6.167;bow;1.00;invisivel;-1;960.0;1000.0;nan;---
0;371;6.183;bow;1.00;invisivel;-1;960.0;1000.0;nan;---
0;372;6.200;bow;1.00;invisivel;-1;960.0;1000.0;nan;---
0;373;6.217;bow;1.00;invisivel;-1;960.0;1000.0;nan;---
0;374;6.233;bow;1.00;invisivel;-1;960.0;1000.0;nan;---
0;375;6.250;bow;1.00;invisivel;-1;960.0;1000.0;nan;---
0;376;6.267;bow;1.00;invisivel;-1;960.0;1000.0;nan;---
0;377;6.283;bow;1.00;invisivel;-1;960.0;1000.0;nan;---
0;378;6.300;bow;1.00;invisivel;-1;960.0;1000.0;nan;---
0;379;6.317;bow;1.00;invisivel;-1;960.0;1000.0;nan;---
0;380;6.333;bow;1.00;invisivel;-1;960.0;1000.0;nan;---
0;381;6.350;bow;1.00;invisivel;-1;960.0;1000.0;nan;---
0;382;6.367;bow;1.00;invisivel;-1;960.0;1000.0;nan;---
0;383;6.383;bow;1.00;invisivel;-1;960.0;1000.0;nan;---
0;384;6.400;bow;1.00;invisivel;-1;960.0;1000.0;nan;---
0;385;6.417;bow;1.00;invisivel;-1;960.0;1000.0;nan;---
0;386;6.433;bow;1.00;invisivel;-1;960.0;1000.0;nan;---
0;387;6.450;bow;1.00;invisivel;-1;960.0;1000.0;nan;---
0;388;6.467;bow;1.00;invisivel;-1;960.0;1000.0;nan;---
0;389;6.483;bow;1.00;invisivel;-1;960.0;1000.0;nan;---
0;390;6.500;bow;1.00;invisivel;-1;960.0;1000.0;nan;---
0;391;6.517;bow;1.00;invisivel;-1;960.0;1000.0;nan;---
0;392;6.533;bow;1.00;invisivel;-1;960.0;1000.0;nan;---
0;393;6.550;bow;1.00;invisivel;-1;960.0;1000.0;nan;---
0;394;6.567;bow;1.00;invisivel;-1;960.0;1000.0;nan;---
0;395;6.583;bow;1.00;invisivel;-1;960.0;1000.0;nan;---
0;396;6.600;bow;1.00;invisivel;-1;960.0;1000.0;nan;---
0;397;6.617;bow;1.00;invisivel;-1;960.0;1000.0;nan;---
0;398;6.633;bow;1.00;invisivel;-1;960.0;1000.0;nan;---
0;399;6.650;bow;1.00;invisivel;-1;960.0;1000.0;nan;---
0;400;6.667;bow;1.00;invisivel;-1;960.0;1000.0;nan;---
0;401;6.683;bow;1.00;invisivel;-1;960.0;1000.0;nan;---
0;402;6.700;bow;1.00;invisivel;-1;960.0;1000.0;nan;---
0;403;6.717;bow;1.00;invisivel;-1;960.0;1000.0;nan;---
0;404;6.733;bow;1.00;invisivel;-1;960.0;1000.0;nan;---
0;405;6.750;bow;1.00;invisivel;-1;960.0;1000.0;nan;---
0;406;6.767;bow;1.00;invisivel;-1;960.0;1000.0;nan;---
0;407;6.783;bow;1.00;invisivel;-1;960.0;1000.0;nan;---
0;408;6.800;bow;1.00;invisivel;-1;960.0;1000.0;nan;---
0;409;6.817;bow;1.00;invisivel;-1;960.0;1000.0;nan;---
0;410;6.833;bow;1.00;invisivel;-1;960.0;1000.0;nan;---
0;411;6.850;bow;1.00;invisivel;-1;960.0;1000.0;nan;---
0;412;6.867;bow;1.00;invisivel;-1;960.0;1000.0;nan;---
0;413;6.883;bow;1.00;invisivel;-1;960.0;1000.0;nan;---
0;414;6.900;bow;1.00;invisivel;-1;960.0;1000.0;nan;---
0;415;6.917;bow;1.00;invisivel;-1;960.0;1000.0;nan;---
0;416;6.933;bow;1.00;invisivel;-1;960.0;1000.0;nan;---
0;417;6.950;bow;1.00;invisivel;-1;960.0;1000.0;nan;---
0;418;6.967;bow;1.00;invisivel;-1;960.0;1000.0;nan;---
0;419;6.983;bow;1.00;invisivel;-1;960.0;1000.0;nan;---
0;420;7.000;bow;1.00;invisivel;-1;960.0;1000.0;nan;---
0;421;7.017;bow;1.00;invisivel;-1;960.0;1000.0;nan;---
0;422;7.033;bow;1.00;invisivel;-1;960.0;1000.0;nan;---
0;423;7.050;bow;1.00;invisivel;-1;960.0;1000.0;nan;---
0;424;7.067;bow;1.00;invisivel;-1;960.0;1000.0;nan;-1-
0;425;7.083;bow;0.93;sumir4;-1;960.0;1000.0;-84.2;-1-
0;426;7.100;bow;0.87;sumir4;-1;960.0;1000.0;-84.2;-1-
0;427;7.117;bow;0.80;sumir4;-1;960.0;1000.0;-84.2;-1-
0;428;7.133;bow;0.73;sumir3;-1;960.0;1000.0;-264.9;-1-
0;429;7.150;bow;0.67;sumir3;-1;960.0;1000.0;-264.9;-1-
0;430;7.167;bow;0.60;sumir3;-1;960.0;1000.0;-264.9;-1-
0;431;7.183;bow;0.53;sumir3;-1;960.0;1000.0;-264.9;-1-
0;432;7.200;bow;0.47;sumir2;-1;960.0;1000.0;-327.4;-1-
0;433;7.217;bow;0.40;sumir2;-1;960.0;1000.0;-327.4;-1-
0;434;7.233;bow;0.33;sumir2;-1;960.0;1000.0;-327.4;-1-
0;435;7.250;bow;0.27;sumir2;-1;960.0;1000.0;-327.4;-1-
0;436;7.267;bow;0.20;sumir1;-1;960.0;1000.0;-332.1;-1-
0;437;7.283;bow;0.13;sumir1;-1;960.0;1000.0;-332.1;-1-
0;438;7.300;bow;0.07;sumir1;-1;960.0;1000.0;-332.1;-1-
0;439;7.317;bow;0.00;sumir1;-1;960.0;1000.0;-332.1;-1-
0;440;7.333;bow;0.00;rev1;-1;960.0;1000.0;-326.7;-1-
0;441;7.350;bow;0.00;rev1;-1;960.0;1000.0;-326.7;-1-
0;442;7.367;bow;0.00;rev1;-1;960.0;1000.0;-326.7;-1-
0;443;7.383;bow;0.00;rev1;-1;960.0;1000.0;-326.7;-1-
0;444;7.400;bow;0.00;rev1;-1;960.0;1000.0;-326.7;-1-
0;445;7.417;bow;0.00;rev1;-1;960.0;1000.0;-326.7;-1-
0;446;7.433;bow;0.00;rev1;-1;960.0;1000.0;-326.7;-1-
0;447;7.450;bow;0.00;rev1;-1;960.0;1000.0;-326.7;-1-
0;448;7.467;bow;0.00;rev1;-1;960.0;1000.0;-326.7;-1-
0;449;7.483;bow;0.00;rev1;-1;960.0;1000.0;-326.7;-1-
0;450;7.500;bow;0.00;rev1;-1;960.0;1000.0;-326.7;-1-
0;451;7.517;bow;0.00;rev1;-1;960.0;1000.0;-326.7;-1-
0;452;7.533;bow;0.00;rev1;-1;960.0;1000.0;-326.7;-1-
0;453;7.550;bow;0.00;rev1;-1;960.0;1000.0;-326.7;-1-
0;454;7.567;bow;0.00;rev1;-1;960.0;1000.0;-326.7;-1-
0;455;7.583;bow;0.00;rev1;-1;960.0;1000.0;-326.7;-1-
0;456;7.600;bow;0.00;rev1;-1;960.0;1000.0;-326.7;-1-
0;457;7.617;bow;0.00;rev2;-1;960.0;1000.0;-235.8;-1-
0;458;7.633;bow;0.00;rev2;-1;960.0;1000.0;-235.8;-1-
0;459;7.650;bow;0.00;rev2;-1;960.0;1000.0;-235.8;-1-
0;460;7.667;bow;0.00;rev2;-1;960.0;1000.0;-235.8;-1-
0;461;7.683;bow;0.00;rev2;-1;960.0;1000.0;-235.8;-1-
0;462;7.700;bow;0.00;rev2;-1;960.0;1000.0;-235.8;-1-
0;463;7.717;bow;0.00;rev2;-1;960.0;1000.0;-235.8;-1-
0;464;7.733;bow;0.00;rev2;-1;960.0;1000.0;-235.8;-1-
0;465;7.750;bow;0.00;rev2;-1;960.0;1000.0;-235.8;-1-
0;466;7.767;bow;0.00;rev2;-1;960.0;1000.0;-235.8;-1-
0;467;7.783;bow;0.00;rev2;-1;960.0;1000.0;-235.8;-1-
0;468;7.800;bow;0.00;rev2;-1;960.0;1000.0;-235.8;-1-
0;469;7.817;bow;0.00;rev2;-1;960.0;1000.0;-235.8;-1-
0;470;7.833;bow;0.00;rev2;-1;960.0;1000.0;-235.8;-1-
0;471;7.850;bow;0.00;rev2;-1;960.0;1000.0;-235.8;-1-
0;472;7.867;bow;0.00;rev2;-1;960.0;1000.0;-235.8;-1-
0;473;7.883;bow;0.00;rev2;-1;960.0;1000.0;-235.8;-1-
0;474;7.900;bow;0.00;rev2;-1;960.0;1000.0;-235.8;-1-
0;475;7.917;bow;0.00;rev2;-1;960.0;1000.0;-235.8;-1-
0;476;7.933;bow;0.00;rev2;-1;960.0;1000.0;-235.8;-1-
0;477;7.950;bow;0.00;rev2;-1;960.0;1000.0;-235.8;-1-
0;478;7.967;idle;0.00;rev1;1;960.0;1000.0;-326.7;-1-
1;1;0.017;bow;0.00;rev1;1;960.0;1000.0;-326.7;---
1;2;0.033;bow;0.00;rev1;1;960.0;1000.0;-326.7;---
1;3;0.050;bow;0.00;rev1;1;960.0;1000.0;-326.7;---
1;4;0.067;bow;0.00;rev1;1;960.0;1000.0;-326.7;---
1;5;0.083;bow;0.00;rev1;1;960.0;1000.0;-326.7;---
1;6;0.100;bow;0.00;rev1;1;960.0;1000.0;-326.7;---
1;7;0.117;bow;0.00;rev1;1;960.0;1000.0;-326.7;--2
1;8;0.133;bow;0.00;rev1;1;960.0;1000.0;-326.7;--2
1;9;0.150;bow;0.00;rev1;1;960.0;1000.0;-326.7;--2
1;10;0.167;bow;0.00;rev1;1;960.0;1000.0;-326.7;--2
1;11;0.183;bow;0.00;rev1;1;960.0;1000.0;-326.7;--2
1;12;0.200;bow;0.00;rev1;1;960.0;1000.0;-326.7;--2
1;13;0.217;bow;0.08;sumir1;1;960.0;1000.0;-332.1;--2
1;14;0.233;bow;0.17;sumir1;1;960.0;1000.0;-332.1;--2
1;15;0.250;bow;0.25;sumir1;1;960.0;1000.0;-332.1;--2
1;16;0.267;bow;0.33;sumir2;1;960.0;1000.0;-327.4;--2
1;17;0.283;bow;0.42;sumir2;1;960.0;1000.0;-327.4;--2
1;18;0.300;bow;0.50;sumir2;1;960.0;1000.0;-327.4;--2
1;19;0.317;bow;0.58;sumir3;1;960.0;1000.0;-264.9;--2
1;20;0.333;bow;0.67;sumir3;1;960.0;1000.0;-264.9;--2
1;21;0.350;bow;0.75;sumir3;1;960.0;1000.0;-264.9;--2
1;22;0.367;bow;0.83;sumir4;1;960.0;1000.0;-84.2;--2
1;23;0.383;bow;0.92;sumir4;1;960.0;1000.0;-84.2;--2
1;24;0.400;bow;1.00;sumir4;1;960.0;1000.0;-84.2;--2
1;25;0.417;bow;1.00;invisivel;1;1360.0;1000.0;nan;--2
1;26;0.433;bow;0.83;sumir4;1;1360.0;1000.0;-84.2;--2
1;27;0.450;bow;0.75;sumir4;1;1360.0;1000.0;-84.2;--2
1;28;0.467;bow;0.67;sumir3;1;1360.0;1000.0;-264.9;--2
1;29;0.483;bow;0.58;sumir3;1;1360.0;1000.0;-264.9;--2
1;30;0.500;bow;0.50;sumir3;1;1360.0;1000.0;-264.9;--2
1;31;0.517;bow;0.42;sumir2;1;1360.0;1000.0;-327.4;--2
1;32;0.533;bow;0.33;sumir2;1;1360.0;1000.0;-327.4;--2
1;33;0.550;bow;0.25;sumir2;1;1360.0;1000.0;-327.4;--2
1;34;0.567;bow;0.25;sumir2;1;1360.0;1000.0;-327.4;--2
1;35;0.583;bow;0.25;sumir2;1;1360.0;1000.0;-327.4;--2
1;36;0.600;bow;0.25;sumir2;1;1360.0;1000.0;-327.4;--2
1;37;0.617;bow;0.25;sumir2;1;1360.0;1000.0;-327.4;--2
1;38;0.633;bow;0.25;sumir2;1;1360.0;1000.0;-327.4;--2
1;39;0.650;bow;0.25;sumir2;1;1360.0;1000.0;-327.4;--2
1;40;0.667;bow;0.25;sumir2;1;1360.0;1000.0;-327.4;--2
1;41;0.683;bow;0.25;sumir2;1;1360.0;1000.0;-327.4;--2
1;42;0.700;bow;0.25;sumir2;1;1360.0;1000.0;-327.4;--2
1;43;0.717;bow;0.25;sumir2;1;1360.0;1000.0;-327.4;--2
1;44;0.733;bow;0.25;sumir2;1;1360.0;1000.0;-327.4;--2
1;45;0.750;bow;0.25;sumir2;1;1360.0;1000.0;-327.4;--2
1;46;0.767;bow;0.33;sumir2;1;1360.0;1000.0;-327.4;--2
1;47;0.783;bow;0.42;sumir2;1;1360.0;1000.0;-327.4;--2
1;48;0.800;bow;0.50;sumir3;1;1360.0;1000.0;-264.9;--2
1;49;0.817;bow;0.58;sumir3;1;1360.0;1000.0;-264.9;--2
1;50;0.833;bow;0.67;sumir3;1;1360.0;1000.0;-264.9;---
1;51;0.850;bow;0.75;sumir4;1;1360.0;1000.0;-84.2;---
1;52;0.867;bow;0.83;sumir4;1;1360.0;1000.0;-84.2;---
1;53;0.883;bow;0.92;sumir4;1;1360.0;1000.0;-84.2;---
1;54;0.900;bow;1.00;invisivel;1;1360.0;1000.0;nan;---
1;55;0.917;bow;1.00;invisivel;1;1360.0;1000.0;nan;---
1;56;0.933;bow;1.00;invisivel;1;1360.0;1000.0;nan;---
1;57;0.950;bow;1.00;invisivel;1;1360.0;1000.0;nan;---
1;58;0.967;bow;1.00;invisivel;1;1360.0;1000.0;nan;---
1;59;0.983;bow;1.00;invisivel;1;1360.0;1000.0;nan;---
1;60;1.000;bow;1.00;invisivel;1;1360.0;1000.0;nan;---
1;61;1.017;bow;1.00;invisivel;1;1360.0;1000.0;nan;---
1;62;1.033;bow;1.00;invisivel;1;1360.0;1000.0;nan;---
1;63;1.050;bow;1.00;invisivel;1;1360.0;1000.0;nan;---
1;64;1.067;bow;1.00;invisivel;1;1360.0;1000.0;nan;---
1;65;1.083;bow;1.00;invisivel;1;1360.0;1000.0;nan;---
1;66;1.100;bow;1.00;invisivel;1;1360.0;1000.0;nan;---
1;67;1.117;bow;1.00;invisivel;1;1360.0;1000.0;nan;---
1;68;1.133;bow;1.00;invisivel;1;1360.0;1000.0;nan;---
1;69;1.150;bow;1.00;invisivel;1;1360.0;1000.0;nan;---
1;70;1.167;bow;1.00;invisivel;1;1360.0;1000.0;nan;---
1;71;1.183;bow;1.00;invisivel;1;1360.0;1000.0;nan;---
1;72;1.200;bow;1.00;invisivel;1;1360.0;1000.0;nan;---
1;73;1.217;bow;1.00;invisivel;1;1360.0;1000.0;nan;---
1;74;1.233;bow;1.00;invisivel;1;1360.0;1000.0;nan;---
1;75;1.250;bow;1.00;invisivel;1;1360.0;1000.0;nan;---
1;76;1.267;bow;1.00;invisivel;1;1360.0;1000.0;nan;---
1;77;1.283;bow;1.00;invisivel;1;1360.0;1000.0;nan;---
1;78;1.300;bow;1.00;invisivel;1;1360.0;1000.0;nan;---
1;79;1.317;bow;1.00;invisivel;1;1360.0;1000.0;nan;---
1;80;1.333;bow;1.00;invisivel;1;1360.0;1000.0;nan;---
1;81;1.350;bow;1.00;invisivel;1;1360.0;1000.0;nan;---
1;82;1.367;bow;1.00;invisivel;1;1360.0;1000.0;nan;---
1;83;1.383;bow;1.00;invisivel;1;1360.0;1000.0;nan;---
1;84;1.400;bow;1.00;invisivel;1;1360.0;1000.0;nan;---
1;85;1.417;bow;1.00;invisivel;1;1360.0;1000.0;nan;---
1;86;1.433;bow;1.00;invisivel;1;1360.0;1000.0;nan;---
1;87;1.450;bow;1.00;invisivel;1;1360.0;1000.0;nan;---
1;88;1.467;bow;1.00;invisivel;1;1360.0;1000.0;nan;---
1;89;1.483;bow;1.00;invisivel;1;1360.0;1000.0;nan;---
1;90;1.500;bow;1.00;invisivel;1;1360.0;1000.0;nan;---
1;91;1.517;bow;1.00;invisivel;1;1360.0;1000.0;nan;---
1;92;1.533;bow;1.00;invisivel;1;1360.0;1000.0;nan;---
1;93;1.550;bow;1.00;invisivel;1;1360.0;1000.0;nan;---
1;94;1.567;bow;1.00;invisivel;1;1360.0;1000.0;nan;---
1;95;1.583;bow;1.00;invisivel;1;1360.0;1000.0;nan;---
1;96;1.600;bow;1.00;invisivel;1;1360.0;1000.0;nan;---
1;97;1.617;bow;1.00;invisivel;1;1360.0;1000.0;nan;---
1;98;1.633;bow;1.00;invisivel;1;1360.0;1000.0;nan;---
1;99;1.650;bow;1.00;invisivel;1;1360.0;1000.0;nan;---
1;100;1.667;bow;1.00;invisivel;1;1360.0;1000.0;nan;---
1;101;1.683;bow;1.00;invisivel;1;1360.0;1000.0;nan;---
1;102;1.700;bow;1.00;invisivel;1;1360.0;1000.0;nan;---
1;103;1.717;bow;1.00;invisivel;1;1360.0;1000.0;nan;---
1;104;1.733;bow;1.00;invisivel;1;1360.0;1000.0;nan;---
1;105;1.750;bow;1.00;invisivel;1;1360.0;1000.0;nan;---
1;106;1.767;bow;1.00;invisivel;1;1360.0;1000.0;nan;---
1;107;1.783;bow;1.00;invisivel;1;1360.0;1000.0;nan;---
1;108;1.800;bow;1.00;invisivel;1;1360.0;1000.0;nan;---
1;109;1.817;bow;1.00;invisivel;1;1360.0;1000.0;nan;---
1;110;1.833;bow;1.00;invisivel;1;1360.0;1000.0;nan;---
1;111;1.850;bow;1.00;invisivel;1;1360.0;1000.0;nan;---
1;112;1.867;bow;1.00;invisivel;1;1360.0;1000.0;nan;---
1;113;1.883;bow;1.00;invisivel;1;1360.0;1000.0;nan;---
1;114;1.900;bow;1.00;invisivel;1;1360.0;1000.0;nan;---
1;115;1.917;bow;1.00;invisivel;1;1360.0;1000.0;nan;---
1;116;1.933;bow;1.00;invisivel;1;1360.0;1000.0;nan;---
1;117;1.950;bow;1.00;invisivel;1;1360.0;1000.0;nan;---
1;118;1.967;bow;1.00;invisivel;1;1360.0;1000.0;nan;---
1;119;1.983;bow;1.00;invisivel;1;1360.0;1000.0;nan;---
1;120;2.000;bow;1.00;invisivel;1;1360.0;1000.0;nan;---
1;121;2.017;bow;1.00;invisivel;1;1360.0;1000.0;nan;---
1;122;2.033;bow;1.00;invisivel;1;1360.0;1000.0;nan;---
1;123;2.050;bow;1.00;invisivel;1;1360.0;1000.0;nan;---
1;124;2.067;bow;1.00;invisivel;1;1360.0;1000.0;nan;---
1;125;2.083;bow;1.00;invisivel;1;1360.0;1000.0;nan;---
1;126;2.100;bow;1.00;invisivel;1;1360.0;1000.0;nan;---
1;127;2.117;bow;1.00;invisivel;1;1360.0;1000.0;nan;---
1;128;2.133;bow;1.00;invisivel;1;1360.0;1000.0;nan;---
1;129;2.150;bow;1.00;invisivel;1;1360.0;1000.0;nan;---
1;130;2.167;bow;1.00;invisivel;1;1360.0;1000.0;nan;---
1;131;2.183;bow;1.00;invisivel;1;1360.0;1000.0;nan;---
1;132;2.200;bow;1.00;invisivel;1;1360.0;1000.0;nan;---
1;133;2.217;bow;1.00;invisivel;1;1360.0;1000.0;nan;---
1;134;2.233;bow;1.00;invisivel;1;1360.0;1000.0;nan;---
1;135;2.250;bow;1.00;invisivel;1;1360.0;1000.0;nan;---
1;136;2.267;bow;1.00;invisivel;1;1360.0;1000.0;nan;---
1;137;2.283;bow;1.00;invisivel;1;1360.0;1000.0;nan;---
1;138;2.300;bow;1.00;invisivel;1;1360.0;1000.0;nan;---
1;139;2.317;bow;1.00;invisivel;1;1360.0;1000.0;nan;---
1;140;2.333;bow;1.00;invisivel;1;1360.0;1000.0;nan;---
1;141;2.350;bow;1.00;invisivel;1;1360.0;1000.0;nan;---
1;142;2.367;bow;1.00;invisivel;1;1360.0;1000.0;nan;---
1;143;2.383;bow;1.00;invisivel;1;1360.0;1000.0;nan;---
1;144;2.400;bow;1.00;invisivel;1;1360.0;1000.0;nan;---
1;145;2.417;bow;1.00;invisivel;1;1360.0;1000.0;nan;---
1;146;2.433;bow;1.00;invisivel;1;1360.0;1000.0;nan;---
1;147;2.450;bow;1.00;invisivel;1;1360.0;1000.0;nan;---
1;148;2.467;bow;1.00;invisivel;1;1360.0;1000.0;nan;---
1;149;2.483;bow;1.00;invisivel;1;1360.0;1000.0;nan;---
1;150;2.500;bow;1.00;invisivel;1;1360.0;1000.0;nan;---
1;151;2.517;bow;1.00;invisivel;1;1360.0;1000.0;nan;---
1;152;2.533;bow;1.00;invisivel;1;1360.0;1000.0;nan;---
1;153;2.550;bow;1.00;invisivel;1;1360.0;1000.0;nan;---
1;154;2.567;bow;1.00;invisivel;1;1360.0;1000.0;nan;---
1;155;2.583;bow;1.00;invisivel;1;1360.0;1000.0;nan;---
1;156;2.600;bow;1.00;invisivel;1;1360.0;1000.0;nan;---
1;157;2.617;bow;1.00;invisivel;1;1360.0;1000.0;nan;---
1;158;2.633;bow;1.00;invisivel;1;1360.0;1000.0;nan;---
1;159;2.650;bow;1.00;invisivel;1;1360.0;1000.0;nan;---
1;160;2.667;bow;1.00;invisivel;1;1360.0;1000.0;nan;---
1;161;2.683;bow;1.00;invisivel;1;1360.0;1000.0;nan;---
1;162;2.700;bow;1.00;invisivel;1;1360.0;1000.0;nan;---
1;163;2.717;bow;1.00;invisivel;1;1360.0;1000.0;nan;---
1;164;2.733;bow;1.00;invisivel;1;1360.0;1000.0;nan;---
1;165;2.750;bow;1.00;invisivel;1;1360.0;1000.0;nan;---
1;166;2.767;bow;1.00;invisivel;1;1360.0;1000.0;nan;---
1;167;2.783;bow;1.00;invisivel;1;1360.0;1000.0;nan;---
1;168;2.800;bow;1.00;invisivel;1;1360.0;1000.0;nan;---
1;169;2.817;bow;1.00;invisivel;1;1360.0;1000.0;nan;---
1;170;2.833;bow;1.00;invisivel;1;1360.0;1000.0;nan;---
1;171;2.850;bow;1.00;invisivel;1;1360.0;1000.0;nan;---
1;172;2.867;bow;1.00;invisivel;1;1360.0;1000.0;nan;---
1;173;2.883;bow;1.00;invisivel;1;1360.0;1000.0;nan;---
1;174;2.900;bow;1.00;invisivel;1;1360.0;1000.0;nan;---
1;175;2.917;bow;1.00;invisivel;1;1360.0;1000.0;nan;---
1;176;2.933;bow;1.00;invisivel;1;1360.0;1000.0;nan;---
1;177;2.950;bow;1.00;invisivel;1;1360.0;1000.0;nan;---
1;178;2.967;bow;1.00;invisivel;1;1360.0;1000.0;nan;---
1;179;2.983;bow;1.00;invisivel;1;1360.0;1000.0;nan;---
1;180;3.000;bow;1.00;invisivel;1;1360.0;1000.0;nan;---
1;181;3.017;bow;1.00;invisivel;1;1360.0;1000.0;nan;---
1;182;3.033;bow;1.00;invisivel;1;1360.0;1000.0;nan;---
1;183;3.050;bow;1.00;invisivel;1;1360.0;1000.0;nan;---
1;184;3.067;bow;1.00;invisivel;1;1360.0;1000.0;nan;---
1;185;3.083;bow;1.00;invisivel;1;1360.0;1000.0;nan;---
1;186;3.100;bow;1.00;invisivel;1;1360.0;1000.0;nan;---
1;187;3.117;bow;1.00;invisivel;1;1360.0;1000.0;nan;---
1;188;3.133;bow;1.00;invisivel;1;1360.0;1000.0;nan;---
1;189;3.150;bow;1.00;invisivel;1;1360.0;1000.0;nan;---
1;190;3.167;bow;1.00;invisivel;1;1360.0;1000.0;nan;---
1;191;3.183;bow;1.00;invisivel;1;1360.0;1000.0;nan;---
1;192;3.200;bow;1.00;invisivel;1;1360.0;1000.0;nan;---
1;193;3.217;bow;1.00;invisivel;1;1360.0;1000.0;nan;---
1;194;3.233;bow;1.00;invisivel;1;1360.0;1000.0;nan;---
1;195;3.250;bow;1.00;invisivel;1;1360.0;1000.0;nan;---
1;196;3.267;bow;1.00;invisivel;1;1360.0;1000.0;nan;---
1;197;3.283;bow;1.00;invisivel;1;1360.0;1000.0;nan;---
1;198;3.300;bow;1.00;invisivel;1;1360.0;1000.0;nan;---
1;199;3.317;bow;1.00;invisivel;1;1360.0;1000.0;nan;---
1;200;3.333;bow;1.00;invisivel;1;1360.0;1000.0;nan;---
1;201;3.350;bow;1.00;invisivel;1;1360.0;1000.0;nan;---
1;202;3.367;bow;1.00;invisivel;1;1360.0;1000.0;nan;---
1;203;3.383;bow;1.00;invisivel;1;1360.0;1000.0;nan;---
1;204;3.400;bow;1.00;invisivel;1;1360.0;1000.0;nan;---
1;205;3.417;bow;1.00;invisivel;1;1360.0;1000.0;nan;---
1;206;3.433;bow;1.00;invisivel;1;1360.0;1000.0;nan;---
1;207;3.450;bow;1.00;invisivel;1;1360.0;1000.0;nan;---
1;208;3.467;bow;1.00;invisivel;1;1360.0;1000.0;nan;---
1;209;3.483;bow;1.00;invisivel;1;1360.0;1000.0;nan;---
1;210;3.500;bow;1.00;invisivel;1;1360.0;1000.0;nan;---
1;211;3.517;bow;1.00;invisivel;1;1360.0;1000.0;nan;---
1;212;3.533;bow;1.00;invisivel;1;1360.0;1000.0;nan;---
1;213;3.550;bow;1.00;invisivel;1;1360.0;1000.0;nan;---
1;214;3.567;bow;1.00;invisivel;1;1360.0;1000.0;nan;---
1;215;3.583;bow;1.00;invisivel;1;1360.0;1000.0;nan;---
1;216;3.600;bow;1.00;invisivel;1;1360.0;1000.0;nan;---
1;217;3.617;bow;1.00;invisivel;1;1360.0;1000.0;nan;---
1;218;3.633;bow;1.00;invisivel;1;1360.0;1000.0;nan;---
1;219;3.650;bow;1.00;invisivel;1;1360.0;1000.0;nan;---
1;220;3.667;bow;1.00;invisivel;1;1360.0;1000.0;nan;---
1;221;3.683;bow;1.00;invisivel;1;1360.0;1000.0;nan;---
1;222;3.700;bow;1.00;invisivel;1;1360.0;1000.0;nan;---
1;223;3.717;bow;1.00;invisivel;1;1360.0;1000.0;nan;---
1;224;3.733;bow;1.00;invisivel;1;1360.0;1000.0;nan;---
1;225;3.750;bow;1.00;invisivel;1;1360.0;1000.0;nan;---
1;226;3.767;bow;1.00;invisivel;1;1360.0;1000.0;nan;---
1;227;3.783;bow;1.00;invisivel;1;1360.0;1000.0;nan;---
1;228;3.800;bow;1.00;invisivel;1;1360.0;1000.0;nan;---
1;229;3.817;bow;1.00;invisivel;1;1360.0;1000.0;nan;---
1;230;3.833;bow;1.00;invisivel;1;1360.0;1000.0;nan;---
1;231;3.850;bow;1.00;invisivel;1;1360.0;1000.0;nan;---
1;232;3.867;bow;1.00;invisivel;1;1360.0;1000.0;nan;---
1;233;3.883;bow;1.00;invisivel;1;1360.0;1000.0;nan;---
1;234;3.900;bow;1.00;invisivel;1;1360.0;1000.0;nan;---
1;235;3.917;bow;1.00;invisivel;1;1360.0;1000.0;nan;---
1;236;3.933;bow;1.00;invisivel;1;1360.0;1000.0;nan;---
1;237;3.950;bow;1.00;invisivel;1;1360.0;1000.0;nan;---
1;238;3.967;bow;1.00;invisivel;1;1360.0;1000.0;nan;---
1;239;3.983;bow;1.00;invisivel;1;1360.0;1000.0;nan;---
1;240;4.000;bow;1.00;invisivel;1;1360.0;1000.0;nan;---
1;241;4.017;bow;1.00;invisivel;1;1360.0;1000.0;nan;---
1;242;4.033;bow;1.00;invisivel;1;1360.0;1000.0;nan;---
1;243;4.050;bow;1.00;invisivel;1;1360.0;1000.0;nan;---
1;244;4.067;bow;1.00;invisivel;1;1360.0;1000.0;nan;---
1;245;4.083;bow;1.00;invisivel;1;1360.0;1000.0;nan;---
1;246;4.100;bow;1.00;invisivel;1;1360.0;1000.0;nan;---
1;247;4.117;bow;1.00;invisivel;1;1360.0;1000.0;nan;---
1;248;4.133;bow;1.00;invisivel;1;1360.0;1000.0;nan;---
1;249;4.150;bow;1.00;invisivel;1;1360.0;1000.0;nan;---
1;250;4.167;bow;1.00;invisivel;1;1360.0;1000.0;nan;---
1;251;4.183;bow;1.00;invisivel;1;1360.0;1000.0;nan;---
1;252;4.200;bow;1.00;invisivel;1;1360.0;1000.0;nan;---
1;253;4.217;bow;1.00;invisivel;1;1360.0;1000.0;nan;---
1;254;4.233;bow;1.00;invisivel;1;1360.0;1000.0;nan;---
1;255;4.250;bow;1.00;invisivel;1;1360.0;1000.0;nan;---
1;256;4.267;bow;1.00;invisivel;1;1360.0;1000.0;nan;---
1;257;4.283;bow;1.00;invisivel;1;1360.0;1000.0;nan;---
1;258;4.300;bow;1.00;invisivel;1;1360.0;1000.0;nan;---
1;259;4.317;bow;1.00;invisivel;1;1360.0;1000.0;nan;---
1;260;4.333;bow;1.00;invisivel;1;1360.0;1000.0;nan;---
1;261;4.350;bow;1.00;invisivel;1;1360.0;1000.0;nan;---
1;262;4.367;bow;1.00;invisivel;1;1360.0;1000.0;nan;---
1;263;4.383;bow;1.00;invisivel;1;1360.0;1000.0;nan;---
1;264;4.400;bow;1.00;invisivel;1;1360.0;1000.0;nan;---
1;265;4.417;bow;1.00;invisivel;1;1360.0;1000.0;nan;---
1;266;4.433;bow;1.00;invisivel;1;1360.0;1000.0;nan;---
1;267;4.450;bow;1.00;invisivel;1;1360.0;1000.0;nan;---
1;268;4.467;bow;1.00;invisivel;1;1360.0;1000.0;nan;---
1;269;4.483;bow;1.00;invisivel;1;1360.0;1000.0;nan;---
1;270;4.500;bow;1.00;invisivel;1;1360.0;1000.0;nan;---
1;271;4.517;bow;1.00;invisivel;1;1360.0;1000.0;nan;---
1;272;4.533;bow;1.00;invisivel;1;1360.0;1000.0;nan;---
1;273;4.550;bow;1.00;invisivel;1;1360.0;1000.0;nan;---
1;274;4.567;bow;1.00;invisivel;1;1360.0;1000.0;nan;---
1;275;4.583;bow;1.00;invisivel;1;1360.0;1000.0;nan;---
1;276;4.600;bow;1.00;invisivel;1;1360.0;1000.0;nan;---
1;277;4.617;bow;1.00;invisivel;1;1360.0;1000.0;nan;---
1;278;4.633;bow;1.00;invisivel;1;1360.0;1000.0;nan;---
1;279;4.650;bow;1.00;invisivel;1;1360.0;1000.0;nan;---
1;280;4.667;bow;1.00;invisivel;1;1360.0;1000.0;nan;---
1;281;4.683;bow;1.00;invisivel;1;1360.0;1000.0;nan;---
1;282;4.700;bow;1.00;invisivel;1;1360.0;1000.0;nan;---
1;283;4.717;bow;1.00;invisivel;1;1360.0;1000.0;nan;---
1;284;4.733;bow;1.00;invisivel;1;1360.0;1000.0;nan;---
1;285;4.750;bow;1.00;invisivel;1;1360.0;1000.0;nan;---
1;286;4.767;bow;1.00;invisivel;1;1360.0;1000.0;nan;---
1;287;4.783;bow;1.00;invisivel;1;1360.0;1000.0;nan;---
1;288;4.800;bow;1.00;invisivel;1;1360.0;1000.0;nan;---
1;289;4.817;bow;1.00;invisivel;1;1360.0;1000.0;nan;---
1;290;4.833;bow;1.00;invisivel;1;1360.0;1000.0;nan;---
1;291;4.850;bow;1.00;invisivel;1;1360.0;1000.0;nan;---
1;292;4.867;bow;1.00;invisivel;1;1360.0;1000.0;nan;---
1;293;4.883;bow;1.00;invisivel;1;1360.0;1000.0;nan;---
1;294;4.900;bow;1.00;invisivel;1;1360.0;1000.0;nan;---
1;295;4.917;bow;1.00;invisivel;1;1360.0;1000.0;nan;---
1;296;4.933;bow;1.00;invisivel;1;1360.0;1000.0;nan;---
1;297;4.950;bow;1.00;invisivel;1;1360.0;1000.0;nan;---
1;298;4.967;bow;1.00;invisivel;1;1360.0;1000.0;nan;---
1;299;4.983;bow;1.00;invisivel;1;1360.0;1000.0;nan;---
1;300;5.000;bow;1.00;invisivel;1;1360.0;1000.0;nan;---
1;301;5.017;bow;1.00;invisivel;1;1360.0;1000.0;nan;---
1;302;5.033;bow;1.00;invisivel;1;1360.0;1000.0;nan;---
1;303;5.050;bow;1.00;invisivel;1;1360.0;1000.0;nan;---
1;304;5.067;bow;1.00;invisivel;1;1360.0;1000.0;nan;---
1;305;5.083;bow;1.00;invisivel;1;1360.0;1000.0;nan;---
1;306;5.100;bow;1.00;invisivel;1;1360.0;1000.0;nan;---
1;307;5.117;bow;1.00;invisivel;1;1360.0;1000.0;nan;---
1;308;5.133;bow;1.00;invisivel;1;1360.0;1000.0;nan;---
1;309;5.150;bow;1.00;invisivel;1;1360.0;1000.0;nan;---
1;310;5.167;bow;1.00;invisivel;1;1360.0;1000.0;nan;---
1;311;5.183;bow;1.00;invisivel;1;1360.0;1000.0;nan;---
1;312;5.200;bow;1.00;invisivel;1;1360.0;1000.0;nan;---
1;313;5.217;bow;1.00;invisivel;1;1360.0;1000.0;nan;---
1;314;5.233;bow;1.00;invisivel;1;1360.0;1000.0;nan;---
1;315;5.250;bow;1.00;invisivel;1;1360.0;1000.0;nan;---
1;316;5.267;bow;1.00;invisivel;1;1360.0;1000.0;nan;---
1;317;5.283;bow;1.00;invisivel;1;1360.0;1000.0;nan;---
1;318;5.300;bow;1.00;invisivel;1;1360.0;1000.0;nan;---
1;319;5.317;bow;1.00;invisivel;1;1360.0;1000.0;nan;---
1;320;5.333;bow;1.00;invisivel;1;1360.0;1000.0;nan;---
1;321;5.350;bow;1.00;invisivel;1;1360.0;1000.0;nan;---
1;322;5.367;bow;1.00;invisivel;1;1360.0;1000.0;nan;---
1;323;5.383;bow;1.00;invisivel;1;1360.0;1000.0;nan;---
1;324;5.400;bow;1.00;invisivel;1;1360.0;1000.0;nan;---
1;325;5.417;bow;1.00;invisivel;1;1360.0;1000.0;nan;---
1;326;5.433;bow;1.00;invisivel;1;1360.0;1000.0;nan;---
1;327;5.450;bow;1.00;invisivel;1;1360.0;1000.0;nan;---
1;328;5.467;bow;1.00;invisivel;1;1360.0;1000.0;nan;---
1;329;5.483;bow;1.00;invisivel;1;1360.0;1000.0;nan;---
1;330;5.500;bow;1.00;invisivel;1;1360.0;1000.0;nan;---
1;331;5.517;bow;1.00;invisivel;1;1360.0;1000.0;nan;---
1;332;5.533;bow;1.00;invisivel;1;1360.0;1000.0;nan;---
1;333;5.550;bow;1.00;invisivel;1;1360.0;1000.0;nan;---
1;334;5.567;bow;1.00;invisivel;1;1360.0;1000.0;nan;---
1;335;5.583;bow;1.00;invisivel;1;1360.0;1000.0;nan;---
1;336;5.600;bow;1.00;invisivel;1;1360.0;1000.0;nan;---
1;337;5.617;bow;1.00;invisivel;1;1360.0;1000.0;nan;---
1;338;5.633;bow;1.00;invisivel;1;1360.0;1000.0;nan;---
1;339;5.650;bow;1.00;invisivel;1;1360.0;1000.0;nan;---
1;340;5.667;bow;1.00;invisivel;1;1360.0;1000.0;nan;---
1;341;5.683;bow;1.00;invisivel;1;1360.0;1000.0;nan;---
1;342;5.700;bow;1.00;invisivel;1;1360.0;1000.0;nan;---
1;343;5.717;bow;1.00;invisivel;1;1360.0;1000.0;nan;---
1;344;5.733;bow;1.00;invisivel;1;1360.0;1000.0;nan;---
1;345;5.750;bow;1.00;invisivel;1;1360.0;1000.0;nan;---
1;346;5.767;bow;1.00;invisivel;1;1360.0;1000.0;nan;---
1;347;5.783;bow;1.00;invisivel;1;1360.0;1000.0;nan;---
1;348;5.800;bow;1.00;invisivel;1;1360.0;1000.0;nan;---
1;349;5.817;bow;1.00;invisivel;1;1360.0;1000.0;nan;---
1;350;5.833;bow;1.00;invisivel;1;1360.0;1000.0;nan;---
1;351;5.850;bow;1.00;invisivel;1;1360.0;1000.0;nan;---
1;352;5.867;bow;1.00;invisivel;1;1360.0;1000.0;nan;---
1;353;5.883;bow;1.00;invisivel;1;1360.0;1000.0;nan;---
1;354;5.900;bow;1.00;invisivel;1;1360.0;1000.0;nan;---
1;355;5.917;bow;1.00;invisivel;1;1360.0;1000.0;nan;---
1;356;5.933;bow;1.00;invisivel;1;1360.0;1000.0;nan;---
1;357;5.950;bow;1.00;invisivel;1;1360.0;1000.0;nan;---
1;358;5.967;bow;1.00;invisivel;1;1360.0;1000.0;nan;---
1;359;5.983;bow;1.00;invisivel;1;1360.0;1000.0;nan;---
1;360;6.000;bow;1.00;invisivel;1;1360.0;1000.0;nan;---
1;361;6.017;bow;1.00;invisivel;1;1360.0;1000.0;nan;---
1;362;6.033;bow;1.00;invisivel;1;1360.0;1000.0;nan;---
1;363;6.050;bow;1.00;invisivel;1;1360.0;1000.0;nan;---
1;364;6.067;bow;1.00;invisivel;1;1360.0;1000.0;nan;---
1;365;6.083;bow;1.00;invisivel;1;1360.0;1000.0;nan;---
1;366;6.100;bow;1.00;invisivel;1;1360.0;1000.0;nan;---
1;367;6.117;bow;1.00;invisivel;1;1360.0;1000.0;nan;---
1;368;6.133;bow;1.00;invisivel;1;1360.0;1000.0;nan;---
1;369;6.150;bow;1.00;invisivel;1;1360.0;1000.0;nan;---
1;370;6.167;bow;1.00;invisivel;1;1360.0;1000.0;nan;---
1;371;6.183;bow;1.00;invisivel;1;1360.0;1000.0;nan;---
1;372;6.200;bow;1.00;invisivel;1;1360.0;1000.0;nan;---
1;373;6.217;bow;1.00;invisivel;1;1360.0;1000.0;nan;---
1;374;6.233;bow;1.00;invisivel;1;1360.0;1000.0;nan;---
1;375;6.250;bow;1.00;invisivel;1;1360.0;1000.0;nan;---
1;376;6.267;bow;1.00;invisivel;1;1360.0;1000.0;nan;---
1;377;6.283;bow;1.00;invisivel;1;1360.0;1000.0;nan;---
1;378;6.300;bow;1.00;invisivel;1;1360.0;1000.0;nan;---
1;379;6.317;bow;1.00;invisivel;1;1360.0;1000.0;nan;---
1;380;6.333;bow;1.00;invisivel;1;1360.0;1000.0;nan;---
1;381;6.350;bow;1.00;invisivel;1;1360.0;1000.0;nan;---
1;382;6.367;bow;1.00;invisivel;1;1360.0;1000.0;nan;---
1;383;6.383;bow;1.00;invisivel;1;1360.0;1000.0;nan;---
1;384;6.400;bow;1.00;invisivel;1;1360.0;1000.0;nan;---
1;385;6.417;bow;1.00;invisivel;1;1360.0;1000.0;nan;---
1;386;6.433;bow;1.00;invisivel;1;1360.0;1000.0;nan;---
1;387;6.450;bow;1.00;invisivel;1;1360.0;1000.0;nan;---
1;388;6.467;bow;1.00;invisivel;1;1360.0;1000.0;nan;---
1;389;6.483;bow;1.00;invisivel;1;1360.0;1000.0;nan;---
1;390;6.500;bow;1.00;invisivel;1;1360.0;1000.0;nan;---
1;391;6.517;bow;1.00;invisivel;1;1360.0;1000.0;nan;---
1;392;6.533;bow;1.00;invisivel;1;1360.0;1000.0;nan;---
1;393;6.550;bow;1.00;invisivel;1;1360.0;1000.0;nan;---
1;394;6.567;bow;1.00;invisivel;1;1360.0;1000.0;nan;---
1;395;6.583;bow;1.00;invisivel;1;1360.0;1000.0;nan;---
1;396;6.600;bow;1.00;invisivel;1;1360.0;1000.0;nan;---
1;397;6.617;bow;1.00;invisivel;1;1360.0;1000.0;nan;---
1;398;6.633;bow;1.00;invisivel;1;1360.0;1000.0;nan;---
1;399;6.650;bow;1.00;invisivel;1;1360.0;1000.0;nan;---
1;400;6.667;bow;1.00;invisivel;1;1360.0;1000.0;nan;---
1;401;6.683;bow;1.00;invisivel;1;1360.0;1000.0;nan;---
1;402;6.700;bow;1.00;invisivel;1;1360.0;1000.0;nan;---
1;403;6.717;bow;1.00;invisivel;1;1360.0;1000.0;nan;---
1;404;6.733;bow;1.00;invisivel;1;1360.0;1000.0;nan;---
1;405;6.750;bow;1.00;invisivel;1;1360.0;1000.0;nan;---
1;406;6.767;bow;1.00;invisivel;1;1360.0;1000.0;nan;---
1;407;6.783;bow;1.00;invisivel;1;1360.0;1000.0;nan;---
1;408;6.800;bow;1.00;invisivel;1;1360.0;1000.0;nan;---
1;409;6.817;bow;1.00;invisivel;1;1360.0;1000.0;nan;---
1;410;6.833;bow;1.00;invisivel;1;1360.0;1000.0;nan;---
1;411;6.850;bow;1.00;invisivel;1;1360.0;1000.0;nan;---
1;412;6.867;bow;1.00;invisivel;1;1360.0;1000.0;nan;---
1;413;6.883;bow;1.00;invisivel;1;1360.0;1000.0;nan;---
1;414;6.900;bow;1.00;invisivel;1;1360.0;1000.0;nan;---
1;415;6.917;bow;1.00;invisivel;1;1360.0;1000.0;nan;---
1;416;6.933;bow;1.00;invisivel;1;1360.0;1000.0;nan;---
1;417;6.950;bow;1.00;invisivel;1;1360.0;1000.0;nan;---
1;418;6.967;bow;1.00;invisivel;1;1360.0;1000.0;nan;---
1;419;6.983;bow;1.00;invisivel;1;1360.0;1000.0;nan;---
1;420;7.000;bow;1.00;invisivel;1;1360.0;1000.0;nan;---
1;421;7.017;bow;1.00;invisivel;1;1360.0;1000.0;nan;---
1;422;7.033;bow;1.00;invisivel;1;1360.0;1000.0;nan;---
1;423;7.050;bow;1.00;invisivel;1;1360.0;1000.0;nan;---
1;424;7.067;bow;1.00;invisivel;1;560.0;1000.0;nan;--2
1;425;7.083;bow;0.93;sumir4;1;560.0;1000.0;-84.2;--2
1;426;7.100;bow;0.87;sumir4;1;560.0;1000.0;-84.2;--2
1;427;7.117;bow;0.80;sumir4;1;560.0;1000.0;-84.2;--2
1;428;7.133;bow;0.73;sumir3;1;560.0;1000.0;-264.9;--2
1;429;7.150;bow;0.67;sumir3;1;560.0;1000.0;-264.9;--2
1;430;7.167;bow;0.60;sumir3;1;560.0;1000.0;-264.9;--2
1;431;7.183;bow;0.53;sumir3;1;560.0;1000.0;-264.9;--2
1;432;7.200;bow;0.47;sumir2;1;560.0;1000.0;-327.4;--2
1;433;7.217;bow;0.40;sumir2;1;560.0;1000.0;-327.4;--2
1;434;7.233;bow;0.33;sumir2;1;560.0;1000.0;-327.4;--2
1;435;7.250;bow;0.27;sumir2;1;560.0;1000.0;-327.4;--2
1;436;7.267;bow;0.20;sumir1;1;560.0;1000.0;-332.1;--2
1;437;7.283;bow;0.13;sumir1;1;560.0;1000.0;-332.1;--2
1;438;7.300;bow;0.07;sumir1;1;560.0;1000.0;-332.1;--2
1;439;7.317;bow;0.00;sumir1;1;560.0;1000.0;-332.1;--2
1;440;7.333;bow;0.00;rev1;1;560.0;1000.0;-326.7;--2
1;441;7.350;bow;0.00;rev1;1;560.0;1000.0;-326.7;--2
1;442;7.367;bow;0.00;rev1;1;560.0;1000.0;-326.7;--2
1;443;7.383;bow;0.00;rev1;1;560.0;1000.0;-326.7;--2
1;444;7.400;bow;0.00;rev1;1;560.0;1000.0;-326.7;--2
1;445;7.417;bow;0.00;rev1;1;560.0;1000.0;-326.7;--2
1;446;7.433;bow;0.00;rev1;1;560.0;1000.0;-326.7;--2
1;447;7.450;bow;0.00;rev1;1;560.0;1000.0;-326.7;--2
1;448;7.467;bow;0.00;rev1;1;560.0;1000.0;-326.7;--2
1;449;7.483;bow;0.00;rev1;1;560.0;1000.0;-326.7;--2
1;450;7.500;bow;0.00;rev1;1;560.0;1000.0;-326.7;--2
1;451;7.517;bow;0.00;rev1;1;560.0;1000.0;-326.7;--2
1;452;7.533;bow;0.00;rev1;1;560.0;1000.0;-326.7;--2
1;453;7.550;bow;0.00;rev1;1;560.0;1000.0;-326.7;--2
1;454;7.567;bow;0.00;rev1;1;560.0;1000.0;-326.7;--2
1;455;7.583;bow;0.00;rev1;1;560.0;1000.0;-326.7;--2
1;456;7.600;bow;0.00;rev1;1;560.0;1000.0;-326.7;--2
1;457;7.617;bow;0.00;rev2;1;560.0;1000.0;-235.8;--2
1;458;7.633;bow;0.00;rev2;1;560.0;1000.0;-235.8;--2
1;459;7.650;bow;0.00;rev2;1;560.0;1000.0;-235.8;--2
1;460;7.667;bow;0.00;rev2;1;560.0;1000.0;-235.8;--2
1;461;7.683;bow;0.00;rev2;1;560.0;1000.0;-235.8;--2
1;462;7.700;bow;0.00;rev2;1;560.0;1000.0;-235.8;--2
1;463;7.717;bow;0.00;rev2;1;560.0;1000.0;-235.8;--2
1;464;7.733;bow;0.00;rev2;1;560.0;1000.0;-235.8;--2
1;465;7.750;bow;0.00;rev2;1;560.0;1000.0;-235.8;--2
1;466;7.767;bow;0.00;rev2;1;560.0;1000.0;-235.8;--2
1;467;7.783;bow;0.00;rev2;1;560.0;1000.0;-235.8;--2
1;468;7.800;bow;0.00;rev2;1;560.0;1000.0;-235.8;--2
1;469;7.817;bow;0.00;rev2;1;560.0;1000.0;-235.8;--2
1;470;7.833;bow;0.00;rev2;1;560.0;1000.0;-235.8;--2
1;471;7.850;bow;0.00;rev2;1;560.0;1000.0;-235.8;--2
1;472;7.867;bow;0.00;rev2;1;560.0;1000.0;-235.8;--2
1;473;7.883;bow;0.00;rev2;1;560.0;1000.0;-235.8;--2
1;474;7.900;bow;0.00;rev2;1;560.0;1000.0;-235.8;--2
1;475;7.917;bow;0.00;rev2;1;560.0;1000.0;-235.8;--2
1;476;7.933;bow;0.00;rev2;1;560.0;1000.0;-235.8;--2
1;477;7.950;bow;0.00;rev2;1;560.0;1000.0;-235.8;--2
1;478;7.967;idle;0.00;rev1;1;560.0;1000.0;-326.7;--2
2;1;0.017;bow;0.00;rev1;1;560.0;1000.0;-326.7;---
2;2;0.033;bow;0.00;rev1;1;560.0;1000.0;-326.7;---
2;3;0.050;bow;0.00;rev1;1;560.0;1000.0;-326.7;---
2;4;0.067;bow;0.00;rev1;1;560.0;1000.0;-326.7;---
2;5;0.083;bow;0.00;rev1;1;560.0;1000.0;-326.7;---
2;6;0.100;bow;0.00;rev1;1;560.0;1000.0;-326.7;---
2;7;0.117;bow;0.00;rev1;1;560.0;1000.0;-326.7;0--
2;8;0.133;bow;0.00;rev1;1;560.0;1000.0;-326.7;0--
2;9;0.150;bow;0.00;rev1;1;560.0;1000.0;-326.7;0--
2;10;0.167;bow;0.00;rev1;1;560.0;1000.0;-326.7;0--
2;11;0.183;bow;0.00;rev1;1;560.0;1000.0;-326.7;0--
2;12;0.200;bow;0.00;rev1;1;560.0;1000.0;-326.7;0--
2;13;0.217;bow;0.08;sumir1;1;560.0;1000.0;-332.1;0--
2;14;0.233;bow;0.17;sumir1;1;560.0;1000.0;-332.1;0--
2;15;0.250;bow;0.25;sumir1;1;560.0;1000.0;-332.1;0--
2;16;0.267;bow;0.33;sumir2;1;560.0;1000.0;-327.4;0--
2;17;0.283;bow;0.42;sumir2;1;560.0;1000.0;-327.4;0--
2;18;0.300;bow;0.50;sumir2;1;560.0;1000.0;-327.4;0--
2;19;0.317;bow;0.58;sumir3;1;560.0;1000.0;-264.9;0--
2;20;0.333;bow;0.67;sumir3;1;560.0;1000.0;-264.9;0--
2;21;0.350;bow;0.75;sumir3;1;560.0;1000.0;-264.9;0--
2;22;0.367;bow;0.83;sumir4;1;560.0;1000.0;-84.2;0--
2;23;0.383;bow;0.92;sumir4;1;560.0;1000.0;-84.2;0--
2;24;0.400;bow;1.00;sumir4;1;560.0;1000.0;-84.2;0--
2;25;0.417;bow;1.00;invisivel;1;560.0;1000.0;nan;0--
2;26;0.433;bow;0.83;sumir4;1;560.0;1000.0;-84.2;0--
2;27;0.450;bow;0.75;sumir4;1;560.0;1000.0;-84.2;0--
2;28;0.467;bow;0.67;sumir3;1;560.0;1000.0;-264.9;0--
2;29;0.483;bow;0.58;sumir3;1;560.0;1000.0;-264.9;0--
2;30;0.500;bow;0.50;sumir3;1;560.0;1000.0;-264.9;0--
2;31;0.517;bow;0.42;sumir2;1;560.0;1000.0;-327.4;0--
2;32;0.533;bow;0.33;sumir2;1;560.0;1000.0;-327.4;0--
2;33;0.550;bow;0.25;sumir2;1;560.0;1000.0;-327.4;0--
2;34;0.567;bow;0.25;sumir2;1;560.0;1000.0;-327.4;0--
2;35;0.583;bow;0.25;sumir2;1;560.0;1000.0;-327.4;0--
2;36;0.600;bow;0.25;sumir2;1;560.0;1000.0;-327.4;0--
2;37;0.617;bow;0.25;sumir2;1;560.0;1000.0;-327.4;0--
2;38;0.633;bow;0.25;sumir2;1;560.0;1000.0;-327.4;0--
2;39;0.650;bow;0.25;sumir2;1;560.0;1000.0;-327.4;0--
2;40;0.667;bow;0.25;sumir2;1;560.0;1000.0;-327.4;0--
2;41;0.683;bow;0.25;sumir2;1;560.0;1000.0;-327.4;0--
2;42;0.700;bow;0.25;sumir2;1;560.0;1000.0;-327.4;0--
2;43;0.717;bow;0.25;sumir2;1;560.0;1000.0;-327.4;0--
2;44;0.733;bow;0.25;sumir2;1;560.0;1000.0;-327.4;0--
2;45;0.750;bow;0.25;sumir2;1;560.0;1000.0;-327.4;0--
2;46;0.767;bow;0.33;sumir2;1;560.0;1000.0;-327.4;0--
2;47;0.783;bow;0.42;sumir2;1;560.0;1000.0;-327.4;0--
2;48;0.800;bow;0.50;sumir3;1;560.0;1000.0;-264.9;0--
2;49;0.817;bow;0.58;sumir3;1;560.0;1000.0;-264.9;0--
2;50;0.833;bow;0.67;sumir3;1;560.0;1000.0;-264.9;---
2;51;0.850;bow;0.75;sumir4;1;560.0;1000.0;-84.2;---
2;52;0.867;bow;0.83;sumir4;1;560.0;1000.0;-84.2;---
2;53;0.883;bow;0.92;sumir4;1;560.0;1000.0;-84.2;---
2;54;0.900;bow;1.00;invisivel;1;560.0;1000.0;nan;---
2;55;0.917;bow;1.00;invisivel;1;560.0;1000.0;nan;---
2;56;0.933;bow;1.00;invisivel;1;560.0;1000.0;nan;---
2;57;0.950;bow;1.00;invisivel;1;560.0;1000.0;nan;---
2;58;0.967;bow;1.00;invisivel;1;560.0;1000.0;nan;---
2;59;0.983;bow;1.00;invisivel;1;560.0;1000.0;nan;---
2;60;1.000;bow;1.00;invisivel;1;560.0;1000.0;nan;---
2;61;1.017;bow;1.00;invisivel;1;560.0;1000.0;nan;---
2;62;1.033;bow;1.00;invisivel;1;560.0;1000.0;nan;---
2;63;1.050;bow;1.00;invisivel;1;560.0;1000.0;nan;---
2;64;1.067;bow;1.00;invisivel;1;560.0;1000.0;nan;---
2;65;1.083;bow;1.00;invisivel;1;560.0;1000.0;nan;---
2;66;1.100;bow;1.00;invisivel;1;560.0;1000.0;nan;---
2;67;1.117;bow;1.00;invisivel;1;560.0;1000.0;nan;---
2;68;1.133;bow;1.00;invisivel;1;560.0;1000.0;nan;---
2;69;1.150;bow;1.00;invisivel;1;560.0;1000.0;nan;---
2;70;1.167;bow;1.00;invisivel;1;560.0;1000.0;nan;---
2;71;1.183;bow;1.00;invisivel;1;560.0;1000.0;nan;---
2;72;1.200;bow;1.00;invisivel;1;560.0;1000.0;nan;---
2;73;1.217;bow;1.00;invisivel;1;560.0;1000.0;nan;---
2;74;1.233;bow;1.00;invisivel;1;560.0;1000.0;nan;---
2;75;1.250;bow;1.00;invisivel;1;560.0;1000.0;nan;---
2;76;1.267;bow;1.00;invisivel;1;560.0;1000.0;nan;---
2;77;1.283;bow;1.00;invisivel;1;560.0;1000.0;nan;---
2;78;1.300;bow;1.00;invisivel;1;560.0;1000.0;nan;---
2;79;1.317;bow;1.00;invisivel;1;560.0;1000.0;nan;---
2;80;1.333;bow;1.00;invisivel;1;560.0;1000.0;nan;---
2;81;1.350;bow;1.00;invisivel;1;560.0;1000.0;nan;---
2;82;1.367;bow;1.00;invisivel;1;560.0;1000.0;nan;---
2;83;1.383;bow;1.00;invisivel;1;560.0;1000.0;nan;---
2;84;1.400;bow;1.00;invisivel;1;560.0;1000.0;nan;---
2;85;1.417;bow;1.00;invisivel;1;560.0;1000.0;nan;---
2;86;1.433;bow;1.00;invisivel;1;560.0;1000.0;nan;---
2;87;1.450;bow;1.00;invisivel;1;560.0;1000.0;nan;---
2;88;1.467;bow;1.00;invisivel;1;560.0;1000.0;nan;---
2;89;1.483;bow;1.00;invisivel;1;560.0;1000.0;nan;---
2;90;1.500;bow;1.00;invisivel;1;560.0;1000.0;nan;---
2;91;1.517;bow;1.00;invisivel;1;560.0;1000.0;nan;---
2;92;1.533;bow;1.00;invisivel;1;560.0;1000.0;nan;---
2;93;1.550;bow;1.00;invisivel;1;560.0;1000.0;nan;---
2;94;1.567;bow;1.00;invisivel;1;560.0;1000.0;nan;---
2;95;1.583;bow;1.00;invisivel;1;560.0;1000.0;nan;---
2;96;1.600;bow;1.00;invisivel;1;560.0;1000.0;nan;---
2;97;1.617;bow;1.00;invisivel;1;560.0;1000.0;nan;---
2;98;1.633;bow;1.00;invisivel;1;560.0;1000.0;nan;---
2;99;1.650;bow;1.00;invisivel;1;560.0;1000.0;nan;---
2;100;1.667;bow;1.00;invisivel;1;560.0;1000.0;nan;---
2;101;1.683;bow;1.00;invisivel;1;560.0;1000.0;nan;---
2;102;1.700;bow;1.00;invisivel;1;560.0;1000.0;nan;---
2;103;1.717;bow;1.00;invisivel;1;560.0;1000.0;nan;---
2;104;1.733;bow;1.00;invisivel;1;560.0;1000.0;nan;---
2;105;1.750;bow;1.00;invisivel;1;560.0;1000.0;nan;---
2;106;1.767;bow;1.00;invisivel;1;560.0;1000.0;nan;---
2;107;1.783;bow;1.00;invisivel;1;560.0;1000.0;nan;---
2;108;1.800;bow;1.00;invisivel;1;560.0;1000.0;nan;---
2;109;1.817;bow;1.00;invisivel;1;560.0;1000.0;nan;---
2;110;1.833;bow;1.00;invisivel;1;560.0;1000.0;nan;---
2;111;1.850;bow;1.00;invisivel;1;560.0;1000.0;nan;---
2;112;1.867;bow;1.00;invisivel;1;560.0;1000.0;nan;---
2;113;1.883;bow;1.00;invisivel;1;560.0;1000.0;nan;---
2;114;1.900;bow;1.00;invisivel;1;560.0;1000.0;nan;---
2;115;1.917;bow;1.00;invisivel;1;560.0;1000.0;nan;---
2;116;1.933;bow;1.00;invisivel;1;560.0;1000.0;nan;---
2;117;1.950;bow;1.00;invisivel;1;560.0;1000.0;nan;---
2;118;1.967;bow;1.00;invisivel;1;560.0;1000.0;nan;---
2;119;1.983;bow;1.00;invisivel;1;560.0;1000.0;nan;---
2;120;2.000;bow;1.00;invisivel;1;560.0;1000.0;nan;---
2;121;2.017;bow;1.00;invisivel;1;560.0;1000.0;nan;---
2;122;2.033;bow;1.00;invisivel;1;560.0;1000.0;nan;---
2;123;2.050;bow;1.00;invisivel;1;560.0;1000.0;nan;---
2;124;2.067;bow;1.00;invisivel;1;560.0;1000.0;nan;---
2;125;2.083;bow;1.00;invisivel;1;560.0;1000.0;nan;---
2;126;2.100;bow;1.00;invisivel;1;560.0;1000.0;nan;---
2;127;2.117;bow;1.00;invisivel;1;560.0;1000.0;nan;---
2;128;2.133;bow;1.00;invisivel;1;560.0;1000.0;nan;---
2;129;2.150;bow;1.00;invisivel;1;560.0;1000.0;nan;---
2;130;2.167;bow;1.00;invisivel;1;560.0;1000.0;nan;---
2;131;2.183;bow;1.00;invisivel;1;560.0;1000.0;nan;---
2;132;2.200;bow;1.00;invisivel;1;560.0;1000.0;nan;---
2;133;2.217;bow;1.00;invisivel;1;560.0;1000.0;nan;---
2;134;2.233;bow;1.00;invisivel;1;560.0;1000.0;nan;---
2;135;2.250;bow;1.00;invisivel;1;560.0;1000.0;nan;---
2;136;2.267;bow;1.00;invisivel;1;560.0;1000.0;nan;---
2;137;2.283;bow;1.00;invisivel;1;560.0;1000.0;nan;---
2;138;2.300;bow;1.00;invisivel;1;560.0;1000.0;nan;---
2;139;2.317;bow;1.00;invisivel;1;560.0;1000.0;nan;---
2;140;2.333;bow;1.00;invisivel;1;560.0;1000.0;nan;---
2;141;2.350;bow;1.00;invisivel;1;560.0;1000.0;nan;---
2;142;2.367;bow;1.00;invisivel;1;560.0;1000.0;nan;---
2;143;2.383;bow;1.00;invisivel;1;560.0;1000.0;nan;---
2;144;2.400;bow;1.00;invisivel;1;560.0;1000.0;nan;---
2;145;2.417;bow;1.00;invisivel;1;560.0;1000.0;nan;---
2;146;2.433;bow;1.00;invisivel;1;560.0;1000.0;nan;---
2;147;2.450;bow;1.00;invisivel;1;560.0;1000.0;nan;---
2;148;2.467;bow;1.00;invisivel;1;560.0;1000.0;nan;---
2;149;2.483;bow;1.00;invisivel;1;560.0;1000.0;nan;---
2;150;2.500;bow;1.00;invisivel;1;560.0;1000.0;nan;---
2;151;2.517;bow;1.00;invisivel;1;560.0;1000.0;nan;---
2;152;2.533;bow;1.00;invisivel;1;560.0;1000.0;nan;---
2;153;2.550;bow;1.00;invisivel;1;560.0;1000.0;nan;---
2;154;2.567;bow;1.00;invisivel;1;560.0;1000.0;nan;---
2;155;2.583;bow;1.00;invisivel;1;560.0;1000.0;nan;---
2;156;2.600;bow;1.00;invisivel;1;560.0;1000.0;nan;---
2;157;2.617;bow;1.00;invisivel;1;560.0;1000.0;nan;---
2;158;2.633;bow;1.00;invisivel;1;560.0;1000.0;nan;---
2;159;2.650;bow;1.00;invisivel;1;560.0;1000.0;nan;---
2;160;2.667;bow;1.00;invisivel;1;560.0;1000.0;nan;---
2;161;2.683;bow;1.00;invisivel;1;560.0;1000.0;nan;---
2;162;2.700;bow;1.00;invisivel;1;560.0;1000.0;nan;---
2;163;2.717;bow;1.00;invisivel;1;560.0;1000.0;nan;---
2;164;2.733;bow;1.00;invisivel;1;560.0;1000.0;nan;---
2;165;2.750;bow;1.00;invisivel;1;560.0;1000.0;nan;---
2;166;2.767;bow;1.00;invisivel;1;560.0;1000.0;nan;---
2;167;2.783;bow;1.00;invisivel;1;560.0;1000.0;nan;---
2;168;2.800;bow;1.00;invisivel;1;560.0;1000.0;nan;---
2;169;2.817;bow;1.00;invisivel;1;560.0;1000.0;nan;---
2;170;2.833;bow;1.00;invisivel;1;560.0;1000.0;nan;---
2;171;2.850;bow;1.00;invisivel;1;560.0;1000.0;nan;---
2;172;2.867;bow;1.00;invisivel;1;560.0;1000.0;nan;---
2;173;2.883;bow;1.00;invisivel;1;560.0;1000.0;nan;---
2;174;2.900;bow;1.00;invisivel;1;560.0;1000.0;nan;---
2;175;2.917;bow;1.00;invisivel;1;560.0;1000.0;nan;---
2;176;2.933;bow;1.00;invisivel;1;560.0;1000.0;nan;---
2;177;2.950;bow;1.00;invisivel;1;560.0;1000.0;nan;---
2;178;2.967;bow;1.00;invisivel;1;560.0;1000.0;nan;---
2;179;2.983;bow;1.00;invisivel;1;560.0;1000.0;nan;---
2;180;3.000;bow;1.00;invisivel;1;560.0;1000.0;nan;---
2;181;3.017;bow;1.00;invisivel;1;560.0;1000.0;nan;---
2;182;3.033;bow;1.00;invisivel;1;560.0;1000.0;nan;---
2;183;3.050;bow;1.00;invisivel;1;560.0;1000.0;nan;---
2;184;3.067;bow;1.00;invisivel;1;560.0;1000.0;nan;---
2;185;3.083;bow;1.00;invisivel;1;560.0;1000.0;nan;---
2;186;3.100;bow;1.00;invisivel;1;560.0;1000.0;nan;---
2;187;3.117;bow;1.00;invisivel;1;560.0;1000.0;nan;---
2;188;3.133;bow;1.00;invisivel;1;560.0;1000.0;nan;---
2;189;3.150;bow;1.00;invisivel;1;560.0;1000.0;nan;---
2;190;3.167;bow;1.00;invisivel;1;560.0;1000.0;nan;---
2;191;3.183;bow;1.00;invisivel;1;560.0;1000.0;nan;---
2;192;3.200;bow;1.00;invisivel;1;560.0;1000.0;nan;---
2;193;3.217;bow;1.00;invisivel;1;560.0;1000.0;nan;---
2;194;3.233;bow;1.00;invisivel;1;560.0;1000.0;nan;---
2;195;3.250;bow;1.00;invisivel;1;560.0;1000.0;nan;---
2;196;3.267;bow;1.00;invisivel;1;560.0;1000.0;nan;---
2;197;3.283;bow;1.00;invisivel;1;560.0;1000.0;nan;---
2;198;3.300;bow;1.00;invisivel;1;560.0;1000.0;nan;---
2;199;3.317;bow;1.00;invisivel;1;560.0;1000.0;nan;---
2;200;3.333;bow;1.00;invisivel;1;560.0;1000.0;nan;---
2;201;3.350;bow;1.00;invisivel;1;560.0;1000.0;nan;---
2;202;3.367;bow;1.00;invisivel;1;560.0;1000.0;nan;---
2;203;3.383;bow;1.00;invisivel;1;560.0;1000.0;nan;---
2;204;3.400;bow;1.00;invisivel;1;560.0;1000.0;nan;---
2;205;3.417;bow;1.00;invisivel;1;560.0;1000.0;nan;---
2;206;3.433;bow;1.00;invisivel;1;560.0;1000.0;nan;---
2;207;3.450;bow;1.00;invisivel;1;560.0;1000.0;nan;---
2;208;3.467;bow;1.00;invisivel;1;560.0;1000.0;nan;---
2;209;3.483;bow;1.00;invisivel;1;560.0;1000.0;nan;---
2;210;3.500;bow;1.00;invisivel;1;560.0;1000.0;nan;---
2;211;3.517;bow;1.00;invisivel;1;560.0;1000.0;nan;---
2;212;3.533;bow;1.00;invisivel;1;560.0;1000.0;nan;---
2;213;3.550;bow;1.00;invisivel;1;560.0;1000.0;nan;---
2;214;3.567;bow;1.00;invisivel;1;560.0;1000.0;nan;---
2;215;3.583;bow;1.00;invisivel;1;560.0;1000.0;nan;---
2;216;3.600;bow;1.00;invisivel;1;560.0;1000.0;nan;---
2;217;3.617;bow;1.00;invisivel;1;560.0;1000.0;nan;---
2;218;3.633;bow;1.00;invisivel;1;560.0;1000.0;nan;---
2;219;3.650;bow;1.00;invisivel;1;560.0;1000.0;nan;---
2;220;3.667;bow;1.00;invisivel;1;560.0;1000.0;nan;---
2;221;3.683;bow;1.00;invisivel;1;560.0;1000.0;nan;---
2;222;3.700;bow;1.00;invisivel;1;560.0;1000.0;nan;---
2;223;3.717;bow;1.00;invisivel;1;560.0;1000.0;nan;---
2;224;3.733;bow;1.00;invisivel;1;560.0;1000.0;nan;---
2;225;3.750;bow;1.00;invisivel;1;560.0;1000.0;nan;---
2;226;3.767;bow;1.00;invisivel;1;560.0;1000.0;nan;---
2;227;3.783;bow;1.00;invisivel;1;560.0;1000.0;nan;---
2;228;3.800;bow;1.00;invisivel;1;560.0;1000.0;nan;---
2;229;3.817;bow;1.00;invisivel;1;560.0;1000.0;nan;---
2;230;3.833;bow;1.00;invisivel;1;560.0;1000.0;nan;---
2;231;3.850;bow;1.00;invisivel;1;560.0;1000.0;nan;---
2;232;3.867;bow;1.00;invisivel;1;560.0;1000.0;nan;---
2;233;3.883;bow;1.00;invisivel;1;560.0;1000.0;nan;---
2;234;3.900;bow;1.00;invisivel;1;560.0;1000.0;nan;---
2;235;3.917;bow;1.00;invisivel;1;560.0;1000.0;nan;---
2;236;3.933;bow;1.00;invisivel;1;560.0;1000.0;nan;---
2;237;3.950;bow;1.00;invisivel;1;560.0;1000.0;nan;---
2;238;3.967;bow;1.00;invisivel;1;560.0;1000.0;nan;---
2;239;3.983;bow;1.00;invisivel;1;560.0;1000.0;nan;---
2;240;4.000;bow;1.00;invisivel;1;560.0;1000.0;nan;---
2;241;4.017;bow;1.00;invisivel;1;560.0;1000.0;nan;---
2;242;4.033;bow;1.00;invisivel;1;560.0;1000.0;nan;---
2;243;4.050;bow;1.00;invisivel;1;560.0;1000.0;nan;---
2;244;4.067;bow;1.00;invisivel;1;560.0;1000.0;nan;---
2;245;4.083;bow;1.00;invisivel;1;560.0;1000.0;nan;---
2;246;4.100;bow;1.00;invisivel;1;560.0;1000.0;nan;---
2;247;4.117;bow;1.00;invisivel;1;560.0;1000.0;nan;---
2;248;4.133;bow;1.00;invisivel;1;560.0;1000.0;nan;---
2;249;4.150;bow;1.00;invisivel;1;560.0;1000.0;nan;---
2;250;4.167;bow;1.00;invisivel;1;560.0;1000.0;nan;---
2;251;4.183;bow;1.00;invisivel;1;560.0;1000.0;nan;---
2;252;4.200;bow;1.00;invisivel;1;560.0;1000.0;nan;---
2;253;4.217;bow;1.00;invisivel;1;560.0;1000.0;nan;---
2;254;4.233;bow;1.00;invisivel;1;560.0;1000.0;nan;---
2;255;4.250;bow;1.00;invisivel;1;560.0;1000.0;nan;---
2;256;4.267;bow;1.00;invisivel;1;560.0;1000.0;nan;---
2;257;4.283;bow;1.00;invisivel;1;560.0;1000.0;nan;---
2;258;4.300;bow;1.00;invisivel;1;560.0;1000.0;nan;---
2;259;4.317;bow;1.00;invisivel;1;560.0;1000.0;nan;---
2;260;4.333;bow;1.00;invisivel;1;560.0;1000.0;nan;---
2;261;4.350;bow;1.00;invisivel;1;560.0;1000.0;nan;---
2;262;4.367;bow;1.00;invisivel;1;560.0;1000.0;nan;---
2;263;4.383;bow;1.00;invisivel;1;560.0;1000.0;nan;---
2;264;4.400;bow;1.00;invisivel;1;560.0;1000.0;nan;---
2;265;4.417;bow;1.00;invisivel;1;560.0;1000.0;nan;---
2;266;4.433;bow;1.00;invisivel;1;560.0;1000.0;nan;---
2;267;4.450;bow;1.00;invisivel;1;560.0;1000.0;nan;---
2;268;4.467;bow;1.00;invisivel;1;560.0;1000.0;nan;---
2;269;4.483;bow;1.00;invisivel;1;560.0;1000.0;nan;---
2;270;4.500;bow;1.00;invisivel;1;560.0;1000.0;nan;---
2;271;4.517;bow;1.00;invisivel;1;560.0;1000.0;nan;---
2;272;4.533;bow;1.00;invisivel;1;560.0;1000.0;nan;---
2;273;4.550;bow;1.00;invisivel;1;560.0;1000.0;nan;---
2;274;4.567;bow;1.00;invisivel;1;560.0;1000.0;nan;---
2;275;4.583;bow;1.00;invisivel;1;560.0;1000.0;nan;---
2;276;4.600;bow;1.00;invisivel;1;560.0;1000.0;nan;---
2;277;4.617;bow;1.00;invisivel;1;560.0;1000.0;nan;---
2;278;4.633;bow;1.00;invisivel;1;560.0;1000.0;nan;---
2;279;4.650;bow;1.00;invisivel;1;560.0;1000.0;nan;---
2;280;4.667;bow;1.00;invisivel;1;560.0;1000.0;nan;---
2;281;4.683;bow;1.00;invisivel;1;560.0;1000.0;nan;---
2;282;4.700;bow;1.00;invisivel;1;560.0;1000.0;nan;---
2;283;4.717;bow;1.00;invisivel;1;560.0;1000.0;nan;---
2;284;4.733;bow;1.00;invisivel;1;560.0;1000.0;nan;---
2;285;4.750;bow;1.00;invisivel;1;560.0;1000.0;nan;---
2;286;4.767;bow;1.00;invisivel;1;560.0;1000.0;nan;---
2;287;4.783;bow;1.00;invisivel;1;560.0;1000.0;nan;---
2;288;4.800;bow;1.00;invisivel;1;560.0;1000.0;nan;---
2;289;4.817;bow;1.00;invisivel;1;560.0;1000.0;nan;---
2;290;4.833;bow;1.00;invisivel;1;560.0;1000.0;nan;---
2;291;4.850;bow;1.00;invisivel;1;560.0;1000.0;nan;---
2;292;4.867;bow;1.00;invisivel;1;560.0;1000.0;nan;---
2;293;4.883;bow;1.00;invisivel;1;560.0;1000.0;nan;---
2;294;4.900;bow;1.00;invisivel;1;560.0;1000.0;nan;---
2;295;4.917;bow;1.00;invisivel;1;560.0;1000.0;nan;---
2;296;4.933;bow;1.00;invisivel;1;560.0;1000.0;nan;---
2;297;4.950;bow;1.00;invisivel;1;560.0;1000.0;nan;---
2;298;4.967;bow;1.00;invisivel;1;560.0;1000.0;nan;---
2;299;4.983;bow;1.00;invisivel;1;560.0;1000.0;nan;---
2;300;5.000;bow;1.00;invisivel;1;560.0;1000.0;nan;---
2;301;5.017;bow;1.00;invisivel;1;560.0;1000.0;nan;---
2;302;5.033;bow;1.00;invisivel;1;560.0;1000.0;nan;---
2;303;5.050;bow;1.00;invisivel;1;560.0;1000.0;nan;---
2;304;5.067;bow;1.00;invisivel;1;560.0;1000.0;nan;---
2;305;5.083;bow;1.00;invisivel;1;560.0;1000.0;nan;---
2;306;5.100;bow;1.00;invisivel;1;560.0;1000.0;nan;---
2;307;5.117;bow;1.00;invisivel;1;560.0;1000.0;nan;---
2;308;5.133;bow;1.00;invisivel;1;560.0;1000.0;nan;---
2;309;5.150;bow;1.00;invisivel;1;560.0;1000.0;nan;---
2;310;5.167;bow;1.00;invisivel;1;560.0;1000.0;nan;---
2;311;5.183;bow;1.00;invisivel;1;560.0;1000.0;nan;---
2;312;5.200;bow;1.00;invisivel;1;560.0;1000.0;nan;---
2;313;5.217;bow;1.00;invisivel;1;560.0;1000.0;nan;---
2;314;5.233;bow;1.00;invisivel;1;560.0;1000.0;nan;---
2;315;5.250;bow;1.00;invisivel;1;560.0;1000.0;nan;---
2;316;5.267;bow;1.00;invisivel;1;560.0;1000.0;nan;---
2;317;5.283;bow;1.00;invisivel;1;560.0;1000.0;nan;---
2;318;5.300;bow;1.00;invisivel;1;560.0;1000.0;nan;---
2;319;5.317;bow;1.00;invisivel;1;560.0;1000.0;nan;---
2;320;5.333;bow;1.00;invisivel;1;560.0;1000.0;nan;---
2;321;5.350;bow;1.00;invisivel;1;560.0;1000.0;nan;---
2;322;5.367;bow;1.00;invisivel;1;560.0;1000.0;nan;---
2;323;5.383;bow;1.00;invisivel;1;560.0;1000.0;nan;---
2;324;5.400;bow;1.00;invisivel;1;560.0;1000.0;nan;---
2;325;5.417;bow;1.00;invisivel;1;560.0;1000.0;nan;---
2;326;5.433;bow;1.00;invisivel;1;560.0;1000.0;nan;---
2;327;5.450;bow;1.00;invisivel;1;560.0;1000.0;nan;---
2;328;5.467;bow;1.00;invisivel;1;560.0;1000.0;nan;---
2;329;5.483;bow;1.00;invisivel;1;560.0;1000.0;nan;---
2;330;5.500;bow;1.00;invisivel;1;560.0;1000.0;nan;---
2;331;5.517;bow;1.00;invisivel;1;560.0;1000.0;nan;---
2;332;5.533;bow;1.00;invisivel;1;560.0;1000.0;nan;---
2;333;5.550;bow;1.00;invisivel;1;560.0;1000.0;nan;---
2;334;5.567;bow;1.00;invisivel;1;560.0;1000.0;nan;---
2;335;5.583;bow;1.00;invisivel;1;560.0;1000.0;nan;---
2;336;5.600;bow;1.00;invisivel;1;560.0;1000.0;nan;---
2;337;5.617;bow;1.00;invisivel;1;560.0;1000.0;nan;---
2;338;5.633;bow;1.00;invisivel;1;560.0;1000.0;nan;---
2;339;5.650;bow;1.00;invisivel;1;560.0;1000.0;nan;---
2;340;5.667;bow;1.00;invisivel;1;560.0;1000.0;nan;---
2;341;5.683;bow;1.00;invisivel;1;560.0;1000.0;nan;---
2;342;5.700;bow;1.00;invisivel;1;560.0;1000.0;nan;---
2;343;5.717;bow;1.00;invisivel;1;560.0;1000.0;nan;---
2;344;5.733;bow;1.00;invisivel;1;560.0;1000.0;nan;---
2;345;5.750;bow;1.00;invisivel;1;560.0;1000.0;nan;---
2;346;5.767;bow;1.00;invisivel;1;560.0;1000.0;nan;---
2;347;5.783;bow;1.00;invisivel;1;560.0;1000.0;nan;---
2;348;5.800;bow;1.00;invisivel;1;560.0;1000.0;nan;---
2;349;5.817;bow;1.00;invisivel;1;560.0;1000.0;nan;---
2;350;5.833;bow;1.00;invisivel;1;560.0;1000.0;nan;---
2;351;5.850;bow;1.00;invisivel;1;560.0;1000.0;nan;---
2;352;5.867;bow;1.00;invisivel;1;560.0;1000.0;nan;---
2;353;5.883;bow;1.00;invisivel;1;560.0;1000.0;nan;---
2;354;5.900;bow;1.00;invisivel;1;560.0;1000.0;nan;---
2;355;5.917;bow;1.00;invisivel;1;560.0;1000.0;nan;---
2;356;5.933;bow;1.00;invisivel;1;560.0;1000.0;nan;---
2;357;5.950;bow;1.00;invisivel;1;560.0;1000.0;nan;---
2;358;5.967;bow;1.00;invisivel;1;560.0;1000.0;nan;---
2;359;5.983;bow;1.00;invisivel;1;560.0;1000.0;nan;---
2;360;6.000;bow;1.00;invisivel;1;560.0;1000.0;nan;---
2;361;6.017;bow;1.00;invisivel;1;560.0;1000.0;nan;---
2;362;6.033;bow;1.00;invisivel;1;560.0;1000.0;nan;---
2;363;6.050;bow;1.00;invisivel;1;560.0;1000.0;nan;---
2;364;6.067;bow;1.00;invisivel;1;560.0;1000.0;nan;---
2;365;6.083;bow;1.00;invisivel;1;560.0;1000.0;nan;---
2;366;6.100;bow;1.00;invisivel;1;560.0;1000.0;nan;---
2;367;6.117;bow;1.00;invisivel;1;560.0;1000.0;nan;---
2;368;6.133;bow;1.00;invisivel;1;560.0;1000.0;nan;---
2;369;6.150;bow;1.00;invisivel;1;560.0;1000.0;nan;---
2;370;6.167;bow;1.00;invisivel;1;560.0;1000.0;nan;---
2;371;6.183;bow;1.00;invisivel;1;560.0;1000.0;nan;---
2;372;6.200;bow;1.00;invisivel;1;560.0;1000.0;nan;---
2;373;6.217;bow;1.00;invisivel;1;560.0;1000.0;nan;---
2;374;6.233;bow;1.00;invisivel;1;560.0;1000.0;nan;---
2;375;6.250;bow;1.00;invisivel;1;560.0;1000.0;nan;---
2;376;6.267;bow;1.00;invisivel;1;560.0;1000.0;nan;---
2;377;6.283;bow;1.00;invisivel;1;560.0;1000.0;nan;---
2;378;6.300;bow;1.00;invisivel;1;560.0;1000.0;nan;---
2;379;6.317;bow;1.00;invisivel;1;560.0;1000.0;nan;---
2;380;6.333;bow;1.00;invisivel;1;560.0;1000.0;nan;---
2;381;6.350;bow;1.00;invisivel;1;560.0;1000.0;nan;---
2;382;6.367;bow;1.00;invisivel;1;560.0;1000.0;nan;---
2;383;6.383;bow;1.00;invisivel;1;560.0;1000.0;nan;---
2;384;6.400;bow;1.00;invisivel;1;560.0;1000.0;nan;---
2;385;6.417;bow;1.00;invisivel;1;560.0;1000.0;nan;---
2;386;6.433;bow;1.00;invisivel;1;560.0;1000.0;nan;---
2;387;6.450;bow;1.00;invisivel;1;560.0;1000.0;nan;---
2;388;6.467;bow;1.00;invisivel;1;560.0;1000.0;nan;---
2;389;6.483;bow;1.00;invisivel;1;560.0;1000.0;nan;---
2;390;6.500;bow;1.00;invisivel;1;560.0;1000.0;nan;---
2;391;6.517;bow;1.00;invisivel;1;560.0;1000.0;nan;---
2;392;6.533;bow;1.00;invisivel;1;560.0;1000.0;nan;---
2;393;6.550;bow;1.00;invisivel;1;560.0;1000.0;nan;---
2;394;6.567;bow;1.00;invisivel;1;560.0;1000.0;nan;---
2;395;6.583;bow;1.00;invisivel;1;560.0;1000.0;nan;---
2;396;6.600;bow;1.00;invisivel;1;560.0;1000.0;nan;---
2;397;6.617;bow;1.00;invisivel;1;560.0;1000.0;nan;---
2;398;6.633;bow;1.00;invisivel;1;560.0;1000.0;nan;---
2;399;6.650;bow;1.00;invisivel;1;560.0;1000.0;nan;---
2;400;6.667;bow;1.00;invisivel;1;560.0;1000.0;nan;---
2;401;6.683;bow;1.00;invisivel;1;560.0;1000.0;nan;---
2;402;6.700;bow;1.00;invisivel;1;560.0;1000.0;nan;---
2;403;6.717;bow;1.00;invisivel;1;560.0;1000.0;nan;---
2;404;6.733;bow;1.00;invisivel;1;560.0;1000.0;nan;---
2;405;6.750;bow;1.00;invisivel;1;560.0;1000.0;nan;---
2;406;6.767;bow;1.00;invisivel;1;560.0;1000.0;nan;---
2;407;6.783;bow;1.00;invisivel;1;560.0;1000.0;nan;---
2;408;6.800;bow;1.00;invisivel;1;560.0;1000.0;nan;---
2;409;6.817;bow;1.00;invisivel;1;560.0;1000.0;nan;---
2;410;6.833;bow;1.00;invisivel;1;560.0;1000.0;nan;---
2;411;6.850;bow;1.00;invisivel;1;560.0;1000.0;nan;---
2;412;6.867;bow;1.00;invisivel;1;560.0;1000.0;nan;---
2;413;6.883;bow;1.00;invisivel;1;560.0;1000.0;nan;---
2;414;6.900;bow;1.00;invisivel;1;560.0;1000.0;nan;---
2;415;6.917;bow;1.00;invisivel;1;560.0;1000.0;nan;---
2;416;6.933;bow;1.00;invisivel;1;560.0;1000.0;nan;---
2;417;6.950;bow;1.00;invisivel;1;560.0;1000.0;nan;---
2;418;6.967;bow;1.00;invisivel;1;560.0;1000.0;nan;---
2;419;6.983;bow;1.00;invisivel;1;560.0;1000.0;nan;---
2;420;7.000;bow;1.00;invisivel;1;560.0;1000.0;nan;---
2;421;7.017;bow;1.00;invisivel;1;560.0;1000.0;nan;---
2;422;7.033;bow;1.00;invisivel;1;560.0;1000.0;nan;---
2;423;7.050;bow;1.00;invisivel;1;560.0;1000.0;nan;---
2;424;7.067;bow;1.00;invisivel;1;1360.0;1000.0;nan;0--
2;425;7.083;bow;0.93;sumir4;1;1360.0;1000.0;-84.2;0--
2;426;7.100;bow;0.87;sumir4;1;1360.0;1000.0;-84.2;0--
2;427;7.117;bow;0.80;sumir4;1;1360.0;1000.0;-84.2;0--
2;428;7.133;bow;0.73;sumir3;1;1360.0;1000.0;-264.9;0--
2;429;7.150;bow;0.67;sumir3;1;1360.0;1000.0;-264.9;0--
2;430;7.167;bow;0.60;sumir3;1;1360.0;1000.0;-264.9;0--
2;431;7.183;bow;0.53;sumir3;1;1360.0;1000.0;-264.9;0--
2;432;7.200;bow;0.47;sumir2;1;1360.0;1000.0;-327.4;0--
2;433;7.217;bow;0.40;sumir2;1;1360.0;1000.0;-327.4;0--
2;434;7.233;bow;0.33;sumir2;1;1360.0;1000.0;-327.4;0--
2;435;7.250;bow;0.27;sumir2;1;1360.0;1000.0;-327.4;0--
2;436;7.267;bow;0.20;sumir1;1;1360.0;1000.0;-332.1;0--
2;437;7.283;bow;0.13;sumir1;1;1360.0;1000.0;-332.1;0--
2;438;7.300;bow;0.07;sumir1;1;1360.0;1000.0;-332.1;0--
2;439;7.317;bow;0.00;sumir1;1;1360.0;1000.0;-332.1;0--
2;440;7.333;bow;0.00;rev1;1;1360.0;1000.0;-326.7;0--
2;441;7.350;bow;0.00;rev1;1;1360.0;1000.0;-326.7;0--
2;442;7.367;bow;0.00;rev1;1;1360.0;1000.0;-326.7;0--
2;443;7.383;bow;0.00;rev1;1;1360.0;1000.0;-326.7;0--
2;444;7.400;bow;0.00;rev1;1;1360.0;1000.0;-326.7;0--
2;445;7.417;bow;0.00;rev1;1;1360.0;1000.0;-326.7;0--
2;446;7.433;bow;0.00;rev1;1;1360.0;1000.0;-326.7;0--
2;447;7.450;bow;0.00;rev1;1;1360.0;1000.0;-326.7;0--
2;448;7.467;bow;0.00;rev1;1;1360.0;1000.0;-326.7;0--
2;449;7.483;bow;0.00;rev1;1;1360.0;1000.0;-326.7;0--
2;450;7.500;bow;0.00;rev1;1;1360.0;1000.0;-326.7;0--
2;451;7.517;bow;0.00;rev1;1;1360.0;1000.0;-326.7;0--
2;452;7.533;bow;0.00;rev1;1;1360.0;1000.0;-326.7;0--
2;453;7.550;bow;0.00;rev1;1;1360.0;1000.0;-326.7;0--
2;454;7.567;bow;0.00;rev1;1;1360.0;1000.0;-326.7;0--
2;455;7.583;bow;0.00;rev1;1;1360.0;1000.0;-326.7;0--
2;456;7.600;bow;0.00;rev1;1;1360.0;1000.0;-326.7;0--
2;457;7.617;bow;0.00;rev2;1;1360.0;1000.0;-235.8;0--
2;458;7.633;bow;0.00;rev2;1;1360.0;1000.0;-235.8;0--
2;459;7.650;bow;0.00;rev2;1;1360.0;1000.0;-235.8;0--
2;460;7.667;bow;0.00;rev2;1;1360.0;1000.0;-235.8;0--
2;461;7.683;bow;0.00;rev2;1;1360.0;1000.0;-235.8;0--
2;462;7.700;bow;0.00;rev2;1;1360.0;1000.0;-235.8;0--
2;463;7.717;bow;0.00;rev2;1;1360.0;1000.0;-235.8;0--
2;464;7.733;bow;0.00;rev2;1;1360.0;1000.0;-235.8;0--
2;465;7.750;bow;0.00;rev2;1;1360.0;1000.0;-235.8;0--
2;466;7.767;bow;0.00;rev2;1;1360.0;1000.0;-235.8;0--
2;467;7.783;bow;0.00;rev2;1;1360.0;1000.0;-235.8;0--
2;468;7.800;bow;0.00;rev2;1;1360.0;1000.0;-235.8;0--
2;469;7.817;bow;0.00;rev2;1;1360.0;1000.0;-235.8;0--
2;470;7.833;bow;0.00;rev2;1;1360.0;1000.0;-235.8;0--
2;471;7.850;bow;0.00;rev2;1;1360.0;1000.0;-235.8;0--
2;472;7.867;bow;0.00;rev2;1;1360.0;1000.0;-235.8;0--
2;473;7.883;bow;0.00;rev2;1;1360.0;1000.0;-235.8;0--
2;474;7.900;bow;0.00;rev2;1;1360.0;1000.0;-235.8;0--
2;475;7.917;bow;0.00;rev2;1;1360.0;1000.0;-235.8;0--
2;476;7.933;bow;0.00;rev2;1;1360.0;1000.0;-235.8;0--
2;477;7.950;bow;0.00;rev2;1;1360.0;1000.0;-235.8;0--
2;478;7.967;idle;0.00;rev1;-1;1360.0;1000.0;-326.7;0--
3;1;0.017;bow;0.00;rev1;-1;1360.0;1000.0;-326.7;---
3;2;0.033;bow;0.00;rev1;-1;1360.0;1000.0;-326.7;---
3;3;0.050;bow;0.00;rev1;-1;1360.0;1000.0;-326.7;---
3;4;0.067;bow;0.00;rev1;-1;1360.0;1000.0;-326.7;---
3;5;0.083;bow;0.00;rev1;-1;1360.0;1000.0;-326.7;---
3;6;0.100;bow;0.00;rev1;-1;1360.0;1000.0;-326.7;---
3;7;0.117;bow;0.00;rev1;-1;1360.0;1000.0;-326.7;--2
3;8;0.133;bow;0.00;rev1;-1;1360.0;1000.0;-326.7;--2
3;9;0.150;bow;0.00;rev1;-1;1360.0;1000.0;-326.7;--2
3;10;0.167;bow;0.00;rev1;-1;1360.0;1000.0;-326.7;--2
3;11;0.183;bow;0.00;rev1;-1;1360.0;1000.0;-326.7;--2
3;12;0.200;bow;0.00;rev1;-1;1360.0;1000.0;-326.7;--2
3;13;0.217;bow;0.08;sumir1;-1;1360.0;1000.0;-332.1;--2
3;14;0.233;bow;0.17;sumir1;-1;1360.0;1000.0;-332.1;--2
3;15;0.250;bow;0.25;sumir1;-1;1360.0;1000.0;-332.1;--2
3;16;0.267;bow;0.33;sumir2;-1;1360.0;1000.0;-327.4;--2
3;17;0.283;bow;0.42;sumir2;-1;1360.0;1000.0;-327.4;--2
3;18;0.300;bow;0.50;sumir2;-1;1360.0;1000.0;-327.4;--2
3;19;0.317;bow;0.58;sumir3;-1;1360.0;1000.0;-264.9;--2
3;20;0.333;bow;0.67;sumir3;-1;1360.0;1000.0;-264.9;--2
3;21;0.350;bow;0.75;sumir3;-1;1360.0;1000.0;-264.9;--2
3;22;0.367;bow;0.83;sumir4;-1;1360.0;1000.0;-84.2;--2
3;23;0.383;bow;0.92;sumir4;-1;1360.0;1000.0;-84.2;--2
3;24;0.400;bow;1.00;sumir4;-1;1360.0;1000.0;-84.2;--2
3;25;0.417;bow;1.00;invisivel;-1;1360.0;1000.0;nan;--2
3;26;0.433;bow;0.83;sumir4;-1;1360.0;1000.0;-84.2;--2
3;27;0.450;bow;0.75;sumir4;-1;1360.0;1000.0;-84.2;--2
3;28;0.467;bow;0.67;sumir3;-1;1360.0;1000.0;-264.9;--2
3;29;0.483;bow;0.58;sumir3;-1;1360.0;1000.0;-264.9;--2
3;30;0.500;bow;0.50;sumir3;-1;1360.0;1000.0;-264.9;--2
3;31;0.517;bow;0.42;sumir2;-1;1360.0;1000.0;-327.4;--2
3;32;0.533;bow;0.33;sumir2;-1;1360.0;1000.0;-327.4;--2
3;33;0.550;bow;0.25;sumir2;-1;1360.0;1000.0;-327.4;--2
3;34;0.567;bow;0.25;sumir2;-1;1360.0;1000.0;-327.4;--2
3;35;0.583;bow;0.25;sumir2;-1;1360.0;1000.0;-327.4;--2
3;36;0.600;bow;0.25;sumir2;-1;1360.0;1000.0;-327.4;--2
3;37;0.617;bow;0.25;sumir2;-1;1360.0;1000.0;-327.4;--2
3;38;0.633;bow;0.25;sumir2;-1;1360.0;1000.0;-327.4;--2
3;39;0.650;bow;0.25;sumir2;-1;1360.0;1000.0;-327.4;--2
3;40;0.667;bow;0.25;sumir2;-1;1360.0;1000.0;-327.4;--2
3;41;0.683;bow;0.25;sumir2;-1;1360.0;1000.0;-327.4;--2
3;42;0.700;bow;0.25;sumir2;-1;1360.0;1000.0;-327.4;--2
3;43;0.717;bow;0.25;sumir2;-1;1360.0;1000.0;-327.4;--2
3;44;0.733;bow;0.25;sumir2;-1;1360.0;1000.0;-327.4;--2
3;45;0.750;bow;0.25;sumir2;-1;1360.0;1000.0;-327.4;--2
3;46;0.767;bow;0.33;sumir2;-1;1360.0;1000.0;-327.4;--2
3;47;0.783;bow;0.42;sumir2;-1;1360.0;1000.0;-327.4;--2
3;48;0.800;bow;0.50;sumir3;-1;1360.0;1000.0;-264.9;--2
3;49;0.817;bow;0.58;sumir3;-1;1360.0;1000.0;-264.9;--2
3;50;0.833;bow;0.67;sumir3;-1;1360.0;1000.0;-264.9;---
3;51;0.850;bow;0.75;sumir4;-1;1360.0;1000.0;-84.2;---
3;52;0.867;bow;0.83;sumir4;-1;1360.0;1000.0;-84.2;---
3;53;0.883;bow;0.92;sumir4;-1;1360.0;1000.0;-84.2;---
3;54;0.900;bow;1.00;invisivel;-1;1360.0;1000.0;nan;---
3;55;0.917;bow;1.00;invisivel;-1;1360.0;1000.0;nan;---
3;56;0.933;bow;1.00;invisivel;-1;1360.0;1000.0;nan;---
3;57;0.950;bow;1.00;invisivel;-1;1360.0;1000.0;nan;---
3;58;0.967;bow;1.00;invisivel;-1;1360.0;1000.0;nan;---
3;59;0.983;bow;1.00;invisivel;-1;1360.0;1000.0;nan;---
3;60;1.000;bow;1.00;invisivel;-1;1360.0;1000.0;nan;---
3;61;1.017;bow;1.00;invisivel;-1;1360.0;1000.0;nan;---
3;62;1.033;bow;1.00;invisivel;-1;1360.0;1000.0;nan;---
3;63;1.050;bow;1.00;invisivel;-1;1360.0;1000.0;nan;---
3;64;1.067;bow;1.00;invisivel;-1;1360.0;1000.0;nan;---
3;65;1.083;bow;1.00;invisivel;-1;1360.0;1000.0;nan;---
3;66;1.100;bow;1.00;invisivel;-1;1360.0;1000.0;nan;---
3;67;1.117;bow;1.00;invisivel;-1;1360.0;1000.0;nan;---
3;68;1.133;bow;1.00;invisivel;-1;1360.0;1000.0;nan;---
3;69;1.150;bow;1.00;invisivel;-1;1360.0;1000.0;nan;---
3;70;1.167;bow;1.00;invisivel;-1;1360.0;1000.0;nan;---
3;71;1.183;bow;1.00;invisivel;-1;1360.0;1000.0;nan;---
3;72;1.200;bow;1.00;invisivel;-1;1360.0;1000.0;nan;---
3;73;1.217;bow;1.00;invisivel;-1;1360.0;1000.0;nan;---
3;74;1.233;bow;1.00;invisivel;-1;1360.0;1000.0;nan;---
3;75;1.250;bow;1.00;invisivel;-1;1360.0;1000.0;nan;---
3;76;1.267;bow;1.00;invisivel;-1;1360.0;1000.0;nan;---
3;77;1.283;bow;1.00;invisivel;-1;1360.0;1000.0;nan;---
3;78;1.300;bow;1.00;invisivel;-1;1360.0;1000.0;nan;---
3;79;1.317;bow;1.00;invisivel;-1;1360.0;1000.0;nan;---
3;80;1.333;bow;1.00;invisivel;-1;1360.0;1000.0;nan;---
3;81;1.350;bow;1.00;invisivel;-1;1360.0;1000.0;nan;---
3;82;1.367;bow;1.00;invisivel;-1;1360.0;1000.0;nan;---
3;83;1.383;bow;1.00;invisivel;-1;1360.0;1000.0;nan;---
3;84;1.400;bow;1.00;invisivel;-1;1360.0;1000.0;nan;---
3;85;1.417;bow;1.00;invisivel;-1;1360.0;1000.0;nan;---
3;86;1.433;bow;1.00;invisivel;-1;1360.0;1000.0;nan;---
3;87;1.450;bow;1.00;invisivel;-1;1360.0;1000.0;nan;---
3;88;1.467;bow;1.00;invisivel;-1;1360.0;1000.0;nan;---
3;89;1.483;bow;1.00;invisivel;-1;1360.0;1000.0;nan;---
3;90;1.500;bow;1.00;invisivel;-1;1360.0;1000.0;nan;---
3;91;1.517;bow;1.00;invisivel;-1;1360.0;1000.0;nan;---
3;92;1.533;bow;1.00;invisivel;-1;1360.0;1000.0;nan;---
3;93;1.550;bow;1.00;invisivel;-1;1360.0;1000.0;nan;---
3;94;1.567;bow;1.00;invisivel;-1;1360.0;1000.0;nan;---
3;95;1.583;bow;1.00;invisivel;-1;1360.0;1000.0;nan;---
3;96;1.600;bow;1.00;invisivel;-1;1360.0;1000.0;nan;---
3;97;1.617;bow;1.00;invisivel;-1;1360.0;1000.0;nan;---
3;98;1.633;bow;1.00;invisivel;-1;1360.0;1000.0;nan;---
3;99;1.650;bow;1.00;invisivel;-1;1360.0;1000.0;nan;---
3;100;1.667;bow;1.00;invisivel;-1;1360.0;1000.0;nan;---
3;101;1.683;bow;1.00;invisivel;-1;1360.0;1000.0;nan;---
3;102;1.700;bow;1.00;invisivel;-1;1360.0;1000.0;nan;---
3;103;1.717;bow;1.00;invisivel;-1;1360.0;1000.0;nan;---
3;104;1.733;bow;1.00;invisivel;-1;1360.0;1000.0;nan;---
3;105;1.750;bow;1.00;invisivel;-1;1360.0;1000.0;nan;---
3;106;1.767;bow;1.00;invisivel;-1;1360.0;1000.0;nan;---
3;107;1.783;bow;1.00;invisivel;-1;1360.0;1000.0;nan;---
3;108;1.800;bow;1.00;invisivel;-1;1360.0;1000.0;nan;---
3;109;1.817;bow;1.00;invisivel;-1;1360.0;1000.0;nan;---
3;110;1.833;bow;1.00;invisivel;-1;1360.0;1000.0;nan;---
3;111;1.850;bow;1.00;invisivel;-1;1360.0;1000.0;nan;---
3;112;1.867;bow;1.00;invisivel;-1;1360.0;1000.0;nan;---
3;113;1.883;bow;1.00;invisivel;-1;1360.0;1000.0;nan;---
3;114;1.900;bow;1.00;invisivel;-1;1360.0;1000.0;nan;---
3;115;1.917;bow;1.00;invisivel;-1;1360.0;1000.0;nan;---
3;116;1.933;bow;1.00;invisivel;-1;1360.0;1000.0;nan;---
3;117;1.950;bow;1.00;invisivel;-1;1360.0;1000.0;nan;---
3;118;1.967;bow;1.00;invisivel;-1;1360.0;1000.0;nan;---
3;119;1.983;bow;1.00;invisivel;-1;1360.0;1000.0;nan;---
3;120;2.000;bow;1.00;invisivel;-1;1360.0;1000.0;nan;---
3;121;2.017;bow;1.00;invisivel;-1;1360.0;1000.0;nan;---
3;122;2.033;bow;1.00;invisivel;-1;1360.0;1000.0;nan;---
3;123;2.050;bow;1.00;invisivel;-1;1360.0;1000.0;nan;---
3;124;2.067;bow;1.00;invisivel;-1;1360.0;1000.0;nan;---
3;125;2.083;bow;1.00;invisivel;-1;1360.0;1000.0;nan;---
3;126;2.100;bow;1.00;invisivel;-1;1360.0;1000.0;nan;---
3;127;2.117;bow;1.00;invisivel;-1;1360.0;1000.0;nan;---
3;128;2.133;bow;1.00;invisivel;-1;1360.0;1000.0;nan;---
3;129;2.150;bow;1.00;invisivel;-1;1360.0;1000.0;nan;---
3;130;2.167;bow;1.00;invisivel;-1;1360.0;1000.0;nan;---
3;131;2.183;bow;1.00;invisivel;-1;1360.0;1000.0;nan;---
3;132;2.200;bow;1.00;invisivel;-1;1360.0;1000.0;nan;---
3;133;2.217;bow;1.00;invisivel;-1;1360.0;1000.0;nan;---
3;134;2.233;bow;1.00;invisivel;-1;1360.0;1000.0;nan;---
3;135;2.250;bow;1.00;invisivel;-1;1360.0;1000.0;nan;---
3;136;2.267;bow;1.00;invisivel;-1;1360.0;1000.0;nan;---
3;137;2.283;bow;1.00;invisivel;-1;1360.0;1000.0;nan;---
3;138;2.300;bow;1.00;invisivel;-1;1360.0;1000.0;nan;---
3;139;2.317;bow;1.00;invisivel;-1;1360.0;1000.0;nan;---
3;140;2.333;bow;1.00;invisivel;-1;1360.0;1000.0;nan;---
3;141;2.350;bow;1.00;invisivel;-1;1360.0;1000.0;nan;---
3;142;2.367;bow;1.00;invisivel;-1;1360.0;1000.0;nan;---
3;143;2.383;bow;1.00;invisivel;-1;1360.0;1000.0;nan;---
3;144;2.400;bow;1.00;invisivel;-1;1360.0;1000.0;nan;---
3;145;2.417;bow;1.00;invisivel;-1;1360.0;1000.0;nan;---
3;146;2.433;bow;1.00;invisivel;-1;1360.0;1000.0;nan;---
3;147;2.450;bow;1.00;invisivel;-1;1360.0;1000.0;nan;---
3;148;2.467;bow;1.00;invisivel;-1;1360.0;1000.0;nan;---
3;149;2.483;bow;1.00;invisivel;-1;1360.0;1000.0;nan;---
3;150;2.500;bow;1.00;invisivel;-1;1360.0;1000.0;nan;---
3;151;2.517;bow;1.00;invisivel;-1;1360.0;1000.0;nan;---
3;152;2.533;bow;1.00;invisivel;-1;1360.0;1000.0;nan;---
3;153;2.550;bow;1.00;invisivel;-1;1360.0;1000.0;nan;---
3;154;2.567;bow;1.00;invisivel;-1;1360.0;1000.0;nan;---
3;155;2.583;bow;1.00;invisivel;-1;1360.0;1000.0;nan;---
3;156;2.600;bow;1.00;invisivel;-1;1360.0;1000.0;nan;---
3;157;2.617;bow;1.00;invisivel;-1;1360.0;1000.0;nan;---
3;158;2.633;bow;1.00;invisivel;-1;1360.0;1000.0;nan;---
3;159;2.650;bow;1.00;invisivel;-1;1360.0;1000.0;nan;---
3;160;2.667;bow;1.00;invisivel;-1;1360.0;1000.0;nan;---
3;161;2.683;bow;1.00;invisivel;-1;1360.0;1000.0;nan;---
3;162;2.700;bow;1.00;invisivel;-1;1360.0;1000.0;nan;---
3;163;2.717;bow;1.00;invisivel;-1;1360.0;1000.0;nan;---
3;164;2.733;bow;1.00;invisivel;-1;1360.0;1000.0;nan;---
3;165;2.750;bow;1.00;invisivel;-1;1360.0;1000.0;nan;---
3;166;2.767;bow;1.00;invisivel;-1;1360.0;1000.0;nan;---
3;167;2.783;bow;1.00;invisivel;-1;1360.0;1000.0;nan;---
3;168;2.800;bow;1.00;invisivel;-1;1360.0;1000.0;nan;---
3;169;2.817;bow;1.00;invisivel;-1;1360.0;1000.0;nan;---
3;170;2.833;bow;1.00;invisivel;-1;1360.0;1000.0;nan;---
3;171;2.850;bow;1.00;invisivel;-1;1360.0;1000.0;nan;---
3;172;2.867;bow;1.00;invisivel;-1;1360.0;1000.0;nan;---
3;173;2.883;bow;1.00;invisivel;-1;1360.0;1000.0;nan;---
3;174;2.900;bow;1.00;invisivel;-1;1360.0;1000.0;nan;---
3;175;2.917;bow;1.00;invisivel;-1;1360.0;1000.0;nan;---
3;176;2.933;bow;1.00;invisivel;-1;1360.0;1000.0;nan;---
3;177;2.950;bow;1.00;invisivel;-1;1360.0;1000.0;nan;---
3;178;2.967;bow;1.00;invisivel;-1;1360.0;1000.0;nan;---
3;179;2.983;bow;1.00;invisivel;-1;1360.0;1000.0;nan;---
3;180;3.000;bow;1.00;invisivel;-1;1360.0;1000.0;nan;---
3;181;3.017;bow;1.00;invisivel;-1;1360.0;1000.0;nan;---
3;182;3.033;bow;1.00;invisivel;-1;1360.0;1000.0;nan;---
3;183;3.050;bow;1.00;invisivel;-1;1360.0;1000.0;nan;---
3;184;3.067;bow;1.00;invisivel;-1;1360.0;1000.0;nan;---
3;185;3.083;bow;1.00;invisivel;-1;1360.0;1000.0;nan;---
3;186;3.100;bow;1.00;invisivel;-1;1360.0;1000.0;nan;---
3;187;3.117;bow;1.00;invisivel;-1;1360.0;1000.0;nan;---
3;188;3.133;bow;1.00;invisivel;-1;1360.0;1000.0;nan;---
3;189;3.150;bow;1.00;invisivel;-1;1360.0;1000.0;nan;---
3;190;3.167;bow;1.00;invisivel;-1;1360.0;1000.0;nan;---
3;191;3.183;bow;1.00;invisivel;-1;1360.0;1000.0;nan;---
3;192;3.200;bow;1.00;invisivel;-1;1360.0;1000.0;nan;---
3;193;3.217;bow;1.00;invisivel;-1;1360.0;1000.0;nan;---
3;194;3.233;bow;1.00;invisivel;-1;1360.0;1000.0;nan;---
3;195;3.250;bow;1.00;invisivel;-1;1360.0;1000.0;nan;---
3;196;3.267;bow;1.00;invisivel;-1;1360.0;1000.0;nan;---
3;197;3.283;bow;1.00;invisivel;-1;1360.0;1000.0;nan;---
3;198;3.300;bow;1.00;invisivel;-1;1360.0;1000.0;nan;---
3;199;3.317;bow;1.00;invisivel;-1;1360.0;1000.0;nan;---
3;200;3.333;bow;1.00;invisivel;-1;1360.0;1000.0;nan;---
3;201;3.350;bow;1.00;invisivel;-1;1360.0;1000.0;nan;---
3;202;3.367;bow;1.00;invisivel;-1;1360.0;1000.0;nan;---
3;203;3.383;bow;1.00;invisivel;-1;1360.0;1000.0;nan;---
3;204;3.400;bow;1.00;invisivel;-1;1360.0;1000.0;nan;---
3;205;3.417;bow;1.00;invisivel;-1;1360.0;1000.0;nan;---
3;206;3.433;bow;1.00;invisivel;-1;1360.0;1000.0;nan;---
3;207;3.450;bow;1.00;invisivel;-1;1360.0;1000.0;nan;---
3;208;3.467;bow;1.00;invisivel;-1;1360.0;1000.0;nan;---
3;209;3.483;bow;1.00;invisivel;-1;1360.0;1000.0;nan;---
3;210;3.500;bow;1.00;invisivel;-1;1360.0;1000.0;nan;---
3;211;3.517;bow;1.00;invisivel;-1;1360.0;1000.0;nan;---
3;212;3.533;bow;1.00;invisivel;-1;1360.0;1000.0;nan;---
3;213;3.550;bow;1.00;invisivel;-1;1360.0;1000.0;nan;---
3;214;3.567;bow;1.00;invisivel;-1;1360.0;1000.0;nan;---
3;215;3.583;bow;1.00;invisivel;-1;1360.0;1000.0;nan;---
3;216;3.600;bow;1.00;invisivel;-1;1360.0;1000.0;nan;---
3;217;3.617;bow;1.00;invisivel;-1;1360.0;1000.0;nan;---
3;218;3.633;bow;1.00;invisivel;-1;1360.0;1000.0;nan;---
3;219;3.650;bow;1.00;invisivel;-1;1360.0;1000.0;nan;---
3;220;3.667;bow;1.00;invisivel;-1;1360.0;1000.0;nan;---
3;221;3.683;bow;1.00;invisivel;-1;1360.0;1000.0;nan;---
3;222;3.700;bow;1.00;invisivel;-1;1360.0;1000.0;nan;---
3;223;3.717;bow;1.00;invisivel;-1;1360.0;1000.0;nan;---
3;224;3.733;bow;1.00;invisivel;-1;1360.0;1000.0;nan;---
3;225;3.750;bow;1.00;invisivel;-1;1360.0;1000.0;nan;---
3;226;3.767;bow;1.00;invisivel;-1;1360.0;1000.0;nan;---
3;227;3.783;bow;1.00;invisivel;-1;1360.0;1000.0;nan;---
3;228;3.800;bow;1.00;invisivel;-1;1360.0;1000.0;nan;---
3;229;3.817;bow;1.00;invisivel;-1;1360.0;1000.0;nan;---
3;230;3.833;bow;1.00;invisivel;-1;1360.0;1000.0;nan;---
3;231;3.850;bow;1.00;invisivel;-1;1360.0;1000.0;nan;---
3;232;3.867;bow;1.00;invisivel;-1;1360.0;1000.0;nan;---
3;233;3.883;bow;1.00;invisivel;-1;1360.0;1000.0;nan;---
3;234;3.900;bow;1.00;invisivel;-1;1360.0;1000.0;nan;---
3;235;3.917;bow;1.00;invisivel;-1;1360.0;1000.0;nan;---
3;236;3.933;bow;1.00;invisivel;-1;1360.0;1000.0;nan;---
3;237;3.950;bow;1.00;invisivel;-1;1360.0;1000.0;nan;---
3;238;3.967;bow;1.00;invisivel;-1;1360.0;1000.0;nan;---
3;239;3.983;bow;1.00;invisivel;-1;1360.0;1000.0;nan;---
3;240;4.000;bow;1.00;invisivel;-1;1360.0;1000.0;nan;---
3;241;4.017;bow;1.00;invisivel;-1;1360.0;1000.0;nan;---
3;242;4.033;bow;1.00;invisivel;-1;1360.0;1000.0;nan;---
3;243;4.050;bow;1.00;invisivel;-1;1360.0;1000.0;nan;---
3;244;4.067;bow;1.00;invisivel;-1;1360.0;1000.0;nan;---
3;245;4.083;bow;1.00;invisivel;-1;1360.0;1000.0;nan;---
3;246;4.100;bow;1.00;invisivel;-1;1360.0;1000.0;nan;---
3;247;4.117;bow;1.00;invisivel;-1;1360.0;1000.0;nan;---
3;248;4.133;bow;1.00;invisivel;-1;1360.0;1000.0;nan;---
3;249;4.150;bow;1.00;invisivel;-1;1360.0;1000.0;nan;---
3;250;4.167;bow;1.00;invisivel;-1;1360.0;1000.0;nan;---
3;251;4.183;bow;1.00;invisivel;-1;1360.0;1000.0;nan;---
3;252;4.200;bow;1.00;invisivel;-1;1360.0;1000.0;nan;---
3;253;4.217;bow;1.00;invisivel;-1;1360.0;1000.0;nan;---
3;254;4.233;bow;1.00;invisivel;-1;1360.0;1000.0;nan;---
3;255;4.250;bow;1.00;invisivel;-1;1360.0;1000.0;nan;---
3;256;4.267;bow;1.00;invisivel;-1;1360.0;1000.0;nan;---
3;257;4.283;bow;1.00;invisivel;-1;1360.0;1000.0;nan;---
3;258;4.300;bow;1.00;invisivel;-1;1360.0;1000.0;nan;---
3;259;4.317;bow;1.00;invisivel;-1;1360.0;1000.0;nan;---
3;260;4.333;bow;1.00;invisivel;-1;1360.0;1000.0;nan;---
3;261;4.350;bow;1.00;invisivel;-1;1360.0;1000.0;nan;---
3;262;4.367;bow;1.00;invisivel;-1;1360.0;1000.0;nan;---
3;263;4.383;bow;1.00;invisivel;-1;1360.0;1000.0;nan;---
3;264;4.400;bow;1.00;invisivel;-1;1360.0;1000.0;nan;---
3;265;4.417;bow;1.00;invisivel;-1;1360.0;1000.0;nan;---
3;266;4.433;bow;1.00;invisivel;-1;1360.0;1000.0;nan;---
3;267;4.450;bow;1.00;invisivel;-1;1360.0;1000.0;nan;---
3;268;4.467;bow;1.00;invisivel;-1;1360.0;1000.0;nan;---
3;269;4.483;bow;1.00;invisivel;-1;1360.0;1000.0;nan;---
3;270;4.500;bow;1.00;invisivel;-1;1360.0;1000.0;nan;---
3;271;4.517;bow;1.00;invisivel;-1;1360.0;1000.0;nan;---
3;272;4.533;bow;1.00;invisivel;-1;1360.0;1000.0;nan;---
3;273;4.550;bow;1.00;invisivel;-1;1360.0;1000.0;nan;---
3;274;4.567;bow;1.00;invisivel;-1;1360.0;1000.0;nan;---
3;275;4.583;bow;1.00;invisivel;-1;1360.0;1000.0;nan;---
3;276;4.600;bow;1.00;invisivel;-1;1360.0;1000.0;nan;---
3;277;4.617;bow;1.00;invisivel;-1;1360.0;1000.0;nan;---
3;278;4.633;bow;1.00;invisivel;-1;1360.0;1000.0;nan;---
3;279;4.650;bow;1.00;invisivel;-1;1360.0;1000.0;nan;---
3;280;4.667;bow;1.00;invisivel;-1;1360.0;1000.0;nan;---
3;281;4.683;bow;1.00;invisivel;-1;1360.0;1000.0;nan;---
3;282;4.700;bow;1.00;invisivel;-1;1360.0;1000.0;nan;---
3;283;4.717;bow;1.00;invisivel;-1;1360.0;1000.0;nan;---
3;284;4.733;bow;1.00;invisivel;-1;1360.0;1000.0;nan;---
3;285;4.750;bow;1.00;invisivel;-1;1360.0;1000.0;nan;---
3;286;4.767;bow;1.00;invisivel;-1;1360.0;1000.0;nan;---
3;287;4.783;bow;1.00;invisivel;-1;1360.0;1000.0;nan;---
3;288;4.800;bow;1.00;invisivel;-1;1360.0;1000.0;nan;---
3;289;4.817;bow;1.00;invisivel;-1;1360.0;1000.0;nan;---
3;290;4.833;bow;1.00;invisivel;-1;1360.0;1000.0;nan;---
3;291;4.850;bow;1.00;invisivel;-1;1360.0;1000.0;nan;---
3;292;4.867;bow;1.00;invisivel;-1;1360.0;1000.0;nan;---
3;293;4.883;bow;1.00;invisivel;-1;1360.0;1000.0;nan;---
3;294;4.900;bow;1.00;invisivel;-1;1360.0;1000.0;nan;---
3;295;4.917;bow;1.00;invisivel;-1;1360.0;1000.0;nan;---
3;296;4.933;bow;1.00;invisivel;-1;1360.0;1000.0;nan;---
3;297;4.950;bow;1.00;invisivel;-1;1360.0;1000.0;nan;---
3;298;4.967;bow;1.00;invisivel;-1;1360.0;1000.0;nan;---
3;299;4.983;bow;1.00;invisivel;-1;1360.0;1000.0;nan;---
3;300;5.000;bow;1.00;invisivel;-1;1360.0;1000.0;nan;---
3;301;5.017;bow;1.00;invisivel;-1;1360.0;1000.0;nan;---
3;302;5.033;bow;1.00;invisivel;-1;1360.0;1000.0;nan;---
3;303;5.050;bow;1.00;invisivel;-1;1360.0;1000.0;nan;---
3;304;5.067;bow;1.00;invisivel;-1;1360.0;1000.0;nan;---
3;305;5.083;bow;1.00;invisivel;-1;1360.0;1000.0;nan;---
3;306;5.100;bow;1.00;invisivel;-1;1360.0;1000.0;nan;---
3;307;5.117;bow;1.00;invisivel;-1;1360.0;1000.0;nan;---
3;308;5.133;bow;1.00;invisivel;-1;1360.0;1000.0;nan;---
3;309;5.150;bow;1.00;invisivel;-1;1360.0;1000.0;nan;---
3;310;5.167;bow;1.00;invisivel;-1;1360.0;1000.0;nan;---
3;311;5.183;bow;1.00;invisivel;-1;1360.0;1000.0;nan;---
3;312;5.200;bow;1.00;invisivel;-1;1360.0;1000.0;nan;---
3;313;5.217;bow;1.00;invisivel;-1;1360.0;1000.0;nan;---
3;314;5.233;bow;1.00;invisivel;-1;1360.0;1000.0;nan;---
3;315;5.250;bow;1.00;invisivel;-1;1360.0;1000.0;nan;---
3;316;5.267;bow;1.00;invisivel;-1;1360.0;1000.0;nan;---
3;317;5.283;bow;1.00;invisivel;-1;1360.0;1000.0;nan;---
3;318;5.300;bow;1.00;invisivel;-1;1360.0;1000.0;nan;---
3;319;5.317;bow;1.00;invisivel;-1;1360.0;1000.0;nan;---
3;320;5.333;bow;1.00;invisivel;-1;1360.0;1000.0;nan;---
3;321;5.350;bow;1.00;invisivel;-1;1360.0;1000.0;nan;---
3;322;5.367;bow;1.00;invisivel;-1;1360.0;1000.0;nan;---
3;323;5.383;bow;1.00;invisivel;-1;1360.0;1000.0;nan;---
3;324;5.400;bow;1.00;invisivel;-1;1360.0;1000.0;nan;---
3;325;5.417;bow;1.00;invisivel;-1;1360.0;1000.0;nan;---
3;326;5.433;bow;1.00;invisivel;-1;1360.0;1000.0;nan;---
3;327;5.450;bow;1.00;invisivel;-1;1360.0;1000.0;nan;---
3;328;5.467;bow;1.00;invisivel;-1;1360.0;1000.0;nan;---
3;329;5.483;bow;1.00;invisivel;-1;1360.0;1000.0;nan;---
3;330;5.500;bow;1.00;invisivel;-1;1360.0;1000.0;nan;---
3;331;5.517;bow;1.00;invisivel;-1;1360.0;1000.0;nan;---
3;332;5.533;bow;1.00;invisivel;-1;1360.0;1000.0;nan;---
3;333;5.550;bow;1.00;invisivel;-1;1360.0;1000.0;nan;---
3;334;5.567;bow;1.00;invisivel;-1;1360.0;1000.0;nan;---
3;335;5.583;bow;1.00;invisivel;-1;1360.0;1000.0;nan;---
3;336;5.600;bow;1.00;invisivel;-1;1360.0;1000.0;nan;---
3;337;5.617;bow;1.00;invisivel;-1;1360.0;1000.0;nan;---
3;338;5.633;bow;1.00;invisivel;-1;1360.0;1000.0;nan;---
3;339;5.650;bow;1.00;invisivel;-1;1360.0;1000.0;nan;---
3;340;5.667;bow;1.00;invisivel;-1;1360.0;1000.0;nan;---
3;341;5.683;bow;1.00;invisivel;-1;1360.0;1000.0;nan;---
3;342;5.700;bow;1.00;invisivel;-1;1360.0;1000.0;nan;---
3;343;5.717;bow;1.00;invisivel;-1;1360.0;1000.0;nan;---
3;344;5.733;bow;1.00;invisivel;-1;1360.0;1000.0;nan;---
3;345;5.750;bow;1.00;invisivel;-1;1360.0;1000.0;nan;---
3;346;5.767;bow;1.00;invisivel;-1;1360.0;1000.0;nan;---
3;347;5.783;bow;1.00;invisivel;-1;1360.0;1000.0;nan;---
3;348;5.800;bow;1.00;invisivel;-1;1360.0;1000.0;nan;---
3;349;5.817;bow;1.00;invisivel;-1;1360.0;1000.0;nan;---
3;350;5.833;bow;1.00;invisivel;-1;1360.0;1000.0;nan;---
3;351;5.850;bow;1.00;invisivel;-1;1360.0;1000.0;nan;---
3;352;5.867;bow;1.00;invisivel;-1;1360.0;1000.0;nan;---
3;353;5.883;bow;1.00;invisivel;-1;1360.0;1000.0;nan;---
3;354;5.900;bow;1.00;invisivel;-1;1360.0;1000.0;nan;---
3;355;5.917;bow;1.00;invisivel;-1;1360.0;1000.0;nan;---
3;356;5.933;bow;1.00;invisivel;-1;1360.0;1000.0;nan;---
3;357;5.950;bow;1.00;invisivel;-1;1360.0;1000.0;nan;---
3;358;5.967;bow;1.00;invisivel;-1;1360.0;1000.0;nan;---
3;359;5.983;bow;1.00;invisivel;-1;1360.0;1000.0;nan;---
3;360;6.000;bow;1.00;invisivel;-1;1360.0;1000.0;nan;---
3;361;6.017;bow;1.00;invisivel;-1;1360.0;1000.0;nan;---
3;362;6.033;bow;1.00;invisivel;-1;1360.0;1000.0;nan;---
3;363;6.050;bow;1.00;invisivel;-1;1360.0;1000.0;nan;---
3;364;6.067;bow;1.00;invisivel;-1;1360.0;1000.0;nan;---
3;365;6.083;bow;1.00;invisivel;-1;1360.0;1000.0;nan;---
3;366;6.100;bow;1.00;invisivel;-1;1360.0;1000.0;nan;---
3;367;6.117;bow;1.00;invisivel;-1;1360.0;1000.0;nan;---
3;368;6.133;bow;1.00;invisivel;-1;1360.0;1000.0;nan;---
3;369;6.150;bow;1.00;invisivel;-1;1360.0;1000.0;nan;---
3;370;6.167;bow;1.00;invisivel;-1;1360.0;1000.0;nan;---
3;371;6.183;bow;1.00;invisivel;-1;1360.0;1000.0;nan;---
3;372;6.200;bow;1.00;invisivel;-1;1360.0;1000.0;nan;---
3;373;6.217;bow;1.00;invisivel;-1;1360.0;1000.0;nan;---
3;374;6.233;bow;1.00;invisivel;-1;1360.0;1000.0;nan;---
3;375;6.250;bow;1.00;invisivel;-1;1360.0;1000.0;nan;---
3;376;6.267;bow;1.00;invisivel;-1;1360.0;1000.0;nan;---
3;377;6.283;bow;1.00;invisivel;-1;1360.0;1000.0;nan;---
3;378;6.300;bow;1.00;invisivel;-1;1360.0;1000.0;nan;---
3;379;6.317;bow;1.00;invisivel;-1;1360.0;1000.0;nan;---
3;380;6.333;bow;1.00;invisivel;-1;1360.0;1000.0;nan;---
3;381;6.350;bow;1.00;invisivel;-1;1360.0;1000.0;nan;---
3;382;6.367;bow;1.00;invisivel;-1;1360.0;1000.0;nan;---
3;383;6.383;bow;1.00;invisivel;-1;1360.0;1000.0;nan;---
3;384;6.400;bow;1.00;invisivel;-1;1360.0;1000.0;nan;---
3;385;6.417;bow;1.00;invisivel;-1;1360.0;1000.0;nan;---
3;386;6.433;bow;1.00;invisivel;-1;1360.0;1000.0;nan;---
3;387;6.450;bow;1.00;invisivel;-1;1360.0;1000.0;nan;---
3;388;6.467;bow;1.00;invisivel;-1;1360.0;1000.0;nan;---
3;389;6.483;bow;1.00;invisivel;-1;1360.0;1000.0;nan;---
3;390;6.500;bow;1.00;invisivel;-1;1360.0;1000.0;nan;---
3;391;6.517;bow;1.00;invisivel;-1;1360.0;1000.0;nan;---
3;392;6.533;bow;1.00;invisivel;-1;1360.0;1000.0;nan;---
3;393;6.550;bow;1.00;invisivel;-1;1360.0;1000.0;nan;---
3;394;6.567;bow;1.00;invisivel;-1;1360.0;1000.0;nan;---
3;395;6.583;bow;1.00;invisivel;-1;1360.0;1000.0;nan;---
3;396;6.600;bow;1.00;invisivel;-1;1360.0;1000.0;nan;---
3;397;6.617;bow;1.00;invisivel;-1;1360.0;1000.0;nan;---
3;398;6.633;bow;1.00;invisivel;-1;1360.0;1000.0;nan;---
3;399;6.650;bow;1.00;invisivel;-1;1360.0;1000.0;nan;---
3;400;6.667;bow;1.00;invisivel;-1;1360.0;1000.0;nan;---
3;401;6.683;bow;1.00;invisivel;-1;1360.0;1000.0;nan;---
3;402;6.700;bow;1.00;invisivel;-1;1360.0;1000.0;nan;---
3;403;6.717;bow;1.00;invisivel;-1;1360.0;1000.0;nan;---
3;404;6.733;bow;1.00;invisivel;-1;1360.0;1000.0;nan;---
3;405;6.750;bow;1.00;invisivel;-1;1360.0;1000.0;nan;---
3;406;6.767;bow;1.00;invisivel;-1;1360.0;1000.0;nan;---
3;407;6.783;bow;1.00;invisivel;-1;1360.0;1000.0;nan;---
3;408;6.800;bow;1.00;invisivel;-1;1360.0;1000.0;nan;---
3;409;6.817;bow;1.00;invisivel;-1;1360.0;1000.0;nan;---
3;410;6.833;bow;1.00;invisivel;-1;1360.0;1000.0;nan;---
3;411;6.850;bow;1.00;invisivel;-1;1360.0;1000.0;nan;---
3;412;6.867;bow;1.00;invisivel;-1;1360.0;1000.0;nan;---
3;413;6.883;bow;1.00;invisivel;-1;1360.0;1000.0;nan;---
3;414;6.900;bow;1.00;invisivel;-1;1360.0;1000.0;nan;---
3;415;6.917;bow;1.00;invisivel;-1;1360.0;1000.0;nan;---
3;416;6.933;bow;1.00;invisivel;-1;1360.0;1000.0;nan;---
3;417;6.950;bow;1.00;invisivel;-1;1360.0;1000.0;nan;---
3;418;6.967;bow;1.00;invisivel;-1;1360.0;1000.0;nan;---
3;419;6.983;bow;1.00;invisivel;-1;1360.0;1000.0;nan;---
3;420;7.000;bow;1.00;invisivel;-1;1360.0;1000.0;nan;---
3;421;7.017;bow;1.00;invisivel;-1;1360.0;1000.0;nan;---
3;422;7.033;bow;1.00;invisivel;-1;1360.0;1000.0;nan;---
3;423;7.050;bow;1.00;invisivel;-1;1360.0;1000.0;nan;---
3;424;7.067;bow;1.00;invisivel;-1;560.0;1000.0;nan;--2
3;425;7.083;bow;0.93;sumir4;-1;560.0;1000.0;-84.2;--2
3;426;7.100;bow;0.87;sumir4;-1;560.0;1000.0;-84.2;--2
3;427;7.117;bow;0.80;sumir4;-1;560.0;1000.0;-84.2;--2
3;428;7.133;bow;0.73;sumir3;-1;560.0;1000.0;-264.9;--2
3;429;7.150;bow;0.67;sumir3;-1;560.0;1000.0;-264.9;--2
3;430;7.167;bow;0.60;sumir3;-1;560.0;1000.0;-264.9;--2
3;431;7.183;bow;0.53;sumir3;-1;560.0;1000.0;-264.9;--2
3;432;7.200;bow;0.47;sumir2;-1;560.0;1000.0;-327.4;--2
3;433;7.217;bow;0.40;sumir2;-1;560.0;1000.0;-327.4;--2
3;434;7.233;bow;0.33;sumir2;-1;560.0;1000.0;-327.4;--2
3;435;7.250;bow;0.27;sumir2;-1;560.0;1000.0;-327.4;--2
3;436;7.267;bow;0.20;sumir1;-1;560.0;1000.0;-332.1;--2
3;437;7.283;bow;0.13;sumir1;-1;560.0;1000.0;-332.1;--2
3;438;7.300;bow;0.07;sumir1;-1;560.0;1000.0;-332.1;--2
3;439;7.317;bow;0.00;sumir1;-1;560.0;1000.0;-332.1;--2
3;440;7.333;bow;0.00;rev1;-1;560.0;1000.0;-326.7;--2
3;441;7.350;bow;0.00;rev1;-1;560.0;1000.0;-326.7;--2
3;442;7.367;bow;0.00;rev1;-1;560.0;1000.0;-326.7;--2
3;443;7.383;bow;0.00;rev1;-1;560.0;1000.0;-326.7;--2
3;444;7.400;bow;0.00;rev1;-1;560.0;1000.0;-326.7;--2
3;445;7.417;bow;0.00;rev1;-1;560.0;1000.0;-326.7;--2
3;446;7.433;bow;0.00;rev1;-1;560.0;1000.0;-326.7;--2
3;447;7.450;bow;0.00;rev1;-1;560.0;1000.0;-326.7;--2
3;448;7.467;bow;0.00;rev1;-1;560.0;1000.0;-326.7;--2
3;449;7.483;bow;0.00;rev1;-1;560.0;1000.0;-326.7;--2
3;450;7.500;bow;0.00;rev1;-1;560.0;1000.0;-326.7;--2
3;451;7.517;bow;0.00;rev1;-1;560.0;1000.0;-326.7;--2
3;452;7.533;bow;0.00;rev1;-1;560.0;1000.0;-326.7;--2
3;453;7.550;bow;0.00;rev1;-1;560.0;1000.0;-326.7;--2
3;454;7.567;bow;0.00;rev1;-1;560.0;1000.0;-326.7;--2
3;455;7.583;bow;0.00;rev1;-1;560.0;1000.0;-326.7;--2
3;456;7.600;bow;0.00;rev1;-1;560.0;1000.0;-326.7;--2
3;457;7.617;bow;0.00;rev2;-1;560.0;1000.0;-235.8;--2
3;458;7.633;bow;0.00;rev2;-1;560.0;1000.0;-235.8;--2
3;459;7.650;bow;0.00;rev2;-1;560.0;1000.0;-235.8;--2
3;460;7.667;bow;0.00;rev2;-1;560.0;1000.0;-235.8;--2
3;461;7.683;bow;0.00;rev2;-1;560.0;1000.0;-235.8;--2
3;462;7.700;bow;0.00;rev2;-1;560.0;1000.0;-235.8;--2
3;463;7.717;bow;0.00;rev2;-1;560.0;1000.0;-235.8;--2
3;464;7.733;bow;0.00;rev2;-1;560.0;1000.0;-235.8;--2
3;465;7.750;bow;0.00;rev2;-1;560.0;1000.0;-235.8;--2
3;466;7.767;bow;0.00;rev2;-1;560.0;1000.0;-235.8;--2
3;467;7.783;bow;0.00;rev2;-1;560.0;1000.0;-235.8;--2
3;468;7.800;bow;0.00;rev2;-1;560.0;1000.0;-235.8;--2
3;469;7.817;bow;0.00;rev2;-1;560.0;1000.0;-235.8;--2
3;470;7.833;bow;0.00;rev2;-1;560.0;1000.0;-235.8;--2
3;471;7.850;bow;0.00;rev2;-1;560.0;1000.0;-235.8;--2
3;472;7.867;bow;0.00;rev2;-1;560.0;1000.0;-235.8;--2
3;473;7.883;bow;0.00;rev2;-1;560.0;1000.0;-235.8;--2
3;474;7.900;bow;0.00;rev2;-1;560.0;1000.0;-235.8;--2
3;475;7.917;bow;0.00;rev2;-1;560.0;1000.0;-235.8;--2
3;476;7.933;bow;0.00;rev2;-1;560.0;1000.0;-235.8;--2
3;477;7.950;bow;0.00;rev2;-1;560.0;1000.0;-235.8;--2
3;478;7.967;idle;0.00;rev1;1;560.0;1000.0;-326.7;--2
