trecho;quadro;quem;x;z;vel;pe0_ar;pe1_ar;cabeca_px;rosto_para_camera
largada;1;clown;-12.600;3.009;0.50;false;false;137.0;0.85
largada;1;acrobat;-13.800;3.300;0.00;false;false;107.6;0.87
largada;2;clown;-12.600;3.027;1.00;false;false;137.1;0.85
largada;2;acrobat;-13.800;3.300;0.00;false;false;107.6;0.87
largada;3;clown;-12.600;3.052;1.50;false;false;137.2;0.85
largada;3;acrobat;-13.800;3.300;0.00;false;false;107.6;0.87
largada;4;clown;-12.600;3.086;2.00;false;false;137.4;0.84
largada;4;acrobat;-13.800;3.300;0.00;false;false;107.5;0.87
largada;5;clown;-12.600;3.127;2.40;false;true;137.6;0.84
largada;5;acrobat;-13.800;3.300;0.00;false;false;107.5;0.87
largada;6;clown;-12.600;3.167;2.40;true;true;137.9;0.84
largada;6;acrobat;-13.800;3.300;0.00;false;false;107.5;0.87
largada;7;clown;-12.600;3.208;2.40;true;true;138.2;0.83
largada;7;acrobat;-13.800;3.300;0.00;false;false;107.5;0.87
largada;8;clown;-12.600;3.248;2.40;true;true;138.5;0.83
largada;8;acrobat;-13.800;3.300;0.00;false;false;107.5;0.87
largada;9;clown;-12.600;3.289;2.40;true;true;138.7;0.82
largada;9;acrobat;-13.800;3.300;0.00;false;false;107.5;0.87
largada;10;clown;-12.600;3.329;2.40;true;true;138.9;0.82
largada;10;acrobat;-13.800;3.300;0.00;false;false;107.5;0.87
largada;11;clown;-12.592;3.362;1.96;true;true;138.8;0.81
largada;11;acrobat;-13.800;3.300;0.00;false;false;107.5;0.88
largada;12;clown;-12.575;3.390;1.97;true;true;138.7;0.80
largada;12;acrobat;-13.800;3.300;0.00;false;false;107.5;0.88
largada;13;clown;-12.567;3.427;2.25;true;false;138.0;0.79
largada;13;acrobat;-13.800;3.300;0.00;false;false;107.5;0.88
largada;14;clown;-12.567;3.468;2.40;false;false;137.9;0.80
largada;14;acrobat;-13.800;3.300;0.00;false;false;107.5;0.88
largada;15;clown;-12.567;3.508;2.40;false;false;138.0;0.80
largada;15;acrobat;-13.800;3.300;0.00;false;false;107.5;0.88
largada;16;clown;-12.558;3.540;1.96;false;false;138.1;0.79
largada;16;acrobat;-13.800;3.300;0.00;false;false;107.5;0.88
largada;17;clown;-12.542;3.569;1.97;false;false;138.2;0.78
largada;17;acrobat;-13.800;3.300;0.00;false;false;107.5;0.88
largada;18;clown;-12.533;3.606;2.25;false;false;138.4;0.78
largada;18;acrobat;-13.800;3.300;0.00;false;false;107.5;0.88
largada;19;clown;-12.533;3.646;2.40;false;false;138.4;0.78
largada;19;acrobat;-13.800;3.300;0.00;false;false;107.5;0.88
largada;20;clown;-12.533;3.687;2.40;false;true;138.5;0.78
largada;20;acrobat;-13.800;3.300;0.00;false;false;107.5;0.88
largada;21;clown;-12.525;3.719;1.96;true;true;138.9;0.78
largada;21;acrobat;-13.800;3.300;0.00;false;false;107.5;0.88
largada;22;clown;-12.508;3.747;1.97;true;true;139.3;0.77
largada;22;acrobat;-13.800;3.300;0.00;false;false;107.5;0.88
largada;23;clown;-12.500;3.784;2.25;true;true;139.5;0.77
largada;23;acrobat;-13.800;3.300;0.00;false;false;107.5;0.88
largada;24;clown;-12.500;3.824;2.40;true;true;139.6;0.77
largada;24;acrobat;-13.792;3.305;0.57;false;false;107.6;0.86
largada;25;clown;-12.492;3.856;1.96;true;true;139.6;0.77
largada;25;acrobat;-13.780;3.309;0.72;false;false;107.6;0.83
largada;26;clown;-12.475;3.885;1.97;true;true;139.5;0.76
largada;26;acrobat;-13.769;3.314;0.72;false;false;107.6;0.80
largada;27;clown;-12.467;3.922;2.25;true;true;139.3;0.75
largada;27;acrobat;-13.758;3.320;0.72;false;false;107.7;0.76
largada;28;clown;-12.467;3.962;2.40;true;false;138.6;0.76
largada;28;acrobat;-13.747;3.325;0.72;false;false;107.7;0.73
largada;29;clown;-12.458;3.994;1.96;false;false;138.5;0.75
largada;29;acrobat;-13.737;3.331;0.72;false;false;107.7;0.70
largada;30;clown;-12.442;4.017;1.72;false;false;138.6;0.74
largada;30;acrobat;-13.726;3.337;0.72;false;false;107.7;0.67
largada;31;clown;-12.417;4.032;1.75;false;false;138.8;0.70
largada;31;acrobat;-13.715;3.342;0.72;false;false;107.7;0.65
largada;32;clown;-12.389;4.039;1.74;false;false;138.9;0.64
largada;32;acrobat;-13.705;3.348;0.72;false;false;107.7;0.63
largada;33;clown;-12.361;4.037;1.70;false;true;139.0;0.56
largada;33;acrobat;-13.694;3.354;0.72;false;false;107.6;0.61
largada;34;clown;-12.334;4.027;1.80;true;true;139.4;0.46
largada;34;acrobat;-13.683;3.359;0.72;true;false;107.6;0.60
largada;35;clown;-12.306;4.009;2.02;true;true;139.7;0.33
largada;35;acrobat;-13.672;3.364;0.72;true;false;107.7;0.58
largada;36;clown;-12.278;3.983;2.33;true;true;139.8;0.20
largada;36;acrobat;-13.661;3.369;0.72;true;false;107.7;0.56
curva1;37;clown;-12.250;3.955;2.40;true;true;139.9;0.08
curva1;37;acrobat;-13.650;3.374;0.72;true;false;107.8;0.54
curva1;38;clown;-12.214;3.935;2.50;true;true;139.9;0.01
curva1;38;acrobat;-13.638;3.379;0.72;true;false;107.9;0.52
curva1;39;clown;-12.175;3.924;2.50;true;true;139.9;-0.04
curva1;39;acrobat;-13.627;3.383;0.72;true;false;107.9;0.51
curva1;40;clown;-12.135;3.921;2.41;true;true;139.7;-0.05
curva1;40;acrobat;-13.616;3.387;0.72;true;false;107.9;0.49
curva1;41;clown;-12.096;3.921;2.40;true;false;139.0;-0.06
curva1;41;acrobat;-13.604;3.391;0.72;true;false;108.0;0.47
curva1;42;clown;-12.056;3.921;2.40;false;false;139.0;-0.06
curva1;42;acrobat;-13.593;3.395;0.72;true;false;108.0;0.46
curva1;43;clown;-12.016;3.921;2.40;false;false;139.1;-0.06
curva1;43;acrobat;-13.581;3.399;0.72;true;false;108.0;0.44
curva1;44;clown;-11.985;3.913;1.96;false;false;139.2;-0.09
curva1;44;acrobat;-13.570;3.403;0.72;true;false;108.0;0.43
curva1;45;clown;-11.958;3.896;1.97;false;false;139.2;-0.14
curva1;45;acrobat;-13.558;3.406;0.72;true;false;107.9;0.42
curva1;46;clown;-11.922;3.888;2.25;false;false;139.3;-0.15
curva1;46;acrobat;-13.547;3.410;0.74;true;false;107.9;0.41
curva1;47;clown;-11.882;3.888;2.40;false;false;139.5;-0.14
curva1;47;acrobat;-13.534;3.414;0.80;true;false;107.8;0.40
curva1;48;clown;-11.851;3.880;1.96;false;false;139.5;-0.16
curva1;48;acrobat;-13.521;3.417;0.83;true;true;107.8;0.39
curva1;49;clown;-11.812;3.880;2.40;false;true;139.7;-0.14
curva1;49;acrobat;-13.506;3.421;0.89;true;true;107.7;0.38
curva1;50;clown;-11.781;3.872;1.96;true;true;140.0;-0.16
curva1;50;acrobat;-13.491;3.425;0.92;true;true;107.6;0.37
curva1;51;clown;-11.753;3.856;1.97;true;true;140.3;-0.20
curva1;51;acrobat;-13.476;3.429;0.94;true;true;107.7;0.36
curva1;52;clown;-11.717;3.848;2.25;true;true;140.4;-0.20
curva1;52;acrobat;-13.460;3.433;0.98;false;true;107.4;0.36
curva1;53;clown;-11.678;3.848;2.40;true;true;140.5;-0.18
curva1;53;acrobat;-13.444;3.437;1.03;false;true;107.5;0.35
curva1;54;clown;-11.647;3.839;1.96;true;true;140.5;-0.19
curva1;54;acrobat;-13.427;3.441;1.06;false;true;107.6;0.34
curva1;55;clown;-11.607;3.840;2.40;true;true;140.5;-0.18
curva1;55;acrobat;-13.409;3.445;1.11;false;true;107.6;0.34
curva1;56;clown;-11.576;3.831;1.96;true;true;140.3;-0.19
curva1;56;acrobat;-13.390;3.449;1.14;false;true;107.7;0.33
curva1;57;clown;-11.548;3.815;1.97;true;false;139.5;-0.23
curva1;57;acrobat;-13.372;3.452;1.15;false;true;107.7;0.33
curva1;58;clown;-11.512;3.807;2.25;false;false;139.5;-0.24
curva1;58;acrobat;-13.353;3.456;1.18;false;true;107.7;0.33
curva1;59;clown;-11.473;3.807;2.40;false;false;139.6;-0.22
curva1;59;acrobat;-13.333;3.460;1.23;false;true;107.7;0.33
curva1;60;clown;-11.442;3.799;1.96;false;false;139.7;-0.22
curva1;60;acrobat;-13.312;3.464;1.25;false;true;107.7;0.32
curva1;61;clown;-11.414;3.782;1.97;false;false;139.7;-0.26
curva1;61;acrobat;-13.292;3.467;1.26;false;true;107.6;0.32
curva1;62;clown;-11.378;3.774;2.25;false;false;139.8;-0.25
curva1;62;acrobat;-13.271;3.471;1.29;false;true;107.5;0.32
curva1;63;clown;-11.339;3.774;2.40;false;false;139.9;-0.23
curva1;63;acrobat;-13.249;3.474;1.33;false;true;107.4;0.31
curva1;64;clown;-11.300;3.774;2.40;false;true;140.1;-0.21
curva1;64;acrobat;-13.226;3.478;1.37;false;false;107.0;0.31
curva1;65;clown;-11.269;3.766;1.96;false;true;140.4;-0.22
curva1;65;acrobat;-13.204;3.481;1.39;false;false;107.0;0.30
curva1;66;clown;-11.241;3.750;1.97;true;true;140.6;-0.25
curva1;66;acrobat;-13.181;3.484;1.39;false;false;107.1;0.30
curva1;67;clown;-11.205;3.742;2.25;true;true;140.8;-0.25
curva1;67;acrobat;-13.158;3.487;1.42;false;false;107.1;0.29
curva1;68;clown;-11.165;3.742;2.40;true;true;140.9;-0.22
curva1;68;acrobat;-13.134;3.491;1.46;true;false;107.2;0.29
curva1;69;clown;-11.126;3.742;2.40;true;true;141.0;-0.20
curva1;69;acrobat;-13.109;3.494;1.50;true;false;107.3;0.28
curva1;70;clown;-11.095;3.734;1.96;true;true;141.0;-0.21
curva1;70;acrobat;-13.084;3.497;1.51;true;false;107.5;0.28
curva1;71;clown;-11.067;3.717;1.97;true;true;140.8;-0.25
curva1;71;acrobat;-13.060;3.499;1.51;true;false;107.7;0.27
curva1;72;clown;-11.031;3.709;2.25;true;false;140.2;-0.26
curva1;72;acrobat;-13.034;3.502;1.53;true;false;107.8;0.26
curva1;73;clown;-10.992;3.709;2.40;true;false;140.0;-0.24
curva1;73;acrobat;-13.009;3.505;1.57;true;false;107.9;0.25
curva1;74;clown;-10.961;3.701;1.96;false;false;139.9;-0.25
curva1;74;acrobat;-12.983;3.507;1.58;true;false;107.9;0.24
curva1;75;clown;-10.933;3.685;1.97;false;false;139.9;-0.28
curva1;75;acrobat;-12.957;3.510;1.58;true;false;107.9;0.23
curva1;76;clown;-10.897;3.676;2.25;false;false;140.0;-0.28
curva1;76;acrobat;-12.930;3.512;1.60;true;false;107.8;0.22
curva1;77;clown;-10.858;3.677;2.40;false;false;140.1;-0.25
curva1;77;acrobat;-12.904;3.514;1.63;true;false;107.7;0.22
curva1;78;clown;-10.819;3.677;2.40;false;false;140.3;-0.23
curva1;78;acrobat;-12.877;3.516;1.66;true;false;107.5;0.22
curva1;79;clown;-10.788;3.668;1.96;false;true;140.3;-0.24
curva1;79;acrobat;-12.849;3.518;1.67;false;false;107.0;0.21
curva1;80;clown;-10.760;3.652;1.97;false;true;140.6;-0.27
curva1;80;acrobat;-12.822;3.520;1.66;false;true;107.1;0.21
curva1;81;clown;-10.724;3.644;2.25;false;true;140.9;-0.27
curva1;81;acrobat;-12.794;3.522;1.68;false;true;107.3;0.20
curva1;82;clown;-10.685;3.644;2.40;true;true;141.1;-0.24
curva1;82;acrobat;-12.766;3.523;1.71;false;true;107.5;0.20
curva1;83;clown;-10.646;3.644;2.40;true;true;141.2;-0.21
curva1;83;acrobat;-12.737;3.525;1.74;false;true;107.6;0.20
curva1;84;clown;-10.615;3.636;1.96;true;true;141.1;-0.22
curva1;84;acrobat;-12.709;3.527;1.74;false;true;107.7;0.20
curva1;85;clown;-10.587;3.619;1.97;true;true;141.2;-0.26
curva1;85;acrobat;-12.680;3.528;1.74;false;true;107.8;0.20
curva1;86;clown;-10.551;3.611;2.25;true;true;141.2;-0.26
curva1;86;acrobat;-12.651;3.529;1.75;false;true;107.8;0.20
curva1;87;clown;-10.512;3.611;2.40;true;false;140.7;-0.24
curva1;87;acrobat;-12.622;3.530;1.78;false;true;107.7;0.21
curva1;88;clown;-10.481;3.603;1.96;true;false;140.5;-0.26
curva1;88;acrobat;-12.593;3.531;1.78;false;true;107.7;0.21
curva1;89;clown;-10.453;3.587;1.97;true;false;140.3;-0.29
curva1;89;acrobat;-12.564;3.532;1.78;false;true;107.5;0.20
curva1;90;clown;-10.417;3.579;2.25;false;false;140.1;-0.29
curva1;90;acrobat;-12.534;3.533;1.79;false;false;107.0;0.20
curva1;91;clown;-10.378;3.579;2.40;false;false;140.2;-0.27
curva1;91;acrobat;-12.504;3.534;1.82;false;false;107.1;0.20
curva1;92;clown;-10.339;3.579;2.40;false;false;140.4;-0.25
curva1;92;acrobat;-12.474;3.534;1.84;true;false;107.1;0.19
curva1;93;clown;-10.308;3.571;1.96;false;false;140.4;-0.25
curva1;93;acrobat;-12.444;3.535;1.84;true;false;107.3;0.19
curva1;94;clown;-10.280;3.554;1.97;false;false;140.4;-0.29
curva1;94;acrobat;-12.414;3.535;1.83;true;false;107.5;0.19
curva1;95;clown;-10.244;3.546;2.25;false;true;140.5;-0.29
curva1;95;acrobat;-12.383;3.535;1.85;true;false;107.7;0.18
curva1;96;clown;-10.205;3.546;2.40;false;true;140.8;-0.26
curva1;96;acrobat;-12.353;3.535;1.87;true;false;107.8;0.17
curva1;97;clown;-10.174;3.538;1.96;false;true;141.1;-0.26
curva1;97;acrobat;-12.322;3.535;1.87;true;false;107.8;0.16
curva1;98;clown;-10.135;3.538;2.40;true;true;141.3;-0.23
curva1;98;acrobat;-12.291;3.536;1.89;true;false;107.8;0.16
curva1;99;clown;-10.104;3.530;1.96;true;true;141.4;-0.24
curva1;99;acrobat;-12.260;3.536;1.89;true;false;107.8;0.15
curva1;100;clown;-10.076;3.514;1.97;true;true;141.2;-0.27
curva1;100;acrobat;-12.229;3.535;1.88;true;false;107.6;0.15
curva1;101;clown;-10.040;3.505;2.25;true;true;141.3;-0.27
curva1;101;acrobat;-12.198;3.535;1.89;true;false;107.5;0.14
curva1;102;clown;-10.001;3.505;2.40;true;true;141.4;-0.25
curva1;102;acrobat;-12.166;3.534;1.91;false;false;107.1;0.14
curva1;103;clown;-9.970;3.497;1.96;true;false;140.8;-0.26
curva1;103;acrobat;-12.135;3.534;1.91;false;true;107.1;0.14
curva1;104;clown;-9.931;3.497;2.40;true;false;140.7;-0.25
curva1;104;acrobat;-12.103;3.533;1.93;false;true;107.3;0.14
curva1;105;clown;-9.900;3.489;1.96;true;false;140.5;-0.26
curva1;105;acrobat;-12.072;3.533;1.93;false;true;107.5;0.13
curva1;106;clown;-9.872;3.473;1.97;false;false;140.3;-0.29
curva1;106;acrobat;-12.040;3.532;1.92;false;true;107.7;0.13
curva1;107;clown;-9.837;3.465;2.25;false;false;140.3;-0.29
curva1;107;acrobat;-12.008;3.531;1.93;false;true;107.8;0.14
curva1;108;clown;-9.797;3.465;2.40;false;false;140.4;-0.27
curva1;108;acrobat;-11.976;3.530;1.95;false;true;107.8;0.14
curva1;109;clown;-9.767;3.457;1.96;false;false;140.5;-0.27
curva1;109;acrobat;-11.945;3.529;1.95;false;true;107.8;0.15
curva1;110;clown;-9.739;3.441;1.97;false;false;140.5;-0.30
curva1;110;acrobat;-11.913;3.528;1.94;false;true;107.7;0.15
curva1;111;clown;-9.703;3.432;2.25;false;true;140.5;-0.30
curva1;111;acrobat;-11.881;3.527;1.95;false;true;107.6;0.15
curva1;112;clown;-9.664;3.432;2.40;false;true;140.9;-0.27
curva1;112;acrobat;-11.849;3.525;1.97;false;false;107.1;0.14
curva1;113;clown;-9.625;3.433;2.40;false;true;141.2;-0.25
curva1;113;acrobat;-11.816;3.524;1.98;true;false;107.1;0.14
curva1;114;clown;-9.594;3.424;1.96;true;true;141.4;-0.25
curva1;114;acrobat;-11.784;3.522;1.98;true;false;107.3;0.14
curva1;115;clown;-9.566;3.408;1.97;true;true;141.4;-0.28
curva1;115;acrobat;-11.752;3.521;1.97;true;false;107.5;0.14
curva1;116;clown;-9.530;3.400;2.25;true;true;141.3;-0.28
curva1;116;acrobat;-11.719;3.519;1.98;true;false;107.7;0.13
curva1;117;clown;-9.491;3.400;2.40;true;true;141.4;-0.25
curva1;117;acrobat;-11.686;3.517;1.99;true;false;107.8;0.12
curva1;118;clown;-9.452;3.400;2.40;true;true;141.5;-0.23
curva1;118;acrobat;-11.654;3.516;2.01;true;false;107.8;0.12
curva1;119;clown;-9.421;3.392;1.96;true;false;140.9;-0.25
curva1;119;acrobat;-11.621;3.514;2.01;true;false;107.8;0.11
curva1;120;clown;-9.394;3.376;1.97;true;false;140.7;-0.29
curva1;120;acrobat;-11.588;3.512;2.00;true;false;107.7;0.10
curva1;121;clown;-9.358;3.368;2.25;true;false;140.5;-0.29
curva1;121;acrobat;-11.555;3.510;2.00;true;false;107.6;0.10
curva1;122;clown;-9.319;3.368;2.40;false;false;140.4;-0.27
curva1;122;acrobat;-11.522;3.508;2.02;false;false;107.1;0.10
reta;123;clown;-9.280;3.368;2.40;false;false;140.5;-0.25
reta;123;acrobat;-11.489;3.506;2.03;false;false;107.1;0.10
reta;124;clown;-9.240;3.368;2.40;false;false;140.6;-0.23
reta;124;acrobat;-11.456;3.504;2.05;false;true;107.2;0.10
reta;125;clown;-9.201;3.368;2.40;false;false;140.7;-0.22
reta;125;acrobat;-11.422;3.502;2.06;false;true;107.4;0.09
reta;126;clown;-9.162;3.368;2.40;false;true;140.8;-0.21
reta;126;acrobat;-11.388;3.500;2.07;false;true;107.6;0.09
reta;127;clown;-9.123;3.368;2.40;false;true;141.2;-0.20
reta;127;acrobat;-11.354;3.498;2.09;false;true;107.8;0.10
reta;128;clown;-9.084;3.368;2.40;false;true;141.5;-0.18
reta;128;acrobat;-11.320;3.496;2.10;false;true;107.8;0.11
reta;129;clown;-9.045;3.368;2.40;false;true;141.7;-0.17
reta;129;acrobat;-11.285;3.494;2.11;false;true;107.8;0.11
reta;130;clown;-9.005;3.368;2.40;true;true;141.8;-0.15
reta;130;acrobat;-11.250;3.492;2.12;false;true;107.8;0.12
reta;131;clown;-8.966;3.368;2.40;true;true;141.8;-0.15
reta;131;acrobat;-11.216;3.490;2.13;false;true;107.6;0.12
reta;132;clown;-8.927;3.368;2.40;true;true;141.8;-0.14
reta;132;acrobat;-11.181;3.488;2.14;false;true;107.4;0.12
reta;133;clown;-8.888;3.368;2.40;true;true;142.0;-0.14
reta;133;acrobat;-11.145;3.487;2.15;false;false;107.1;0.12
reta;134;clown;-8.849;3.368;2.40;true;false;141.5;-0.13
reta;134;acrobat;-11.110;3.485;2.16;true;false;107.1;0.12
reta;135;clown;-8.810;3.368;2.40;true;false;141.5;-0.14
reta;135;acrobat;-11.075;3.483;2.17;true;false;107.3;0.12
reta;136;clown;-8.771;3.368;2.40;true;false;141.4;-0.15
reta;136;acrobat;-11.039;3.481;2.18;true;false;107.5;0.12
reta;137;clown;-8.732;3.368;2.40;true;false;141.3;-0.15
reta;137;acrobat;-11.003;3.480;2.18;true;false;107.7;0.12
reta;138;clown;-8.693;3.368;2.40;false;false;141.1;-0.15
reta;138;acrobat;-10.967;3.478;2.19;true;false;107.8;0.11
reta;139;clown;-8.653;3.368;2.40;false;false;141.2;-0.15
reta;139;acrobat;-10.931;3.476;2.20;true;false;107.8;0.10
reta;140;clown;-8.614;3.368;2.40;false;false;141.3;-0.15
reta;140;acrobat;-10.895;3.475;2.21;true;false;107.7;0.10
reta;141;clown;-8.575;3.368;2.40;false;true;141.3;-0.15
reta;141;acrobat;-10.859;3.473;2.21;true;false;107.6;0.10
reta;142;clown;-8.536;3.368;2.40;false;true;141.7;-0.15
reta;142;acrobat;-10.823;3.471;2.22;false;false;107.1;0.10
reta;143;clown;-8.497;3.368;2.40;false;true;142.0;-0.14
reta;143;acrobat;-10.786;3.470;2.23;false;true;107.1;0.10
reta;144;clown;-8.458;3.368;2.40;false;true;142.2;-0.13
reta;144;acrobat;-10.750;3.468;2.23;false;true;107.4;0.10
reta;145;clown;-8.419;3.368;2.40;true;true;142.3;-0.12
reta;145;acrobat;-10.713;3.467;2.24;false;true;107.6;0.10
reta;146;clown;-8.380;3.368;2.40;true;true;142.2;-0.12
reta;146;acrobat;-10.677;3.465;2.25;false;true;107.7;0.10
reta;147;clown;-8.341;3.368;2.40;true;true;142.3;-0.12
reta;147;acrobat;-10.640;3.464;2.25;false;true;107.8;0.11
reta;148;clown;-8.302;3.368;2.40;true;true;142.4;-0.12
reta;148;acrobat;-10.603;3.462;2.26;false;true;107.7;0.12
reta;149;clown;-8.263;3.368;2.40;true;false;142.0;-0.12
reta;149;acrobat;-10.566;3.461;2.26;false;true;107.6;0.13
reta;150;clown;-8.223;3.368;2.40;true;false;142.0;-0.13
reta;150;acrobat;-10.529;3.459;2.27;false;true;107.5;0.13
reta;151;clown;-8.184;3.368;2.40;true;false;141.9;-0.14
reta;151;acrobat;-10.492;3.458;2.27;false;false;107.0;0.13
reta;152;clown;-8.145;3.368;2.40;true;false;141.7;-0.15
reta;152;acrobat;-10.454;3.457;2.28;true;false;107.1;0.13
reta;153;clown;-8.106;3.368;2.40;false;false;141.5;-0.15
reta;153;acrobat;-10.417;3.455;2.28;true;false;107.3;0.13
reta;154;clown;-8.067;3.368;2.40;false;false;141.6;-0.15
reta;154;acrobat;-10.380;3.454;2.28;true;false;107.5;0.13
reta;155;clown;-8.028;3.368;2.40;false;false;141.6;-0.15
reta;155;acrobat;-10.343;3.453;2.29;true;false;107.7;0.13
reta;156;clown;-7.989;3.368;2.40;false;true;141.7;-0.15
reta;156;acrobat;-10.305;3.451;2.29;true;false;107.8;0.12
reta;157;clown;-7.950;3.368;2.40;false;true;142.1;-0.15
reta;157;acrobat;-10.268;3.450;2.30;true;false;107.7;0.11
reta;158;clown;-7.911;3.368;2.40;false;true;142.4;-0.14
reta;158;acrobat;-10.230;3.449;2.30;true;false;107.6;0.11
reta;159;clown;-7.872;3.368;2.40;false;true;142.5;-0.13
reta;159;acrobat;-10.192;3.447;2.30;true;false;107.5;0.11
reta;160;clown;-7.833;3.368;2.40;true;true;142.6;-0.12
reta;160;acrobat;-10.155;3.446;2.31;false;false;107.1;0.11
reta;161;clown;-7.794;3.368;2.40;true;true;142.6;-0.12
reta;161;acrobat;-10.117;3.445;2.31;false;true;107.1;0.11
reta;162;clown;-7.755;3.368;2.40;true;true;142.6;-0.12
reta;162;acrobat;-10.079;3.444;2.31;false;true;107.3;0.11
reta;163;clown;-7.716;3.368;2.40;true;true;142.8;-0.12
reta;163;acrobat;-10.041;3.443;2.31;false;true;107.6;0.11
reta;164;clown;-7.677;3.368;2.40;true;false;142.3;-0.13
reta;164;acrobat;-10.003;3.441;2.32;false;true;107.7;0.11
reta;165;clown;-7.638;3.368;2.40;true;false;142.3;-0.14
reta;165;acrobat;-9.966;3.440;2.32;false;true;107.7;0.12
reta;166;clown;-7.599;3.368;2.40;true;false;142.2;-0.14
reta;166;acrobat;-9.928;3.439;2.32;false;true;107.7;0.13
reta;167;clown;-7.560;3.368;2.40;true;false;142.0;-0.15
reta;167;acrobat;-9.890;3.438;2.33;false;true;107.6;0.14
reta;168;clown;-7.521;3.368;2.40;false;false;141.8;-0.15
reta;168;acrobat;-9.852;3.437;2.33;false;true;107.4;0.14
reta;169;clown;-7.482;3.368;2.40;false;false;141.8;-0.15
reta;169;acrobat;-9.814;3.436;2.33;false;false;107.0;0.14
reta;170;clown;-7.443;3.368;2.40;false;false;141.9;-0.15
reta;170;acrobat;-9.776;3.435;2.33;true;false;107.0;0.14
reta;171;clown;-7.404;3.368;2.40;false;true;142.0;-0.15
reta;171;acrobat;-9.737;3.434;2.33;true;false;107.3;0.14
reta;172;clown;-7.365;3.368;2.40;false;true;142.3;-0.15
reta;172;acrobat;-9.699;3.433;2.34;true;false;107.5;0.14
reta;173;clown;-7.326;3.368;2.40;false;true;142.6;-0.15
reta;173;acrobat;-9.661;3.432;2.34;true;false;107.7;0.13
reta;174;clown;-7.287;3.368;2.40;false;true;142.8;-0.14
reta;174;acrobat;-9.623;3.431;2.34;true;false;107.7;0.12
reta;175;clown;-7.248;3.368;2.40;true;true;142.9;-0.13
reta;175;acrobat;-9.585;3.430;2.34;true;false;107.7;0.12
reta;176;clown;-7.209;3.368;2.40;true;true;142.8;-0.13
reta;176;acrobat;-9.546;3.429;2.34;true;false;107.6;0.11
reta;177;clown;-7.170;3.368;2.40;true;true;142.9;-0.13
reta;177;acrobat;-9.508;3.428;2.35;true;false;107.4;0.11
reta;178;clown;-7.131;3.368;2.40;true;true;143.0;-0.13
reta;178;acrobat;-9.470;3.427;2.35;false;false;107.0;0.11
reta;179;clown;-7.092;3.368;2.40;true;false;142.5;-0.13
reta;179;acrobat;-9.431;3.426;2.35;false;true;107.1;0.11
reta;180;clown;-7.053;3.368;2.40;true;false;142.5;-0.14
reta;180;acrobat;-9.393;3.425;2.35;false;true;107.3;0.11
reta;181;clown;-7.014;3.368;2.40;true;false;142.4;-0.15
reta;181;acrobat;-9.355;3.424;2.35;false;true;107.5;0.11
reta;182;clown;-6.975;3.368;2.40;true;false;142.2;-0.15
reta;182;acrobat;-9.316;3.423;2.35;false;true;107.7;0.12
reta;183;clown;-6.936;3.368;2.40;false;false;142.0;-0.15
reta;183;acrobat;-9.278;3.422;2.35;false;true;107.7;0.13
reta;184;clown;-6.897;3.368;2.40;false;false;142.1;-0.15
reta;184;acrobat;-9.240;3.422;2.36;false;true;107.7;0.14
reta;185;clown;-6.858;3.368;2.40;false;false;142.1;-0.15
reta;185;acrobat;-9.201;3.421;2.36;false;true;107.5;0.14
reta;186;clown;-6.819;3.369;2.40;false;true;142.2;-0.15
reta;186;acrobat;-9.163;3.420;2.36;false;true;107.4;0.14
reta;187;clown;-6.780;3.369;2.40;false;true;142.5;-0.15
reta;187;acrobat;-9.124;3.419;2.36;false;false;107.0;0.14
reta;188;clown;-6.741;3.369;2.40;false;true;142.8;-0.15
reta;188;acrobat;-9.086;3.418;2.36;true;false;107.0;0.14
reta;189;clown;-6.702;3.369;2.40;false;true;143.0;-0.14
reta;189;acrobat;-9.047;3.418;2.36;true;false;107.3;0.14
reta;190;clown;-6.663;3.369;2.40;true;true;143.1;-0.13
reta;190;acrobat;-9.009;3.417;2.36;true;false;107.5;0.14
reta;191;clown;-6.624;3.369;2.40;true;true;143.0;-0.13
reta;191;acrobat;-8.970;3.416;2.36;true;false;107.6;0.14
reta;192;clown;-6.585;3.369;2.40;true;true;143.0;-0.13
reta;192;acrobat;-8.932;3.415;2.36;true;false;107.7;0.13
reta;193;clown;-6.546;3.369;2.40;true;true;143.2;-0.13
reta;193;acrobat;-8.893;3.415;2.37;true;false;107.7;0.12
reta;194;clown;-6.507;3.369;2.40;true;false;142.7;-0.13
reta;194;acrobat;-8.855;3.414;2.37;true;false;107.5;0.12
reta;195;clown;-6.469;3.369;2.40;true;false;142.7;-0.14
reta;195;acrobat;-8.816;3.413;2.37;true;false;107.4;0.12
reta;196;clown;-6.430;3.369;2.40;true;false;142.6;-0.15
reta;196;acrobat;-8.778;3.412;2.37;false;false;107.0;0.12
reta;197;clown;-6.391;3.369;2.40;true;false;142.4;-0.15
reta;197;acrobat;-8.739;3.412;2.37;false;true;107.0;0.12
reta;198;clown;-6.352;3.369;2.40;false;false;142.2;-0.15
reta;198;acrobat;-8.700;3.411;2.37;false;true;107.3;0.12
reta;199;clown;-6.313;3.369;2.40;false;false;142.2;-0.15
reta;199;acrobat;-8.662;3.410;2.37;false;true;107.5;0.12
reta;200;clown;-6.274;3.369;2.40;false;false;142.3;-0.15
reta;200;acrobat;-8.623;3.410;2.37;false;true;107.6;0.12
reta;201;clown;-6.235;3.369;2.40;false;true;142.4;-0.15
reta;201;acrobat;-8.584;3.409;2.37;false;true;107.7;0.13
reta;202;clown;-6.196;3.369;2.40;false;true;142.7;-0.15
reta;202;acrobat;-8.546;3.408;2.37;false;true;107.6;0.14
reta;203;clown;-6.157;3.369;2.40;false;true;143.0;-0.15
reta;203;acrobat;-8.507;3.408;2.37;false;true;107.5;0.15
reta;204;clown;-6.118;3.369;2.40;false;true;143.2;-0.14
reta;204;acrobat;-8.468;3.407;2.37;false;true;107.3;0.15
reta;205;clown;-6.079;3.369;2.40;true;true;143.2;-0.13
reta;205;acrobat;-8.430;3.407;2.37;false;false;106.9;0.15
reta;206;clown;-6.040;3.369;2.40;true;true;143.2;-0.13
reta;206;acrobat;-8.391;3.406;2.38;true;false;107.0;0.15
reta;207;clown;-6.001;3.369;2.40;true;true;143.2;-0.13
reta;207;acrobat;-8.353;3.405;2.38;true;false;107.2;0.15
reta;208;clown;-5.962;3.369;2.40;true;true;143.3;-0.13
reta;208;acrobat;-8.314;3.405;2.38;true;false;107.5;0.15
reta;209;clown;-5.924;3.369;2.40;true;false;142.9;-0.13
reta;209;acrobat;-8.275;3.404;2.38;true;false;107.6;0.14
reta;210;clown;-5.885;3.369;2.40;true;false;142.8;-0.14
reta;210;acrobat;-8.237;3.404;2.38;true;false;107.7;0.13
reta;211;clown;-5.846;3.369;2.40;true;false;142.7;-0.15
reta;211;acrobat;-8.198;3.403;2.38;true;false;107.6;0.12
reta;212;clown;-5.807;3.369;2.40;true;false;142.5;-0.15
reta;212;acrobat;-8.159;3.403;2.38;true;false;107.5;0.12
reta;213;clown;-5.768;3.369;2.40;false;false;142.3;-0.15
reta;213;acrobat;-8.120;3.402;2.38;true;false;107.4;0.12
reta;214;clown;-5.729;3.369;2.40;false;false;142.4;-0.15
reta;214;acrobat;-8.082;3.402;2.38;false;false;107.0;0.12
reta;215;clown;-5.690;3.369;2.40;false;false;142.4;-0.15
reta;215;acrobat;-8.043;3.401;2.38;false;true;107.0;0.12
reta;216;clown;-5.651;3.369;2.40;false;true;142.5;-0.15
reta;216;acrobat;-8.004;3.400;2.38;false;true;107.3;0.12
reta;217;clown;-5.612;3.369;2.40;false;true;142.8;-0.15
reta;217;acrobat;-7.965;3.400;2.38;false;true;107.5;0.12
reta;218;clown;-5.573;3.369;2.40;false;true;143.1;-0.15
reta;218;acrobat;-7.927;3.399;2.38;false;true;107.6;0.13
reta;219;clown;-5.534;3.369;2.40;false;true;143.3;-0.14
reta;219;acrobat;-7.888;3.399;2.38;false;true;107.7;0.14
reta;220;clown;-5.496;3.369;2.40;true;true;143.3;-0.13
reta;220;acrobat;-7.849;3.399;2.38;false;true;107.6;0.15
reta;221;clown;-5.457;3.369;2.40;true;true;143.3;-0.13
reta;221;acrobat;-7.811;3.398;2.38;false;true;107.5;0.15
reta;222;clown;-5.418;3.369;2.40;true;true;143.3;-0.13
reta;222;acrobat;-7.772;3.398;2.38;false;true;107.3;0.15
reta;223;clown;-5.379;3.369;2.40;true;true;143.5;-0.13
reta;223;acrobat;-7.733;3.397;2.38;false;false;106.9;0.15
reta;224;clown;-5.340;3.369;2.40;true;false;143.0;-0.13
reta;224;acrobat;-7.694;3.397;2.38;true;false;107.0;0.15
reta;225;clown;-5.301;3.369;2.40;true;false;142.9;-0.14
reta;225;acrobat;-7.656;3.396;2.38;true;false;107.2;0.15
reta;226;clown;-5.262;3.369;2.40;true;false;142.8;-0.15
reta;226;acrobat;-7.617;3.396;2.38;true;false;107.4;0.15
reta;227;clown;-5.223;3.369;2.40;true;false;142.6;-0.15
reta;227;acrobat;-7.578;3.395;2.38;true;false;107.6;0.14
reta;228;clown;-5.184;3.369;2.40;false;false;142.4;-0.15
reta;228;acrobat;-7.539;3.395;2.39;true;false;107.7;0.14
reta;229;clown;-5.146;3.369;2.40;false;false;142.5;-0.15
reta;229;acrobat;-7.501;3.394;2.39;true;false;107.6;0.13
reta;230;clown;-5.107;3.369;2.40;false;false;142.5;-0.15
reta;230;acrobat;-7.462;3.394;2.39;true;false;107.5;0.12
reta;231;clown;-5.068;3.369;2.40;false;true;142.6;-0.15
reta;231;acrobat;-7.423;3.394;2.39;true;false;107.3;0.12
reta;232;clown;-5.029;3.369;2.40;false;true;142.9;-0.15
reta;232;acrobat;-7.384;3.393;2.39;false;false;107.0;0.12
reta;233;clown;-4.990;3.369;2.40;false;true;143.2;-0.15
reta;233;acrobat;-7.346;3.393;2.39;false;true;107.0;0.12
reta;234;clown;-4.951;3.369;2.40;false;true;143.4;-0.14
reta;234;acrobat;-7.307;3.393;2.39;false;true;107.3;0.12
reta;235;clown;-4.912;3.369;2.40;true;true;143.4;-0.13
reta;235;acrobat;-7.268;3.392;2.39;false;true;107.5;0.12
reta;236;clown;-4.873;3.369;2.40;true;true;143.4;-0.13
reta;236;acrobat;-7.229;3.392;2.39;false;true;107.6;0.13
reta;237;clown;-4.834;3.369;2.40;true;true;143.4;-0.13
reta;237;acrobat;-7.190;3.391;2.39;false;true;107.6;0.14
reta;238;clown;-4.795;3.369;2.40;true;true;143.5;-0.13
reta;238;acrobat;-7.152;3.391;2.39;false;true;107.6;0.15
reta;239;clown;-4.757;3.369;2.40;true;false;143.1;-0.13
reta;239;acrobat;-7.113;3.391;2.39;false;true;107.5;0.15
reta;240;clown;-4.718;3.369;2.40;true;false;143.0;-0.14
reta;240;acrobat;-7.074;3.390;2.39;false;true;107.3;0.15
reta;241;clown;-4.679;3.369;2.40;true;false;142.9;-0.15
reta;241;acrobat;-7.035;3.390;2.39;false;false;106.9;0.15
reta;242;clown;-4.640;3.369;2.40;true;false;142.7;-0.15
reta;242;acrobat;-6.996;3.390;2.39;true;false;107.0;0.15
reta;243;clown;-4.601;3.369;2.40;false;false;142.5;-0.15
reta;243;acrobat;-6.958;3.389;2.39;true;false;107.2;0.15
reta;244;clown;-4.562;3.369;2.40;false;false;142.5;-0.15
reta;244;acrobat;-6.919;3.389;2.39;true;false;107.4;0.15
reta;245;clown;-4.523;3.369;2.40;false;false;142.6;-0.16
reta;245;acrobat;-6.880;3.389;2.39;true;false;107.6;0.15
reta;246;clown;-4.484;3.369;2.40;false;true;142.7;-0.16
reta;246;acrobat;-6.841;3.388;2.39;true;false;107.6;0.14
reta;247;clown;-4.445;3.369;2.40;false;true;143.0;-0.15
reta;247;acrobat;-6.803;3.388;2.39;true;false;107.6;0.13
reta;248;clown;-4.407;3.369;2.40;false;true;143.3;-0.15
reta;248;acrobat;-6.764;3.388;2.39;true;false;107.5;0.13
reta;249;clown;-4.368;3.368;2.40;false;true;143.4;-0.14
reta;249;acrobat;-6.725;3.387;2.39;true;false;107.3;0.13
reta;250;clown;-4.329;3.368;2.40;true;true;143.5;-0.13
reta;250;acrobat;-6.686;3.387;2.39;false;false;107.0;0.13
curva2;251;clown;-4.298;3.360;1.96;true;true;143.3;-0.16
curva2;251;acrobat;-6.648;3.387;2.37;false;true;107.0;0.13
curva2;252;clown;-4.271;3.344;1.97;true;true;143.2;-0.21
curva2;252;acrobat;-6.610;3.386;2.35;false;true;107.2;0.13
curva2;253;clown;-4.243;3.320;2.26;true;true;143.2;-0.27
curva2;253;acrobat;-6.572;3.385;2.32;false;true;107.5;0.12
curva2;254;clown;-4.215;3.292;2.40;true;false;142.5;-0.33
curva2;254;acrobat;-6.535;3.383;2.30;false;true;107.6;0.13
curva2;255;clown;-4.187;3.264;2.40;true;false;142.3;-0.38
curva2;255;acrobat;-6.498;3.382;2.28;false;true;107.6;0.13
curva2;256;clown;-4.160;3.236;2.40;true;false;142.0;-0.43
curva2;256;acrobat;-6.461;3.379;2.26;false;true;107.6;0.13
curva2;257;clown;-4.132;3.208;2.40;true;false;141.6;-0.46
curva2;257;acrobat;-6.425;3.377;2.25;false;true;107.5;0.13
curva2;258;clown;-4.104;3.180;2.40;false;false;141.2;-0.48
curva2;258;acrobat;-6.389;3.374;2.23;false;true;107.3;0.13
curva2;259;clown;-4.077;3.153;2.40;false;false;141.1;-0.50
curva2;259;acrobat;-6.353;3.370;2.22;false;false;106.9;0.12
curva2;260;clown;-4.049;3.125;2.40;false;false;141.1;-0.52
curva2;260;acrobat;-6.318;3.366;2.20;true;false;107.0;0.12
curva2;261;clown;-4.021;3.097;2.40;false;false;141.0;-0.53
curva2;261;acrobat;-6.283;3.362;2.19;true;false;107.2;0.11
curva2;262;clown;-3.993;3.069;2.40;false;true;140.9;-0.54
curva2;262;acrobat;-6.248;3.358;2.18;true;false;107.4;0.10
curva2;263;clown;-3.966;3.041;2.40;false;true;141.1;-0.55
curva2;263;acrobat;-6.213;3.353;2.17;true;false;107.6;0.09
curva2;264;clown;-3.938;3.013;2.40;false;true;141.2;-0.55
curva2;264;acrobat;-6.178;3.348;2.16;true;false;107.7;0.08
curva2;265;clown;-3.910;2.986;2.40;true;true;141.3;-0.55
curva2;265;acrobat;-6.144;3.342;2.15;true;false;107.7;0.06
curva2;266;clown;-3.882;2.958;2.40;true;true;141.2;-0.55
curva2;266;acrobat;-6.110;3.336;2.15;true;false;107.6;0.05
curva2;267;clown;-3.855;2.930;2.40;true;true;141.0;-0.56
curva2;267;acrobat;-6.076;3.330;2.14;true;false;107.5;0.04
curva2;268;clown;-3.827;2.902;2.40;true;true;141.0;-0.56
curva2;268;acrobat;-6.042;3.324;2.13;false;false;107.0;0.03
curva2;269;clown;-3.799;2.874;2.40;true;true;140.9;-0.57
curva2;269;acrobat;-6.008;3.317;2.13;false;false;107.0;0.03
curva2;270;clown;-3.771;2.846;2.40;true;false;140.3;-0.57
curva2;270;acrobat;-5.974;3.310;2.13;false;true;107.1;0.02
curva2;271;clown;-3.743;2.818;2.40;true;false;140.1;-0.58
curva2;271;acrobat;-5.941;3.302;2.12;false;true;107.3;0.01
curva2;272;clown;-3.716;2.791;2.40;true;false;139.8;-0.58
curva2;272;acrobat;-5.907;3.295;2.12;false;true;107.5;0.01
curva2;273;clown;-3.688;2.763;2.40;false;false;139.5;-0.58
curva2;273;acrobat;-5.874;3.287;2.12;false;true;107.7;0.00
curva2;274;clown;-3.660;2.735;2.40;false;false;139.5;-0.59
curva2;274;acrobat;-5.841;3.278;2.12;false;true;107.8;0.00
curva2;275;clown;-3.632;2.707;2.40;false;false;139.5;-0.59
curva2;275;acrobat;-5.808;3.270;2.12;false;true;107.8;0.00
curva2;276;clown;-3.605;2.679;2.40;false;false;139.4;-0.59
curva2;276;acrobat;-5.775;3.261;2.11;false;true;107.7;0.00
curva2;277;clown;-3.577;2.651;2.40;false;true;139.4;-0.59
curva2;277;acrobat;-5.742;3.252;2.11;false;true;107.6;-0.00
curva2;278;clown;-3.549;2.623;2.40;false;true;139.6;-0.59
curva2;278;acrobat;-5.709;3.242;2.11;false;false;107.0;-0.01
curva2;279;clown;-3.521;2.595;2.40;false;true;139.8;-0.59
curva2;279;acrobat;-5.676;3.233;2.12;true;false;107.1;-0.01
curva2;280;clown;-3.493;2.568;2.40;true;true;139.9;-0.58
curva2;280;acrobat;-5.643;3.223;2.12;true;false;107.3;-0.02
curva2;281;clown;-3.466;2.540;2.40;true;true;139.8;-0.58
curva2;281;acrobat;-5.611;3.212;2.12;true;false;107.5;-0.03
curva2;282;clown;-3.438;2.512;2.40;true;true;139.7;-0.58
curva2;282;acrobat;-5.578;3.202;2.12;true;false;107.7;-0.04
curva2;283;clown;-3.410;2.484;2.40;true;true;139.7;-0.58
curva2;283;acrobat;-5.545;3.191;2.12;true;false;107.8;-0.05
curva2;284;clown;-3.382;2.456;2.40;true;true;139.7;-0.58
curva2;284;acrobat;-5.513;3.180;2.12;true;false;107.8;-0.06
curva2;285;clown;-3.354;2.428;2.40;true;false;139.0;-0.58
curva2;285;acrobat;-5.480;3.169;2.13;true;false;107.8;-0.08
curva2;286;clown;-3.326;2.400;2.40;true;false;138.8;-0.59
curva2;286;acrobat;-5.448;3.157;2.13;true;false;107.6;-0.09
curva2;287;clown;-3.299;2.372;2.40;true;false;138.6;-0.59
curva2;287;acrobat;-5.415;3.145;2.13;false;false;107.1;-0.09
curva2;288;clown;-3.271;2.344;2.40;false;false;138.4;-0.59
curva2;288;acrobat;-5.383;3.133;2.13;false;false;107.2;-0.10
curva2;289;clown;-3.243;2.316;2.40;false;false;138.4;-0.59
curva2;289;acrobat;-5.351;3.121;2.14;false;true;107.2;-0.10
curva2;290;clown;-3.215;2.288;2.40;false;false;138.3;-0.59
curva2;290;acrobat;-5.318;3.108;2.14;false;true;107.5;-0.11
curva2;291;clown;-3.187;2.260;2.40;false;false;138.3;-0.59
curva2;291;acrobat;-5.286;3.095;2.14;false;true;107.7;-0.11
curva2;292;clown;-3.159;2.232;2.40;false;true;138.3;-0.59
curva2;292;acrobat;-5.254;3.082;2.15;false;true;107.9;-0.11
curva2;293;clown;-3.132;2.204;2.40;false;true;138.6;-0.59
curva2;293;acrobat;-5.222;3.069;2.15;false;true;107.9;-0.11
curva2;294;clown;-3.104;2.176;2.40;false;true;138.7;-0.59
curva2;294;acrobat;-5.189;3.055;2.16;false;true;107.9;-0.11
curva2;295;clown;-3.076;2.149;2.40;true;true;138.8;-0.59
curva2;295;acrobat;-5.157;3.041;2.16;false;true;107.9;-0.11
curva2;296;clown;-3.048;2.121;2.40;true;true;138.8;-0.58
curva2;296;acrobat;-5.125;3.027;2.16;false;true;107.7;-0.11
curva2;297;clown;-3.020;2.093;2.40;true;true;138.7;-0.58
curva2;297;acrobat;-5.093;3.013;2.17;false;false;107.2;-0.12
curva2;298;clown;-2.992;2.065;2.40;true;true;138.7;-0.58
curva2;298;acrobat;-5.061;2.998;2.17;true;false;107.2;-0.12
curva2;299;clown;-2.965;2.037;2.40;true;true;138.7;-0.58
curva2;299;acrobat;-5.029;2.983;2.17;true;false;107.5;-0.13
curva2;300;clown;-2.937;2.009;2.40;true;false;138.1;-0.59
curva2;300;acrobat;-4.997;2.968;2.18;true;false;107.7;-0.13
curva2;301;clown;-2.909;1.981;2.40;true;false;137.9;-0.59
curva2;301;acrobat;-4.965;2.953;2.18;true;false;107.9;-0.14
curva2;302;clown;-2.881;1.953;2.40;true;false;137.7;-0.59
curva2;302;acrobat;-4.933;2.938;2.19;true;false;108.0;-0.15
curva2;303;clown;-2.853;1.925;2.40;false;false;137.5;-0.59
curva2;303;acrobat;-4.901;2.922;2.19;true;false;108.0;-0.16
curva2;304;clown;-2.825;1.897;2.40;false;false;137.5;-0.59
curva2;304;acrobat;-4.869;2.906;2.20;true;false;107.9;-0.17
curva2;305;clown;-2.797;1.869;2.40;false;false;137.5;-0.59
curva2;305;acrobat;-4.837;2.890;2.20;true;false;107.8;-0.18
curva2;306;clown;-2.769;1.841;2.40;false;false;137.5;-0.60
curva2;306;acrobat;-4.805;2.874;2.20;false;false;107.3;-0.18
curva2;307;clown;-2.741;1.813;2.40;false;true;137.5;-0.60
curva2;307;acrobat;-4.773;2.858;2.21;false;false;107.4;-0.19
curva2;308;clown;-2.714;1.785;2.40;false;true;137.7;-0.59
curva2;308;acrobat;-4.741;2.841;2.21;false;true;107.4;-0.19
curva2;309;clown;-2.686;1.757;2.40;false;true;137.9;-0.59
curva2;309;acrobat;-4.709;2.824;2.22;false;true;107.7;-0.20
curva2;310;clown;-2.658;1.729;2.40;true;true;138.0;-0.59
curva2;310;acrobat;-4.677;2.807;2.22;false;true;107.9;-0.20
curva2;311;clown;-2.630;1.701;2.40;true;true;138.0;-0.58
curva2;311;acrobat;-4.646;2.790;2.23;false;true;108.0;-0.20
curva2;312;clown;-2.602;1.673;2.40;true;true;137.9;-0.58
curva2;312;acrobat;-4.614;2.772;2.23;false;true;108.1;-0.19
curva2;313;clown;-2.574;1.645;2.40;true;true;137.9;-0.58
curva2;313;acrobat;-4.582;2.755;2.23;false;true;108.1;-0.19
curva2;314;clown;-2.546;1.616;2.40;true;true;137.9;-0.58
curva2;314;acrobat;-4.550;2.737;2.24;false;true;108.0;-0.19
curva2;315;clown;-2.518;1.588;2.40;true;false;137.3;-0.59
curva2;315;acrobat;-4.518;2.719;2.24;false;true;107.9;-0.19
curva2;316;clown;-2.490;1.560;2.40;true;false;137.2;-0.59
curva2;316;acrobat;-4.487;2.701;2.25;false;false;107.4;-0.20
curva2;317;clown;-2.462;1.532;2.40;true;false;136.9;-0.59
curva2;317;acrobat;-4.455;2.682;2.25;true;false;107.4;-0.20
curva2;318;clown;-2.434;1.504;2.40;false;false;136.8;-0.60
curva2;318;acrobat;-4.423;2.664;2.25;true;false;107.7;-0.20
curva2;319;clown;-2.406;1.476;2.40;false;false;136.8;-0.60
curva2;319;acrobat;-4.392;2.645;2.26;true;false;107.9;-0.21
curva2;320;clown;-2.378;1.448;2.40;false;false;136.8;-0.60
curva2;320;acrobat;-4.360;2.626;2.26;true;false;108.1;-0.21
curva2;321;clown;-2.342;1.428;2.50;false;true;136.8;-0.58
curva2;321;acrobat;-4.328;2.607;2.27;true;false;108.1;-0.22
curva2;322;clown;-2.303;1.417;2.50;false;true;137.2;-0.55
curva2;322;acrobat;-4.296;2.589;2.28;true;false;108.1;-0.23
curva2;323;clown;-2.264;1.414;2.41;false;true;137.6;-0.50
curva2;323;acrobat;-4.264;2.570;2.27;true;false;108.0;-0.24
curva2;324;clown;-2.225;1.414;2.40;false;true;137.9;-0.44
curva2;324;acrobat;-4.232;2.552;2.27;true;false;107.9;-0.24
curva2;325;clown;-2.186;1.414;2.40;false;true;138.1;-0.39
curva2;325;acrobat;-4.200;2.534;2.26;false;false;107.5;-0.24
curva2;326;clown;-2.147;1.414;2.40;true;true;138.2;-0.34
curva2;326;acrobat;-4.168;2.516;2.25;false;true;107.5;-0.24
curva2;327;clown;-2.116;1.405;1.96;true;true;138.1;-0.33
curva2;327;acrobat;-4.136;2.499;2.24;false;true;107.8;-0.23
curva2;328;clown;-2.088;1.389;1.97;true;true;138.2;-0.35
curva2;328;acrobat;-4.104;2.481;2.23;false;true;108.0;-0.23
curva2;329;clown;-2.052;1.381;2.25;true;false;138.0;-0.34
curva2;329;acrobat;-4.072;2.464;2.23;false;true;108.1;-0.23
curva2;330;clown;-2.013;1.381;2.40;true;false;138.2;-0.31
curva2;330;acrobat;-4.040;2.447;2.22;false;true;108.2;-0.22
curva2;331;clown;-1.974;1.381;2.40;true;false;138.3;-0.29
curva2;331;acrobat;-4.008;2.431;2.22;false;true;108.2;-0.21
curva2;332;clown;-1.943;1.372;1.96;true;false;138.2;-0.30
curva2;332;acrobat;-3.976;2.414;2.21;false;true;108.1;-0.20
curva2;333;clown;-1.916;1.356;1.97;true;false;137.9;-0.33
curva2;333;acrobat;-3.944;2.398;2.20;false;true;107.9;-0.20
freio;334;clown;-1.896;1.348;1.30;false;false;137.7;-0.34
freio;334;acrobat;-3.913;2.382;2.16;false;false;107.5;-0.19
freio;335;clown;-1.886;1.348;0.70;false;false;137.7;-0.30
freio;335;acrobat;-3.882;2.366;2.10;false;false;107.5;-0.19
freio;336;clown;-1.883;1.348;0.20;true;false;137.7;-0.28
freio;336;acrobat;-3.853;2.351;2.02;true;false;107.6;-0.19
freio;337;clown;-1.883;1.348;0.00;true;true;137.7;-0.27
freio;337;acrobat;-3.825;2.337;1.95;true;false;107.8;-0.19
freio;338;clown;-1.883;1.348;0.00;true;true;137.7;-0.25
freio;338;acrobat;-3.798;2.323;1.87;true;false;108.0;-0.19
freio;339;clown;-1.883;1.348;0.00;true;true;137.7;-0.23
freio;339;acrobat;-3.772;2.310;1.80;true;false;108.2;-0.19
freio;340;clown;-1.883;1.348;0.00;true;true;137.6;-0.21
freio;340;acrobat;-3.747;2.297;1.73;true;false;108.3;-0.20
freio;341;clown;-1.883;1.348;0.00;true;true;137.5;-0.20
freio;341;acrobat;-3.723;2.285;1.66;true;false;108.3;-0.20
freio;342;clown;-1.883;1.348;0.00;true;true;137.4;-0.18
freio;342;acrobat;-3.700;2.273;1.60;true;false;108.3;-0.20
freio;343;clown;-1.883;1.348;0.00;true;true;137.3;-0.16
freio;343;acrobat;-3.678;2.262;1.53;true;false;108.3;-0.21
freio;344;clown;-1.883;1.348;0.00;true;true;137.1;-0.14
freio;344;acrobat;-3.657;2.251;1.47;true;false;108.2;-0.21
freio;345;clown;-1.883;1.348;0.00;true;true;136.9;-0.13
freio;345;acrobat;-3.637;2.240;1.42;true;false;108.1;-0.21
freio;346;clown;-1.883;1.348;0.00;true;true;136.9;-0.13
freio;346;acrobat;-3.617;2.230;1.36;true;false;108.0;-0.21
freio;347;clown;-1.883;1.348;0.00;true;true;136.9;-0.12
freio;347;acrobat;-3.598;2.221;1.31;false;false;107.5;-0.21
freio;348;clown;-1.883;1.348;0.00;true;true;136.9;-0.12
freio;348;acrobat;-3.580;2.212;1.26;false;true;107.6;-0.21
freio;349;clown;-1.883;1.348;0.00;true;true;136.8;-0.12
freio;349;acrobat;-3.563;2.203;1.21;false;true;107.7;-0.20
freio;350;clown;-1.883;1.348;0.00;true;true;136.8;-0.12
freio;350;acrobat;-3.546;2.194;1.16;false;true;107.9;-0.20
freio;351;clown;-1.883;1.348;0.00;true;true;136.8;-0.12
freio;351;acrobat;-3.530;2.186;1.12;false;true;108.0;-0.20
freio;352;clown;-1.883;1.348;0.00;true;true;136.8;-0.12
freio;352;acrobat;-3.515;2.178;1.08;false;true;108.2;-0.20
freio;353;clown;-1.883;1.348;0.00;true;true;136.8;-0.11
freio;353;acrobat;-3.501;2.171;1.04;false;true;108.3;-0.20
freio;354;clown;-1.883;1.348;0.00;false;true;136.4;-0.11
freio;354;acrobat;-3.486;2.164;1.00;false;true;108.3;-0.20
freio;355;clown;-1.883;1.348;0.00;false;false;136.4;-0.11
freio;355;acrobat;-3.473;2.157;0.96;false;true;108.4;-0.20
freio;356;clown;-1.883;1.348;0.00;false;false;136.4;-0.11
freio;356;acrobat;-3.460;2.150;0.92;false;true;108.5;-0.20
freio;357;clown;-1.883;1.348;0.00;false;false;136.5;-0.11
freio;357;acrobat;-3.448;2.144;0.89;false;true;108.5;-0.19
freio;358;clown;-1.883;1.348;0.00;false;false;136.5;-0.11
freio;358;acrobat;-3.436;2.137;0.85;false;true;108.4;-0.19
freio;359;clown;-1.883;1.348;0.00;false;false;136.6;-0.11
freio;359;acrobat;-3.424;2.132;0.82;false;true;108.4;-0.19
freio;360;clown;-1.883;1.348;0.00;false;false;136.7;-0.11
freio;360;acrobat;-3.413;2.126;0.79;false;true;108.3;-0.18
freio;361;clown;-1.883;1.348;0.00;false;false;136.7;-0.11
freio;361;acrobat;-3.402;2.120;0.76;false;true;108.3;-0.18
freio;362;clown;-1.883;1.348;0.00;false;false;136.8;-0.10
freio;362;acrobat;-3.392;2.115;0.73;false;true;108.2;-0.18
freio;363;clown;-1.883;1.348;0.00;false;false;136.9;-0.10
freio;363;acrobat;-3.382;2.110;0.72;false;true;108.1;-0.18
freio;364;clown;-1.883;1.348;0.00;false;false;137.0;-0.10
freio;364;acrobat;-3.372;2.105;0.72;false;true;108.0;-0.18
freio;365;clown;-1.883;1.348;0.00;false;false;137.0;-0.10
freio;365;acrobat;-3.362;2.100;0.72;false;false;107.6;-0.17
freio;366;clown;-1.883;1.348;0.00;false;false;137.0;-0.10
freio;366;acrobat;-3.352;2.095;0.72;false;false;107.6;-0.17
freio;367;clown;-1.883;1.348;0.00;false;false;137.1;-0.10
freio;367;acrobat;-3.342;2.089;0.72;false;false;107.6;-0.17
freio;368;clown;-1.883;1.348;0.00;false;false;137.1;-0.10
freio;368;acrobat;-3.332;2.084;0.72;false;false;107.7;-0.17
freio;369;clown;-1.883;1.348;0.00;false;false;137.1;-0.10
freio;369;acrobat;-3.322;2.079;0.72;false;false;107.7;-0.17
freio;370;clown;-1.883;1.348;0.00;false;false;137.2;-0.10
freio;370;acrobat;-3.312;2.074;0.72;false;false;107.8;-0.17
freio;371;clown;-1.883;1.348;0.00;false;false;137.2;0.01
freio;371;acrobat;-3.302;2.069;0.72;false;false;107.8;-0.17
freio;372;clown;-1.883;1.348;0.00;true;false;137.3;0.11
freio;372;acrobat;-3.292;2.064;0.72;false;false;107.9;-0.17
freio;373;clown;-1.883;1.348;0.00;true;true;137.3;0.21
freio;373;acrobat;-3.282;2.059;0.72;true;false;107.9;-0.17
freio;374;clown;-1.883;1.348;0.00;true;true;137.4;0.29
freio;374;acrobat;-3.272;2.054;0.72;true;false;108.0;-0.17
freio;375;clown;-1.883;1.348;0.00;true;true;137.4;0.37
freio;375;acrobat;-3.262;2.048;0.72;true;false;108.1;-0.18
freio;376;clown;-1.883;1.348;0.00;true;true;137.5;0.44
freio;376;acrobat;-3.252;2.043;0.72;true;false;108.2;-0.18
freio;377;clown;-1.883;1.348;0.00;true;true;137.5;0.50
freio;377;acrobat;-3.242;2.038;0.72;true;false;108.3;-0.18
freio;378;clown;-1.883;1.348;0.00;true;true;137.6;0.55
freio;378;acrobat;-3.232;2.033;0.72;true;false;108.3;-0.18
freio;379;clown;-1.883;1.348;0.00;true;true;137.6;0.60
freio;379;acrobat;-3.222;2.028;0.72;true;false;108.4;-0.18
freio;380;clown;-1.883;1.348;0.00;true;true;137.7;0.64
freio;380;acrobat;-3.212;2.023;0.72;true;false;108.4;-0.19
freio;381;clown;-1.883;1.348;0.00;true;true;137.7;0.67
freio;381;acrobat;-3.202;2.018;0.72;true;false;108.5;-0.19
freio;382;clown;-1.883;1.348;0.00;true;true;137.8;0.70
freio;382;acrobat;-3.192;2.012;0.72;true;false;108.5;-0.19
freio;383;clown;-1.883;1.348;0.00;true;true;137.9;0.73
freio;383;acrobat;-3.182;2.007;0.72;true;false;108.5;-0.19
freio;384;clown;-1.883;1.348;0.00;true;true;137.9;0.75
freio;384;acrobat;-3.172;2.002;0.72;true;false;108.4;-0.20
freio;385;clown;-1.883;1.348;0.00;true;true;138.0;0.77
freio;385;acrobat;-3.162;1.997;0.72;true;false;108.4;-0.20
freio;386;clown;-1.883;1.348;0.00;true;true;138.0;0.79
freio;386;acrobat;-3.152;1.992;0.72;true;false;108.4;-0.20
freio;387;clown;-1.883;1.348;0.00;true;true;138.1;0.80
freio;387;acrobat;-3.142;1.987;0.72;true;false;108.3;-0.20
freio;388;clown;-1.883;1.348;0.00;true;true;138.2;0.82
freio;388;acrobat;-3.132;1.982;0.72;true;false;108.2;-0.20
freio;389;clown;-1.883;1.348;0.00;true;true;138.2;0.83
freio;389;acrobat;-3.122;1.976;0.72;true;false;108.1;-0.20
freio;390;clown;-1.883;1.348;0.00;false;true;137.8;0.84
freio;390;acrobat;-3.121;1.976;0.14;true;true;108.1;-0.19
freio;391;clown;-1.883;1.348;0.00;false;false;137.9;0.84
freio;391;acrobat;-3.121;1.976;0.00;false;true;107.8;-0.18
freio;392;clown;-1.883;1.348;0.00;false;false;138.0;0.85
freio;392;acrobat;-3.121;1.976;0.00;false;true;108.1;-0.16
freio;393;clown;-1.883;1.348;0.00;false;false;138.1;0.86
freio;393;acrobat;-3.121;1.976;0.00;false;true;108.3;-0.15
freio;394;clown;-1.883;1.348;0.00;false;false;138.2;0.86
freio;394;acrobat;-3.121;1.976;0.00;false;true;108.5;-0.14
freio;395;clown;-1.883;1.348;0.00;false;false;138.3;0.87
freio;395;acrobat;-3.121;1.976;0.00;false;true;108.7;-0.13
freio;396;clown;-1.883;1.348;0.00;false;false;138.4;0.87
freio;396;acrobat;-3.121;1.976;0.00;false;true;108.8;-0.11
freio;397;clown;-1.883;1.348;0.00;false;false;138.6;0.88
freio;397;acrobat;-3.121;1.976;0.00;false;true;109.0;-0.10
freio;398;clown;-1.883;1.348;0.00;false;false;138.7;0.88
freio;398;acrobat;-3.121;1.976;0.00;false;true;109.2;-0.09
freio;399;clown;-1.883;1.348;0.00;true;false;138.8;0.88
freio;399;acrobat;-3.121;1.976;0.00;false;true;109.4;-0.08
freio;400;clown;-1.883;1.348;0.00;true;false;138.9;0.88
freio;400;acrobat;-3.121;1.976;0.00;false;true;109.5;-0.08
freio;401;clown;-1.883;1.348;0.00;true;true;138.9;0.89
freio;401;acrobat;-3.121;1.976;0.00;false;true;109.5;-0.08
freio;402;clown;-1.883;1.348;0.00;true;true;139.0;0.89
freio;402;acrobat;-3.121;1.976;0.00;false;true;109.6;-0.08
freio;403;clown;-1.883;1.348;0.00;true;true;139.1;0.89
freio;403;acrobat;-3.121;1.976;0.00;false;true;109.6;-0.08
freio;404;clown;-1.883;1.348;0.00;true;true;139.1;0.89
freio;404;acrobat;-3.121;1.976;0.00;false;true;109.7;-0.08
freio;405;clown;-1.883;1.348;0.00;true;true;139.2;0.89
freio;405;acrobat;-3.121;1.976;0.00;false;true;109.7;-0.08
freio;406;clown;-1.883;1.348;0.00;true;true;139.2;0.89
freio;406;acrobat;-3.121;1.976;0.00;false;true;109.8;-0.08
freio;407;clown;-1.883;1.348;0.00;true;true;139.3;0.89
freio;407;acrobat;-3.121;1.976;0.00;false;true;109.8;-0.08
freio;408;clown;-1.883;1.348;0.00;true;true;139.3;0.90
freio;408;acrobat;-3.121;1.976;0.00;false;false;109.5;-0.08
freio;409;clown;-1.883;1.348;0.00;true;true;139.4;0.90
freio;409;acrobat;-3.121;1.976;0.00;false;false;109.6;-0.08
freio;410;clown;-1.883;1.348;0.00;true;true;139.4;0.90
freio;410;acrobat;-3.121;1.976;0.00;false;false;109.6;-0.08
freio;411;clown;-1.883;1.348;0.00;true;true;139.5;0.90
freio;411;acrobat;-3.121;1.976;0.00;false;false;109.7;-0.08
freio;412;clown;-1.883;1.348;0.00;true;true;139.5;0.90
freio;412;acrobat;-3.121;1.976;0.00;false;false;109.8;-0.08
freio;413;clown;-1.883;1.348;0.00;true;true;139.6;0.90
freio;413;acrobat;-3.121;1.976;0.00;false;false;109.9;-0.08
freio;414;clown;-1.883;1.348;0.00;true;true;139.6;0.90
freio;414;acrobat;-3.121;1.976;0.00;false;false;110.0;-0.08
freio;415;clown;-1.883;1.348;0.00;true;true;139.7;0.90
freio;415;acrobat;-3.121;1.976;0.00;false;false;110.1;-0.08
freio;416;clown;-1.883;1.348;0.00;true;true;139.7;0.90
freio;416;acrobat;-3.121;1.976;0.00;false;false;110.2;-0.08
freio;417;clown;-1.883;1.348;0.00;false;true;139.3;0.90
freio;417;acrobat;-3.121;1.976;0.00;false;false;110.2;-0.08
freio;418;clown;-1.883;1.348;0.00;false;true;139.4;0.90
freio;418;acrobat;-3.121;1.976;0.00;false;false;110.3;-0.08
freio;419;clown;-1.883;1.348;0.00;false;false;139.4;0.90
freio;419;acrobat;-3.121;1.976;0.00;false;false;110.3;-0.08
freio;420;clown;-1.883;1.348;0.00;false;false;139.4;0.90
freio;420;acrobat;-3.121;1.976;0.00;false;false;110.3;-0.08
freio;421;clown;-1.883;1.348;0.00;false;false;139.5;0.90
freio;421;acrobat;-3.121;1.976;0.00;false;false;110.4;-0.08
freio;422;clown;-1.883;1.348;0.00;false;false;139.6;0.90
freio;422;acrobat;-3.121;1.976;0.00;false;false;110.4;-0.08
freio;423;clown;-1.883;1.348;0.00;false;false;139.7;0.90
freio;423;acrobat;-3.121;1.976;0.00;false;false;110.4;-0.08
8dir;424;clown;-1.876;1.348;0.50;false;false;139.6;0.86
8dir;424;acrobat;-3.121;1.976;0.00;false;false;110.4;-0.08
8dir;425;clown;-1.860;1.348;1.00;false;false;139.5;0.78
8dir;425;acrobat;-3.113;1.971;0.59;false;false;110.2;-0.10
8dir;426;clown;-1.836;1.348;1.50;false;false;139.4;0.70
8dir;426;acrobat;-3.103;1.966;0.72;false;false;110.0;-0.11
8dir;427;clown;-1.803;1.348;2.00;true;false;139.3;0.61
8dir;427;acrobat;-3.093;1.961;0.72;false;false;109.7;-0.12
8dir;428;clown;-1.764;1.348;2.40;true;false;139.3;0.53
8dir;428;acrobat;-3.082;1.956;0.72;false;false;109.5;-0.13
8dir;429;clown;-1.725;1.348;2.40;true;true;139.3;0.45
8dir;429;acrobat;-3.072;1.952;0.72;false;false;109.2;-0.13
8dir;430;clown;-1.686;1.348;2.40;true;true;139.2;0.37
8dir;430;acrobat;-3.062;1.947;0.72;false;false;109.0;-0.14
8dir;431;clown;-1.647;1.347;2.40;true;true;139.1;0.30
8dir;431;acrobat;-3.052;1.943;0.72;false;false;108.7;-0.14
8dir;432;clown;-1.608;1.347;2.40;true;true;138.9;0.24
8dir;432;acrobat;-3.041;1.938;0.72;false;false;108.5;-0.14
8dir;433;clown;-1.569;1.347;2.40;true;true;138.8;0.19
8dir;433;acrobat;-3.031;1.934;0.72;false;false;108.2;-0.15
8dir;434;clown;-1.530;1.347;2.40;true;true;138.8;0.15
8dir;434;acrobat;-3.021;1.930;0.72;false;false;108.0;-0.15
8dir;435;clown;-1.491;1.347;2.40;false;true;138.1;0.12
8dir;435;acrobat;-3.010;1.926;0.72;false;false;108.0;-0.14
8dir;436;clown;-1.452;1.347;2.40;false;true;138.0;0.10
8dir;436;acrobat;-3.000;1.922;0.72;false;false;107.9;-0.14
8dir;437;clown;-1.413;1.347;2.40;false;false;138.0;0.08
8dir;437;acrobat;-2.989;1.918;0.72;false;false;107.9;-0.13
8dir;438;clown;-1.374;1.347;2.40;false;false;138.1;0.06
8dir;438;acrobat;-2.978;1.914;0.75;false;false;107.9;-0.13
8dir;439;clown;-1.335;1.347;2.40;false;false;138.2;0.04
8dir;439;acrobat;-2.966;1.910;0.81;false;false;107.9;-0.12
8dir;440;clown;-1.296;1.347;2.40;false;false;138.3;0.03
8dir;440;acrobat;-2.953;1.906;0.87;false;true;107.9;-0.12
8dir;441;clown;-1.257;1.347;2.40;true;false;138.5;0.01
8dir;441;acrobat;-2.939;1.901;0.93;false;true;108.0;-0.11
8dir;442;clown;-1.218;1.347;2.40;true;false;138.9;0.00
8dir;442;acrobat;-2.924;1.896;0.98;false;true;108.1;-0.10
8dir;443;clown;-1.178;1.347;2.40;true;false;139.2;-0.02
8dir;443;acrobat;-2.909;1.891;1.03;true;true;108.2;-0.10
8dir;444;clown;-1.139;1.347;2.40;true;false;139.5;-0.03
8dir;444;acrobat;-2.892;1.886;1.08;true;true;108.3;-0.09
8dir;445;clown;-1.100;1.347;2.40;true;true;139.6;-0.05
8dir;445;acrobat;-2.875;1.881;1.13;true;true;108.3;-0.08
8dir;446;clown;-1.061;1.347;2.40;true;true;139.6;-0.06
8dir;446;acrobat;-2.857;1.876;1.18;true;true;108.4;-0.08
8dir;447;clown;-1.022;1.347;2.40;true;true;139.7;-0.06
8dir;447;acrobat;-2.838;1.870;1.22;true;true;108.4;-0.07
8dir;448;clown;-0.983;1.347;2.40;true;true;139.9;-0.07
8dir;448;acrobat;-2.819;1.865;1.27;true;true;108.4;-0.07
8dir;449;clown;-0.944;1.347;2.40;false;true;139.5;-0.07
8dir;449;acrobat;-2.799;1.859;1.31;true;true;108.4;-0.06
8dir;450;clown;-0.905;1.347;2.40;false;true;139.5;-0.07
8dir;450;acrobat;-2.778;1.853;1.35;true;true;108.4;-0.06
8dir;451;clown;-0.866;1.347;2.40;false;true;139.4;-0.06
8dir;451;acrobat;-2.756;1.848;1.39;true;true;108.3;-0.05
8dir;452;clown;-0.827;1.346;2.40;false;true;139.2;-0.06
8dir;452;acrobat;-2.734;1.842;1.42;true;true;108.3;-0.05
8dir;453;clown;-0.788;1.346;2.40;false;false;139.1;-0.06
8dir;453;acrobat;-2.711;1.836;1.46;true;true;108.2;-0.05
8dir;454;clown;-0.749;1.346;2.40;false;false;139.2;-0.06
8dir;454;acrobat;-2.688;1.830;1.50;true;false;107.7;-0.05
8dir;455;clown;-0.710;1.346;2.40;false;false;139.3;-0.07
8dir;455;acrobat;-2.664;1.824;1.53;true;false;107.6;-0.04
8dir;456;clown;-0.670;1.346;2.40;true;false;139.4;-0.07
8dir;456;acrobat;-2.640;1.818;1.56;false;false;107.4;-0.04
8dir;457;clown;-0.631;1.346;2.40;true;false;139.8;-0.07
8dir;457;acrobat;-2.615;1.812;1.59;false;false;107.5;-0.04
8dir;458;clown;-0.592;1.346;2.40;true;false;140.1;-0.08
8dir;458;acrobat;-2.589;1.806;1.62;false;false;107.5;-0.04
8dir;459;clown;-0.553;1.346;2.40;true;false;140.4;-0.09
8dir;459;acrobat;-2.563;1.800;1.65;false;false;107.5;-0.03
8dir;460;clown;-0.514;1.346;2.40;true;true;140.5;-0.10
8dir;460;acrobat;-2.537;1.795;1.68;false;false;107.6;-0.03
8dir;461;clown;-0.475;1.346;2.40;true;true;140.5;-0.11
8dir;461;acrobat;-2.510;1.789;1.70;false;false;107.6;-0.03
8dir;462;clown;-0.436;1.346;2.40;true;true;140.6;-0.11
8dir;462;acrobat;-2.483;1.783;1.73;false;false;107.7;-0.02
8dir;463;clown;-0.397;1.346;2.40;true;true;140.8;-0.11
8dir;463;acrobat;-2.455;1.777;1.75;false;false;107.7;-0.02
8dir;464;clown;-0.358;1.346;2.40;false;true;140.4;-0.11
8dir;464;acrobat;-2.427;1.771;1.78;false;false;107.7;-0.02
8dir;465;clown;-0.319;1.346;2.40;false;true;140.4;-0.10
8dir;465;acrobat;-2.398;1.765;1.80;false;false;107.8;-0.01
8dir;466;clown;-0.288;1.346;1.90;false;true;140.2;-0.10
8dir;466;acrobat;-2.369;1.760;1.80;false;false;107.8;-0.01
8dir;467;clown;-0.265;1.346;1.40;false;true;140.0;-0.09
8dir;467;acrobat;-2.341;1.754;1.79;false;true;107.8;-0.01
8dir;468;clown;-0.251;1.346;0.90;false;false;139.7;-0.09
8dir;468;acrobat;-2.313;1.748;1.75;false;true;107.9;-0.01
8dir;469;clown;-0.245;1.346;0.40;false;false;139.7;-0.09
8dir;469;acrobat;-2.286;1.743;1.70;false;true;108.1;-0.00
8dir;470;clown;-0.245;1.346;0.00;false;true;139.9;-0.08
8dir;470;acrobat;-2.261;1.738;1.63;false;true;108.2;0.00
8dir;471;clown;-0.245;1.346;0.00;false;true;140.1;-0.08
8dir;471;acrobat;-2.236;1.733;1.57;true;true;108.2;0.01
8dir;472;clown;-0.245;1.346;0.00;false;true;140.3;-0.07
8dir;472;acrobat;-2.212;1.729;1.51;true;true;108.2;0.02
8dir;473;clown;-0.245;1.346;0.00;false;true;140.4;-0.06
8dir;473;acrobat;-2.189;1.724;1.45;true;true;108.2;0.02
8dir;474;clown;-0.245;1.346;0.00;false;true;140.5;-0.06
8dir;474;acrobat;-2.167;1.720;1.39;true;true;108.2;0.02
8dir;475;clown;-0.245;1.346;0.00;false;true;140.6;-0.05
8dir;475;acrobat;-2.146;1.716;1.34;true;true;108.2;0.02
8dir;476;clown;-0.245;1.346;0.00;false;true;140.6;-0.05
8dir;476;acrobat;-2.126;1.712;1.29;true;true;108.2;0.02
8dir;477;clown;-0.245;1.346;0.00;false;true;140.6;-0.04
8dir;477;acrobat;-2.106;1.708;1.24;true;true;108.2;0.02
8dir;478;clown;-0.245;1.346;0.00;false;true;140.6;-0.04
8dir;478;acrobat;-2.088;1.704;1.19;true;true;108.2;0.02
8dir;479;clown;-0.245;1.346;0.00;false;true;140.5;-0.03
8dir;479;acrobat;-2.070;1.701;1.15;true;false;107.8;0.02
8dir;480;clown;-0.245;1.346;0.00;false;true;140.4;-0.03
8dir;480;acrobat;-2.053;1.697;1.10;true;false;107.8;0.02
8dir;481;clown;-0.245;1.346;0.00;false;true;140.3;-0.03
8dir;481;acrobat;-2.036;1.694;1.06;true;false;107.7;0.01
8dir;482;clown;-0.245;1.346;0.00;false;true;140.1;-0.03
8dir;482;acrobat;-2.020;1.691;1.02;true;false;107.7;0.01
8dir;483;clown;-0.245;1.346;0.00;false;true;140.0;-0.03
8dir;483;acrobat;-2.005;1.688;0.98;true;false;107.7;0.01
8dir;484;clown;-0.238;1.353;0.71;false;true;139.9;0.05
8dir;484;acrobat;-1.990;1.685;0.96;true;false;107.6;0.01
8dir;485;clown;-0.222;1.369;1.41;false;true;139.9;0.13
8dir;485;acrobat;-1.975;1.682;0.95;true;false;107.6;0.01
8dir;486;clown;-0.197;1.394;2.12;false;false;139.4;0.19
8dir;486;acrobat;-1.960;1.680;0.96;false;false;107.3;0.01
8dir;487;clown;-0.170;1.421;2.40;false;false;139.5;0.24
8dir;487;acrobat;-1.945;1.678;0.98;false;false;107.3;0.02
8dir;488;clown;-0.142;1.449;2.40;false;false;139.6;0.28
8dir;488;acrobat;-1.929;1.676;1.00;false;false;107.4;0.02
8dir;489;clown;-0.115;1.476;2.40;true;false;139.8;0.32
8dir;489;acrobat;-1.913;1.674;1.02;false;false;107.4;0.03
8dir;490;clown;-0.087;1.504;2.40;true;false;140.1;0.34
8dir;490;acrobat;-1.897;1.672;1.04;false;false;107.5;0.04
8dir;491;clown;-0.060;1.531;2.40;true;false;140.5;0.36
8dir;491;acrobat;-1.880;1.671;1.06;false;false;107.5;0.05
8dir;492;clown;-0.032;1.559;2.40;true;true;140.8;0.37
8dir;492;acrobat;-1.863;1.670;1.08;false;false;107.5;0.06
8dir;493;clown;-0.005;1.587;2.40;true;true;141.1;0.38
8dir;493;acrobat;-1.846;1.669;1.11;false;false;107.6;0.07
8dir;494;clown;0.023;1.614;2.40;true;true;141.1;0.40
8dir;494;acrobat;-1.828;1.668;1.13;false;false;107.6;0.08
8dir;495;clown;0.051;1.642;2.40;true;true;141.4;0.41
8dir;495;acrobat;-1.810;1.668;1.15;false;false;107.6;0.09
8dir;496;clown;0.078;1.669;2.40;true;true;141.5;0.42
8dir;496;acrobat;-1.791;1.668;1.17;false;false;107.6;0.10
8dir;497;clown;0.106;1.697;2.40;false;true;141.0;0.43
8dir;497;acrobat;-1.772;1.668;1.19;false;false;107.6;0.11
8dir;498;clown;0.134;1.725;2.40;false;true;140.9;0.45
8dir;498;acrobat;-1.753;1.669;1.22;false;false;107.6;0.12
8dir;499;clown;0.161;1.752;2.40;false;true;140.8;0.45
8dir;499;acrobat;-1.733;1.670;1.24;false;true;107.6;0.13
8dir;500;clown;0.189;1.780;2.40;false;false;140.8;0.46
8dir;500;acrobat;-1.713;1.671;1.26;false;true;107.7;0.14
8dir;501;clown;0.216;1.808;2.40;false;false;140.9;0.46
8dir;501;acrobat;-1.693;1.672;1.28;false;true;107.8;0.15
8dir;502;clown;0.244;1.835;2.40;false;false;141.1;0.46
8dir;502;acrobat;-1.672;1.674;1.30;false;true;107.9;0.16
8dir;503;clown;0.272;1.863;2.40;false;false;141.2;0.47
8dir;503;acrobat;-1.651;1.676;1.33;false;true;108.0;0.17
8dir;504;clown;0.299;1.891;2.40;true;false;141.4;0.47
8dir;504;acrobat;-1.629;1.678;1.35;false;true;108.0;0.19
8dir;505;clown;0.327;1.918;2.40;true;false;141.8;0.47
8dir;505;acrobat;-1.608;1.681;1.37;false;true;108.0;0.20
8dir;506;clown;0.354;1.946;2.40;true;false;142.2;0.46
8dir;506;acrobat;-1.586;1.684;1.39;true;true;108.0;0.22
8dir;507;clown;0.382;1.974;2.40;true;true;142.4;0.46
8dir;507;acrobat;-1.563;1.687;1.41;true;true;107.9;0.23
8dir;508;clown;0.410;2.001;2.40;true;true;142.6;0.45
8dir;508;acrobat;-1.541;1.691;1.43;true;true;107.8;0.23
8dir;509;clown;0.437;2.029;2.40;true;true;142.6;0.45
8dir;509;acrobat;-1.518;1.695;1.46;true;true;107.8;0.24
8dir;510;clown;0.465;2.057;2.40;true;true;142.8;0.45
8dir;510;acrobat;-1.494;1.699;1.48;true;true;107.9;0.25
8dir;511;clown;0.493;2.085;2.40;true;true;142.9;0.45
8dir;511;acrobat;-1.471;1.703;1.50;true;true;107.9;0.26
8dir;512;clown;0.521;2.112;2.40;false;true;142.3;0.45
8dir;512;acrobat;-1.447;1.708;1.52;true;false;107.5;0.27
8dir;513;clown;0.548;2.140;2.40;false;true;142.2;0.46
8dir;513;acrobat;-1.423;1.714;1.54;true;false;107.5;0.27
8dir;514;clown;0.576;2.168;2.40;false;true;142.0;0.47
8dir;514;acrobat;-1.399;1.719;1.56;true;false;107.5;0.27
8dir;515;clown;0.604;2.196;2.40;false;false;141.9;0.47
8dir;515;acrobat;-1.374;1.725;1.58;true;false;107.4;0.28
8dir;516;clown;0.632;2.224;2.40;false;false;142.0;0.47
8dir;516;acrobat;-1.349;1.731;1.60;true;false;107.3;0.28
8dir;517;clown;0.659;2.251;2.40;false;false;142.2;0.46
8dir;517;acrobat;-1.324;1.738;1.62;true;false;107.2;0.29
8dir;518;clown;0.687;2.279;2.40;false;false;142.3;0.46
8dir;518;acrobat;-1.299;1.744;1.64;false;false;107.0;0.29
8dir;519;clown;0.715;2.307;2.40;true;false;142.4;0.46
8dir;519;acrobat;-1.273;1.752;1.66;false;false;107.0;0.30
8dir;520;clown;0.743;2.335;2.40;true;false;142.8;0.46
8dir;520;acrobat;-1.247;1.759;1.68;false;false;107.0;0.31
8dir;521;clown;0.770;2.362;2.40;true;false;143.1;0.45
8dir;521;acrobat;-1.221;1.767;1.69;false;false;107.1;0.32
8dir;522;clown;0.798;2.390;2.40;true;true;143.4;0.45
8dir;522;acrobat;-1.195;1.775;1.71;false;false;107.1;0.32
8dir;523;clown;0.826;2.418;2.40;true;true;143.5;0.44
8dir;523;acrobat;-1.168;1.783;1.73;false;false;107.1;0.33
8dir;524;clown;0.854;2.446;2.40;true;true;143.5;0.44
8dir;524;acrobat;-1.142;1.792;1.75;false;false;107.2;0.34
8dir;525;clown;0.881;2.474;2.40;true;true;143.7;0.44
8dir;525;acrobat;-1.115;1.801;1.76;false;true;107.2;0.34
8dir;526;clown;0.901;2.493;1.69;true;true;143.7;0.44
8dir;526;acrobat;-1.088;1.810;1.75;false;true;107.4;0.35
8dir;527;clown;0.912;2.504;0.99;false;true;143.0;0.44
8dir;527;acrobat;-1.062;1.819;1.72;false;true;107.6;0.36
8dir;528;clown;0.915;2.507;0.28;true;true;142.7;0.44
8dir;528;acrobat;-1.037;1.828;1.66;false;true;107.7;0.37
8dir;529;clown;0.915;2.507;0.00;true;true;142.4;0.45
8dir;529;acrobat;-1.012;1.837;1.60;false;true;107.7;0.37
8dir;530;clown;0.915;2.507;0.00;true;true;142.2;0.45
8dir;530;acrobat;-0.989;1.845;1.54;false;true;107.7;0.38
8dir;531;clown;0.915;2.507;0.00;true;true;142.0;0.45
8dir;531;acrobat;-0.967;1.852;1.48;false;true;107.7;0.39
8dir;532;clown;0.915;2.507;0.00;true;true;141.8;0.45
8dir;532;acrobat;-0.945;1.860;1.42;false;true;107.6;0.39
8dir;533;clown;0.915;2.507;0.00;true;true;141.7;0.46
8dir;533;acrobat;-0.925;1.867;1.37;true;true;107.5;0.40
8dir;534;clown;0.915;2.507;0.00;true;false;141.1;0.46
8dir;534;acrobat;-0.905;1.874;1.31;true;true;107.4;0.40
8dir;535;clown;0.915;2.507;0.00;true;false;141.0;0.46
8dir;535;acrobat;-0.886;1.880;1.26;true;true;107.4;0.40
8dir;536;clown;0.915;2.507;0.00;true;false;140.8;0.46
8dir;536;acrobat;-0.868;1.887;1.22;true;true;107.5;0.40
8dir;537;clown;0.915;2.507;0.00;true;false;140.7;0.45
8dir;537;acrobat;-0.850;1.893;1.17;true;false;107.1;0.40
8dir;538;clown;0.915;2.507;0.00;true;false;140.7;0.46
8dir;538;acrobat;-0.834;1.899;1.13;true;false;107.2;0.40
8dir;539;clown;0.915;2.507;0.00;true;false;140.7;0.46
8dir;539;acrobat;-0.817;1.904;1.08;true;false;107.3;0.40
8dir;540;clown;0.915;2.507;0.00;true;false;140.7;0.46
8dir;540;acrobat;-0.802;1.910;1.04;true;false;107.3;0.40
8dir;541;clown;0.915;2.507;0.00;true;false;140.7;0.46
8dir;541;acrobat;-0.787;1.915;1.00;true;false;107.4;0.40
8dir;542;clown;0.915;2.507;0.00;true;false;140.7;0.46
8dir;542;acrobat;-0.773;1.920;0.96;true;false;107.4;0.40
8dir;543;clown;0.915;2.507;0.00;true;false;140.7;0.46
8dir;543;acrobat;-0.759;1.925;0.93;true;false;107.4;0.40
8dir;544;clown;0.915;2.516;0.50;true;false;140.8;0.54
8dir;544;acrobat;-0.746;1.929;0.90;true;false;107.4;0.39
8dir;545;clown;0.915;2.532;1.00;true;false;140.9;0.60
8dir;545;acrobat;-0.733;1.934;0.88;true;false;107.4;0.39
8dir;546;clown;0.914;2.557;1.50;false;false;140.4;0.65
8dir;546;acrobat;-0.720;1.939;0.87;true;false;107.3;0.40
8dir;547;clown;0.914;2.591;2.00;false;true;140.5;0.68
8dir;547;acrobat;-0.708;1.944;0.86;true;false;107.2;0.40
8dir;548;clown;0.914;2.631;2.40;false;true;140.8;0.71
8dir;548;acrobat;-0.695;1.949;0.87;true;false;107.2;0.40
8dir;549;clown;0.914;2.671;2.40;false;true;141.0;0.73
8dir;549;acrobat;-0.683;1.955;0.87;true;false;107.1;0.41
8dir;550;clown;0.914;2.711;2.40;false;true;141.3;0.74
8dir;550;acrobat;-0.671;1.960;0.88;false;false;106.7;0.42
8dir;551;clown;0.914;2.751;2.40;false;true;141.4;0.76
8dir;551;acrobat;-0.658;1.967;0.89;false;false;106.7;0.43
8dir;552;clown;0.914;2.791;2.40;false;true;141.4;0.76
8dir;552;acrobat;-0.646;1.973;0.90;false;false;106.7;0.43
8dir;553;clown;0.914;2.831;2.40;false;true;141.3;0.77
8dir;553;acrobat;-0.633;1.980;0.91;false;false;106.8;0.44
8dir;554;clown;0.914;2.870;2.40;true;true;141.0;0.77
8dir;554;acrobat;-0.621;1.987;0.92;false;false;106.8;0.45
8dir;555;clown;0.914;2.910;2.40;true;false;140.8;0.77
8dir;555;acrobat;-0.608;1.995;0.94;false;false;106.8;0.47
8dir;556;clown;0.914;2.950;2.40;true;false;141.1;0.77
8dir;556;acrobat;-0.596;2.003;0.95;false;false;106.9;0.48
8dir;557;clown;0.914;2.990;2.40;true;false;141.3;0.77
8dir;557;acrobat;-0.583;2.011;0.97;false;false;106.9;0.49
8dir;558;clown;0.914;3.030;2.40;true;false;141.4;0.77
8dir;558;acrobat;-0.570;2.020;0.99;false;false;106.9;0.50
8dir;559;clown;0.914;3.070;2.40;true;false;141.3;0.77
8dir;559;acrobat;-0.557;2.029;1.00;false;false;107.0;0.51
8dir;560;clown;0.914;3.111;2.40;true;false;141.1;0.77
8dir;560;acrobat;-0.544;2.039;1.02;false;true;107.0;0.52
8dir;561;clown;0.914;3.151;2.40;true;false;140.8;0.77
8dir;561;acrobat;-0.531;2.049;1.04;false;true;107.0;0.53
8dir;562;clown;0.913;3.191;2.40;false;true;140.4;0.77
8dir;562;acrobat;-0.518;2.059;1.06;false;true;107.1;0.54
8dir;563;clown;0.913;3.231;2.40;false;true;140.7;0.77
8dir;563;acrobat;-0.504;2.070;1.08;false;true;107.2;0.55
8dir;564;clown;0.913;3.271;2.40;false;true;141.0;0.77
8dir;564;acrobat;-0.491;2.081;1.10;false;true;107.3;0.57
8dir;565;clown;0.913;3.311;2.40;false;true;141.2;0.77
8dir;565;acrobat;-0.478;2.093;1.12;false;true;107.3;0.58
8dir;566;clown;0.913;3.352;2.40;false;true;141.3;0.77
8dir;566;acrobat;-0.464;2.105;1.14;false;true;107.3;0.59
8dir;567;clown;0.913;3.392;2.40;false;true;141.2;0.77
8dir;567;acrobat;-0.451;2.118;1.16;false;true;107.4;0.60
8dir;568;clown;0.913;3.432;2.40;false;true;141.0;0.77
8dir;568;acrobat;-0.437;2.131;1.18;false;true;107.3;0.61
8dir;569;clown;0.913;3.472;2.40;true;true;140.7;0.77
8dir;569;acrobat;-0.423;2.145;1.21;false;true;107.3;0.63
8dir;570;clown;0.913;3.512;2.40;true;false;140.5;0.77
8dir;570;acrobat;-0.410;2.159;1.23;false;true;107.3;0.64
8dir;571;clown;0.913;3.553;2.40;true;false;140.7;0.77
8dir;571;acrobat;-0.396;2.174;1.25;false;true;107.2;0.64
8dir;572;clown;0.913;3.594;2.40;true;false;140.9;0.77
8dir;572;acrobat;-0.382;2.189;1.27;true;true;107.1;0.65
8dir;573;clown;0.913;3.635;2.40;true;false;140.8;0.76
8dir;573;acrobat;-0.368;2.204;1.30;true;true;107.0;0.66
8dir;574;clown;0.913;3.675;2.40;true;false;140.7;0.76
8dir;574;acrobat;-0.354;2.220;1.32;true;true;107.0;0.67
8dir;575;clown;0.913;3.716;2.40;true;false;140.4;0.76
8dir;575;acrobat;-0.340;2.237;1.34;true;false;106.8;0.67
8dir;576;clown;0.913;3.757;2.40;true;false;140.1;0.76
8dir;576;acrobat;-0.326;2.254;1.37;true;false;106.9;0.68
8dir;577;clown;0.913;3.798;2.40;false;true;139.6;0.75
8dir;577;acrobat;-0.312;2.272;1.39;true;false;107.0;0.69
8dir;578;clown;0.913;3.839;2.40;false;true;139.9;0.75
8dir;578;acrobat;-0.298;2.290;1.41;true;false;107.1;0.69
8dir;579;clown;0.912;3.880;2.40;false;true;140.1;0.75
8dir;579;acrobat;-0.284;2.308;1.44;true;false;107.1;0.70
8dir;580;clown;0.912;3.920;2.40;false;true;140.3;0.75
8dir;580;acrobat;-0.270;2.327;1.46;true;false;107.1;0.70
8dir;581;clown;0.912;3.961;2.40;false;true;140.3;0.75
8dir;581;acrobat;-0.256;2.347;1.48;true;false;107.1;0.70
8dir;582;clown;0.912;4.002;2.40;false;true;140.2;0.75
8dir;582;acrobat;-0.242;2.366;1.50;true;false;107.0;0.70
8dir;583;clown;0.912;4.042;2.40;false;true;140.0;0.75
8dir;583;acrobat;-0.228;2.387;1.52;true;false;106.9;0.71
8dir;584;clown;0.912;4.083;2.40;true;true;139.5;0.75
8dir;584;acrobat;-0.214;2.408;1.55;false;false;106.5;0.71
8dir;585;clown;0.912;4.125;2.40;true;false;139.1;0.75
8dir;585;acrobat;-0.200;2.429;1.57;false;false;106.6;0.72
8dir;586;clown;0.912;4.159;1.90;true;false;139.2;0.75
8dir;586;acrobat;-0.186;2.451;1.58;false;false;106.6;0.72
8dir;587;clown;0.912;4.184;1.40;true;false;139.3;0.75
8dir;587;acrobat;-0.173;2.472;1.57;false;false;106.7;0.73
8dir;588;clown;0.912;4.201;0.90;true;false;139.4;0.75
8dir;588;acrobat;-0.159;2.493;1.54;false;false;106.7;0.73
8dir;589;clown;0.912;4.211;0.40;true;false;139.4;0.75
8dir;589;acrobat;-0.147;2.514;1.50;false;true;106.8;0.74
8dir;590;clown;0.912;4.211;0.00;true;true;139.7;0.76
8dir;590;acrobat;-0.134;2.534;1.44;false;true;107.0;0.74
8dir;591;clown;0.912;4.211;0.00;true;true;139.9;0.76
8dir;591;acrobat;-0.122;2.553;1.38;false;true;107.1;0.74
8dir;592;clown;0.912;4.211;0.00;true;true;140.2;0.77
8dir;592;acrobat;-0.111;2.571;1.33;false;true;107.3;0.75
8dir;593;clown;0.912;4.211;0.00;true;true;140.5;0.78
8dir;593;acrobat;-0.100;2.589;1.28;false;true;107.4;0.75
8dir;594;clown;0.912;4.211;0.00;true;true;140.8;0.78
8dir;594;acrobat;-0.089;2.606;1.23;false;true;107.4;0.75
8dir;595;clown;0.912;4.211;0.00;true;true;141.1;0.79
8dir;595;acrobat;-0.079;2.622;1.18;false;true;107.4;0.76
8dir;596;clown;0.912;4.211;0.00;true;true;141.4;0.79
8dir;596;acrobat;-0.070;2.638;1.13;false;true;107.4;0.76
8dir;597;clown;0.912;4.211;0.00;true;true;141.6;0.79
8dir;597;acrobat;-0.060;2.653;1.09;false;true;107.4;0.76
8dir;598;clown;0.912;4.211;0.00;false;true;141.3;0.80
8dir;598;acrobat;-0.051;2.668;1.05;false;true;107.4;0.76
8dir;599;clown;0.912;4.211;0.00;false;true;141.6;0.80
8dir;599;acrobat;-0.043;2.681;1.01;false;true;107.3;0.77
8dir;600;clown;0.912;4.211;0.00;false;true;141.7;0.80
8dir;600;acrobat;-0.035;2.695;0.97;false;true;107.3;0.77
8dir;601;clown;0.912;4.211;0.00;false;true;141.7;0.80
8dir;601;acrobat;-0.027;2.707;0.93;false;true;107.2;0.77
8dir;602;clown;0.912;4.211;0.00;false;true;141.8;0.81
8dir;602;acrobat;-0.019;2.720;0.89;false;true;107.1;0.77
8dir;603;clown;0.912;4.211;0.00;false;true;141.9;0.81
8dir;603;acrobat;-0.012;2.731;0.86;false;true;107.0;0.77
8dir;604;clown;0.903;4.220;0.71;false;true;141.6;0.82
8dir;604;acrobat;-0.005;2.743;0.83;false;true;107.0;0.77
8dir;605;clown;0.885;4.239;1.41;false;true;141.2;0.82
8dir;605;acrobat;0.002;2.754;0.82;true;false;106.6;0.77
8dir;606;clown;0.859;4.265;2.12;false;false;140.3;0.80
8dir;606;acrobat;0.008;2.766;0.81;true;false;106.7;0.77
8dir;607;clown;0.830;4.294;2.40;false;false;139.9;0.79
8dir;607;acrobat;0.014;2.777;0.80;true;false;106.8;0.77
8dir;608;clown;0.800;4.324;2.40;false;false;139.5;0.76
8dir;608;acrobat;0.020;2.789;0.80;true;false;107.0;0.78
8dir;609;clown;0.771;4.353;2.40;true;false;139.1;0.74
8dir;609;acrobat;0.026;2.801;0.80;true;false;107.1;0.78
8dir;610;clown;0.742;4.382;2.40;true;false;138.9;0.72
8dir;610;acrobat;0.031;2.812;0.81;true;false;107.2;0.79
8dir;611;clown;0.713;4.411;2.40;true;false;138.8;0.70
8dir;611;acrobat;0.036;2.825;0.81;true;false;107.3;0.79
8dir;612;clown;0.685;4.441;2.40;true;true;138.6;0.68
8dir;612;acrobat;0.041;2.837;0.82;true;false;107.4;0.80
8dir;613;clown;0.656;4.470;2.40;true;true;138.4;0.66
8dir;613;acrobat;0.046;2.850;0.83;true;false;107.4;0.80
8dir;614;clown;0.627;4.499;2.40;true;true;138.2;0.65
8dir;614;acrobat;0.050;2.863;0.84;true;false;107.5;0.80
8dir;615;clown;0.598;4.528;2.40;true;true;138.3;0.64
8dir;615;acrobat;0.055;2.876;0.85;true;false;107.5;0.81
8dir;616;clown;0.569;4.557;2.40;true;true;138.3;0.63
8dir;616;acrobat;0.059;2.889;0.86;true;false;107.5;0.81
8dir;617;clown;0.540;4.586;2.40;false;true;137.5;0.61
8dir;617;acrobat;0.062;2.903;0.87;true;false;107.5;0.82
8dir;618;clown;0.511;4.616;2.40;false;true;137.2;0.60
8dir;618;acrobat;0.066;2.917;0.89;true;false;107.4;0.82
8dir;619;clown;0.482;4.645;2.40;false;true;136.9;0.59
8dir;619;acrobat;0.070;2.932;0.91;true;false;107.4;0.82
8dir;620;clown;0.453;4.675;2.40;false;false;136.6;0.58
8dir;620;acrobat;0.073;2.946;0.92;true;false;107.3;0.83
8dir;621;clown;0.424;4.704;2.40;false;false;136.5;0.58
8dir;621;acrobat;0.076;2.962;0.94;true;false;107.3;0.83
8dir;622;clown;0.394;4.734;2.40;false;false;136.5;0.57
8dir;622;acrobat;0.078;2.977;0.96;true;false;107.2;0.84
8dir;623;clown;0.365;4.763;2.40;false;false;136.5;0.57
8dir;623;acrobat;0.081;2.993;0.98;false;false;106.8;0.84
8dir;624;clown;0.336;4.792;2.40;true;false;136.5;0.56
8dir;624;acrobat;0.083;3.010;1.00;false;true;106.8;0.84
8dir;625;clown;0.307;4.822;2.40;true;false;136.7;0.56
8dir;625;acrobat;0.085;3.027;1.02;false;true;107.0;0.85
8dir;626;clown;0.278;4.851;2.40;true;false;137.0;0.56
8dir;626;acrobat;0.087;3.044;1.04;false;true;107.1;0.85
8dir;627;clown;0.249;4.880;2.40;true;true;137.2;0.56
8dir;627;acrobat;0.089;3.062;1.07;false;true;107.3;0.85
8dir;628;clown;0.221;4.910;2.40;true;true;137.3;0.56
8dir;628;acrobat;0.090;3.080;1.09;false;true;107.4;0.85
8dir;629;clown;0.192;4.939;2.40;true;true;137.2;0.56
8dir;629;acrobat;0.091;3.098;1.11;false;true;107.5;0.86
8dir;630;clown;0.163;4.968;2.40;true;true;137.3;0.56
8dir;630;acrobat;0.091;3.117;1.13;false;true;107.6;0.86
8dir;631;clown;0.135;4.997;2.40;true;true;137.3;0.55
8dir;631;acrobat;0.092;3.136;1.15;false;true;107.7;0.86
8dir;632;clown;0.106;5.026;2.40;false;true;136.6;0.54
8dir;632;acrobat;0.092;3.156;1.17;false;true;107.8;0.86
8dir;633;clown;0.077;5.055;2.40;false;true;136.4;0.54
8dir;633;acrobat;0.092;3.176;1.20;false;true;107.8;0.86
8dir;634;clown;0.049;5.083;2.40;false;true;136.2;0.53
8dir;634;acrobat;0.091;3.197;1.22;false;true;107.7;0.86
8dir;635;clown;0.020;5.113;2.40;false;false;136.0;0.53
8dir;635;acrobat;0.090;3.217;1.24;false;true;107.7;0.86
8dir;636;clown;-0.008;5.141;2.40;false;false;136.0;0.52
8dir;636;acrobat;0.089;3.239;1.26;false;true;107.6;0.86
8dir;637;clown;-0.037;5.170;2.40;false;false;136.1;0.52
8dir;637;acrobat;0.088;3.260;1.29;false;true;107.5;0.86
8dir;638;clown;-0.065;5.199;2.40;true;false;136.2;0.52
8dir;638;acrobat;0.086;3.282;1.31;false;true;107.4;0.86
8dir;639;clown;-0.094;5.228;2.40;true;false;136.6;0.52
8dir;639;acrobat;0.084;3.304;1.33;false;false;107.0;0.86
8dir;640;clown;-0.122;5.257;2.40;true;false;136.9;0.52
8dir;640;acrobat;0.081;3.327;1.35;false;false;107.1;0.86
8dir;641;clown;-0.151;5.286;2.40;true;false;137.1;0.52
8dir;641;acrobat;0.079;3.350;1.37;true;false;107.2;0.86
8dir;642;clown;-0.179;5.314;2.40;true;true;137.2;0.53
8dir;642;acrobat;0.075;3.373;1.40;true;false;107.3;0.86
8dir;643;clown;-0.207;5.343;2.40;true;true;137.2;0.52
8dir;643;acrobat;0.072;3.396;1.42;true;false;107.5;0.86
8dir;644;clown;-0.235;5.371;2.40;true;true;137.3;0.52
8dir;644;acrobat;0.068;3.420;1.44;true;false;107.7;0.86
8dir;645;clown;-0.263;5.400;2.40;true;true;137.5;0.52
8dir;645;acrobat;0.064;3.444;1.46;true;false;107.8;0.86
8dir;646;clown;-0.282;5.420;1.69;false;true;137.1;0.52
8dir;646;acrobat;0.060;3.468;1.45;true;false;107.9;0.86
8dir;647;clown;-0.294;5.431;0.99;false;true;137.1;0.52
8dir;647;acrobat;0.056;3.492;1.43;true;false;108.0;0.86
8dir;648;clown;-0.297;5.435;0.28;true;true;137.2;0.53
8dir;648;acrobat;0.051;3.515;1.38;true;false;108.0;0.86
8dir;649;clown;-0.297;5.435;0.00;true;true;137.3;0.54
8dir;649;acrobat;0.047;3.537;1.32;true;false;107.9;0.86
8dir;650;clown;-0.297;5.435;0.00;true;true;137.4;0.55
8dir;650;acrobat;0.043;3.558;1.27;true;false;107.9;0.86
8dir;651;clown;-0.297;5.435;0.00;true;true;137.5;0.56
8dir;651;acrobat;0.040;3.579;1.22;true;false;107.8;0.86
8dir;652;clown;-0.297;5.435;0.00;true;true;137.7;0.57
8dir;652;acrobat;0.036;3.598;1.17;true;false;107.7;0.86
8dir;653;clown;-0.297;5.435;0.00;true;true;137.8;0.57
8dir;653;acrobat;0.033;3.617;1.12;true;false;107.6;0.86
8dir;654;clown;-0.297;5.435;0.00;true;false;137.5;0.58
8dir;654;acrobat;0.029;3.635;1.07;false;false;107.1;0.86
8dir;655;clown;-0.297;5.435;0.00;true;false;137.5;0.59
8dir;655;acrobat;0.026;3.652;1.03;false;true;107.2;0.86
8dir;656;clown;-0.297;5.435;0.00;true;false;137.6;0.60
8dir;656;acrobat;0.023;3.669;0.99;false;true;107.3;0.86
8dir;657;clown;-0.297;5.435;0.00;true;false;137.6;0.61
8dir;657;acrobat;0.020;3.684;0.95;false;true;107.4;0.86
8dir;658;clown;-0.297;5.435;0.00;true;false;137.6;0.61
8dir;658;acrobat;0.017;3.700;0.91;false;true;107.6;0.86
8dir;659;clown;-0.297;5.435;0.00;true;false;137.6;0.61
8dir;659;acrobat;0.015;3.714;0.87;false;true;107.7;0.86
8dir;660;clown;-0.297;5.435;0.00;true;false;137.6;0.61
8dir;660;acrobat;0.012;3.728;0.84;false;true;107.8;0.86
8dir;661;clown;-0.297;5.435;0.00;true;false;137.6;0.61
8dir;661;acrobat;0.010;3.742;0.80;false;true;107.8;0.86
8dir;662;clown;-0.297;5.435;0.00;true;false;137.6;0.61
8dir;662;acrobat;0.007;3.755;0.77;false;true;107.9;0.86
8dir;663;clown;-0.297;5.435;0.00;true;false;137.6;0.61
8dir;663;acrobat;0.005;3.767;0.74;false;true;108.0;0.86
8dir;664;clown;-0.303;5.435;0.50;true;false;137.5;0.54
8dir;664;acrobat;0.003;3.779;0.72;false;true;108.0;0.86
8dir;665;clown;-0.317;5.435;1.00;true;false;137.5;0.48
8dir;665;acrobat;0.000;3.791;0.72;false;true;108.0;0.86
8dir;666;clown;-0.340;5.435;1.50;false;false;137.0;0.42
8dir;666;acrobat;-0.002;3.803;0.72;false;true;108.0;0.85
8dir;667;clown;-0.370;5.436;2.00;false;true;137.1;0.36
8dir;667;acrobat;-0.005;3.816;0.72;false;true;107.9;0.85
8dir;668;clown;-0.407;5.436;2.40;false;true;137.5;0.32
8dir;668;acrobat;-0.008;3.828;0.72;false;true;107.9;0.85
8dir;669;clown;-0.444;5.436;2.40;false;true;137.8;0.27
8dir;669;acrobat;-0.011;3.839;0.72;false;true;107.8;0.85
8dir;670;clown;-0.481;5.436;2.40;false;true;138.2;0.23
8dir;670;acrobat;-0.015;3.851;0.72;false;true;107.7;0.85
8dir;671;clown;-0.519;5.436;2.40;false;true;138.4;0.19
8dir;671;acrobat;-0.019;3.863;0.72;false;true;107.6;0.84
8dir;672;clown;-0.557;5.436;2.40;false;true;138.6;0.15
8dir;672;acrobat;-0.023;3.875;0.72;false;true;107.5;0.84
8dir;673;clown;-0.593;5.436;2.40;false;true;138.6;0.12
8dir;673;acrobat;-0.027;3.887;0.72;false;false;107.1;0.84
8dir;674;clown;-0.629;5.436;2.40;false;true;138.6;0.10
8dir;674;acrobat;-0.032;3.898;0.72;false;false;107.1;0.83
8dir;675;clown;-0.664;5.436;2.40;true;false;138.2;0.08
8dir;675;acrobat;-0.037;3.910;0.72;false;false;107.1;0.83
8dir;676;clown;-0.700;5.436;2.40;true;false;138.8;0.07
8dir;676;acrobat;-0.042;3.921;0.72;false;false;107.1;0.83
8dir;677;clown;-0.736;5.436;2.40;true;false;139.2;0.05
8dir;677;acrobat;-0.047;3.933;0.72;false;false;107.2;0.82
8dir;678;clown;-0.771;5.436;2.40;true;false;139.6;0.05
8dir;678;acrobat;-0.052;3.944;0.72;false;false;107.2;0.82
8dir;679;clown;-0.807;5.436;2.40;true;false;139.8;0.05
8dir;679;acrobat;-0.058;3.955;0.72;false;false;107.2;0.81
8dir;680;clown;-0.842;5.436;2.40;true;false;139.9;0.05
8dir;680;acrobat;-0.064;3.966;0.72;false;false;107.2;0.81
8dir;681;clown;-0.878;5.436;2.40;true;false;139.9;0.04
8dir;681;acrobat;-0.070;3.977;0.72;false;false;107.2;0.80
8dir;682;clown;-0.914;5.436;2.40;true;false;139.8;0.03
8dir;682;acrobat;-0.076;3.988;0.72;true;false;107.2;0.80
8dir;683;clown;-0.949;5.436;2.40;false;true;139.5;0.03
8dir;683;acrobat;-0.083;3.999;0.72;true;false;107.3;0.79
8dir;684;clown;-0.986;5.437;2.40;false;true;140.0;0.02
8dir;684;acrobat;-0.090;4.009;0.72;true;false;107.3;0.79
8dir;685;clown;-1.025;5.436;2.40;false;true;140.3;0.02
8dir;685;acrobat;-0.097;4.020;0.74;true;false;107.4;0.78
8dir;686;clown;-1.062;5.436;2.40;false;true;140.6;0.01
8dir;686;acrobat;-0.105;4.032;0.75;true;false;107.4;0.78
8dir;687;clown;-1.099;5.436;2.40;false;true;140.9;-0.01
8dir;687;acrobat;-0.113;4.043;0.77;true;false;107.4;0.77
8dir;688;clown;-1.135;5.436;2.40;false;true;140.9;-0.02
8dir;688;acrobat;-0.121;4.055;0.79;true;false;107.4;0.77
8dir;689;clown;-1.172;5.436;2.40;false;true;140.9;-0.03
8dir;689;acrobat;-0.130;4.067;0.80;true;false;107.4;0.76
8dir;690;clown;-1.209;5.435;2.40;false;true;140.8;-0.03
8dir;690;acrobat;-0.139;4.078;0.82;true;false;107.4;0.76
8dir;691;clown;-1.245;5.435;2.40;true;false;140.4;-0.03
8dir;691;acrobat;-0.149;4.090;0.84;true;false;107.4;0.75
8dir;692;clown;-1.282;5.435;2.40;true;false;140.9;-0.04
8dir;692;acrobat;-0.159;4.102;0.86;true;false;107.3;0.74
8dir;693;clown;-1.319;5.435;2.40;true;false;141.4;-0.04
8dir;693;acrobat;-0.169;4.114;0.88;true;false;107.2;0.74
8dir;694;clown;-1.355;5.435;2.40;true;false;141.7;-0.04
8dir;694;acrobat;-0.180;4.126;0.90;true;true;107.2;0.73
8dir;695;clown;-1.392;5.435;2.40;true;false;141.9;-0.03
8dir;695;acrobat;-0.191;4.138;0.92;true;true;107.1;0.73
8dir;696;clown;-1.429;5.434;2.40;true;false;141.9;-0.03
8dir;696;acrobat;-0.203;4.151;0.94;true;true;107.0;0.72
8dir;697;clown;-1.465;5.434;2.40;true;false;141.9;-0.03
8dir;697;acrobat;-0.215;4.163;0.96;true;true;106.8;0.71
8dir;698;clown;-1.503;5.434;2.40;true;false;141.7;-0.03
8dir;698;acrobat;-0.228;4.175;0.98;true;true;106.9;0.70
8dir;699;clown;-1.542;5.434;2.40;false;true;141.2;-0.03
8dir;699;acrobat;-0.241;4.188;1.01;true;true;106.9;0.70
8dir;700;clown;-1.581;5.433;2.40;false;true;141.7;-0.03
8dir;700;acrobat;-0.254;4.200;1.03;false;true;106.5;0.69
8dir;701;clown;-1.620;5.433;2.40;false;true;142.0;-0.04
8dir;701;acrobat;-0.268;4.213;1.06;false;true;106.6;0.68
8dir;702;clown;-1.659;5.432;2.40;false;true;142.3;-0.04
8dir;702;acrobat;-0.282;4.226;1.08;false;true;106.6;0.67
8dir;703;clown;-1.698;5.432;2.40;false;true;142.4;-0.06
8dir;703;acrobat;-0.297;4.238;1.10;false;true;106.6;0.66
8dir;704;clown;-1.737;5.432;2.40;false;true;142.4;-0.07
8dir;704;acrobat;-0.312;4.250;1.13;false;true;106.6;0.65
8dir;705;clown;-1.776;5.431;2.40;false;true;142.3;-0.07
8dir;705;acrobat;-0.327;4.262;1.15;false;true;106.6;0.64
8dir;706;clown;-1.806;5.431;1.90;true;true;142.1;-0.07
8dir;706;acrobat;-0.342;4.274;1.17;false;true;106.6;0.63
8dir;707;clown;-1.829;5.430;1.40;true;false;141.9;-0.07
8dir;707;acrobat;-0.357;4.286;1.16;false;true;106.5;0.62
8dir;708;clown;-1.843;5.430;0.90;true;false;142.1;-0.07
8dir;708;acrobat;-0.372;4.298;1.14;false;true;106.5;0.62
8dir;709;clown;-1.850;5.430;0.40;true;false;142.1;-0.07
8dir;709;acrobat;-0.386;4.309;1.11;false;true;106.4;0.61
8dir;710;clown;-1.850;5.430;0.00;true;true;142.1;-0.06
8dir;710;acrobat;-0.400;4.320;1.06;false;false;106.0;0.60
8dir;711;clown;-1.850;5.430;0.00;true;true;142.0;-0.05
8dir;711;acrobat;-0.414;4.330;1.02;false;false;106.0;0.60
8dir;712;clown;-1.850;5.430;0.00;true;true;141.9;-0.05
8dir;712;acrobat;-0.427;4.340;0.98;false;false;106.0;0.60
8dir;713;clown;-1.850;5.430;0.00;true;true;141.7;-0.04
8dir;713;acrobat;-0.439;4.349;0.94;false;false;106.1;0.59
8dir;714;clown;-1.850;5.430;0.00;true;true;141.6;-0.03
8dir;714;acrobat;-0.451;4.359;0.90;false;false;106.1;0.59
8dir;715;clown;-1.850;5.430;0.00;true;true;141.5;-0.03
8dir;715;acrobat;-0.462;4.367;0.87;false;false;106.1;0.59
8dir;716;clown;-1.850;5.430;0.00;true;true;141.4;-0.02
8dir;716;acrobat;-0.473;4.376;0.83;false;false;106.2;0.59
8dir;717;clown;-1.850;5.430;0.00;true;true;141.3;-0.02
8dir;717;acrobat;-0.484;4.384;0.80;false;false;106.2;0.59
8dir;718;clown;-1.850;5.430;0.00;true;true;141.2;-0.01
8dir;718;acrobat;-0.494;4.392;0.77;false;false;106.2;0.59
8dir;719;clown;-1.850;5.430;0.00;true;true;141.1;-0.01
8dir;719;acrobat;-0.504;4.399;0.74;false;false;106.3;0.59
8dir;720;clown;-1.850;5.430;0.00;true;true;141.1;-0.01
8dir;720;acrobat;-0.513;4.407;0.72;false;false;106.2;0.59
8dir;721;clown;-1.850;5.430;0.00;true;true;141.1;-0.00
8dir;721;acrobat;-0.524;4.414;0.72;false;false;106.2;0.59
8dir;722;clown;-1.850;5.430;0.00;true;true;141.1;-0.00
8dir;722;acrobat;-0.534;4.422;0.72;true;false;106.2;0.58
8dir;723;clown;-1.850;5.430;0.00;false;true;140.6;-0.00
8dir;723;acrobat;-0.544;4.430;0.72;true;false;106.3;0.58
8dir;724;clown;-1.859;5.420;0.71;false;true;140.7;-0.09
8dir;724;acrobat;-0.554;4.437;0.72;true;false;106.4;0.58
8dir;725;clown;-1.877;5.401;1.41;false;true;140.6;-0.16
8dir;725;acrobat;-0.564;4.445;0.72;true;false;106.4;0.58
8dir;726;clown;-1.903;5.375;2.12;false;false;140.3;-0.22
8dir;726;acrobat;-0.574;4.452;0.72;true;false;106.5;0.58
8dir;727;clown;-1.932;5.346;2.40;false;false;140.2;-0.27
8dir;727;acrobat;-0.585;4.458;0.72;true;false;106.5;0.58
8dir;728;clown;-1.961;5.316;2.40;false;false;140.1;-0.31
8dir;728;acrobat;-0.595;4.465;0.72;true;false;106.6;0.57
8dir;729;clown;-1.990;5.287;2.40;true;false;139.9;-0.34
8dir;729;acrobat;-0.605;4.471;0.72;true;false;106.6;0.56
8dir;730;clown;-2.019;5.257;2.40;true;false;139.9;-0.37
8dir;730;acrobat;-0.616;4.477;0.72;true;false;106.7;0.56
8dir;731;clown;-2.048;5.227;2.40;true;false;139.8;-0.40
8dir;731;acrobat;-0.627;4.483;0.72;true;false;106.7;0.55
8dir;732;clown;-2.078;5.198;2.40;true;true;139.7;-0.41
8dir;732;acrobat;-0.638;4.488;0.72;true;false;106.7;0.54
8dir;733;clown;-2.107;5.168;2.40;true;true;139.5;-0.43
8dir;733;acrobat;-0.649;4.493;0.72;true;false;106.7;0.53
8dir;734;clown;-2.136;5.139;2.40;true;true;139.2;-0.44
8dir;734;acrobat;-0.660;4.498;0.72;true;false;106.7;0.52
8dir;735;clown;-2.166;5.109;2.40;true;true;139.1;-0.45
8dir;735;acrobat;-0.672;4.503;0.72;true;false;106.7;0.51
8dir;736;clown;-2.195;5.080;2.40;true;true;138.8;-0.46
8dir;736;acrobat;-0.683;4.507;0.72;true;false;106.7;0.50
8dir;737;clown;-2.224;5.050;2.40;false;true;138.0;-0.48
8dir;737;acrobat;-0.695;4.511;0.72;true;true;106.6;0.48
8dir;738;clown;-2.254;5.021;2.40;false;true;137.7;-0.49
8dir;738;acrobat;-0.707;4.515;0.72;true;true;106.6;0.47
8dir;739;clown;-2.283;4.991;2.40;false;true;137.3;-0.50
8dir;739;acrobat;-0.719;4.519;0.72;true;true;106.6;0.45
8dir;740;clown;-2.312;4.961;2.40;false;false;136.9;-0.50
8dir;740;acrobat;-0.731;4.522;0.72;false;true;106.4;0.44
8dir;741;clown;-2.342;4.932;2.40;false;false;136.8;-0.51
8dir;741;acrobat;-0.743;4.525;0.72;false;true;106.6;0.42
8dir;742;clown;-2.371;4.902;2.40;true;false;136.7;-0.51
8dir;742;acrobat;-0.756;4.528;0.72;false;true;106.7;0.41
8dir;743;clown;-2.401;4.873;2.40;true;false;136.9;-0.52
8dir;743;acrobat;-0.768;4.531;0.72;false;true;106.9;0.40
8dir;744;clown;-2.430;4.844;2.40;true;false;137.1;-0.52
8dir;744;acrobat;-0.780;4.533;0.72;false;true;107.0;0.38
8dir;745;clown;-2.459;4.814;2.40;true;false;137.1;-0.52
8dir;745;acrobat;-0.793;4.536;0.73;false;true;107.1;0.36
8dir;746;clown;-2.489;4.785;2.40;true;false;137.1;-0.51
8dir;746;acrobat;-0.806;4.538;0.75;false;true;107.3;0.35
8dir;747;clown;-2.518;4.755;2.40;true;true;136.9;-0.52
8dir;747;acrobat;-0.819;4.539;0.78;false;true;107.4;0.33
8dir;748;clown;-2.547;4.726;2.40;true;true;136.7;-0.52
8dir;748;acrobat;-0.833;4.541;0.81;false;true;107.4;0.31
8dir;749;clown;-2.576;4.697;2.40;true;true;136.8;-0.52
8dir;749;acrobat;-0.847;4.542;0.84;false;true;107.5;0.30
8dir;750;clown;-2.606;4.668;2.40;false;true;136.4;-0.52
8dir;750;acrobat;-0.862;4.544;0.87;false;true;107.5;0.28
8dir;751;clown;-2.635;4.638;2.40;false;true;136.3;-0.53
8dir;751;acrobat;-0.878;4.544;0.90;false;true;107.5;0.26
8dir;752;clown;-2.664;4.609;2.40;false;true;136.2;-0.53
8dir;752;acrobat;-0.893;4.545;0.93;false;true;107.5;0.25
8dir;753;clown;-2.693;4.580;2.40;false;true;136.0;-0.54
8dir;753;acrobat;-0.910;4.545;0.96;false;true;107.5;0.23
8dir;754;clown;-2.723;4.550;2.40;false;true;135.7;-0.54
8dir;754;acrobat;-0.927;4.546;0.99;false;true;107.5;0.21
8dir;755;clown;-2.752;4.521;2.40;false;false;135.4;-0.54
8dir;755;acrobat;-0.944;4.545;1.02;false;false;107.1;0.20
8dir;756;clown;-2.781;4.492;2.40;true;false;135.4;-0.55
8dir;756;acrobat;-0.962;4.545;1.05;false;false;107.2;0.19
8dir;757;clown;-2.810;4.462;2.40;true;false;135.6;-0.55
8dir;757;acrobat;-0.978;4.544;1.08;false;false;107.4;0.18
8dir;758;clown;-2.839;4.434;2.40;true;false;135.9;-0.55
8dir;758;acrobat;-0.996;4.543;1.11;false;false;107.5;0.16
8dir;759;clown;-2.868;4.405;2.40;true;false;136.0;-0.55
8dir;759;acrobat;-1.015;4.541;1.14;false;false;107.6;0.15
8dir;760;clown;-2.896;4.377;2.40;true;false;136.0;-0.54
8dir;760;acrobat;-1.035;4.540;1.17;false;false;107.7;0.14
8dir;761;clown;-2.925;4.348;2.40;true;false;135.9;-0.54
8dir;761;acrobat;-1.056;4.537;1.20;true;false;107.8;0.13
8dir;762;clown;-2.954;4.319;2.40;true;true;135.8;-0.54
8dir;762;acrobat;-1.077;4.535;1.23;true;false;107.9;0.12
8dir;763;clown;-2.982;4.291;2.40;true;true;135.8;-0.54
8dir;763;acrobat;-1.098;4.532;1.25;true;false;108.1;0.11
8dir;764;clown;-3.011;4.262;2.40;false;true;135.5;-0.54
8dir;764;acrobat;-1.120;4.529;1.28;true;false;108.3;0.10
8dir;765;clown;-3.040;4.233;2.40;false;true;135.7;-0.54
8dir;765;acrobat;-1.143;4.525;1.30;true;false;108.4;0.09
8dir;766;clown;-3.060;4.213;1.69;false;true;135.8;-0.55
8dir;766;acrobat;-1.165;4.522;1.30;true;false;108.5;0.08
8dir;767;clown;-3.072;4.201;0.99;false;true;135.8;-0.55
8dir;767;acrobat;-1.187;4.518;1.28;true;false;108.6;0.08
8dir;768;clown;-3.076;4.197;0.28;true;true;136.0;-0.54
8dir;768;acrobat;-1.208;4.514;1.24;true;false;108.6;0.08
8dir;769;clown;-3.076;4.197;0.00;true;true;136.3;-0.54
8dir;769;acrobat;-1.229;4.511;1.19;true;false;108.6;0.07
8dir;770;clown;-3.076;4.197;0.00;true;true;136.6;-0.53
8dir;770;acrobat;-1.248;4.507;1.14;true;false;108.6;0.07
8dir;771;clown;-3.076;4.197;0.00;true;true;137.0;-0.52
8dir;771;acrobat;-1.267;4.504;1.09;true;false;108.5;0.07
8dir;772;clown;-3.076;4.197;0.00;true;true;137.4;-0.52
8dir;772;acrobat;-1.285;4.501;1.04;true;true;108.5;0.06
8dir;773;clown;-3.076;4.197;0.00;true;true;137.7;-0.51
8dir;773;acrobat;-1.302;4.498;1.00;true;true;108.4;0.06
8dir;774;clown;-3.076;4.197;0.00;true;false;137.6;-0.50
8dir;774;acrobat;-1.319;4.495;0.96;true;true;108.4;0.06
8dir;775;clown;-3.076;4.197;0.00;true;false;137.9;-0.49
8dir;775;acrobat;-1.335;4.492;0.92;true;true;108.5;0.05
8dir;776;clown;-3.076;4.197;0.00;true;false;138.3;-0.49
8dir;776;acrobat;-1.350;4.490;0.88;false;true;108.2;0.05
8dir;777;clown;-3.076;4.197;0.00;true;false;138.6;-0.48
8dir;777;acrobat;-1.365;4.487;0.84;false;true;108.4;0.05
8dir;778;clown;-3.076;4.197;0.00;true;false;138.7;-0.48
8dir;778;acrobat;-1.379;4.485;0.80;false;true;108.5;0.05
8dir;779;clown;-3.076;4.197;0.00;true;false;138.7;-0.48
8dir;779;acrobat;-1.393;4.483;0.77;false;true;108.6;0.05
8dir;780;clown;-3.076;4.197;0.00;true;false;138.8;-0.47
8dir;780;acrobat;-1.406;4.480;0.74;false;true;108.7;0.05
8dir;781;clown;-3.076;4.197;0.00;true;false;138.9;-0.47
8dir;781;acrobat;-1.418;4.478;0.72;false;true;108.7;0.04
8dir;782;clown;-3.076;4.197;0.00;true;false;138.9;-0.47
8dir;782;acrobat;-1.431;4.476;0.72;false;true;108.8;0.04
8dir;783;clown;-3.076;4.197;0.00;true;false;139.0;-0.47
8dir;783;acrobat;-1.444;4.474;0.72;false;true;108.8;0.04
8dir;784;clown;-3.076;4.189;0.50;true;false;138.7;-0.51
8dir;784;acrobat;-1.456;4.472;0.72;false;true;108.9;0.03
8dir;785;clown;-3.076;4.173;1.00;true;false;138.4;-0.55
8dir;785;acrobat;-1.469;4.469;0.72;false;true;108.9;0.03
8dir;786;clown;-3.076;4.148;1.50;false;false;137.5;-0.57
8dir;786;acrobat;-1.481;4.467;0.72;false;true;108.8;0.02
8dir;787;clown;-3.076;4.114;2.00;false;true;137.1;-0.59
8dir;787;acrobat;-1.494;4.464;0.72;false;true;108.8;0.01
8dir;788;clown;-3.076;4.074;2.40;false;true;136.9;-0.61
8dir;788;acrobat;-1.506;4.461;0.72;false;true;108.7;0.00
8dir;789;clown;-3.077;4.034;2.40;false;true;136.7;-0.63
8dir;789;acrobat;-1.519;4.458;0.72;false;true;108.6;-0.00
8dir;790;clown;-3.077;3.995;2.40;false;true;136.4;-0.64
8dir;790;acrobat;-1.531;4.454;0.72;false;false;108.2;-0.02
8dir;791;clown;-3.077;3.954;2.40;false;true;136.1;-0.66
8dir;791;acrobat;-1.543;4.450;0.72;false;false;108.2;-0.03
8dir;792;clown;-3.077;3.915;2.40;false;true;135.8;-0.67
8dir;792;acrobat;-1.555;4.446;0.72;false;false;108.3;-0.04
8dir;793;clown;-3.077;3.875;2.40;false;true;135.3;-0.68
8dir;793;acrobat;-1.567;4.441;0.72;false;false;108.3;-0.05
8dir;794;clown;-3.077;3.835;2.40;true;true;135.0;-0.68
8dir;794;acrobat;-1.579;4.437;0.72;false;false;108.4;-0.06
8dir;795;clown;-3.077;3.795;2.40;true;false;134.7;-0.68
8dir;795;acrobat;-1.591;4.432;0.72;false;false;108.4;-0.08
8dir;796;clown;-3.077;3.755;2.40;true;false;134.8;-0.68
8dir;796;acrobat;-1.603;4.426;0.72;false;false;108.5;-0.09
8dir;797;clown;-3.077;3.715;2.40;true;false;134.9;-0.68
8dir;797;acrobat;-1.614;4.421;0.72;false;false;108.5;-0.11
8dir;798;clown;-3.077;3.675;2.40;true;false;134.9;-0.68
8dir;798;acrobat;-1.626;4.415;0.72;false;false;108.6;-0.12
8dir;799;clown;-3.077;3.635;2.40;true;false;134.7;-0.69
8dir;799;acrobat;-1.637;4.409;0.72;false;false;108.6;-0.14
8dir;800;clown;-3.078;3.595;2.40;true;false;134.5;-0.69
8dir;800;acrobat;-1.648;4.403;0.72;false;false;108.7;-0.15
8dir;801;clown;-3.078;3.555;2.40;true;false;134.2;-0.69
8dir;801;acrobat;-1.659;4.396;0.72;false;false;108.7;-0.16
8dir;802;clown;-3.078;3.515;2.40;false;true;133.8;-0.69
8dir;802;acrobat;-1.670;4.390;0.72;false;false;108.7;-0.18
8dir;803;clown;-3.078;3.475;2.40;false;true;134.0;-0.69
8dir;803;acrobat;-1.681;4.383;0.72;true;false;108.7;-0.19
8dir;804;clown;-3.078;3.435;2.40;false;true;134.2;-0.69
8dir;804;acrobat;-1.692;4.375;0.72;true;false;108.8;-0.21
8dir;805;clown;-3.078;3.395;2.40;false;true;134.3;-0.69
8dir;805;acrobat;-1.702;4.368;0.72;true;false;108.9;-0.22
8dir;806;clown;-3.078;3.354;2.40;false;true;134.3;-0.69
8dir;806;acrobat;-1.713;4.360;0.74;true;false;109.0;-0.23
8dir;807;clown;-3.078;3.314;2.40;false;true;134.2;-0.69
8dir;807;acrobat;-1.724;4.352;0.77;true;false;109.1;-0.24
8dir;808;clown;-3.078;3.274;2.40;false;true;133.9;-0.69
8dir;808;acrobat;-1.735;4.344;0.79;true;false;109.2;-0.25
8dir;809;clown;-3.078;3.234;2.40;true;true;133.7;-0.69
8dir;809;acrobat;-1.746;4.334;0.82;true;false;109.2;-0.26
8dir;810;clown;-3.078;3.194;2.40;true;false;133.5;-0.69
8dir;810;acrobat;-1.757;4.325;0.85;true;false;109.3;-0.27
8dir;811;clown;-3.078;3.154;2.40;true;false;133.6;-0.69
8dir;811;acrobat;-1.769;4.315;0.88;true;true;109.3;-0.28
8dir;812;clown;-3.079;3.114;2.40;true;false;133.7;-0.70
8dir;812;acrobat;-1.780;4.304;0.90;true;true;109.3;-0.29
8dir;813;clown;-3.079;3.074;2.40;true;false;133.7;-0.70
8dir;813;acrobat;-1.792;4.293;0.93;true;true;109.3;-0.30
8dir;814;clown;-3.079;3.034;2.40;true;false;133.6;-0.70
8dir;814;acrobat;-1.804;4.281;0.96;true;true;109.3;-0.31
8dir;815;clown;-3.079;2.994;2.40;true;false;133.4;-0.70
8dir;815;acrobat;-1.816;4.269;0.99;true;true;109.3;-0.32
8dir;816;clown;-3.079;2.954;2.40;true;false;133.1;-0.70
8dir;816;acrobat;-1.828;4.257;1.02;true;true;109.2;-0.33
8dir;817;clown;-3.079;2.914;2.40;false;true;132.7;-0.70
8dir;817;acrobat;-1.841;4.243;1.04;true;true;109.3;-0.35
8dir;818;clown;-3.079;2.874;2.40;false;true;132.9;-0.70
8dir;818;acrobat;-1.853;4.230;1.07;true;true;109.4;-0.36
8dir;819;clown;-3.079;2.834;2.40;false;true;133.1;-0.70
8dir;819;acrobat;-1.866;4.216;1.10;true;true;109.4;-0.36
8dir;820;clown;-3.079;2.793;2.40;false;true;133.2;-0.71
8dir;820;acrobat;-1.878;4.201;1.13;true;true;109.4;-0.37
8dir;821;clown;-3.079;2.753;2.40;false;true;133.2;-0.71
8dir;821;acrobat;-1.891;4.186;1.15;false;true;109.0;-0.39
8dir;822;clown;-3.079;2.713;2.40;false;true;133.1;-0.71
8dir;822;acrobat;-1.904;4.170;1.18;false;true;109.0;-0.40
8dir;823;clown;-3.080;2.673;2.40;false;true;132.9;-0.71
8dir;823;acrobat;-1.917;4.154;1.21;false;true;108.9;-0.41
8dir;824;clown;-3.080;2.633;2.40;true;true;132.6;-0.71
8dir;824;acrobat;-1.930;4.137;1.23;false;true;108.9;-0.42
8dir;825;clown;-3.080;2.593;2.40;true;false;132.4;-0.71
8dir;825;acrobat;-1.943;4.120;1.26;false;true;108.8;-0.43
8dir;826;clown;-3.080;2.561;1.90;true;false;132.6;-0.71
8dir;826;acrobat;-1.955;4.102;1.27;false;true;108.7;-0.44
8dir;827;clown;-3.080;2.538;1.40;true;false;132.8;-0.71
8dir;827;acrobat;-1.968;4.085;1.26;false;false;108.5;-0.44
8dir;828;clown;-3.080;2.522;0.90;true;false;132.9;-0.71
8dir;828;acrobat;-1.981;4.067;1.24;false;false;108.5;-0.45
8dir;829;clown;-3.080;2.516;0.40;true;false;133.0;-0.71
8dir;829;acrobat;-1.993;4.051;1.20;false;false;108.6;-0.45
8dir;830;clown;-3.080;2.516;0.00;true;true;133.2;-0.70
8dir;830;acrobat;-2.004;4.035;1.16;false;false;108.6;-0.46
8dir;831;clown;-3.080;2.516;0.00;true;true;133.3;-0.68
8dir;831;acrobat;-2.015;4.019;1.11;false;false;108.7;-0.46
8dir;832;clown;-3.080;2.516;0.00;true;true;133.4;-0.67
8dir;832;acrobat;-2.026;4.004;1.06;false;false;108.7;-0.46
8dir;833;clown;-3.080;2.516;0.00;true;true;133.5;-0.66
8dir;833;acrobat;-2.036;3.990;1.02;false;false;108.8;-0.47
8dir;834;clown;-3.080;2.516;0.00;true;true;133.6;-0.65
8dir;834;acrobat;-2.046;3.977;0.98;false;false;108.9;-0.47
8dir;835;clown;-3.080;2.516;0.00;true;true;133.7;-0.63
8dir;835;acrobat;-2.055;3.963;0.94;false;false;108.9;-0.47
8dir;836;clown;-3.080;2.516;0.00;true;true;133.8;-0.62
8dir;836;acrobat;-2.064;3.951;0.90;false;false;109.0;-0.47
8dir;837;clown;-3.080;2.516;0.00;true;true;133.8;-0.61
8dir;837;acrobat;-2.073;3.939;0.86;false;false;109.0;-0.47
8dir;838;clown;-3.080;2.516;0.00;false;true;133.4;-0.59
8dir;838;acrobat;-2.081;3.927;0.83;false;false;109.0;-0.47
8dir;839;clown;-3.080;2.516;0.00;false;true;133.4;-0.58
8dir;839;acrobat;-2.089;3.916;0.79;false;false;109.0;-0.48
8dir;840;clown;-3.080;2.516;0.00;false;true;133.5;-0.58
8dir;840;acrobat;-2.096;3.906;0.76;false;false;109.0;-0.48
8dir;841;clown;-3.080;2.516;0.00;false;true;133.6;-0.58
8dir;841;acrobat;-2.104;3.895;0.73;false;false;109.0;-0.48
8dir;842;clown;-3.080;2.516;0.00;false;true;133.6;-0.58
8dir;842;acrobat;-2.111;3.885;0.72;true;false;109.0;-0.48
8dir;843;clown;-3.080;2.516;0.00;false;true;133.7;-0.58
8dir;843;acrobat;-2.118;3.875;0.72;true;false;109.1;-0.48
8dir;844;clown;-3.072;2.508;0.71;false;true;133.7;-0.57
8dir;844;acrobat;-2.125;3.865;0.72;true;false;109.2;-0.48
8dir;845;clown;-3.056;2.491;1.41;false;true;133.7;-0.55
8dir;845;acrobat;-2.132;3.855;0.72;true;false;109.3;-0.48
8dir;846;clown;-3.031;2.467;2.12;false;false;133.2;-0.54
8dir;846;acrobat;-2.139;3.844;0.72;true;false;109.4;-0.48
8dir;847;clown;-3.004;2.439;2.40;false;false;133.2;-0.53
8dir;847;acrobat;-2.146;3.834;0.72;true;false;109.4;-0.48
8dir;848;clown;-2.976;2.411;2.40;false;false;133.2;-0.52
8dir;848;acrobat;-2.152;3.823;0.72;true;false;109.5;-0.49
8dir;849;clown;-2.948;2.383;2.40;true;false;133.2;-0.52
8dir;849;acrobat;-2.158;3.812;0.72;true;false;109.5;-0.49
8dir;850;clown;-2.920;2.355;2.40;true;false;133.4;-0.52
8dir;850;acrobat;-2.164;3.801;0.72;true;false;109.6;-0.50
8dir;851;clown;-2.892;2.327;2.40;true;false;133.6;-0.52
8dir;851;acrobat;-2.170;3.790;0.72;true;false;109.6;-0.50
8dir;852;clown;-2.864;2.299;2.40;true;true;133.8;-0.53
8dir;852;acrobat;-2.175;3.779;0.72;true;true;109.6;-0.51
8dir;853;clown;-2.837;2.271;2.40;true;true;133.9;-0.54
8dir;853;acrobat;-2.180;3.768;0.72;true;true;109.5;-0.51
8dir;854;clown;-2.809;2.243;2.40;true;true;133.8;-0.53
8dir;854;acrobat;-2.185;3.756;0.72;true;true;109.5;-0.52
8dir;855;clown;-2.781;2.215;2.40;true;true;133.9;-0.53
8dir;855;acrobat;-2.189;3.745;0.72;true;true;109.4;-0.53
8dir;856;clown;-2.753;2.187;2.40;true;true;133.9;-0.52
8dir;856;acrobat;-2.193;3.733;0.72;true;true;109.4;-0.54
8dir;857;clown;-2.725;2.159;2.40;false;true;133.4;-0.51
8dir;857;acrobat;-2.197;3.722;0.72;true;true;109.4;-0.54
8dir;858;clown;-2.697;2.131;2.40;false;true;133.2;-0.50
8dir;858;acrobat;-2.201;3.710;0.72;true;true;109.5;-0.55
8dir;859;clown;-2.669;2.103;2.40;false;true;133.0;-0.49
8dir;859;acrobat;-2.205;3.699;0.72;true;true;109.5;-0.56
8dir;860;clown;-2.642;2.075;2.40;false;false;132.8;-0.49
8dir;860;acrobat;-2.208;3.687;0.72;false;true;109.2;-0.56
8dir;861;clown;-2.614;2.047;2.40;false;false;132.9;-0.49
8dir;861;acrobat;-2.211;3.675;0.72;false;true;109.2;-0.57
8dir;862;clown;-2.586;2.019;2.40;false;false;132.9;-0.48
8dir;862;acrobat;-2.214;3.663;0.72;false;true;109.2;-0.58
8dir;863;clown;-2.558;1.991;2.40;false;false;132.9;-0.48
8dir;863;acrobat;-2.216;3.651;0.74;false;true;109.3;-0.58
8dir;864;clown;-2.530;1.963;2.40;true;false;132.9;-0.48
8dir;864;acrobat;-2.219;3.638;0.76;false;true;109.3;-0.59
8dir;865;clown;-2.502;1.935;2.40;true;false;133.2;-0.49
8dir;865;acrobat;-2.221;3.625;0.78;false;true;109.3;-0.60
8dir;866;clown;-2.474;1.907;2.40;true;false;133.4;-0.49
8dir;866;acrobat;-2.223;3.612;0.81;false;true;109.2;-0.60
8dir;867;clown;-2.446;1.879;2.40;true;true;133.6;-0.50
8dir;867;acrobat;-2.225;3.598;0.83;false;true;109.2;-0.60
8dir;868;clown;-2.418;1.851;2.40;true;true;133.6;-0.50
8dir;868;acrobat;-2.226;3.584;0.86;false;true;109.2;-0.61
8dir;869;clown;-2.390;1.823;2.40;true;true;133.6;-0.51
8dir;869;acrobat;-2.228;3.569;0.88;false;true;109.1;-0.61
8dir;870;clown;-2.362;1.795;2.40;true;true;133.6;-0.51
8dir;870;acrobat;-2.229;3.554;0.91;false;false;108.6;-0.61
8dir;871;clown;-2.335;1.767;2.40;true;true;133.6;-0.51
8dir;871;acrobat;-2.230;3.539;0.94;false;false;108.6;-0.62
8dir;872;clown;-2.307;1.739;2.40;false;true;133.1;-0.50
8dir;872;acrobat;-2.231;3.523;0.96;false;false;108.7;-0.62
8dir;873;clown;-2.279;1.711;2.40;false;true;132.9;-0.50
8dir;873;acrobat;-2.231;3.506;0.99;false;false;108.7;-0.62
8dir;874;clown;-2.251;1.683;2.40;false;true;132.7;-0.49
8dir;874;acrobat;-2.232;3.489;1.02;false;false;108.8;-0.62
8dir;875;clown;-2.223;1.655;2.40;false;false;132.5;-0.49
8dir;875;acrobat;-2.232;3.472;1.04;false;false;108.8;-0.62
8dir;876;clown;-2.195;1.627;2.40;false;false;132.6;-0.49
8dir;876;acrobat;-2.231;3.454;1.07;false;false;108.8;-0.62
8dir;877;clown;-2.167;1.599;2.40;false;false;132.6;-0.49
8dir;877;acrobat;-2.231;3.436;1.10;false;false;108.9;-0.63
8dir;878;clown;-2.139;1.571;2.40;false;false;132.6;-0.50
8dir;878;acrobat;-2.230;3.417;1.12;false;false;108.9;-0.63
8dir;879;clown;-2.111;1.543;2.40;true;false;132.7;-0.50
8dir;879;acrobat;-2.229;3.398;1.15;false;false;109.0;-0.63
8dir;880;clown;-2.083;1.515;2.40;true;false;132.9;-0.50
8dir;880;acrobat;-2.227;3.378;1.17;false;false;109.0;-0.63
8dir;881;clown;-2.055;1.487;2.40;true;false;133.2;-0.51
8dir;881;acrobat;-2.226;3.359;1.20;true;false;108.9;-0.63
8dir;882;clown;-2.027;1.458;2.40;true;true;133.3;-0.52
8dir;882;acrobat;-2.224;3.338;1.23;true;false;109.1;-0.63
8dir;883;clown;-1.999;1.430;2.40;true;true;133.4;-0.52
8dir;883;acrobat;-2.221;3.318;1.25;true;false;109.2;-0.63
8dir;884;clown;-1.971;1.402;2.40;true;true;133.3;-0.52
8dir;884;acrobat;-2.219;3.297;1.28;true;false;109.3;-0.63
8dir;885;clown;-1.943;1.374;2.40;true;true;133.4;-0.53
8dir;885;acrobat;-2.216;3.275;1.30;true;false;109.4;-0.63
8dir;886;clown;-1.923;1.354;1.69;true;true;133.4;-0.53
8dir;886;acrobat;-2.212;3.254;1.30;true;false;109.4;-0.63
8dir;887;clown;-1.912;1.343;0.99;false;true;133.0;-0.52
8dir;887;acrobat;-2.209;3.233;1.28;true;true;109.5;-0.63
8dir;888;clown;-1.909;1.340;0.28;true;true;133.0;-0.51
8dir;888;acrobat;-2.206;3.213;1.24;true;true;109.5;-0.63
8dir;889;clown;-1.909;1.340;0.00;true;true;133.1;-0.49
8dir;889;acrobat;-2.203;3.193;1.19;true;true;109.4;-0.63
8dir;890;clown;-1.909;1.340;0.00;true;true;133.1;-0.48
8dir;890;acrobat;-2.200;3.174;1.14;true;true;109.4;-0.62
8dir;891;clown;-1.909;1.340;0.00;true;true;133.2;-0.46
8dir;891;acrobat;-2.197;3.156;1.10;true;true;109.3;-0.62
8dir;892;clown;-1.909;1.340;0.00;true;true;133.4;-0.44
8dir;892;acrobat;-2.195;3.139;1.05;true;true;109.4;-0.62
8dir;893;clown;-1.909;1.340;0.00;true;true;133.6;-0.43
8dir;893;acrobat;-2.192;3.122;1.01;true;true;109.4;-0.62
8dir;894;clown;-1.909;1.340;0.00;true;false;133.4;-0.41
8dir;894;acrobat;-2.190;3.106;0.97;true;true;109.4;-0.62
8dir;895;clown;-1.909;1.340;0.00;true;false;133.6;-0.40
8dir;895;acrobat;-2.187;3.091;0.93;true;true;109.4;-0.62
8dir;896;clown;-1.909;1.340;0.00;true;false;133.7;-0.38
8dir;896;acrobat;-2.185;3.077;0.90;false;true;109.0;-0.62
8dir;897;clown;-1.909;1.340;0.00;true;false;133.9;-0.37
8dir;897;acrobat;-2.183;3.062;0.86;false;true;109.0;-0.62
8dir;898;clown;-1.909;1.340;0.00;true;false;134.0;-0.37
8dir;898;acrobat;-2.181;3.049;0.83;false;true;109.0;-0.62
8dir;899;clown;-1.909;1.340;0.00;true;false;134.2;-0.37
8dir;899;acrobat;-2.179;3.036;0.79;false;true;109.0;-0.62
8dir;900;clown;-1.909;1.340;0.00;true;false;134.3;-0.37
8dir;900;acrobat;-2.177;3.023;0.76;false;true;109.0;-0.62
8dir;901;clown;-1.909;1.340;0.00;true;false;134.5;-0.37
8dir;901;acrobat;-2.175;3.011;0.73;false;true;109.0;-0.62
8dir;902;clown;-1.909;1.340;0.00;true;false;134.7;-0.37
8dir;902;acrobat;-2.173;3.000;0.72;false;true;108.9;-0.62
8dir;903;clown;-1.909;1.340;0.00;true;false;134.8;-0.37
8dir;903;acrobat;-2.172;2.988;0.72;false;true;108.9;-0.62
tab;904;clown;-1.913;1.359;0.72;true;false;135.0;0.11
tab;904;acrobat;-2.164;2.973;0.87;true;false;108.7;-0.61
tab;905;clown;-1.915;1.371;0.72;false;false;134.6;0.31
tab;905;acrobat;-2.147;2.953;1.57;true;false;108.9;-0.59
tab;906;clown;-1.916;1.382;0.72;false;true;134.7;0.46
tab;906;acrobat;-2.123;2.925;2.26;true;false;109.1;-0.58
tab;907;clown;-1.918;1.394;0.72;false;true;134.8;0.58
tab;907;acrobat;-2.095;2.897;2.40;true;false;109.2;-0.57
tab;908;clown;-1.919;1.405;0.72;false;true;135.0;0.66
tab;908;acrobat;-2.067;2.869;2.40;true;false;109.3;-0.56
tab;909;clown;-1.921;1.417;0.72;false;true;135.1;0.72
tab;909;acrobat;-2.039;2.841;2.40;true;true;109.2;-0.54
tab;910;clown;-1.922;1.429;0.72;false;true;135.3;0.76
tab;910;acrobat;-2.012;2.813;2.40;true;true;109.1;-0.53
tab;911;clown;-1.922;1.432;0.22;true;true;135.5;0.77
tab;911;acrobat;-1.984;2.785;2.40;true;true;109.3;-0.52
tab;912;clown;-1.922;1.432;0.00;true;true;135.7;0.78
tab;912;acrobat;-1.956;2.757;2.40;false;true;109.0;-0.51
tab;913;clown;-1.922;1.432;0.00;true;true;135.9;0.78
tab;913;acrobat;-1.928;2.730;2.40;false;true;109.1;-0.50
tab;914;clown;-1.922;1.432;0.00;true;true;136.1;0.79
tab;914;acrobat;-1.900;2.702;2.40;false;true;109.0;-0.49
tab;915;clown;-1.922;1.432;0.00;true;true;136.2;0.80
tab;915;acrobat;-1.872;2.674;2.40;false;true;108.9;-0.48
tab;916;clown;-1.922;1.432;0.00;true;true;136.3;0.81
tab;916;acrobat;-1.845;2.646;2.40;false;true;108.7;-0.48
tab;917;clown;-1.922;1.432;0.00;true;true;136.5;0.82
tab;917;acrobat;-1.817;2.618;2.40;false;false;108.5;-0.47
tab;918;clown;-1.922;1.432;0.00;true;true;136.7;0.82
tab;918;acrobat;-1.789;2.590;2.40;false;false;108.5;-0.47
tab;919;clown;-1.922;1.432;0.00;true;true;136.8;0.82
tab;919;acrobat;-1.761;2.562;2.40;false;false;108.5;-0.47
tab;920;clown;-1.922;1.432;0.00;true;true;136.9;0.82
tab;920;acrobat;-1.733;2.534;2.40;false;false;108.6;-0.47
tab;921;clown;-1.922;1.432;0.00;true;true;136.9;0.82
tab;921;acrobat;-1.705;2.506;2.40;false;false;108.6;-0.47
tab;922;clown;-1.922;1.432;0.00;true;true;137.0;0.82
tab;922;acrobat;-1.678;2.478;2.40;true;false;108.6;-0.47
tab;923;clown;-1.922;1.432;0.00;true;true;137.1;0.82
tab;923;acrobat;-1.650;2.450;2.40;true;false;108.9;-0.47
tab;924;clown;-1.922;1.432;0.00;true;false;136.7;0.82
tab;924;acrobat;-1.622;2.422;2.40;true;false;109.1;-0.47
tab;925;clown;-1.922;1.432;0.00;true;false;136.9;0.82
tab;925;acrobat;-1.594;2.394;2.40;true;false;109.3;-0.48
tab;926;clown;-1.922;1.432;0.00;true;false;137.0;0.82
tab;926;acrobat;-1.566;2.366;2.40;true;false;109.3;-0.49
tab;927;clown;-1.922;1.432;0.00;true;false;137.1;0.82
tab;927;acrobat;-1.538;2.338;2.40;true;true;109.2;-0.49
tab;928;clown;-1.922;1.432;0.00;true;false;137.3;0.82
tab;928;acrobat;-1.510;2.310;2.40;true;true;109.0;-0.49
tab;929;clown;-1.922;1.432;0.00;false;false;137.1;0.82
tab;929;acrobat;-1.482;2.282;2.40;true;true;109.2;-0.49
tab;930;clown;-1.922;1.432;0.00;false;false;137.3;0.82
tab;930;acrobat;-1.455;2.254;2.40;false;true;108.9;-0.49
tab;931;clown;-1.922;1.432;0.00;false;false;137.4;0.82
tab;931;acrobat;-1.427;2.226;2.40;false;true;108.9;-0.49
tab;932;clown;-1.922;1.432;0.00;false;false;137.5;0.82
tab;932;acrobat;-1.399;2.198;2.40;false;true;108.8;-0.49
tab;933;clown;-1.922;1.432;0.00;false;false;137.6;0.82
tab;933;acrobat;-1.371;2.170;2.40;false;true;108.7;-0.48
tab;934;clown;-1.922;1.432;0.00;false;false;137.7;0.82
tab;934;acrobat;-1.343;2.142;2.40;false;true;108.5;-0.48
tab;935;clown;-1.922;1.432;0.00;false;false;137.9;0.82
tab;935;acrobat;-1.315;2.114;2.40;false;false;108.3;-0.48
tab;936;clown;-1.922;1.432;0.00;false;false;138.0;0.82
tab;936;acrobat;-1.287;2.086;2.40;false;false;108.3;-0.48
tab;937;clown;-1.922;1.432;0.00;false;false;138.1;0.82
tab;937;acrobat;-1.259;2.058;2.40;false;false;108.3;-0.48
tab;938;clown;-1.922;1.432;0.00;false;false;138.2;0.82
tab;938;acrobat;-1.231;2.030;2.40;false;false;108.3;-0.49
tab;939;clown;-1.922;1.432;0.00;false;false;138.3;0.81
tab;939;acrobat;-1.203;2.002;2.40;true;false;108.4;-0.49
tab;940;clown;-1.922;1.432;0.00;false;false;138.3;0.81
tab;940;acrobat;-1.175;1.974;2.40;true;false;108.6;-0.49
tab;941;clown;-1.922;1.432;0.00;false;false;138.4;0.81
tab;941;acrobat;-1.148;1.946;2.40;true;false;108.8;-0.50
tab;942;clown;-1.922;1.432;0.00;false;false;138.4;0.81
tab;942;acrobat;-1.120;1.918;2.40;true;false;109.0;-0.50
tab;943;clown;-1.922;1.432;0.00;false;false;138.5;0.81
tab;943;acrobat;-1.092;1.890;2.40;true;false;109.0;-0.51
tab;944;clown;-1.922;1.432;0.00;false;false;138.5;0.81
tab;944;acrobat;-1.064;1.862;2.40;true;false;109.0;-0.52
tab;945;clown;-1.922;1.432;0.00;false;false;138.6;0.81
tab;945;acrobat;-1.036;1.834;2.40;true;true;108.8;-0.52
tab;946;clown;-1.922;1.432;0.00;false;false;138.6;0.83
tab;946;acrobat;-1.008;1.806;2.40;true;true;108.7;-0.52
tab;947;clown;-1.922;1.432;0.00;false;false;138.7;0.84
tab;947;acrobat;-0.980;1.778;2.40;false;true;108.5;-0.52
tab;948;clown;-1.922;1.432;0.00;false;false;138.7;0.84
tab;948;acrobat;-0.952;1.750;2.40;false;true;108.6;-0.52
tab;949;clown;-1.922;1.432;0.00;false;false;138.7;0.85
tab;949;acrobat;-0.924;1.721;2.40;false;true;108.6;-0.52
tab;950;clown;-1.922;1.432;0.00;true;false;138.8;0.86
tab;950;acrobat;-0.896;1.693;2.40;false;true;108.6;-0.52
tab;951;clown;-1.922;1.432;0.00;true;true;138.8;0.86
tab;951;acrobat;-0.868;1.665;2.40;false;true;108.4;-0.51
tab;952;clown;-1.922;1.432;0.00;true;true;138.8;0.87
tab;952;acrobat;-0.840;1.637;2.40;false;true;108.2;-0.51
tab;953;clown;-1.922;1.432;0.00;true;true;138.9;0.87
tab;953;acrobat;-0.812;1.609;2.40;false;false;108.0;-0.51
tab;954;clown;-1.922;1.432;0.00;true;true;138.9;0.87
tab;954;acrobat;-0.784;1.581;2.40;false;false;108.0;-0.51
tab;955;clown;-1.922;1.432;0.00;true;true;138.9;0.87
tab;955;acrobat;-0.756;1.553;2.40;false;false;108.0;-0.51
tab;956;clown;-1.922;1.432;0.00;true;true;138.9;0.88
tab;956;acrobat;-0.728;1.525;2.40;true;false;108.0;-0.52
tab;957;clown;-1.922;1.432;0.00;true;true;139.0;0.88
tab;957;acrobat;-0.700;1.497;2.40;true;false;108.3;-0.52
tab;958;clown;-1.922;1.432;0.00;true;true;139.0;0.88
tab;958;acrobat;-0.672;1.468;2.40;true;false;108.5;-0.52
tab;959;clown;-1.922;1.432;0.00;true;true;139.0;0.88
tab;959;acrobat;-0.644;1.440;2.40;true;false;108.6;-0.53
tab;960;clown;-1.922;1.432;0.00;true;true;139.0;0.88
tab;960;acrobat;-0.615;1.412;2.40;true;false;108.6;-0.54
tab;961;clown;-1.922;1.432;0.00;true;true;139.0;0.88
tab;961;acrobat;-0.587;1.384;2.40;true;false;108.6;-0.54
tab;962;clown;-1.922;1.432;0.00;true;true;139.0;0.88
tab;962;acrobat;-0.559;1.356;2.40;true;false;108.4;-0.55
tab;963;clown;-1.922;1.432;0.00;true;true;139.0;0.88
tab;963;acrobat;-0.531;1.327;2.40;true;true;108.2;-0.55
tab;964;clown;-1.922;1.432;0.00;true;true;139.1;0.88
tab;964;acrobat;-0.503;1.299;2.40;false;true;108.0;-0.55
tab;965;clown;-1.914;1.431;0.50;true;true;138.9;0.84
tab;965;acrobat;-0.475;1.271;2.40;false;true;108.2;-0.55
tab;966;clown;-1.903;1.430;0.72;true;true;138.7;0.78
tab;966;acrobat;-0.447;1.243;2.40;false;true;108.3;-0.55
tab;967;clown;-1.892;1.428;0.72;true;true;138.4;0.71
tab;967;acrobat;-0.419;1.214;2.40;false;true;108.3;-0.55
tab;968;clown;-1.881;1.426;0.72;false;true;137.7;0.63
tab;968;acrobat;-0.391;1.186;2.40;false;true;108.2;-0.54
tab;969;clown;-1.870;1.425;0.72;false;false;137.4;0.55
tab;969;acrobat;-0.363;1.158;2.40;false;true;108.1;-0.54
tab;970;clown;-1.859;1.423;0.72;false;false;137.2;0.48
tab;970;acrobat;-0.335;1.130;2.40;false;true;107.9;-0.54
tab;971;clown;-1.848;1.420;0.72;false;false;137.0;0.41
tab;971;acrobat;-0.306;1.102;2.40;false;false;107.6;-0.54
tab;972;clown;-1.837;1.418;0.72;false;false;136.8;0.35
tab;972;acrobat;-0.278;1.073;2.40;false;false;107.6;-0.54
tab;973;clown;-1.826;1.416;0.72;false;false;136.6;0.30
tab;973;acrobat;-0.250;1.045;2.40;true;false;107.6;-0.54
tab;974;clown;-1.815;1.413;0.72;false;false;136.4;0.25
tab;974;acrobat;-0.222;1.017;2.40;true;false;107.8;-0.55
tab;975;clown;-1.804;1.410;0.72;false;false;136.5;0.21
tab;975;acrobat;-0.194;0.989;2.40;true;false;108.0;-0.55
tab;976;clown;-1.793;1.407;0.72;false;false;136.6;0.17
tab;976;acrobat;-0.166;0.960;2.40;true;false;108.1;-0.56
tab;977;clown;-1.782;1.404;0.72;true;false;136.7;0.14
tab;977;acrobat;-0.138;0.932;2.40;true;false;108.1;-0.56
tab;978;clown;-1.771;1.401;0.75;true;false;136.9;0.11
tab;978;acrobat;-0.109;0.904;2.40;true;false;108.1;-0.57
tab;979;clown;-1.759;1.397;0.80;true;false;137.0;0.09
tab;979;acrobat;-0.081;0.902;1.70;true;false;108.1;-0.51
tab;980;clown;-1.746;1.393;0.84;true;false;137.2;0.07
tab;980;acrobat;-0.053;0.901;1.70;true;false;108.1;-0.46
tab;981;clown;-1.733;1.390;0.87;true;false;137.3;0.05
tab;981;acrobat;-0.025;0.901;1.70;true;false;108.1;-0.41
tab;982;clown;-1.719;1.386;0.90;true;false;137.4;0.04
tab;982;acrobat;0.003;0.901;1.70;false;true;107.8;-0.36
tab;983;clown;-1.705;1.381;0.93;true;false;137.5;0.02
tab;983;acrobat;0.031;0.901;1.70;false;true;108.1;-0.32
tab;984;clown;-1.690;1.377;0.96;true;false;137.5;0.01
tab;984;acrobat;0.059;0.901;1.70;false;true;108.3;-0.29
tab;985;clown;-1.675;1.373;0.99;true;false;137.5;-0.01
tab;985;acrobat;0.088;0.901;1.70;false;true;108.6;-0.26
tab;986;clown;-1.659;1.369;1.02;true;false;137.5;-0.02
tab;986;acrobat;0.116;0.901;1.70;false;true;108.7;-0.23
tab;987;clown;-1.643;1.365;1.05;true;false;137.4;-0.02
tab;987;acrobat;0.144;0.901;1.70;false;true;108.9;-0.21
tab;988;clown;-1.627;1.360;1.07;true;false;137.2;-0.03
tab;988;acrobat;0.172;0.901;1.70;false;true;108.9;-0.18
tab;989;clown;-1.610;1.356;1.10;true;false;137.0;-0.03
tab;989;acrobat;0.200;0.901;1.70;false;true;109.0;-0.16
tab;990;clown;-1.592;1.351;1.12;false;false;136.5;-0.03
tab;990;acrobat;0.228;0.901;1.70;false;true;108.9;-0.14
tab;991;clown;-1.574;1.347;1.14;false;true;136.6;-0.03
tab;991;acrobat;0.257;0.901;1.70;false;true;108.9;-0.13
tab;992;clown;-1.556;1.342;1.16;false;true;136.9;-0.03
tab;992;acrobat;0.285;0.901;1.70;false;false;108.4;-0.12
tab;993;clown;-1.538;1.338;1.18;false;true;137.1;-0.03
tab;993;acrobat;0.313;0.901;1.70;false;false;108.5;-0.11
tab;994;clown;-1.519;1.333;1.20;false;true;137.3;-0.03
tab;994;acrobat;0.341;0.901;1.70;false;false;108.6;-0.10
tab;995;clown;-1.500;1.329;1.22;false;true;137.5;-0.02
tab;995;acrobat;0.369;0.901;1.70;false;false;108.7;-0.10
tab;996;clown;-1.480;1.324;1.24;false;true;137.5;-0.02
tab;996;acrobat;0.398;0.901;1.70;true;false;108.8;-0.09
tab;997;clown;-1.461;1.320;1.26;false;true;137.5;-0.01
tab;997;acrobat;0.426;0.901;1.70;true;false;109.0;-0.09
tab;998;clown;-1.441;1.315;1.28;false;true;137.5;0.00
tab;998;acrobat;0.454;0.897;1.74;true;false;109.2;-0.10
tab;999;clown;-1.420;1.311;1.30;false;true;137.3;0.00
tab;999;acrobat;0.483;0.890;1.81;true;false;109.4;-0.13
tab;1000;clown;-1.399;1.306;1.32;false;true;137.1;0.00
tab;1000;acrobat;0.513;0.880;1.88;true;false;109.5;-0.16
tab;1001;clown;-1.378;1.301;1.34;false;false;136.6;0.01
tab;1001;acrobat;0.542;0.866;1.99;true;false;109.5;-0.20
tab;1002;clown;-1.357;1.296;1.37;true;false;136.7;0.01
tab;1002;acrobat;0.573;0.848;2.13;true;false;109.4;-0.25
tab;1003;clown;-1.335;1.291;1.39;true;false;137.0;0.01
tab;1003;acrobat;0.603;0.824;2.32;true;false;109.2;-0.30
tab;1004;clown;-1.313;1.286;1.42;true;false;137.2;0.00
tab;1004;acrobat;0.631;0.796;2.40;true;false;108.9;-0.35
tab;1005;clown;-1.290;1.280;1.45;true;false;137.4;-0.00
tab;1005;acrobat;0.659;0.767;2.40;false;false;108.4;-0.39
tab;1006;clown;-1.267;1.274;1.48;true;false;137.6;-0.01
tab;1006;acrobat;0.688;0.739;2.40;false;true;108.3;-0.43
tab;1007;clown;-1.243;1.267;1.50;true;false;137.6;-0.02
tab;1007;acrobat;0.716;0.710;2.40;false;true;108.5;-0.46
tab;1008;clown;-1.220;1.261;1.53;true;false;137.5;-0.03
tab;1008;acrobat;0.744;0.682;2.40;false;true;108.6;-0.48
tab;1009;clown;-1.195;1.253;1.55;true;false;137.3;-0.04
tab;1009;acrobat;0.772;0.654;2.40;false;true;108.7;-0.50
tab;1010;clown;-1.171;1.246;1.58;false;false;136.7;-0.04
tab;1010;acrobat;0.801;0.625;2.40;false;true;108.6;-0.50
tab;1011;clown;-1.146;1.238;1.60;false;false;136.8;-0.05
tab;1011;acrobat;0.829;0.597;2.40;false;true;108.5;-0.51
tab;1012;clown;-1.121;1.230;1.62;false;true;136.8;-0.05
tab;1012;acrobat;0.857;0.568;2.40;false;true;108.3;-0.52
tab;1013;clown;-1.096;1.221;1.65;false;true;137.2;-0.06
tab;1013;acrobat;0.885;0.540;2.40;false;true;108.1;-0.53
tab;1014;clown;-1.070;1.212;1.67;false;true;137.5;-0.07
tab;1014;acrobat;0.914;0.512;2.40;true;false;107.7;-0.54
tab;1015;clown;-1.044;1.203;1.69;false;true;137.6;-0.06
tab;1015;acrobat;0.942;0.483;2.40;true;false;107.8;-0.54
tab;1016;clown;-1.018;1.194;1.71;false;true;137.7;-0.06
tab;1016;acrobat;0.970;0.455;2.40;true;false;108.0;-0.55
tab;1017;clown;-0.991;1.184;1.73;false;true;137.7;-0.06
tab;1017;acrobat;0.998;0.426;2.40;true;false;108.1;-0.56
tab;1018;clown;-0.965;1.173;1.75;false;true;137.5;-0.06
tab;1018;acrobat;1.027;0.398;2.40;true;false;108.1;-0.57
tab;1019;clown;-0.938;1.163;1.77;false;true;137.3;-0.07
tab;1019;acrobat;1.055;0.370;2.40;true;false;108.0;-0.57
tab;1020;clown;-0.911;1.152;1.79;true;false;136.8;-0.07
tab;1020;acrobat;1.083;0.341;2.40;true;false;107.9;-0.58
tab;1021;clown;-0.884;1.141;1.81;true;false;137.1;-0.08
tab;1021;acrobat;1.111;0.313;2.40;true;false;107.6;-0.58
tab;1022;clown;-0.856;1.129;1.82;true;false;137.4;-0.09
tab;1022;acrobat;1.139;0.285;2.40;false;false;107.3;-0.58
tab;1023;clown;-0.828;1.118;1.84;true;false;137.6;-0.09
tab;1023;acrobat;1.167;0.256;2.40;false;false;107.3;-0.59
tab;1024;clown;-0.800;1.105;1.86;true;false;137.7;-0.11
tab;1024;acrobat;1.195;0.228;2.40;false;true;107.3;-0.59
tab;1025;clown;-0.772;1.093;1.87;true;false;137.7;-0.12
tab;1025;acrobat;1.224;0.200;2.40;false;true;107.5;-0.59
tab;1026;clown;-0.744;1.080;1.89;true;false;137.5;-0.13
tab;1026;acrobat;1.252;0.172;2.40;false;true;107.6;-0.59
tab;1027;clown;-0.716;1.067;1.90;true;false;137.3;-0.14
tab;1027;acrobat;1.280;0.143;2.40;false;true;107.7;-0.59
tab;1028;clown;-0.687;1.054;1.92;false;false;136.9;-0.14
tab;1028;acrobat;1.308;0.115;2.40;false;true;107.7;-0.59
tab;1029;clown;-0.659;1.040;1.93;false;true;137.0;-0.15
tab;1029;acrobat;1.336;0.087;2.40;false;true;107.6;-0.58
tab;1030;clown;-0.630;1.027;1.94;false;true;137.3;-0.15
tab;1030;acrobat;1.363;0.059;2.40;false;true;107.5;-0.58
tab;1031;clown;-0.601;1.013;1.96;false;true;137.6;-0.16
tab;1031;acrobat;1.391;0.031;2.40;false;true;107.3;-0.58
tab;1032;clown;-0.572;0.998;1.97;false;true;137.8;-0.16
tab;1032;acrobat;1.419;0.003;2.40;true;false;106.8;-0.58
tab;1033;clown;-0.543;0.984;1.98;false;true;137.9;-0.15
tab;1033;acrobat;1.447;-0.026;2.40;true;false;107.0;-0.58
tab;1034;clown;-0.514;0.969;2.00;false;true;137.8;-0.15
tab;1034;acrobat;1.476;-0.054;2.40;true;false;107.2;-0.58
tab;1035;clown;-0.484;0.953;2.01;false;true;137.7;-0.15
tab;1035;acrobat;1.503;-0.082;2.40;true;false;107.3;-0.59
tab;1036;clown;-0.455;0.938;2.02;true;true;137.4;-0.16
tab;1036;acrobat;1.531;-0.110;2.40;true;false;107.4;-0.59
tab;1037;clown;-0.425;0.922;2.03;true;false;137.2;-0.16
tab;1037;acrobat;1.559;-0.138;2.40;true;false;107.3;-0.60
tab;1038;clown;-0.396;0.906;2.04;true;false;137.5;-0.16
tab;1038;acrobat;1.586;-0.166;2.40;true;false;107.2;-0.60
tab;1039;clown;-0.366;0.905;1.80;true;false;137.8;-0.12
tab;1039;acrobat;1.614;-0.194;2.40;true;false;107.0;-0.60
tab;1040;clown;-0.336;0.904;1.81;true;false;137.9;-0.08
tab;1040;acrobat;1.642;-0.222;2.40;false;false;106.7;-0.60
tab;1041;clown;-0.307;0.903;1.83;true;false;137.9;-0.06
tab;1041;acrobat;1.669;-0.250;2.40;false;true;106.7;-0.60
tab;1042;clown;-0.277;0.903;1.84;true;false;137.8;-0.03
tab;1042;acrobat;1.696;-0.277;2.40;false;true;107.0;-0.60
tab;1043;clown;-0.246;0.902;1.85;true;false;137.7;-0.01
tab;1043;acrobat;1.721;-0.302;2.40;false;true;107.3;-0.60
tab;1044;clown;-0.216;0.901;1.86;false;true;137.3;0.02
tab;1044;acrobat;1.745;-0.327;2.40;false;true;107.5;-0.60
tab;1045;clown;-0.185;0.901;1.86;false;true;137.7;0.03
tab;1045;acrobat;1.770;-0.352;2.40;false;true;107.6;-0.60
tab;1046;clown;-0.154;0.901;1.86;false;true;138.0;0.05
tab;1046;acrobat;1.794;-0.377;2.40;false;true;107.6;-0.59
tab;1047;clown;-0.123;0.901;1.87;false;true;138.2;0.07
tab;1047;acrobat;1.819;-0.402;2.40;false;true;107.5;-0.59
tab;1048;clown;-0.092;0.901;1.87;false;true;138.3;0.09
tab;1048;acrobat;1.843;-0.426;2.40;false;true;107.4;-0.59
tab;1049;clown;-0.061;0.901;1.87;false;true;138.2;0.10
tab;1049;acrobat;1.868;-0.451;2.40;false;false;107.2;-0.59
tab;1050;clown;-0.030;0.901;1.88;false;true;138.1;0.12
tab;1050;acrobat;1.892;-0.476;2.40;true;false;107.2;-0.59
tab;1051;clown;0.002;0.901;1.88;false;true;137.9;0.12
tab;1051;acrobat;1.917;-0.501;2.40;true;false;107.5;-0.59
tab;1052;clown;0.033;0.901;1.89;false;false;137.4;0.13
tab;1052;acrobat;1.942;-0.527;2.40;true;false;107.8;-0.59
tab;1053;clown;0.064;0.901;1.89;true;false;137.5;0.13
tab;1053;acrobat;1.969;-0.554;2.40;true;false;107.8;-0.59
tab;1054;clown;0.096;0.901;1.90;true;false;137.8;0.14
tab;1054;acrobat;1.989;-0.574;1.69;true;false;107.8;-0.60
tab;1055;clown;0.127;0.901;1.89;true;false;138.1;0.14
tab;1055;acrobat;2.000;-0.585;0.99;true;false;107.8;-0.60
tab;1056;clown;0.158;0.901;1.86;true;false;138.3;0.14
tab;1056;acrobat;2.003;-0.589;0.28;true;true;107.7;-0.59
tab;1057;clown;0.188;0.901;1.81;true;false;138.4;0.13
tab;1057;acrobat;2.003;-0.589;0.00;true;true;107.7;-0.59
tab;1058;clown;0.218;0.901;1.76;true;false;138.3;0.12
tab;1058;acrobat;2.003;-0.589;0.00;true;true;107.6;-0.59
tab;1059;clown;0.246;0.901;1.71;true;false;138.2;0.12
tab;1059;acrobat;2.003;-0.589;0.00;true;true;107.6;-0.59
tab;1060;clown;0.273;0.901;1.65;true;false;138.0;0.12
tab;1060;acrobat;2.003;-0.589;0.00;true;true;107.5;-0.59
tab;1061;clown;0.300;0.901;1.61;false;true;137.5;0.13
tab;1061;acrobat;2.003;-0.589;0.00;true;true;107.5;-0.58
tab;1062;clown;0.326;0.901;1.56;false;true;137.8;0.13
tab;1062;acrobat;2.003;-0.589;0.00;true;true;107.5;-0.58
tab;1063;clown;0.351;0.901;1.51;false;true;138.1;0.13
tab;1063;acrobat;2.003;-0.589;0.00;false;true;107.2;-0.58
tab;1064;clown;0.376;0.901;1.47;false;true;138.3;0.13
tab;1064;acrobat;2.003;-0.589;0.00;false;true;107.2;-0.58
tab;1065;clown;0.399;0.901;1.43;false;true;138.3;0.14
tab;1065;acrobat;2.003;-0.589;0.00;false;true;107.2;-0.57
tab;1066;clown;0.422;0.901;1.39;false;true;138.3;0.14
tab;1066;acrobat;2.003;-0.589;0.00;false;true;107.3;-0.57
tab;1067;clown;0.445;0.898;1.39;false;true;138.2;0.14
tab;1067;acrobat;2.003;-0.589;0.00;false;true;107.3;-0.57
tab;1068;clown;0.468;0.894;1.39;false;true;138.0;0.13
tab;1068;acrobat;2.003;-0.589;0.00;false;true;107.4;-0.57
tab;1069;clown;0.490;0.888;1.41;false;false;137.4;0.11
tab;1069;acrobat;2.003;-0.589;0.00;false;true;107.5;-0.57
tab;1070;clown;0.512;0.880;1.43;false;false;137.4;0.08
tab;1070;acrobat;2.003;-0.589;0.00;false;true;107.5;-0.57
tab;1071;clown;0.535;0.870;1.46;true;false;137.4;0.05
tab;1071;acrobat;2.003;-0.589;0.00;false;true;107.6;-0.56
tab;1072;clown;0.557;0.858;1.50;true;false;137.7;0.01
tab;1072;acrobat;2.003;-0.589;0.00;false;true;107.7;-0.56
tab;1073;clown;0.578;0.844;1.52;true;false;138.0;-0.03
tab;1073;acrobat;2.003;-0.589;0.00;false;true;107.7;-0.56
tab;1074;clown;0.597;0.828;1.48;true;false;138.1;-0.07
tab;1074;acrobat;2.003;-0.589;0.00;false;false;107.4;-0.56
tab;1075;clown;0.614;0.811;1.43;true;false;138.2;-0.13
tab;1075;acrobat;2.003;-0.589;0.00;false;false;107.5;-0.56
tab;1076;clown;0.629;0.795;1.38;true;false;138.1;-0.17
tab;1076;acrobat;2.003;-0.589;0.00;false;false;107.5;-0.55
tab;1077;clown;0.645;0.779;1.32;true;false;138.0;-0.21
tab;1077;acrobat;2.003;-0.589;0.00;false;false;107.6;-0.55
tab;1078;clown;0.660;0.764;1.27;true;false;137.8;-0.24
tab;1078;acrobat;2.003;-0.589;0.00;false;false;107.7;-0.55
tab;1079;clown;0.674;0.750;1.22;true;false;137.6;-0.27
tab;1079;acrobat;2.003;-0.589;0.00;false;false;107.8;-0.55
tab;1080;clown;0.688;0.736;1.17;false;false;137.0;-0.28
tab;1080;acrobat;2.003;-0.589;0.00;false;false;107.9;-0.55
tab;1081;clown;0.701;0.722;1.12;false;false;137.0;-0.30
tab;1081;acrobat;2.003;-0.589;0.00;false;false;108.0;-0.55
tab;1082;clown;0.713;0.709;1.08;false;false;137.0;-0.31
tab;1082;acrobat;2.003;-0.589;0.00;false;false;108.1;-0.55
tab;1083;clown;0.725;0.697;1.03;false;true;137.1;-0.32
tab;1083;acrobat;2.003;-0.589;0.00;false;false;108.1;-0.54
