trecho;quadro;quem;x;z;vel;pe0_ar;pe1_ar;cabeca_px;rosto_para_camera
largada;1;clown;-12.600;3.027;1.00;false;false;116.2;0.85
largada;1;acrobat;-13.800;3.300;0.00;false;false;107.6;0.87
largada;2;clown;-12.600;3.052;1.50;false;false;116.4;0.85
largada;2;acrobat;-13.800;3.300;0.00;false;false;107.6;0.87
largada;3;clown;-12.600;3.086;2.00;false;false;116.6;0.84
largada;3;acrobat;-13.800;3.300;0.00;false;false;107.6;0.87
largada;4;clown;-12.600;3.127;2.40;false;false;116.7;0.84
largada;4;acrobat;-13.800;3.300;0.00;false;false;107.5;0.87
largada;5;clown;-12.600;3.167;2.40;false;true;116.9;0.84
largada;5;acrobat;-13.800;3.300;0.00;false;false;107.5;0.87
largada;6;clown;-12.600;3.208;2.40;false;true;117.2;0.83
largada;6;acrobat;-13.800;3.300;0.00;false;false;107.5;0.87
largada;7;clown;-12.600;3.248;2.40;true;true;117.5;0.83
largada;7;acrobat;-13.800;3.300;0.00;false;false;107.5;0.87
largada;8;clown;-12.600;3.289;2.40;true;true;117.8;0.82
largada;8;acrobat;-13.800;3.300;0.00;false;false;107.5;0.87
largada;9;clown;-12.600;3.370;2.40;true;true;118.0;0.82
largada;9;acrobat;-13.800;3.300;0.00;false;false;107.5;0.88
largada;10;clown;-12.592;3.402;1.96;true;true;118.0;0.81
largada;10;acrobat;-13.800;3.300;0.00;false;false;107.5;0.88
largada;11;clown;-12.575;3.431;1.97;true;true;118.0;0.80
largada;11;acrobat;-13.800;3.300;0.00;false;false;107.5;0.88
largada;12;clown;-12.567;3.468;2.25;true;false;117.5;0.79
largada;12;acrobat;-13.800;3.300;0.00;false;false;107.5;0.88
largada;13;clown;-12.567;3.549;2.40;false;false;117.2;0.79
largada;13;acrobat;-13.800;3.300;0.00;false;false;107.5;0.88
largada;14;clown;-12.558;3.581;1.96;false;false;117.3;0.79
largada;14;acrobat;-13.800;3.300;0.00;false;false;107.5;0.88
largada;15;clown;-12.542;3.609;1.97;false;false;117.4;0.78
largada;15;acrobat;-13.800;3.300;0.00;false;false;107.4;0.88
largada;16;clown;-12.517;3.638;2.26;false;false;117.5;0.75
largada;16;acrobat;-13.800;3.300;0.00;false;false;107.4;0.88
largada;17;clown;-12.500;3.674;2.41;false;false;117.6;0.75
largada;17;acrobat;-13.800;3.300;0.00;false;false;107.4;0.88
largada;18;clown;-12.492;3.755;2.40;false;false;117.8;0.76
largada;18;acrobat;-13.800;3.300;0.00;false;false;107.5;0.88
largada;19;clown;-12.492;3.796;2.40;false;false;117.8;0.76
largada;19;acrobat;-13.800;3.300;0.00;false;false;107.5;0.88
largada;20;clown;-12.492;3.836;2.40;false;true;117.9;0.77
largada;20;acrobat;-13.792;3.305;0.57;false;false;107.5;0.86
largada;21;clown;-12.492;3.876;2.40;false;true;118.2;0.78
largada;21;acrobat;-13.780;3.310;0.72;false;false;107.6;0.83
largada;22;clown;-12.483;3.908;1.96;false;true;118.4;0.77
largada;22;acrobat;-13.769;3.315;0.72;false;false;107.6;0.80
largada;23;clown;-12.467;3.937;1.97;true;true;118.6;0.76
largada;23;acrobat;-13.759;3.320;0.72;false;false;107.6;0.76
largada;24;clown;-12.458;3.974;2.25;true;true;118.6;0.76
largada;24;acrobat;-13.748;3.326;0.72;false;false;107.6;0.73
largada;25;clown;-12.417;4.022;1.92;true;true;118.7;0.72
largada;25;acrobat;-13.726;3.337;0.72;false;false;107.7;0.67
largada;26;clown;-12.389;4.033;1.83;true;true;118.8;0.67
largada;26;acrobat;-13.715;3.343;0.72;false;false;107.7;0.65
largada;27;clown;-12.361;4.037;1.71;true;true;118.9;0.60
largada;27;acrobat;-13.705;3.348;0.72;false;false;107.6;0.63
largada;28;clown;-12.333;4.032;1.72;true;false;118.4;0.50
largada;28;acrobat;-13.694;3.354;0.72;false;false;107.6;0.61
largada;29;clown;-12.305;4.019;1.88;true;false;118.3;0.39
largada;29;acrobat;-13.683;3.359;0.72;true;false;107.6;0.59
largada;30;clown;-12.278;3.997;2.14;true;false;118.2;0.26
largada;30;acrobat;-13.672;3.364;0.72;true;false;107.7;0.57
largada;31;clown;-12.055;3.774;2.40;false;true;118.3;-0.34
largada;31;acrobat;-13.580;3.395;0.72;true;false;108.0;0.42
largada;32;clown;-11.979;3.743;2.50;true;false;117.9;-0.33
largada;32;acrobat;-13.557;3.400;0.72;true;false;108.0;0.39
largada;33;clown;-11.901;3.740;2.40;true;false;118.5;-0.27
largada;33;acrobat;-13.533;3.406;0.72;true;false;107.9;0.36
largada;34;clown;-11.861;3.740;2.40;true;false;118.6;-0.24
largada;34;acrobat;-13.521;3.408;0.73;true;true;107.8;0.35
largada;35;clown;-11.782;3.740;2.40;true;false;118.6;-0.21
largada;35;acrobat;-13.494;3.413;0.86;true;true;107.7;0.33
largada;36;clown;-11.743;3.740;2.40;true;false;118.5;-0.19
largada;36;acrobat;-13.480;3.416;0.92;true;true;107.7;0.32
curva1;37;clown;-11.703;3.740;2.40;false;false;118.2;-0.18
curva1;37;acrobat;-13.464;3.419;0.97;false;true;107.4;0.32
curva1;38;clown;-11.624;3.740;2.40;false;true;118.7;-0.15
curva1;38;acrobat;-13.429;3.425;1.08;false;true;107.6;0.30
curva1;39;clown;-11.585;3.740;2.40;false;true;118.9;-0.14
curva1;39;acrobat;-13.411;3.429;1.13;false;true;107.7;0.30
curva1;40;clown;-11.506;3.741;2.40;false;true;119.3;-0.12
curva1;40;acrobat;-13.372;3.435;1.23;false;true;107.8;0.30
curva1;41;clown;-11.467;3.741;2.40;false;true;119.2;-0.11
curva1;41;acrobat;-13.351;3.439;1.27;false;true;107.8;0.30
curva1;42;clown;-11.388;3.741;2.40;false;true;119.1;-0.10
curva1;42;acrobat;-13.307;3.445;1.35;false;true;107.7;0.30
curva1;43;clown;-11.349;3.741;2.40;false;false;118.6;-0.09
curva1;43;acrobat;-13.285;3.449;1.39;false;true;107.6;0.30
curva1;44;clown;-11.270;3.741;2.40;true;false;119.2;-0.09
curva1;44;acrobat;-13.237;3.456;1.47;false;false;107.0;0.29
curva1;45;clown;-11.230;3.741;2.40;true;false;119.4;-0.09
curva1;45;acrobat;-13.213;3.460;1.50;false;false;107.1;0.29
curva1;46;clown;-11.191;3.741;2.40;true;false;119.6;-0.10
curva1;46;acrobat;-13.187;3.463;1.54;false;false;107.1;0.28
curva1;47;clown;-11.152;3.741;2.40;true;false;119.7;-0.11
curva1;47;acrobat;-13.162;3.467;1.57;false;false;107.2;0.28
curva1;48;clown;-11.121;3.733;1.96;true;false;119.7;-0.14
curva1;48;acrobat;-13.136;3.470;1.58;true;false;107.2;0.28
curva1;49;clown;-11.081;3.733;2.40;true;false;119.6;-0.14
curva1;49;acrobat;-13.109;3.474;1.61;true;false;107.4;0.28
curva1;50;clown;-11.022;3.708;1.97;false;false;119.0;-0.21
curva1;50;acrobat;-13.056;3.480;1.62;true;false;107.7;0.26
curva1;51;clown;-10.986;3.700;2.25;false;false;119.0;-0.22
curva1;51;acrobat;-13.029;3.483;1.64;true;false;107.8;0.26
curva1;52;clown;-10.947;3.700;2.40;false;true;119.1;-0.20
curva1;52;acrobat;-13.002;3.486;1.66;true;false;107.9;0.25
curva1;53;clown;-10.916;3.692;1.96;false;true;119.3;-0.22
curva1;53;acrobat;-12.974;3.489;1.67;true;false;107.9;0.24
curva1;54;clown;-10.861;3.651;2.26;false;true;119.7;-0.31
curva1;54;acrobat;-12.920;3.493;1.66;true;false;107.8;0.22
curva1;55;clown;-10.825;3.635;2.41;false;true;119.7;-0.31
curva1;55;acrobat;-12.892;3.495;1.68;true;false;107.6;0.22
curva1;56;clown;-10.786;3.626;2.45;false;true;119.7;-0.29
curva1;56;acrobat;-12.864;3.497;1.71;true;false;107.5;0.21
curva1;57;clown;-10.746;3.626;2.40;false;true;119.6;-0.26
curva1;57;acrobat;-12.836;3.499;1.73;false;true;107.1;0.21
curva1;58;clown;-10.668;3.627;2.40;false;false;119.1;-0.22
curva1;58;acrobat;-12.777;3.502;1.78;false;true;107.5;0.20
curva1;59;clown;-10.628;3.627;2.40;true;false;119.1;-0.20
curva1;59;acrobat;-12.748;3.504;1.81;false;true;107.6;0.20
curva1;60;clown;-10.589;3.627;2.40;true;false;119.4;-0.19
curva1;60;acrobat;-12.718;3.506;1.83;false;true;107.7;0.20
curva1;61;clown;-10.558;3.618;1.96;true;false;119.6;-0.20
curva1;61;acrobat;-12.687;3.508;1.83;false;true;107.8;0.20
curva1;62;clown;-10.530;3.602;1.97;true;false;119.7;-0.24
curva1;62;acrobat;-12.657;3.509;1.82;false;true;107.8;0.21
curva1;63;clown;-10.494;3.594;2.25;true;false;119.8;-0.25
curva1;63;acrobat;-12.627;3.510;1.84;false;true;107.7;0.21
curva1;64;clown;-10.416;3.594;2.40;true;false;119.9;-0.23
curva1;64;acrobat;-12.566;3.513;1.88;false;true;107.4;0.21
curva1;65;clown;-10.385;3.586;1.96;true;false;119.7;-0.24
curva1;65;acrobat;-12.535;3.514;1.88;false;false;107.0;0.21
curva1;66;clown;-10.329;3.545;2.26;false;false;119.2;-0.33
curva1;66;acrobat;-12.474;3.515;1.86;true;false;107.1;0.20
curva1;67;clown;-10.294;3.529;2.41;false;true;119.1;-0.34
curva1;67;acrobat;-12.443;3.515;1.87;true;false;107.3;0.19
curva1;68;clown;-10.254;3.520;2.45;false;true;119.4;-0.33
curva1;68;acrobat;-12.412;3.515;1.89;true;false;107.5;0.19
curva1;69;clown;-10.176;3.520;2.40;false;true;120.0;-0.27
curva1;69;acrobat;-12.348;3.516;1.93;true;false;107.8;0.17
curva1;70;clown;-10.136;3.520;2.40;false;true;120.0;-0.24
curva1;70;acrobat;-12.316;3.516;1.95;true;false;107.8;0.16
curva1;71;clown;-10.097;3.520;2.40;false;true;120.0;-0.22
curva1;71;acrobat;-12.284;3.516;1.97;true;false;107.8;0.15
curva1;72;clown;-10.058;3.521;2.40;false;true;119.9;-0.20
curva1;72;acrobat;-12.252;3.516;1.98;true;false;107.8;0.15
curva1;73;clown;-10.027;3.512;1.96;false;true;119.7;-0.21
curva1;73;acrobat;-12.219;3.516;1.98;true;false;107.6;0.15
curva1;74;clown;-9.999;3.496;1.97;false;false;119.1;-0.25
curva1;74;acrobat;-12.187;3.516;1.97;false;false;107.1;0.15
curva1;75;clown;-9.924;3.488;2.40;true;false;119.6;-0.23
curva1;75;acrobat;-12.121;3.515;1.99;false;true;107.3;0.14
curva1;76;clown;-9.885;3.488;2.40;true;false;119.9;-0.21
curva1;76;acrobat;-12.088;3.515;2.01;false;true;107.5;0.14
curva1;77;clown;-9.854;3.480;1.96;true;false;120.0;-0.23
curva1;77;acrobat;-12.055;3.514;2.00;false;true;107.7;0.14
curva1;78;clown;-9.827;3.464;1.97;true;false;120.0;-0.27
curva1;78;acrobat;-12.023;3.514;1.99;false;true;107.8;0.14
curva1;79;clown;-9.791;3.456;2.25;true;false;119.9;-0.28
curva1;79;acrobat;-11.990;3.513;2.00;false;true;107.8;0.15
curva1;80;clown;-9.752;3.456;2.40;true;false;119.9;-0.26
curva1;80;acrobat;-11.957;3.512;2.01;false;true;107.7;0.15
curva1;81;clown;-9.693;3.431;1.97;false;false;119.3;-0.30
curva1;81;acrobat;-11.891;3.510;2.00;false;true;107.5;0.15
curva1;82;clown;-9.657;3.423;2.25;false;false;119.3;-0.30
curva1;82;acrobat;-11.858;3.509;2.01;false;false;107.0;0.15
curva1;83;clown;-9.618;3.423;2.40;false;true;119.4;-0.28
curva1;83;acrobat;-11.825;3.507;2.02;true;false;107.1;0.15
curva1;84;clown;-9.579;3.423;2.40;false;true;119.7;-0.26
curva1;84;acrobat;-11.792;3.506;2.03;true;false;107.3;0.14
curva1;85;clown;-9.493;3.374;2.26;false;true;119.9;-0.33
curva1;85;acrobat;-11.693;3.501;2.01;true;false;107.8;0.13
curva1;86;clown;-9.457;3.358;2.41;false;true;119.8;-0.34
curva1;86;acrobat;-11.660;3.499;2.02;true;false;107.8;0.12
curva1;87;clown;-9.418;3.350;2.45;false;true;119.7;-0.32
curva1;87;acrobat;-11.626;3.497;2.03;true;false;107.8;0.11
curva1;88;clown;-9.379;3.350;2.40;false;true;119.6;-0.29
curva1;88;acrobat;-11.593;3.495;2.05;true;false;107.7;0.10
curva1;89;clown;-9.300;3.350;2.40;true;false;119.4;-0.24
curva1;89;acrobat;-11.525;3.491;2.07;false;false;107.1;0.10
reta;90;clown;-9.261;3.350;2.40;true;false;119.7;-0.22
reta;90;acrobat;-11.491;3.489;2.08;false;true;107.1;0.10
reta;91;clown;-9.222;3.350;2.40;true;false;119.9;-0.21
reta;91;acrobat;-11.457;3.487;2.10;false;true;107.4;0.10
reta;92;clown;-9.183;3.350;2.40;true;false;120.1;-0.20
reta;92;acrobat;-11.422;3.485;2.11;false;true;107.6;0.10
reta;93;clown;-9.144;3.350;2.40;true;false;120.1;-0.19
reta;93;acrobat;-11.388;3.483;2.12;false;true;107.7;0.10
reta;94;clown;-9.065;3.350;2.40;true;false;120.2;-0.19
reta;94;acrobat;-11.318;3.479;2.14;false;true;107.8;0.11
reta;95;clown;-9.026;3.350;2.40;true;false;119.9;-0.18
reta;95;acrobat;-11.283;3.477;2.15;false;true;107.7;0.12
reta;96;clown;-8.948;3.350;2.40;false;true;119.8;-0.17
reta;96;acrobat;-11.212;3.473;2.17;false;false;107.1;0.12
reta;97;clown;-8.909;3.350;2.40;false;true;120.0;-0.17
reta;97;acrobat;-11.176;3.471;2.18;false;false;107.1;0.12
reta;98;clown;-8.870;3.350;2.40;false;true;120.2;-0.16
reta;98;acrobat;-11.141;3.469;2.18;true;false;107.1;0.12
reta;99;clown;-8.830;3.350;2.40;false;true;120.3;-0.15
reta;99;acrobat;-11.105;3.467;2.19;true;false;107.4;0.12
reta;100;clown;-8.752;3.350;2.40;false;true;120.6;-0.14
reta;100;acrobat;-11.033;3.464;2.21;true;false;107.8;0.12
reta;101;clown;-8.713;3.350;2.40;false;true;120.4;-0.13
reta;101;acrobat;-10.996;3.462;2.21;true;false;107.8;0.11
reta;102;clown;-8.674;3.350;2.40;false;true;120.1;-0.13
reta;102;acrobat;-10.960;3.461;2.22;true;false;107.8;0.10
reta;103;clown;-8.635;3.350;2.40;false;false;119.7;-0.12
reta;103;acrobat;-10.924;3.459;2.23;true;false;107.7;0.10
reta;104;clown;-8.557;3.350;2.40;true;false;120.2;-0.12
reta;104;acrobat;-10.851;3.456;2.24;false;false;107.1;0.10
reta;105;clown;-8.517;3.350;2.40;true;false;120.4;-0.12
reta;105;acrobat;-10.814;3.454;2.25;false;true;107.1;0.10
reta;106;clown;-8.478;3.350;2.40;true;false;120.5;-0.13
reta;106;acrobat;-10.777;3.452;2.25;false;true;107.4;0.10
reta;107;clown;-8.400;3.350;2.40;true;false;120.8;-0.15
reta;107;acrobat;-10.703;3.449;2.26;false;true;107.7;0.10
reta;108;clown;-8.361;3.350;2.40;true;false;120.6;-0.15
reta;108;acrobat;-10.666;3.448;2.27;false;true;107.8;0.11
reta;109;clown;-8.322;3.350;2.40;true;false;120.4;-0.15
reta;109;acrobat;-10.629;3.446;2.27;false;true;107.7;0.12
reta;110;clown;-8.283;3.350;2.40;false;false;120.0;-0.15
reta;110;acrobat;-10.592;3.445;2.27;false;true;107.6;0.13
reta;111;clown;-8.205;3.350;2.40;false;true;120.5;-0.15
reta;111;acrobat;-10.517;3.442;2.28;false;false;107.0;0.13
reta;112;clown;-8.166;3.350;2.40;false;true;120.7;-0.15
reta;112;acrobat;-10.480;3.440;2.29;true;false;107.1;0.13
reta;113;clown;-8.127;3.350;2.40;false;true;120.8;-0.14
reta;113;acrobat;-10.442;3.439;2.29;true;false;107.3;0.13
reta;114;clown;-8.088;3.350;2.40;false;true;120.8;-0.13
reta;114;acrobat;-10.405;3.438;2.29;true;false;107.5;0.13
reta;115;clown;-8.049;3.350;2.40;false;true;120.8;-0.13
reta;115;acrobat;-10.367;3.436;2.30;true;false;107.7;0.13
reta;116;clown;-8.010;3.350;2.40;false;true;120.6;-0.12
reta;116;acrobat;-10.330;3.435;2.30;true;false;107.8;0.12
reta;117;clown;-7.932;3.350;2.40;false;false;120.3;-0.12
reta;117;acrobat;-10.254;3.432;2.31;true;false;107.6;0.10
reta;118;clown;-7.892;3.350;2.40;true;false;120.2;-0.12
reta;118;acrobat;-10.216;3.431;2.31;true;false;107.5;0.11
reta;119;clown;-7.853;3.350;2.40;true;false;120.4;-0.12
reta;119;acrobat;-10.179;3.430;2.31;false;false;107.0;0.11
reta;120;clown;-7.775;3.350;2.40;true;false;121.1;-0.13
reta;120;acrobat;-10.103;3.427;2.32;false;true;107.3;0.11
reta;121;clown;-7.736;3.350;2.40;true;false;121.0;-0.14
reta;121;acrobat;-10.065;3.426;2.32;false;true;107.6;0.11
reta;122;clown;-7.697;3.350;2.40;true;false;120.9;-0.15
reta;122;acrobat;-10.027;3.425;2.32;false;true;107.7;0.11
reta;123;clown;-7.658;3.350;2.40;true;false;120.8;-0.15
reta;123;acrobat;-9.989;3.424;2.33;false;true;107.7;0.12
reta;124;clown;-7.580;3.351;2.40;false;false;120.4;-0.15
reta;124;acrobat;-9.913;3.421;2.33;false;true;107.6;0.14
reta;125;clown;-7.541;3.351;2.40;false;true;120.4;-0.15
reta;125;acrobat;-9.875;3.420;2.33;false;true;107.4;0.14
reta;126;clown;-7.502;3.351;2.40;false;true;120.6;-0.15
reta;126;acrobat;-9.837;3.419;2.34;false;false;107.0;0.14
reta;127;clown;-7.424;3.351;2.40;false;true;121.2;-0.15
reta;127;acrobat;-9.760;3.417;2.34;true;false;107.3;0.14
reta;128;clown;-7.385;3.351;2.40;false;true;121.2;-0.14
reta;128;acrobat;-9.722;3.416;2.34;true;false;107.5;0.14
reta;129;clown;-7.346;3.351;2.40;false;true;121.1;-0.13
reta;129;acrobat;-9.684;3.415;2.34;true;false;107.7;0.13
reta;130;clown;-7.034;3.351;2.40;true;false;121.0;-0.13
reta;130;acrobat;-9.377;3.407;2.36;false;true;107.5;0.12
reta;131;clown;-6.956;3.351;2.40;true;false;121.0;-0.15
reta;131;acrobat;-9.300;3.406;2.36;false;true;107.7;0.13
reta;132;clown;-6.917;3.351;2.40;true;false;120.8;-0.15
reta;132;acrobat;-9.261;3.405;2.36;false;true;107.6;0.14
reta;133;clown;-6.879;3.351;2.40;false;false;120.3;-0.15
reta;133;acrobat;-9.223;3.404;2.36;false;true;107.5;0.15
reta;134;clown;-6.801;3.351;2.40;false;true;120.9;-0.15
reta;134;acrobat;-9.146;3.402;2.36;false;false;107.0;0.15
reta;135;clown;-6.762;3.351;2.40;false;true;121.1;-0.15
reta;135;acrobat;-9.107;3.401;2.36;true;false;107.0;0.15
reta;136;clown;-6.723;3.351;2.40;false;true;121.2;-0.14
reta;136;acrobat;-9.069;3.401;2.36;true;false;107.3;0.15
reta;137;clown;-6.684;3.351;2.40;false;true;121.2;-0.14
reta;137;acrobat;-9.030;3.400;2.37;true;false;107.5;0.15
reta;138;clown;-6.645;3.351;2.40;false;true;121.1;-0.13
reta;138;acrobat;-8.992;3.399;2.37;true;false;107.6;0.14
reta;139;clown;-6.567;3.351;2.40;false;true;121.0;-0.13
reta;139;acrobat;-8.914;3.398;2.37;true;false;107.7;0.12
reta;140;clown;-6.528;3.351;2.40;false;false;120.5;-0.12
reta;140;acrobat;-8.876;3.397;2.37;true;false;107.5;0.12
reta;141;clown;-6.489;3.351;2.40;true;false;120.5;-0.12
reta;141;acrobat;-8.837;3.396;2.37;true;false;107.4;0.12
reta;142;clown;-6.450;3.351;2.40;true;false;120.8;-0.12
reta;142;acrobat;-8.799;3.395;2.37;false;false;107.0;0.12
reta;143;clown;-6.372;3.351;2.40;true;false;121.5;-0.13
reta;143;acrobat;-8.721;3.394;2.37;false;true;107.3;0.12
reta;144;clown;-6.333;3.351;2.40;true;false;121.5;-0.14
reta;144;acrobat;-8.683;3.393;2.37;false;true;107.5;0.12
reta;145;clown;-6.294;3.351;2.40;true;false;121.3;-0.15
reta;145;acrobat;-8.644;3.393;2.37;false;true;107.6;0.13
reta;146;clown;-6.255;3.351;2.40;true;false;121.2;-0.15
reta;146;acrobat;-8.606;3.392;2.37;false;true;107.7;0.14
reta;147;clown;-6.217;3.351;2.40;true;false;121.0;-0.15
reta;147;acrobat;-8.567;3.391;2.37;false;true;107.6;0.15
reta;148;clown;-6.139;3.351;2.40;false;true;120.9;-0.15
reta;148;acrobat;-8.489;3.390;2.38;false;true;107.3;0.15
reta;149;clown;-6.100;3.351;2.40;false;true;121.1;-0.15
reta;149;acrobat;-8.451;3.389;2.38;false;false;106.9;0.15
reta;150;clown;-6.061;3.351;2.40;false;true;121.3;-0.15
reta;150;acrobat;-8.412;3.389;2.38;true;false;107.0;0.15
reta;151;clown;-6.022;3.351;2.40;false;true;121.3;-0.15
reta;151;acrobat;-8.373;3.388;2.38;true;false;107.2;0.15
reta;152;clown;-5.944;3.351;2.40;false;true;121.6;-0.13
reta;152;acrobat;-8.296;3.387;2.38;true;false;107.6;0.14
reta;153;clown;-5.905;3.351;2.40;false;true;121.3;-0.13
reta;153;acrobat;-8.257;3.386;2.38;true;false;107.7;0.13
reta;154;clown;-5.866;3.351;2.40;false;true;121.1;-0.13
reta;154;acrobat;-8.219;3.386;2.38;true;false;107.6;0.13
reta;155;clown;-5.827;3.351;2.40;false;false;120.6;-0.12
reta;155;acrobat;-8.180;3.385;2.38;true;false;107.5;0.12
reta;156;clown;-5.750;3.351;2.40;true;false;121.0;-0.13
reta;156;acrobat;-8.102;3.384;2.38;false;false;107.0;0.12
reta;157;clown;-5.672;3.351;2.40;true;false;121.6;-0.13
reta;157;acrobat;-8.025;3.383;2.38;false;true;107.3;0.12
reta;158;clown;-5.633;3.351;2.40;true;false;121.5;-0.14
reta;158;acrobat;-7.986;3.383;2.38;false;true;107.5;0.12
reta;159;clown;-5.594;3.351;2.40;true;false;121.4;-0.15
reta;159;acrobat;-7.947;3.382;2.38;false;true;107.6;0.13
reta;160;clown;-5.516;3.351;2.40;true;false;121.4;-0.16
reta;160;acrobat;-7.870;3.381;2.38;false;true;107.6;0.14
reta;161;clown;-5.477;3.351;2.40;false;false;120.9;-0.15
reta;161;acrobat;-7.831;3.381;2.38;false;true;107.5;0.15
reta;162;clown;-5.438;3.351;2.40;false;true;120.8;-0.15
reta;162;acrobat;-7.793;3.380;2.38;false;true;107.3;0.15
reta;163;clown;-5.399;3.351;2.40;false;true;121.0;-0.15
reta;163;acrobat;-7.754;3.380;2.38;false;false;106.9;0.15
reta;164;clown;-5.322;3.351;2.40;false;true;121.7;-0.15
reta;164;acrobat;-7.676;3.379;2.38;true;false;107.2;0.15
reta;165;clown;-5.283;3.351;2.40;false;true;121.6;-0.14
reta;165;acrobat;-7.638;3.378;2.39;true;false;107.4;0.15
reta;166;clown;-5.244;3.351;2.40;false;true;121.5;-0.13
reta;166;acrobat;-7.599;3.378;2.39;true;false;107.6;0.15
reta;167;clown;-5.166;3.351;2.40;false;true;121.4;-0.13
reta;167;acrobat;-7.521;3.377;2.39;true;false;107.6;0.13
reta;168;clown;-5.127;3.351;2.40;false;false;120.9;-0.13
reta;168;acrobat;-7.482;3.377;2.39;true;false;107.5;0.12
reta;169;clown;-5.088;3.351;2.40;true;false;120.8;-0.13
reta;169;acrobat;-7.444;3.376;2.39;true;false;107.3;0.13
reta;170;clown;-5.049;3.351;2.40;true;false;121.0;-0.13
reta;170;acrobat;-7.405;3.376;2.39;false;false;106.9;0.13
reta;171;clown;-4.971;3.351;2.40;true;false;121.7;-0.14
reta;171;acrobat;-7.327;3.375;2.39;false;true;107.3;0.12
reta;172;clown;-4.933;3.351;2.40;true;false;121.6;-0.14
reta;172;acrobat;-7.289;3.375;2.39;false;true;107.5;0.13
reta;173;clown;-4.894;3.351;2.40;true;false;121.5;-0.15
reta;173;acrobat;-7.250;3.374;2.39;false;true;107.6;0.13
reta;174;clown;-4.816;3.351;2.40;true;false;121.4;-0.16
reta;174;acrobat;-7.172;3.374;2.39;false;true;107.6;0.15
reta;175;clown;-4.777;3.351;2.40;false;false;120.9;-0.15
reta;175;acrobat;-7.133;3.373;2.39;false;true;107.5;0.15
reta;176;clown;-4.738;3.351;2.40;false;true;120.8;-0.15
reta;176;acrobat;-7.095;3.373;2.39;false;true;107.3;0.15
reta;177;clown;-4.660;3.351;2.40;false;true;121.6;-0.16
reta;177;acrobat;-7.017;3.372;2.39;true;false;107.0;0.15
reta;178;clown;-4.621;3.351;2.40;false;true;121.6;-0.15
reta;178;acrobat;-6.978;3.372;2.39;true;false;107.2;0.15
reta;179;clown;-4.544;3.351;2.40;false;true;121.8;-0.13
reta;179;acrobat;-6.901;3.371;2.39;true;false;107.6;0.15
reta;180;clown;-4.505;3.351;2.40;false;true;121.5;-0.13
reta;180;acrobat;-6.862;3.371;2.39;true;false;107.6;0.14
reta;181;clown;-4.466;3.351;2.40;false;true;121.2;-0.13
reta;181;acrobat;-6.823;3.370;2.39;true;false;107.6;0.13
reta;182;clown;-4.388;3.351;2.40;true;false;121.0;-0.13
reta;182;acrobat;-6.745;3.370;2.39;true;false;107.3;0.13
reta;183;clown;-4.310;3.351;2.40;true;false;121.7;-0.13
reta;183;acrobat;-6.668;3.369;2.39;false;true;107.0;0.13
curva2;184;clown;-4.280;3.343;1.96;true;false;121.5;-0.16
curva2;184;acrobat;-6.629;3.369;2.37;false;true;107.2;0.13
curva2;185;clown;-4.224;3.302;2.26;true;false;121.6;-0.29
curva2;185;acrobat;-6.554;3.367;2.32;false;true;107.6;0.13
curva2;186;clown;-4.197;3.274;2.40;true;false;121.1;-0.35
curva2;186;acrobat;-6.516;3.366;2.30;false;true;107.6;0.14
curva2;187;clown;-4.141;3.218;2.40;false;false;120.3;-0.43
curva2;187;acrobat;-6.443;3.361;2.26;false;true;107.5;0.14
curva2;188;clown;-4.113;3.190;2.40;false;false;120.1;-0.46
curva2;188;acrobat;-6.407;3.359;2.25;false;true;107.3;0.14
curva2;189;clown;-4.086;3.163;2.40;false;true;119.9;-0.48
curva2;189;acrobat;-6.371;3.356;2.23;false;false;106.9;0.13
curva2;190;clown;-4.030;3.107;2.40;false;true;120.3;-0.51
curva2;190;acrobat;-6.299;3.349;2.20;true;false;107.2;0.12
curva2;191;clown;-4.003;3.079;2.40;false;true;120.2;-0.52
curva2;191;acrobat;-6.264;3.344;2.19;true;false;107.4;0.11
curva2;192;clown;-3.947;3.023;2.40;false;true;120.1;-0.53
curva2;192;acrobat;-6.195;3.335;2.17;true;false;107.7;0.08
curva2;193;clown;-3.919;2.996;2.40;false;true;119.8;-0.54
curva2;193;acrobat;-6.160;3.330;2.16;true;false;107.7;0.07
curva2;194;clown;-3.892;2.968;2.40;false;true;119.5;-0.54
curva2;194;acrobat;-6.126;3.324;2.15;true;false;107.6;0.06
curva2;195;clown;-3.836;2.912;2.40;true;false;119.3;-0.56
curva2;195;acrobat;-6.057;3.312;2.14;false;false;107.0;0.04
curva2;196;clown;-3.808;2.884;2.40;true;false;119.3;-0.56
curva2;196;acrobat;-6.023;3.306;2.13;false;false;107.0;0.04
curva2;197;clown;-3.780;2.856;2.40;true;false;119.4;-0.56
curva2;197;acrobat;-5.989;3.299;2.13;false;true;107.1;0.03
curva2;198;clown;-3.753;2.828;2.40;true;false;119.3;-0.57
curva2;198;acrobat;-5.956;3.292;2.13;false;true;107.3;0.02
curva2;199;clown;-3.697;2.773;2.40;true;false;119.1;-0.58
curva2;199;acrobat;-5.889;3.277;2.12;false;true;107.7;0.01
curva2;200;clown;-3.669;2.745;2.40;true;false;118.8;-0.58
curva2;200;acrobat;-5.856;3.269;2.12;false;true;107.8;0.01
curva2;201;clown;-3.614;2.689;2.40;false;false;118.4;-0.59
curva2;201;acrobat;-5.789;3.252;2.12;false;true;107.7;0.01
curva2;202;clown;-3.586;2.661;2.40;false;true;118.3;-0.59
curva2;202;acrobat;-5.756;3.243;2.11;false;true;107.6;0.01
curva2;203;clown;-3.530;2.605;2.40;false;true;118.8;-0.59
curva2;203;acrobat;-5.690;3.225;2.11;true;false;107.1;-0.01
curva2;204;clown;-3.503;2.578;2.40;false;true;118.8;-0.59
curva2;204;acrobat;-5.658;3.215;2.12;true;false;107.3;-0.01
curva2;205;clown;-3.475;2.550;2.40;false;true;118.7;-0.58
curva2;205;acrobat;-5.625;3.205;2.12;true;false;107.6;-0.02
curva2;206;clown;-3.419;2.494;2.40;false;true;118.5;-0.58
curva2;206;acrobat;-5.559;3.184;2.12;true;false;107.8;-0.05
curva2;207;clown;-3.391;2.466;2.40;false;true;118.2;-0.58
curva2;207;acrobat;-5.527;3.173;2.12;true;false;107.8;-0.06
curva2;208;clown;-3.364;2.438;2.40;true;false;117.7;-0.58
curva2;208;acrobat;-5.494;3.162;2.12;true;false;107.8;-0.07
curva2;209;clown;-3.308;2.382;2.40;true;false;118.1;-0.58
curva2;209;acrobat;-5.429;3.139;2.13;false;false;107.1;-0.09
curva2;210;clown;-3.280;2.354;2.40;true;false;118.2;-0.58
curva2;210;acrobat;-5.397;3.127;2.13;false;false;107.2;-0.09
curva2;211;clown;-3.252;2.326;2.40;true;false;118.2;-0.59
curva2;211;acrobat;-5.365;3.115;2.13;false;true;107.2;-0.09
curva2;212;clown;-3.224;2.298;2.40;true;false;118.1;-0.59
curva2;212;acrobat;-5.332;3.103;2.14;false;true;107.5;-0.10
curva2;213;clown;-3.169;2.242;2.40;true;false;117.7;-0.59
curva2;213;acrobat;-5.268;3.077;2.14;false;true;107.9;-0.11
curva2;214;clown;-2.946;2.019;2.40;false;true;117.7;-0.58
curva2;214;acrobat;-5.010;2.966;2.17;true;false;107.7;-0.12
curva2;215;clown;-2.890;1.963;2.40;false;true;117.3;-0.58
curva2;215;acrobat;-4.946;2.935;2.18;true;false;108.0;-0.14
curva2;216;clown;-2.862;1.935;2.40;true;false;116.8;-0.58
curva2;216;acrobat;-4.914;2.920;2.19;true;false;108.0;-0.16
curva2;217;clown;-2.835;1.907;2.40;true;false;117.0;-0.58
curva2;217;acrobat;-4.882;2.904;2.19;true;false;108.0;-0.16
curva2;218;clown;-2.779;1.851;2.40;true;false;117.3;-0.58
curva2;218;acrobat;-4.818;2.873;2.20;false;false;107.3;-0.18
curva2;219;clown;-2.751;1.823;2.40;true;false;117.3;-0.59
curva2;219;acrobat;-4.786;2.856;2.20;false;false;107.4;-0.18
curva2;220;clown;-2.723;1.795;2.40;true;false;117.2;-0.59
curva2;220;acrobat;-4.755;2.840;2.21;false;true;107.5;-0.18
curva2;221;clown;-2.667;1.739;2.40;true;false;116.9;-0.60
curva2;221;acrobat;-4.691;2.806;2.22;false;true;107.9;-0.19
curva2;222;clown;-2.639;1.711;2.40;false;false;116.5;-0.59
curva2;222;acrobat;-4.659;2.789;2.22;false;true;108.1;-0.19
curva2;223;clown;-2.611;1.683;2.40;false;false;116.5;-0.59
curva2;223;acrobat;-4.627;2.772;2.23;false;true;108.1;-0.19
curva2;224;clown;-2.583;1.655;2.40;false;true;116.5;-0.59
curva2;224;acrobat;-4.595;2.755;2.23;false;true;108.1;-0.18
curva2;225;clown;-2.527;1.599;2.40;false;true;116.9;-0.60
curva2;225;acrobat;-4.532;2.719;2.24;false;true;107.9;-0.19
curva2;226;clown;-2.500;1.571;2.40;false;true;117.0;-0.59
curva2;226;acrobat;-4.500;2.701;2.24;false;false;107.4;-0.19
curva2;227;clown;-2.472;1.543;2.40;false;true;117.0;-0.59
curva2;227;acrobat;-4.468;2.683;2.25;true;false;107.5;-0.19
curva2;228;clown;-2.416;1.486;2.40;false;true;116.7;-0.58
curva2;228;acrobat;-4.405;2.646;2.25;true;false;107.9;-0.20
curva2;229;clown;-2.388;1.458;2.40;false;true;116.5;-0.58
curva2;229;acrobat;-4.373;2.627;2.26;true;false;108.1;-0.21
curva2;230;clown;-2.352;1.439;2.50;false;false;116.1;-0.56
curva2;230;acrobat;-4.341;2.609;2.27;true;false;108.2;-0.22
curva2;231;clown;-2.273;1.424;2.41;true;false;116.6;-0.48
curva2;231;acrobat;-4.277;2.571;2.27;true;false;108.1;-0.24
curva2;232;clown;-2.195;1.424;2.40;true;false;117.2;-0.39
curva2;232;acrobat;-4.213;2.536;2.26;false;false;107.4;-0.23
curva2;233;clown;-2.164;1.416;1.96;true;false;117.3;-0.38
curva2;233;acrobat;-4.181;2.518;2.24;false;true;107.5;-0.23
curva2;234;clown;-2.109;1.374;2.26;true;false;117.2;-0.43
curva2;234;acrobat;-4.117;2.483;2.23;false;true;108.0;-0.23
curva2;235;clown;-2.073;1.358;2.41;true;false;117.1;-0.43
curva2;235;acrobat;-4.085;2.465;2.24;false;true;108.2;-0.23
curva2;236;clown;-1.994;1.350;2.40;false;true;116.8;-0.37
curva2;236;acrobat;-4.021;2.431;2.24;false;true;108.2;-0.21
curva2;237;clown;-1.955;1.350;2.40;false;true;117.2;-0.33
curva2;237;acrobat;-3.989;2.414;2.24;false;true;108.1;-0.20
curva2;238;clown;-1.877;1.350;2.40;false;true;117.7;-0.27
curva2;238;acrobat;-3.924;2.381;2.23;false;false;107.5;-0.20
freio;239;clown;-1.847;1.349;1.90;false;true;117.8;-0.24
freio;239;acrobat;-3.892;2.365;2.21;true;false;107.6;-0.19
freio;240;clown;-1.810;1.349;0.90;false;true;117.9;-0.20
freio;240;acrobat;-3.829;2.334;2.11;true;false;108.0;-0.19
freio;241;clown;-1.804;1.349;0.00;true;true;117.8;-0.17
freio;241;acrobat;-3.771;2.305;1.96;true;false;108.2;-0.19
freio;242;clown;-1.804;1.349;0.00;true;true;117.5;-0.15
freio;242;acrobat;-3.743;2.292;1.89;true;false;108.3;-0.20
freio;243;clown;-1.804;1.349;0.00;true;true;117.3;-0.11
freio;243;acrobat;-3.692;2.267;1.74;true;false;108.2;-0.20
freio;244;clown;-1.804;1.349;0.00;true;true;117.2;-0.09
freio;244;acrobat;-3.667;2.255;1.68;true;false;108.1;-0.20
freio;245;clown;-1.804;1.349;0.00;true;false;116.6;-0.06
freio;245;acrobat;-3.621;2.232;1.55;false;false;107.6;-0.20
freio;246;clown;-1.804;1.349;0.00;true;false;116.5;-0.04
freio;246;acrobat;-3.600;2.222;1.49;false;true;107.6;-0.19
freio;247;clown;-1.804;1.349;0.00;true;false;116.3;-0.01
freio;247;acrobat;-3.559;2.202;1.38;false;true;108.0;-0.20
freio;248;clown;-1.804;1.349;0.00;true;false;116.3;-0.01
freio;248;acrobat;-3.540;2.192;1.32;false;true;108.1;-0.19
freio;249;clown;-1.804;1.349;0.00;true;false;116.3;-0.01
freio;249;acrobat;-3.522;2.184;1.27;false;true;108.2;-0.19
freio;250;clown;-1.804;1.349;0.00;true;false;116.3;-0.01
freio;250;acrobat;-3.487;2.167;1.17;false;true;108.4;-0.18
freio;251;clown;-1.804;1.349;0.00;true;false;116.3;-0.00
freio;251;acrobat;-3.471;2.159;1.13;false;true;108.5;-0.18
freio;252;clown;-1.804;1.349;0.00;true;false;116.3;-0.00
freio;252;acrobat;-3.440;2.144;1.04;false;true;108.4;-0.17
freio;253;clown;-1.804;1.349;0.00;true;false;116.3;-0.00
freio;253;acrobat;-3.426;2.137;1.01;false;true;108.3;-0.17
freio;254;clown;-1.804;1.349;0.00;false;false;116.0;0.00
freio;254;acrobat;-3.399;2.124;0.93;false;true;108.2;-0.16
freio;255;clown;-1.804;1.349;0.00;false;false;116.0;0.00
freio;255;acrobat;-3.386;2.117;0.89;false;true;108.1;-0.16
freio;256;clown;-1.804;1.349;0.00;false;false;116.1;0.00
freio;256;acrobat;-3.363;2.106;0.83;false;true;107.9;-0.16
freio;257;clown;-1.804;1.349;0.00;false;false;116.2;0.01
freio;257;acrobat;-3.341;2.095;0.77;false;false;107.6;-0.16
freio;258;clown;-1.804;1.349;0.00;false;false;116.2;0.01
freio;258;acrobat;-3.330;2.090;0.74;false;false;107.6;-0.16
freio;259;clown;-1.804;1.349;0.00;false;false;116.4;0.01
freio;259;acrobat;-3.310;2.080;0.72;true;false;107.7;-0.16
freio;260;clown;-1.804;1.349;0.00;false;false;116.4;0.01
freio;260;acrobat;-3.300;2.075;0.72;true;false;107.9;-0.16
freio;261;clown;-1.804;1.349;0.00;false;false;116.4;0.01
freio;261;acrobat;-3.280;2.065;0.72;true;false;108.1;-0.16
freio;262;clown;-1.804;1.349;0.00;false;false;116.5;0.01
freio;262;acrobat;-3.260;2.055;0.72;true;false;108.3;-0.16
freio;263;clown;-1.804;1.349;0.00;false;false;116.5;0.01
freio;263;acrobat;-3.250;2.050;0.72;true;false;108.4;-0.16
freio;264;clown;-1.804;1.349;0.00;false;false;116.6;0.12
freio;264;acrobat;-3.229;2.040;0.72;true;false;108.5;-0.17
freio;265;clown;-1.804;1.349;0.00;false;false;116.6;0.21
freio;265;acrobat;-3.219;2.035;0.72;true;false;108.5;-0.17
freio;266;clown;-1.804;1.349;0.00;true;true;116.7;0.37
freio;266;acrobat;-3.199;2.025;0.72;true;false;108.4;-0.18
freio;267;clown;-1.804;1.349;0.00;true;true;116.7;0.50
freio;267;acrobat;-3.179;2.016;0.72;true;false;108.3;-0.18
freio;268;clown;-1.804;1.349;0.00;true;true;116.8;0.60
freio;268;acrobat;-3.159;2.006;0.72;true;false;108.2;-0.19
freio;269;clown;-1.804;1.349;0.00;true;true;116.9;0.64
freio;269;acrobat;-3.149;2.001;0.72;true;false;108.1;-0.19
freio;270;clown;-1.804;1.349;0.00;true;true;117.0;0.70
freio;270;acrobat;-3.129;1.991;0.72;false;false;107.6;-0.19
freio;271;clown;-1.804;1.349;0.00;true;true;117.1;0.75
freio;271;acrobat;-3.108;1.981;0.72;false;false;107.6;-0.19
freio;272;clown;-1.804;1.349;0.00;true;true;117.1;0.77
freio;272;acrobat;-3.098;1.976;0.72;false;false;107.7;-0.19
freio;273;clown;-1.804;1.349;0.00;true;true;117.2;0.80
freio;273;acrobat;-3.078;1.966;0.72;false;true;107.8;-0.19
freio;274;clown;-1.804;1.349;0.00;true;true;117.2;0.82
freio;274;acrobat;-3.068;1.961;0.72;false;true;107.9;-0.19
freio;275;clown;-1.804;1.349;0.00;true;true;117.3;0.84
freio;275;acrobat;-3.056;1.956;0.15;false;true;108.2;-0.18
freio;276;clown;-1.804;1.349;0.00;true;true;117.4;0.84
freio;276;acrobat;-3.056;1.956;0.00;false;true;108.4;-0.16
freio;277;clown;-1.804;1.349;0.00;false;false;117.1;0.86
freio;277;acrobat;-3.056;1.956;0.00;false;true;108.6;-0.14
freio;278;clown;-1.804;1.349;0.00;false;false;117.2;0.86
freio;278;acrobat;-3.056;1.956;0.00;false;true;108.7;-0.12
freio;279;clown;-1.804;1.349;0.00;false;false;117.4;0.87
freio;279;acrobat;-3.056;1.956;0.00;false;true;108.9;-0.10
freio;280;clown;-1.804;1.349;0.00;false;false;117.5;0.87
freio;280;acrobat;-3.056;1.956;0.00;false;true;109.0;-0.09
freio;281;clown;-1.804;1.349;0.00;false;false;117.6;0.88
freio;281;acrobat;-3.056;1.956;0.00;false;true;109.1;-0.07
freio;282;clown;-1.804;1.349;0.00;false;false;117.8;0.88
freio;282;acrobat;-3.056;1.956;0.00;false;true;109.3;-0.06
freio;283;clown;-1.804;1.349;0.00;false;false;117.9;0.88
freio;283;acrobat;-3.056;1.956;0.00;false;true;109.3;-0.06
freio;284;clown;-1.804;1.349;0.00;false;false;118.0;0.89
freio;284;acrobat;-3.056;1.956;0.00;false;true;109.4;-0.06
freio;285;clown;-1.804;1.349;0.00;false;false;118.1;0.89
freio;285;acrobat;-3.056;1.956;0.00;false;true;109.5;-0.06
freio;286;clown;-1.804;1.349;0.00;false;false;118.1;0.89
freio;286;acrobat;-3.056;1.956;0.00;false;false;109.2;-0.06
freio;287;clown;-1.804;1.349;0.00;false;false;118.2;0.89
freio;287;acrobat;-3.056;1.956;0.00;false;false;109.3;-0.06
freio;288;clown;-1.804;1.349;0.00;false;false;118.3;0.89
freio;288;acrobat;-3.056;1.956;0.00;false;false;109.4;-0.06
freio;289;clown;-1.804;1.349;0.00;false;false;118.3;0.89
freio;289;acrobat;-3.056;1.956;0.00;false;false;109.5;-0.06
freio;290;clown;-1.804;1.349;0.00;false;false;118.4;0.90
freio;290;acrobat;-3.056;1.956;0.00;false;false;109.6;-0.06
freio;291;clown;-1.804;1.349;0.00;false;false;118.4;0.90
freio;291;acrobat;-3.056;1.956;0.00;false;false;109.7;-0.06
freio;292;clown;-1.804;1.349;0.00;false;false;118.5;0.90
freio;292;acrobat;-3.056;1.956;0.00;false;false;109.9;-0.06
freio;293;clown;-1.804;1.349;0.00;false;false;118.5;0.90
freio;293;acrobat;-3.056;1.956;0.00;false;false;110.0;-0.06
freio;294;clown;-1.804;1.349;0.00;false;false;118.6;0.90
freio;294;acrobat;-3.056;1.956;0.00;false;false;110.0;-0.06
freio;295;clown;-1.804;1.349;0.00;false;false;118.6;0.90
freio;295;acrobat;-3.056;1.956;0.00;false;false;110.1;-0.06
freio;296;clown;-1.804;1.349;0.00;false;false;118.7;0.90
freio;296;acrobat;-3.056;1.956;0.00;false;false;110.1;-0.07
freio;297;clown;-1.804;1.349;0.00;false;false;118.7;0.90
freio;297;acrobat;-3.056;1.956;0.00;false;false;110.2;-0.07
freio;298;clown;-1.804;1.349;0.00;false;false;118.8;0.90
freio;298;acrobat;-3.056;1.956;0.00;false;false;110.2;-0.07
freio;299;clown;-1.804;1.349;0.00;true;false;119.0;0.90
freio;299;acrobat;-3.056;1.956;0.00;true;true;110.5;0.34
freio;300;clown;-1.804;1.349;0.00;true;false;119.0;0.90
freio;300;acrobat;-3.056;1.956;0.00;true;true;110.5;0.42
freio;301;clown;-1.804;1.349;0.00;true;false;119.0;0.90
freio;301;acrobat;-3.056;1.956;0.00;true;true;110.5;0.49
freio;302;clown;-1.804;1.349;0.00;true;false;119.0;0.90
freio;302;acrobat;-3.056;1.956;0.00;true;true;110.5;0.60
freio;303;clown;-1.804;1.349;0.00;true;false;119.0;0.90
freio;303;acrobat;-3.056;1.956;0.00;true;true;110.5;0.65
freio;304;clown;-1.804;1.349;0.00;true;false;119.0;0.90
freio;304;acrobat;-3.056;1.956;0.00;true;true;110.6;0.69
freio;305;clown;-1.804;1.349;0.00;true;false;119.1;0.90
freio;305;acrobat;-3.056;1.956;0.00;true;true;110.6;0.72
freio;306;clown;-1.804;1.349;0.00;true;false;119.1;0.90
freio;306;acrobat;-3.056;1.956;0.00;true;true;110.6;0.75
freio;307;clown;-1.804;1.349;0.00;true;false;119.1;0.91
freio;307;acrobat;-3.056;1.956;0.00;true;true;110.6;0.80
freio;308;clown;-1.804;1.349;0.00;false;false;118.7;0.90
freio;308;acrobat;-3.056;1.956;0.00;true;true;110.6;0.81
freio;309;clown;-1.804;1.349;0.00;false;false;118.7;0.90
freio;309;acrobat;-3.056;1.956;0.00;true;true;110.6;0.83
freio;310;clown;-1.804;1.349;0.00;false;false;118.7;0.90
freio;310;acrobat;-3.056;1.956;0.00;true;true;110.6;0.84
freio;311;clown;-1.804;1.349;0.00;false;false;118.8;0.91
freio;311;acrobat;-3.056;1.956;0.00;false;true;110.1;0.86
freio;312;clown;-1.804;1.349;0.00;false;false;118.9;0.91
freio;312;acrobat;-3.056;1.956;0.00;false;true;110.2;0.87
freio;313;clown;-1.804;1.349;0.00;false;false;118.9;0.91
freio;313;acrobat;-3.056;1.956;0.00;false;false;110.1;0.87
freio;314;clown;-1.804;1.349;0.00;false;false;118.9;0.91
freio;314;acrobat;-3.056;1.956;0.00;false;false;110.1;0.88
freio;315;clown;-1.804;1.349;0.00;false;false;118.9;0.91
freio;315;acrobat;-3.056;1.956;0.00;false;false;110.2;0.88
freio;316;clown;-1.804;1.349;0.00;false;true;119.0;0.91
freio;316;acrobat;-3.056;1.956;0.00;false;false;110.2;0.89
freio;317;clown;-1.804;1.349;0.00;false;true;118.9;0.91
freio;317;acrobat;-3.056;1.956;0.00;false;false;110.3;0.89
freio;318;clown;-1.804;1.349;0.00;false;true;118.9;0.91
freio;318;acrobat;-3.056;1.956;0.00;false;false;110.3;0.89
freio;319;clown;-1.804;1.349;0.00;false;true;118.9;0.91
freio;319;acrobat;-3.056;1.956;0.00;false;false;110.3;0.89
freio;320;clown;-1.804;1.349;0.00;false;true;118.9;0.91
freio;320;acrobat;-3.056;1.956;0.00;false;false;110.3;0.89
freio;321;clown;-1.804;1.349;0.00;false;true;118.8;0.91
freio;321;acrobat;-3.056;1.956;0.00;false;false;110.3;0.90
freio;322;clown;-1.804;1.349;0.00;false;true;118.8;0.91
freio;322;acrobat;-3.056;1.956;0.00;false;false;110.3;0.90
freio;323;clown;-1.804;1.349;0.00;false;true;118.7;0.91
freio;323;acrobat;-3.056;1.956;0.00;false;false;110.2;0.90
freio;324;clown;-1.804;1.349;0.00;false;true;118.7;0.91
freio;324;acrobat;-3.056;1.956;0.00;false;false;110.2;0.90
freio;325;clown;-1.804;1.349;0.00;false;true;118.6;0.91
freio;325;acrobat;-3.056;1.956;0.00;false;false;110.1;0.90
freio;326;clown;-1.804;1.349;0.00;false;true;118.6;0.91
freio;326;acrobat;-3.056;1.956;0.00;false;false;110.1;0.90
freio;327;clown;-1.804;1.349;0.00;false;true;118.6;0.91
freio;327;acrobat;-3.056;1.956;0.00;false;false;110.1;0.90
freio;328;clown;-1.804;1.349;0.00;false;true;118.5;0.91
freio;328;acrobat;-3.056;1.956;0.00;false;false;110.0;0.90
8dir;329;clown;-1.797;1.349;0.50;false;true;118.4;0.85
8dir;329;acrobat;-3.056;1.956;0.00;false;false;110.0;0.90
8dir;330;clown;-1.757;1.349;1.50;false;false;117.7;0.69
8dir;330;acrobat;-3.038;1.946;0.72;false;false;109.6;0.77
8dir;331;clown;-1.725;1.349;2.00;false;false;117.6;0.60
8dir;331;acrobat;-3.028;1.941;0.72;false;false;109.4;0.67
8dir;332;clown;-1.686;1.349;2.40;true;false;117.6;0.52
8dir;332;acrobat;-3.018;1.937;0.72;false;false;109.2;0.57
8dir;333;clown;-1.607;1.349;2.40;true;false;117.7;0.37
8dir;333;acrobat;-2.997;1.928;0.72;false;false;108.8;0.38
8dir;334;clown;-1.568;1.349;2.40;true;false;117.8;0.31
8dir;334;acrobat;-2.987;1.924;0.72;false;false;108.6;0.31
8dir;335;clown;-1.529;1.349;2.40;true;false;117.8;0.25
8dir;335;acrobat;-2.976;1.920;0.72;false;true;108.4;0.24
8dir;336;clown;-1.490;1.349;2.40;true;false;117.7;0.19
8dir;336;acrobat;-2.966;1.916;0.72;false;true;108.2;0.19
8dir;337;clown;-1.412;1.349;2.40;true;false;117.6;0.11
8dir;337;acrobat;-2.945;1.908;0.72;true;true;108.2;0.11
8dir;338;clown;-1.373;1.349;2.40;false;false;117.2;0.08
8dir;338;acrobat;-2.934;1.904;0.72;true;true;108.3;0.08
8dir;339;clown;-1.334;1.349;2.40;false;false;117.3;0.06
8dir;339;acrobat;-2.924;1.900;0.72;true;true;108.3;0.06
8dir;340;clown;-1.256;1.349;2.40;false;true;117.8;0.02
8dir;340;acrobat;-2.900;1.892;0.83;true;true;108.4;0.02
8dir;341;clown;-1.217;1.349;2.40;false;true;118.0;0.01
8dir;341;acrobat;-2.887;1.888;0.88;true;true;108.4;0.01
8dir;342;clown;-1.178;1.349;2.40;false;true;118.2;0.00
8dir;342;acrobat;-2.873;1.883;0.94;true;true;108.4;-0.00
8dir;343;clown;-1.139;1.349;2.40;false;true;118.3;-0.00
8dir;343;acrobat;-2.857;1.879;0.99;true;true;108.4;-0.01
8dir;344;clown;-1.061;1.348;2.40;false;true;118.3;-0.01
8dir;344;acrobat;-2.825;1.869;1.10;true;true;108.4;-0.02
8dir;345;clown;-1.021;1.348;2.40;false;true;118.1;-0.02
8dir;345;acrobat;-2.807;1.864;1.14;true;true;108.4;-0.03
8dir;346;clown;-0.982;1.348;2.40;true;false;117.7;-0.03
8dir;346;acrobat;-2.789;1.858;1.19;true;true;108.3;-0.03
8dir;347;clown;-0.904;1.348;2.40;true;false;118.4;-0.04
8dir;347;acrobat;-2.750;1.848;1.28;true;true;108.2;-0.04
8dir;348;clown;-0.865;1.348;2.40;true;false;118.6;-0.05
8dir;348;acrobat;-2.730;1.842;1.32;true;false;107.6;-0.04
8dir;349;clown;-0.787;1.348;2.40;true;false;118.8;-0.07
8dir;349;acrobat;-2.687;1.831;1.40;false;false;107.5;-0.04
8dir;350;clown;-0.748;1.348;2.40;true;false;118.7;-0.08
8dir;350;acrobat;-2.665;1.826;1.44;false;false;107.5;-0.03
8dir;351;clown;-0.709;1.348;2.40;true;false;118.5;-0.09
8dir;351;acrobat;-2.642;1.820;1.47;false;false;107.5;-0.03
8dir;352;clown;-0.631;1.348;2.40;false;false;118.4;-0.09
8dir;352;acrobat;-2.594;1.808;1.54;false;false;107.6;-0.03
8dir;353;clown;-0.592;1.348;2.40;false;true;118.4;-0.09
8dir;353;acrobat;-2.569;1.803;1.57;false;false;107.6;-0.03
8dir;354;clown;-0.513;1.348;2.40;false;true;119.1;-0.10
8dir;354;acrobat;-2.518;1.791;1.63;false;false;107.7;-0.02
8dir;355;clown;-0.474;1.348;2.40;false;true;119.2;-0.09
8dir;355;acrobat;-2.492;1.786;1.66;false;false;107.7;-0.02
8dir;356;clown;-0.435;1.348;2.40;false;true;119.2;-0.09
8dir;356;acrobat;-2.465;1.780;1.69;false;false;107.8;-0.02
8dir;357;clown;-0.357;1.348;2.40;false;true;119.2;-0.08
8dir;357;acrobat;-2.411;1.768;1.74;false;false;107.8;-0.01
8dir;358;clown;-0.318;1.348;2.40;false;true;119.0;-0.08
8dir;358;acrobat;-2.383;1.763;1.76;false;true;107.8;-0.01
8dir;359;clown;-0.240;1.347;2.40;true;false;119.0;-0.09
8dir;359;acrobat;-2.326;1.752;1.81;false;true;108.1;-0.00
8dir;360;clown;-0.200;1.347;2.40;true;false;119.2;-0.09
8dir;360;acrobat;-2.297;1.746;1.83;true;true;108.2;0.01
8dir;361;clown;-0.122;1.347;2.40;true;false;119.6;-0.10
8dir;361;acrobat;-2.237;1.735;1.87;true;true;108.2;0.02
8dir;362;clown;-0.083;1.347;2.40;true;false;119.5;-0.11
8dir;362;acrobat;-2.207;1.729;1.89;true;true;108.2;0.02
8dir;363;clown;-0.005;1.347;2.40;true;false;119.4;-0.12
8dir;363;acrobat;-2.146;1.719;1.93;true;true;108.2;0.02
8dir;364;clown;0.034;1.347;2.40;false;false;119.0;-0.12
8dir;364;acrobat;-2.115;1.713;1.95;true;false;107.8;0.02
8dir;365;clown;0.073;1.347;2.40;false;false;119.0;-0.12
8dir;365;acrobat;-2.083;1.708;1.96;true;false;107.7;0.02
8dir;366;clown;0.113;1.347;2.40;false;true;119.1;-0.12
8dir;366;acrobat;-2.052;1.703;1.98;true;false;107.5;0.02
8dir;367;clown;0.191;1.347;2.40;false;true;119.8;-0.13
8dir;367;acrobat;-1.987;1.692;2.01;false;false;107.4;0.02
8dir;368;clown;0.230;1.347;2.40;false;true;119.9;-0.12
8dir;368;acrobat;-1.955;1.687;2.03;false;false;107.4;0.02
8dir;369;clown;0.269;1.347;2.40;false;true;119.9;-0.11
8dir;369;acrobat;-1.922;1.682;2.04;false;false;107.4;0.02
8dir;370;clown;0.348;1.347;2.40;false;true;119.9;-0.10
8dir;370;acrobat;-1.856;1.672;2.07;false;false;107.5;0.02
8dir;371;clown;0.378;1.347;1.90;false;true;119.7;-0.10
8dir;371;acrobat;-1.823;1.667;2.06;false;false;107.6;0.03
8dir;372;clown;0.401;1.347;1.40;false;false;119.1;-0.10
8dir;372;acrobat;-1.790;1.663;2.03;false;false;107.6;0.03
8dir;373;clown;0.421;1.346;0.40;true;false;119.3;-0.10
8dir;373;acrobat;-1.728;1.654;1.92;false;true;107.7;0.03
8dir;374;clown;0.421;1.346;0.00;true;true;119.2;-0.10
8dir;374;acrobat;-1.698;1.649;1.85;false;true;107.8;0.04
8dir;375;clown;0.421;1.346;0.00;true;true;119.2;-0.10
8dir;375;acrobat;-1.642;1.641;1.71;false;true;108.1;0.04
8dir;376;clown;0.421;1.346;0.00;true;true;119.0;-0.10
8dir;376;acrobat;-1.616;1.637;1.64;true;true;108.1;0.05
8dir;377;clown;0.421;1.346;0.00;true;true;118.9;-0.10
8dir;377;acrobat;-1.591;1.634;1.58;true;true;108.2;0.06
8dir;378;clown;0.421;1.346;0.00;true;true;118.7;-0.10
8dir;378;acrobat;-1.543;1.627;1.46;true;true;108.1;0.06
8dir;379;clown;0.421;1.346;0.00;true;true;118.5;-0.10
8dir;379;acrobat;-1.521;1.624;1.40;true;true;108.1;0.06
8dir;380;clown;0.421;1.346;0.00;true;true;118.3;-0.10
8dir;380;acrobat;-1.500;1.621;1.35;true;true;108.1;0.06
8dir;381;clown;0.421;1.346;0.00;true;true;118.1;-0.10
8dir;381;acrobat;-1.479;1.618;1.30;true;true;108.1;0.06
8dir;382;clown;0.421;1.346;0.00;true;true;118.0;-0.10
8dir;382;acrobat;-1.459;1.615;1.25;true;false;107.7;0.06
8dir;383;clown;0.421;1.346;0.00;true;true;118.0;-0.10
8dir;383;acrobat;-1.422;1.609;1.15;true;false;107.7;0.05
8dir;384;clown;0.421;1.346;0.00;true;true;118.0;-0.10
8dir;384;acrobat;-1.405;1.607;1.11;true;false;107.7;0.05
8dir;385;clown;0.421;1.346;0.00;true;true;117.9;-0.10
8dir;385;acrobat;-1.388;1.604;1.07;true;false;107.6;0.05
8dir;386;clown;0.421;1.346;0.00;true;true;117.9;-0.09
8dir;386;acrobat;-1.372;1.602;1.03;true;false;107.6;0.04
8dir;387;clown;0.421;1.346;0.00;false;true;117.5;-0.09
8dir;387;acrobat;-1.356;1.600;0.99;true;false;107.5;0.04
8dir;388;clown;0.421;1.346;0.00;false;true;117.5;-0.09
8dir;388;acrobat;-1.342;1.598;0.95;false;false;107.3;0.05
8dir;389;clown;0.445;1.370;1.41;false;false;117.8;0.08
8dir;389;acrobat;-1.313;1.594;0.93;false;false;107.3;0.05
8dir;390;clown;0.469;1.394;2.12;false;false;118.0;0.14
8dir;390;acrobat;-1.298;1.592;0.94;false;false;107.4;0.05
8dir;391;clown;0.496;1.422;2.40;false;false;118.2;0.20
8dir;391;acrobat;-1.283;1.591;0.97;false;false;107.4;0.06
8dir;392;clown;0.524;1.449;2.40;false;false;118.4;0.25
8dir;392;acrobat;-1.267;1.589;0.99;false;false;107.4;0.06
8dir;393;clown;0.579;1.504;2.40;false;false;119.0;0.32
8dir;393;acrobat;-1.235;1.587;1.04;false;false;107.5;0.08
8dir;394;clown;0.607;1.532;2.40;false;true;119.1;0.35
8dir;394;acrobat;-1.218;1.587;1.06;false;false;107.6;0.08
8dir;395;clown;0.634;1.560;2.40;true;true;119.4;0.37
8dir;395;acrobat;-1.201;1.587;1.09;false;false;107.6;0.09
8dir;396;clown;0.690;1.615;2.40;true;true;120.1;0.41
8dir;396;acrobat;-1.165;1.587;1.13;false;false;107.6;0.11
8dir;397;clown;0.717;1.643;2.40;true;true;120.2;0.42
8dir;397;acrobat;-1.147;1.587;1.16;false;false;107.6;0.12
8dir;398;clown;0.745;1.671;2.40;true;true;120.2;0.43
8dir;398;acrobat;-1.128;1.588;1.18;false;false;107.6;0.13
8dir;399;clown;0.772;1.698;2.40;true;true;120.2;0.44
8dir;399;acrobat;-1.109;1.589;1.21;false;true;107.5;0.14
8dir;400;clown;0.828;1.754;2.40;true;false;119.6;0.44
8dir;400;acrobat;-1.069;1.592;1.26;false;true;107.8;0.16
8dir;401;clown;0.855;1.781;2.40;false;false;119.6;0.45
8dir;401;acrobat;-1.049;1.594;1.28;false;true;107.8;0.17
8dir;402;clown;0.883;1.809;2.40;false;false;119.7;0.45
8dir;402;acrobat;-1.028;1.597;1.30;false;true;107.9;0.19
8dir;403;clown;0.911;1.837;2.40;false;false;119.8;0.45
8dir;403;acrobat;-1.007;1.599;1.33;false;true;107.9;0.20
8dir;404;clown;0.966;1.892;2.40;false;false;120.2;0.45
8dir;404;acrobat;-0.964;1.605;1.38;true;true;108.0;0.23
8dir;405;clown;0.994;1.920;2.40;false;false;120.2;0.46
8dir;405;acrobat;-0.942;1.609;1.40;true;true;107.9;0.24
8dir;406;clown;1.021;1.947;2.40;false;false;120.3;0.46
8dir;406;acrobat;-0.919;1.613;1.42;true;true;107.8;0.25
8dir;407;clown;1.049;1.975;2.40;false;false;120.3;0.46
8dir;407;acrobat;-0.897;1.617;1.44;true;true;107.7;0.26
8dir;408;clown;1.104;2.030;2.40;false;true;120.7;0.46
8dir;408;acrobat;-0.850;1.626;1.49;true;true;107.9;0.27
8dir;409;clown;1.132;2.058;2.40;false;true;120.9;0.46
8dir;409;acrobat;-0.827;1.631;1.51;true;false;107.5;0.28
8dir;410;clown;1.160;2.086;2.40;true;true;121.2;0.46
8dir;410;acrobat;-0.803;1.637;1.53;true;false;107.5;0.28
8dir;411;clown;1.188;2.114;2.40;true;true;121.3;0.47
8dir;411;acrobat;-0.779;1.642;1.55;true;false;107.4;0.29
8dir;412;clown;1.243;2.170;2.40;true;true;121.6;0.47
8dir;412;acrobat;-0.729;1.655;1.59;true;false;107.3;0.29
8dir;413;clown;1.271;2.197;2.40;true;true;121.5;0.47
8dir;413;acrobat;-0.704;1.662;1.61;true;false;107.2;0.30
8dir;414;clown;1.299;2.225;2.40;true;true;121.4;0.46
8dir;414;acrobat;-0.679;1.669;1.63;false;false;106.9;0.30
8dir;415;clown;1.327;2.253;2.40;true;false;120.8;0.46
8dir;415;acrobat;-0.653;1.676;1.65;false;false;106.9;0.31
8dir;416;clown;1.382;2.309;2.40;false;false;120.8;0.45
8dir;416;acrobat;-0.602;1.692;1.69;false;false;107.1;0.32
8dir;417;clown;1.410;2.337;2.40;false;false;120.7;0.45
8dir;417;acrobat;-0.576;1.700;1.71;false;false;107.1;0.33
8dir;418;clown;1.438;2.364;2.40;false;false;120.7;0.45
8dir;418;acrobat;-0.549;1.709;1.73;false;false;107.1;0.34
8dir;419;clown;1.493;2.420;2.40;false;false;121.1;0.44
8dir;419;acrobat;-0.496;1.727;1.76;false;true;107.2;0.35
8dir;420;clown;1.521;2.448;2.40;false;false;121.1;0.44
8dir;420;acrobat;-0.469;1.737;1.78;false;true;107.4;0.36
8dir;421;clown;1.549;2.476;2.40;false;false;121.1;0.44
8dir;421;acrobat;-0.441;1.747;1.80;false;true;107.5;0.37
8dir;422;clown;1.577;2.504;2.40;false;false;121.2;0.44
8dir;422;acrobat;-0.414;1.757;1.81;false;true;107.6;0.38
8dir;423;clown;1.605;2.532;2.40;false;true;121.2;0.44
8dir;423;acrobat;-0.386;1.768;1.83;false;true;107.7;0.39
8dir;424;clown;1.661;2.588;2.40;true;true;122.0;0.44
8dir;424;acrobat;-0.331;1.790;1.86;false;true;107.7;0.41
8dir;425;clown;1.689;2.616;2.40;true;true;122.1;0.45
8dir;425;acrobat;-0.303;1.801;1.88;true;true;107.5;0.41
8dir;426;clown;1.717;2.644;2.40;true;true;122.0;0.45
8dir;426;acrobat;-0.275;1.813;1.89;true;true;107.3;0.42
8dir;427;clown;1.745;2.672;2.40;true;true;121.9;0.45
8dir;427;acrobat;-0.246;1.825;1.91;true;true;107.4;0.42
8dir;428;clown;1.801;2.728;2.40;true;true;122.1;0.44
8dir;428;acrobat;-0.189;1.850;1.93;true;false;107.4;0.43
8dir;429;clown;1.829;2.756;2.40;true;false;121.4;0.44
8dir;429;acrobat;-0.161;1.863;1.95;true;false;107.4;0.43
8dir;430;clown;1.856;2.784;2.40;true;false;121.1;0.44
8dir;430;acrobat;-0.132;1.876;1.96;true;false;107.3;0.43
8dir;431;clown;1.887;2.815;0.99;false;false;121.1;0.44
8dir;431;acrobat;-0.075;1.902;1.91;true;false;107.2;0.43
8dir;432;clown;1.890;2.818;0.28;true;false;121.2;0.44
8dir;432;acrobat;-0.048;1.915;1.84;false;false;106.8;0.43
8dir;433;clown;1.890;2.818;0.00;true;true;121.8;0.44
8dir;433;acrobat;0.003;1.939;1.70;false;false;106.9;0.43
8dir;434;clown;1.890;2.818;0.00;true;true;121.9;0.44
8dir;434;acrobat;0.026;1.950;1.64;false;false;106.9;0.44
8dir;435;clown;1.890;2.818;0.00;true;true;122.0;0.45
8dir;435;acrobat;0.049;1.960;1.58;false;false;106.9;0.44
8dir;436;clown;1.890;2.818;0.00;true;true;122.2;0.45
8dir;436;acrobat;0.071;1.971;1.51;false;false;106.9;0.44
8dir;437;clown;1.890;2.818;0.00;true;true;122.7;0.45
8dir;437;acrobat;0.113;1.990;1.40;false;true;107.1;0.44
8dir;438;clown;1.890;2.818;0.00;true;true;122.7;0.45
8dir;438;acrobat;0.132;1.999;1.35;false;true;107.2;0.45
8dir;439;clown;1.890;2.818;0.00;true;true;122.7;0.45
8dir;439;acrobat;0.151;2.008;1.29;false;true;107.3;0.45
8dir;440;clown;1.890;2.818;0.00;true;true;122.6;0.45
8dir;440;acrobat;0.169;2.016;1.24;false;true;107.4;0.45
8dir;441;clown;1.890;2.818;0.00;true;true;122.6;0.45
8dir;441;acrobat;0.203;2.032;1.15;false;true;107.6;0.46
8dir;442;clown;1.890;2.818;0.00;true;true;122.5;0.46
8dir;442;acrobat;0.219;2.040;1.11;false;true;107.6;0.46
8dir;443;clown;1.890;2.818;0.00;true;true;122.4;0.46
8dir;443;acrobat;0.234;2.047;1.06;false;true;107.5;0.46
8dir;444;clown;1.890;2.818;0.00;true;true;122.2;0.46
8dir;444;acrobat;0.249;2.054;1.02;false;true;107.5;0.47
8dir;445;clown;1.890;2.818;0.00;true;true;122.2;0.47
8dir;445;acrobat;0.277;2.067;0.95;false;true;107.5;0.47
8dir;446;clown;1.890;2.818;0.00;false;true;121.6;0.47
8dir;446;acrobat;0.290;2.073;0.91;false;true;107.4;0.47
8dir;447;clown;1.890;2.818;0.00;false;false;121.5;0.47
8dir;447;acrobat;0.302;2.078;0.88;false;true;107.3;0.47
8dir;448;clown;1.890;2.818;0.00;false;false;121.5;0.48
8dir;448;acrobat;0.326;2.089;0.81;true;true;107.2;0.47
8dir;449;clown;1.890;2.826;0.50;false;false;121.3;0.56
8dir;449;acrobat;0.337;2.095;0.79;true;true;107.1;0.48
8dir;450;clown;1.890;2.868;1.50;false;false;120.9;0.66
8dir;450;acrobat;0.359;2.105;0.78;true;false;107.0;0.48
8dir;451;clown;1.890;2.902;2.00;false;false;120.7;0.69
8dir;451;acrobat;0.370;2.111;0.78;true;false;107.1;0.48
8dir;452;clown;1.890;2.982;2.40;false;true;120.4;0.73
8dir;452;acrobat;0.392;2.123;0.81;true;false;107.3;0.49
8dir;453;clown;1.890;3.022;2.40;false;true;120.3;0.74
8dir;453;acrobat;0.403;2.130;0.83;true;false;107.3;0.50
8dir;454;clown;1.890;3.102;2.40;false;true;120.2;0.76
8dir;454;acrobat;0.426;2.145;0.87;true;false;107.4;0.51
8dir;455;clown;1.890;3.143;2.40;true;true;120.0;0.76
8dir;455;acrobat;0.437;2.153;0.89;true;false;107.4;0.52
8dir;456;clown;1.890;3.183;2.40;true;true;119.8;0.77
8dir;456;acrobat;0.449;2.161;0.91;true;false;107.3;0.52
8dir;457;clown;1.890;3.264;2.40;true;true;120.0;0.77
8dir;457;acrobat;0.473;2.179;0.96;true;false;107.3;0.54
8dir;458;clown;1.890;3.304;2.40;true;false;119.4;0.77
8dir;458;acrobat;0.485;2.189;0.98;true;false;107.2;0.55
8dir;459;clown;1.890;3.345;2.40;true;false;119.3;0.77
8dir;459;acrobat;0.498;2.199;1.00;true;false;107.1;0.55
8dir;460;clown;1.890;3.425;2.40;true;false;119.0;0.77
8dir;460;acrobat;0.523;2.221;1.05;false;false;106.6;0.57
8dir;461;clown;1.889;3.466;2.40;false;false;118.7;0.76
8dir;461;acrobat;0.535;2.233;1.08;false;false;106.6;0.58
8dir;462;clown;1.889;3.506;2.40;false;false;118.7;0.76
8dir;462;acrobat;0.548;2.245;1.10;false;false;106.6;0.59
8dir;463;clown;1.889;3.587;2.40;false;false;118.7;0.76
8dir;463;acrobat;0.574;2.270;1.15;false;true;106.7;0.61
8dir;464;clown;1.889;3.628;2.40;false;false;118.7;0.76
8dir;464;acrobat;0.587;2.284;1.18;false;true;106.9;0.62
8dir;465;clown;1.889;3.670;2.40;false;true;118.6;0.76
8dir;465;acrobat;0.601;2.298;1.20;false;true;107.0;0.63
8dir;466;clown;1.889;3.711;2.40;false;true;118.8;0.76
8dir;466;acrobat;0.614;2.313;1.23;false;true;107.1;0.64
8dir;467;clown;1.889;3.793;2.40;false;true;119.1;0.76
8dir;467;acrobat;0.641;2.344;1.28;false;true;107.4;0.66
8dir;468;clown;1.889;3.835;2.40;false;true;119.1;0.76
8dir;468;acrobat;0.654;2.360;1.31;false;true;107.4;0.67
8dir;469;clown;1.889;3.876;2.40;true;true;118.9;0.76
8dir;469;acrobat;0.668;2.377;1.33;false;true;107.4;0.68
8dir;470;clown;1.889;3.958;2.40;true;true;118.7;0.76
8dir;470;acrobat;0.695;2.412;1.38;false;true;107.4;0.70
8dir;471;clown;1.889;3.999;2.40;true;false;118.3;0.76
8dir;471;acrobat;0.709;2.430;1.41;false;true;107.3;0.70
8dir;472;clown;1.889;4.041;2.40;true;false;118.3;0.75
8dir;472;acrobat;0.723;2.449;1.43;false;true;107.2;0.71
8dir;473;clown;1.889;4.082;2.40;true;false;118.1;0.75
8dir;473;acrobat;0.736;2.468;1.46;false;true;107.0;0.72
8dir;474;clown;1.889;4.165;2.40;true;false;117.5;0.75
8dir;474;acrobat;0.764;2.508;1.51;true;false;106.7;0.73
8dir;475;clown;1.889;4.206;2.40;false;false;117.1;0.74
8dir;475;acrobat;0.778;2.529;1.53;true;false;106.8;0.73
8dir;476;clown;1.889;4.289;2.40;false;false;117.0;0.74
8dir;476;acrobat;0.805;2.572;1.57;true;false;107.3;0.74
8dir;477;clown;1.889;4.331;2.40;false;false;117.0;0.74
8dir;477;acrobat;0.819;2.595;1.60;true;false;107.3;0.75
8dir;478;clown;1.889;4.413;2.40;false;true;117.1;0.74
8dir;478;acrobat;0.846;2.641;1.64;true;false;107.5;0.75
8dir;479;clown;1.889;4.496;2.40;false;true;117.3;0.74
8dir;479;acrobat;0.873;2.688;1.68;true;false;107.6;0.75
8dir;480;clown;1.889;4.538;2.40;false;true;117.3;0.74
8dir;480;acrobat;0.887;2.713;1.70;true;false;107.4;0.75
8dir;481;clown;1.888;4.621;2.40;true;true;116.8;0.74
8dir;481;acrobat;0.913;2.764;1.74;false;false;106.9;0.76
8dir;482;clown;1.888;4.703;2.40;true;false;116.3;0.73
8dir;482;acrobat;0.940;2.816;1.78;false;true;107.3;0.77
8dir;483;clown;1.888;4.744;2.40;true;false;116.5;0.73
8dir;483;acrobat;0.953;2.842;1.80;false;true;107.4;0.77
8dir;484;clown;1.888;4.827;2.40;true;false;116.3;0.73
8dir;484;acrobat;0.978;2.897;1.83;false;true;107.8;0.78
8dir;485;clown;1.888;4.909;2.40;true;false;115.7;0.73
8dir;485;acrobat;1.004;2.952;1.87;false;true;107.9;0.79
8dir;486;clown;1.888;4.951;2.40;false;false;115.4;0.73
8dir;486;acrobat;1.016;2.981;1.88;false;true;107.8;0.80
8dir;487;clown;1.888;4.992;2.40;false;false;115.4;0.72
8dir;487;acrobat;1.029;3.010;1.90;false;true;107.7;0.80
8dir;488;clown;1.887;5.075;2.40;false;true;115.2;0.72
8dir;488;acrobat;1.053;3.069;1.93;false;false;107.3;0.80
8dir;489;clown;1.887;5.116;2.40;false;true;115.6;0.72
8dir;489;acrobat;1.065;3.099;1.94;true;false;107.3;0.81
8dir;490;clown;1.887;5.198;2.40;false;true;115.8;0.72
8dir;490;acrobat;1.089;3.160;1.97;true;false;107.8;0.81
8dir;491;clown;1.887;5.230;1.90;false;true;115.9;0.72
8dir;491;acrobat;1.101;3.190;1.97;true;false;107.9;0.81
8dir;492;clown;1.887;5.255;1.40;false;true;116.0;0.73
8dir;492;acrobat;1.113;3.220;1.94;true;false;108.0;0.81
8dir;493;clown;1.886;5.279;0.40;false;true;115.9;0.73
8dir;493;acrobat;1.134;3.279;1.84;true;false;108.2;0.81
8dir;494;clown;1.886;5.279;0.00;true;true;115.9;0.74
8dir;494;acrobat;1.145;3.306;1.77;true;false;108.1;0.81
8dir;495;clown;1.886;5.279;0.00;true;true;115.8;0.74
8dir;495;acrobat;1.155;3.333;1.70;true;false;108.0;0.81
8dir;496;clown;1.886;5.279;0.00;true;true;115.8;0.75
8dir;496;acrobat;1.164;3.358;1.63;true;false;107.9;0.81
8dir;497;clown;1.886;5.279;0.00;true;true;115.8;0.76
8dir;497;acrobat;1.173;3.383;1.57;false;false;107.5;0.81
8dir;498;clown;1.886;5.279;0.00;true;false;115.3;0.77
8dir;498;acrobat;1.190;3.428;1.44;false;true;107.8;0.81
8dir;499;clown;1.886;5.279;0.00;true;false;115.3;0.78
8dir;499;acrobat;1.198;3.450;1.39;false;true;107.9;0.81
8dir;500;clown;1.886;5.279;0.00;true;false;115.3;0.79
8dir;500;acrobat;1.206;3.471;1.33;false;true;108.1;0.82
8dir;501;clown;1.886;5.279;0.00;true;false;115.3;0.79
8dir;501;acrobat;1.214;3.491;1.28;false;true;108.2;0.82
8dir;502;clown;1.886;5.279;0.00;true;false;115.3;0.80
8dir;502;acrobat;1.221;3.510;1.23;false;true;108.2;0.82
8dir;503;clown;1.886;5.279;0.00;true;false;115.4;0.80
8dir;503;acrobat;1.235;3.547;1.13;false;true;108.4;0.82
8dir;504;clown;1.886;5.279;0.00;true;false;115.4;0.80
8dir;504;acrobat;1.241;3.565;1.08;false;true;108.3;0.82
8dir;505;clown;1.886;5.279;0.00;true;false;115.5;0.81
8dir;505;acrobat;1.248;3.582;1.04;false;true;108.3;0.82
8dir;506;clown;1.886;5.279;0.00;true;false;115.6;0.81
8dir;506;acrobat;1.260;3.615;0.95;false;true;108.2;0.83
8dir;507;clown;1.886;5.279;0.00;true;false;115.6;0.81
8dir;507;acrobat;1.265;3.630;0.91;false;true;108.1;0.83
8dir;508;clown;1.886;5.279;0.00;true;false;115.6;0.81
8dir;508;acrobat;1.271;3.645;0.87;false;true;108.0;0.83
8dir;509;clown;1.877;5.288;0.71;false;false;115.2;0.80
8dir;509;acrobat;1.276;3.659;0.84;false;true;107.9;0.83
8dir;510;clown;1.833;5.332;2.12;false;false;115.3;0.77
8dir;510;acrobat;1.286;3.688;0.84;false;false;107.4;0.83
8dir;511;clown;1.804;5.361;2.40;false;false;115.3;0.75
8dir;511;acrobat;1.290;3.702;0.84;false;false;107.4;0.83
8dir;512;clown;1.775;5.390;2.40;false;true;115.4;0.73
8dir;512;acrobat;1.294;3.717;0.85;true;false;107.4;0.83
8dir;513;clown;1.746;5.419;2.40;false;true;115.6;0.71
8dir;513;acrobat;1.298;3.733;0.87;true;false;107.6;0.83
8dir;514;clown;1.717;5.448;2.40;false;true;115.8;0.69
8dir;514;acrobat;1.302;3.748;0.88;true;false;107.7;0.84
8dir;515;clown;1.659;5.506;2.40;false;true;116.0;0.65
8dir;515;acrobat;1.308;3.780;0.91;true;false;107.9;0.84
8dir;516;clown;1.630;5.535;2.40;false;true;116.0;0.63
8dir;516;acrobat;1.311;3.796;0.92;true;false;108.0;0.85
8dir;517;clown;1.601;5.564;2.40;false;true;115.8;0.61
8dir;517;acrobat;1.314;3.813;0.94;true;false;108.1;0.85
8dir;518;clown;1.545;5.621;2.40;true;false;115.3;0.59
8dir;518;acrobat;1.319;3.848;0.97;true;false;108.2;0.85
8dir;519;clown;1.517;5.648;2.40;true;false;115.6;0.58
8dir;519;acrobat;1.320;3.865;0.99;true;false;108.2;0.85
8dir;520;clown;1.489;5.676;2.40;true;false;115.9;0.58
8dir;520;acrobat;1.322;3.882;1.01;true;false;108.2;0.85
8dir;521;clown;1.461;5.704;2.40;true;false;116.0;0.58
8dir;521;acrobat;1.323;3.900;1.03;true;false;108.1;0.86
8dir;522;clown;1.403;5.762;2.40;true;false;115.7;0.57
8dir;522;acrobat;1.325;3.937;1.07;true;false;108.1;0.86
8dir;523;clown;1.374;5.790;2.40;true;false;115.5;0.57
8dir;523;acrobat;1.326;3.956;1.09;true;false;107.9;0.86
8dir;524;clown;1.346;5.819;2.40;false;false;115.1;0.56
8dir;524;acrobat;1.326;3.976;1.11;true;false;107.8;0.86
8dir;525;clown;1.317;5.847;2.40;false;false;115.2;0.56
8dir;525;acrobat;1.326;3.996;1.13;true;true;107.7;0.86
8dir;526;clown;1.289;5.875;2.40;false;true;115.3;0.56
8dir;526;acrobat;1.326;4.016;1.15;false;true;107.4;0.86
8dir;527;clown;1.232;5.932;2.40;false;true;115.9;0.55
8dir;527;acrobat;1.324;4.058;1.19;false;true;107.7;0.86
8dir;528;clown;1.204;5.960;2.40;false;true;116.2;0.54
8dir;528;acrobat;1.322;4.080;1.21;false;true;107.7;0.86
8dir;529;clown;0.982;6.181;2.40;true;false;116.5;0.51
8dir;529;acrobat;1.299;4.268;1.35;false;true;107.5;0.86
8dir;530;clown;0.925;6.237;2.40;true;false;116.7;0.52
8dir;530;acrobat;1.290;4.317;1.39;false;false;106.8;0.86
8dir;531;clown;0.897;6.265;2.40;true;false;116.6;0.52
8dir;531;acrobat;1.285;4.342;1.41;false;false;106.7;0.85
8dir;532;clown;0.869;6.293;2.40;true;false;116.5;0.52
8dir;532;acrobat;1.280;4.367;1.43;false;false;106.7;0.85
8dir;533;clown;0.812;6.349;2.40;false;false;116.2;0.51
8dir;533;acrobat;1.268;4.419;1.46;true;false;106.9;0.85
8dir;534;clown;0.785;6.376;2.40;false;true;116.4;0.51
8dir;534;acrobat;1.262;4.445;1.48;true;false;107.0;0.85
8dir;535;clown;0.757;6.404;2.40;false;true;116.8;0.51
8dir;535;acrobat;1.255;4.471;1.50;true;false;107.0;0.85
8dir;536;clown;0.729;6.431;2.40;false;true;117.2;0.51
8dir;536;acrobat;1.248;4.497;1.51;true;false;107.1;0.85
8dir;537;clown;0.674;6.486;2.40;false;true;117.6;0.50
8dir;537;acrobat;1.233;4.550;1.54;true;false;107.2;0.84
8dir;538;clown;0.645;6.514;2.40;false;true;117.6;0.49
8dir;538;acrobat;1.225;4.577;1.56;true;false;107.1;0.85
8dir;539;clown;0.617;6.543;2.40;false;true;117.5;0.49
8dir;539;acrobat;1.217;4.603;1.58;true;false;106.9;0.84
8dir;540;clown;0.562;6.598;2.40;true;false;116.9;0.48
8dir;540;acrobat;1.200;4.657;1.61;true;false;106.7;0.84
8dir;541;clown;0.535;6.625;2.40;true;false;117.4;0.48
8dir;541;acrobat;1.191;4.685;1.62;false;true;106.1;0.84
8dir;542;clown;0.508;6.652;2.40;true;false;117.8;0.48
8dir;542;acrobat;1.181;4.712;1.64;false;true;106.3;0.84
8dir;543;clown;0.481;6.678;2.40;true;false;118.1;0.48
8dir;543;acrobat;1.171;4.739;1.65;false;true;106.4;0.83
8dir;544;clown;0.425;6.734;2.40;true;false;118.2;0.49
8dir;544;acrobat;1.151;4.795;1.68;false;true;106.6;0.83
8dir;545;clown;0.397;6.762;2.40;true;false;118.2;0.49
8dir;545;acrobat;1.140;4.824;1.69;false;true;106.5;0.83
8dir;546;clown;0.369;6.789;2.40;true;false;118.0;0.49
8dir;546;acrobat;1.129;4.852;1.71;false;true;106.4;0.82
8dir;547;clown;0.313;6.845;2.40;false;false;117.8;0.49
8dir;547;acrobat;1.106;4.909;1.73;false;true;106.3;0.81
8dir;548;clown;0.285;6.873;2.40;false;true;118.0;0.49
8dir;548;acrobat;1.094;4.938;1.75;false;true;106.1;0.81
8dir;549;clown;0.256;6.900;2.40;false;true;118.4;0.49
8dir;549;acrobat;1.081;4.967;1.76;false;false;105.5;0.81
8dir;550;clown;0.200;6.956;2.40;false;true;119.0;0.48
8dir;550;acrobat;1.056;5.025;1.79;true;false;105.5;0.80
8dir;551;clown;0.181;6.975;1.69;false;true;119.1;0.48
8dir;551;acrobat;1.043;5.054;1.77;true;false;105.6;0.80
8dir;552;clown;0.169;6.987;0.99;false;true;119.2;0.48
8dir;552;acrobat;1.031;5.081;1.73;true;false;105.8;0.80
8dir;553;clown;0.165;6.990;0.28;true;true;119.4;0.49
8dir;553;acrobat;1.019;5.107;1.67;true;false;105.9;0.80
8dir;554;clown;0.165;6.990;0.00;true;true;119.8;0.50
8dir;554;acrobat;0.996;5.157;1.53;true;false;106.1;0.80
8dir;555;clown;0.165;6.990;0.00;true;true;120.0;0.50
8dir;555;acrobat;0.985;5.181;1.47;true;false;106.1;0.80
8dir;556;clown;0.165;6.990;0.00;true;true;120.4;0.51
8dir;556;acrobat;0.966;5.224;1.35;true;false;106.0;0.80
8dir;557;clown;0.165;6.990;0.00;true;true;120.7;0.52
8dir;557;acrobat;0.956;5.245;1.29;true;false;105.9;0.80
8dir;558;clown;0.165;6.990;0.00;true;false;120.4;0.52
8dir;558;acrobat;0.948;5.264;1.24;true;false;105.8;0.80
8dir;559;clown;0.165;6.990;0.00;true;false;120.7;0.53
8dir;559;acrobat;0.939;5.283;1.19;true;false;105.7;0.80
8dir;560;clown;0.165;6.990;0.00;true;false;121.0;0.53
8dir;560;acrobat;0.923;5.318;1.09;false;true;105.3;0.80
8dir;561;clown;0.165;6.990;0.00;true;false;121.1;0.54
8dir;561;acrobat;0.916;5.335;1.05;false;true;105.5;0.80
8dir;562;clown;0.165;6.990;0.00;true;false;121.2;0.54
8dir;562;acrobat;0.908;5.351;1.00;false;true;105.6;0.80
8dir;563;clown;0.165;6.990;0.00;true;false;121.3;0.54
8dir;563;acrobat;0.895;5.381;0.92;false;true;105.8;0.80
8dir;564;clown;0.165;6.990;0.00;true;false;121.4;0.54
8dir;564;acrobat;0.889;5.395;0.88;false;true;105.9;0.80
8dir;565;clown;0.165;6.990;0.00;true;false;121.4;0.55
8dir;565;acrobat;0.883;5.409;0.84;false;true;106.0;0.80
8dir;566;clown;0.165;6.990;0.00;false;false;120.9;0.55
8dir;566;acrobat;0.870;5.436;0.77;false;true;106.1;0.80
8dir;567;clown;0.165;6.990;0.00;false;false;121.0;0.55
8dir;567;acrobat;0.865;5.449;0.74;false;true;106.1;0.80
8dir;568;clown;0.165;6.990;0.00;false;false;121.0;0.55
8dir;568;acrobat;0.859;5.461;0.72;false;true;106.0;0.80
8dir;569;clown;0.156;6.990;0.50;false;false;120.9;0.48
8dir;569;acrobat;0.853;5.474;0.72;false;true;106.0;0.80
8dir;570;clown;0.112;6.990;1.50;false;false;120.4;0.36
8dir;570;acrobat;0.841;5.499;0.72;false;true;105.9;0.79
8dir;571;clown;0.078;6.990;2.00;false;false;120.2;0.31
8dir;571;acrobat;0.835;5.511;0.72;false;true;105.8;0.79
8dir;572;clown;0.037;6.990;2.40;false;true;120.0;0.26
8dir;572;acrobat;0.829;5.521;0.72;false;true;105.8;0.79
8dir;573;clown;-0.044;6.989;2.40;false;true;120.0;0.18
8dir;573;acrobat;0.818;5.541;0.72;false;true;105.7;0.78
8dir;574;clown;-0.085;6.989;2.40;false;true;119.8;0.14
8dir;574;acrobat;0.811;5.551;0.74;false;false;105.3;0.77
8dir;575;clown;-0.126;6.989;2.40;true;true;119.7;0.11
8dir;575;acrobat;0.805;5.561;0.76;false;false;105.3;0.77
8dir;576;clown;-0.208;6.989;2.40;true;true;119.3;0.06
8dir;576;acrobat;0.790;5.582;0.81;false;false;105.5;0.76
8dir;577;clown;-0.249;6.989;2.40;true;true;119.4;0.05
8dir;577;acrobat;0.782;5.593;0.84;false;false;105.5;0.75
8dir;578;clown;-0.331;6.988;2.40;true;false;118.9;0.03
8dir;578;acrobat;0.764;5.615;0.89;false;false;105.7;0.74
8dir;579;clown;-0.372;6.988;2.40;true;false;118.8;0.03
8dir;579;acrobat;0.754;5.626;0.92;true;false;105.7;0.73
8dir;580;clown;-0.454;6.988;2.40;false;false;118.4;0.01
8dir;580;acrobat;0.734;5.650;0.97;true;false;106.1;0.72
8dir;581;clown;-0.495;6.988;2.40;false;false;118.4;0.01
8dir;581;acrobat;0.722;5.662;1.00;true;false;106.2;0.72
8dir;582;clown;-0.576;6.988;2.40;false;false;118.6;-0.01
8dir;582;acrobat;0.699;5.686;1.05;true;false;106.4;0.70
8dir;583;clown;-0.616;6.988;2.40;false;false;118.7;-0.01
8dir;583;acrobat;0.686;5.699;1.08;true;false;106.5;0.70
8dir;584;clown;-0.696;6.988;2.40;false;true;119.2;-0.03
8dir;584;acrobat;0.658;5.725;1.13;true;false;106.5;0.69
8dir;585;clown;-0.736;6.988;2.40;false;true;119.5;-0.03
8dir;585;acrobat;0.643;5.738;1.16;true;false;106.5;0.68
8dir;586;clown;-0.816;6.988;2.40;false;true;119.9;-0.06
8dir;586;acrobat;0.612;5.765;1.20;true;true;106.5;0.67
8dir;587;clown;-0.856;6.988;2.40;true;true;119.8;-0.06
8dir;587;acrobat;0.596;5.778;1.23;true;true;106.4;0.66
8dir;588;clown;-0.936;6.989;2.40;true;true;119.9;-0.07
8dir;588;acrobat;0.562;5.805;1.28;true;true;106.4;0.65
8dir;589;clown;-0.976;6.989;2.40;true;false;119.6;-0.07
8dir;589;acrobat;0.544;5.818;1.30;false;true;106.2;0.64
8dir;590;clown;-1.012;6.989;2.40;true;false;119.8;-0.07
8dir;590;acrobat;0.526;5.832;1.31;false;true;106.3;0.63
8dir;591;clown;-1.087;6.989;2.40;true;false;119.9;-0.06
8dir;591;acrobat;0.489;5.859;1.35;false;true;106.4;0.62
8dir;592;clown;-1.125;6.990;2.40;true;false;119.8;-0.06
8dir;592;acrobat;0.471;5.871;1.37;false;true;106.5;0.61
8dir;593;clown;-1.163;6.990;2.40;false;false;119.6;-0.06
8dir;593;acrobat;0.453;5.884;1.39;false;true;106.5;0.60
8dir;594;clown;-1.201;6.990;2.40;false;false;119.7;-0.06
8dir;594;acrobat;0.434;5.896;1.42;false;true;106.5;0.59
8dir;595;clown;-1.239;6.990;2.40;false;false;119.8;-0.06
8dir;595;acrobat;0.415;5.909;1.44;false;true;106.4;0.58
8dir;596;clown;-1.315;6.991;2.40;false;false;120.3;-0.07
8dir;596;acrobat;0.373;5.935;1.48;false;false;106.0;0.56
8dir;597;clown;-1.353;6.991;2.40;false;true;120.4;-0.07
8dir;597;acrobat;0.352;5.948;1.50;false;false;106.0;0.55
8dir;598;clown;-1.390;6.991;2.40;false;true;120.7;-0.07
8dir;598;acrobat;0.329;5.962;1.51;false;false;106.0;0.55
8dir;599;clown;-1.466;6.992;2.40;false;true;121.5;-0.09
8dir;599;acrobat;0.284;5.988;1.54;false;false;106.1;0.53
8dir;600;clown;-1.499;6.992;2.40;false;true;121.7;-0.10
8dir;600;acrobat;0.262;6.000;1.55;false;false;106.1;0.53
8dir;601;clown;-1.534;6.993;2.40;false;true;121.7;-0.10
8dir;601;acrobat;0.240;6.013;1.56;false;false;106.2;0.52
8dir;602;clown;-1.605;6.993;2.40;true;true;121.9;-0.10
8dir;602;acrobat;0.194;6.037;1.59;true;false;106.4;0.51
8dir;603;clown;-1.641;6.994;2.40;true;false;121.6;-0.10
8dir;603;acrobat;0.171;6.049;1.61;true;false;106.6;0.51
8dir;604;clown;-1.676;6.994;2.40;true;false;121.9;-0.10
8dir;604;acrobat;0.147;6.061;1.62;true;false;106.7;0.51
8dir;605;clown;-1.712;6.994;2.40;true;false;122.0;-0.10
8dir;605;acrobat;0.123;6.072;1.63;true;false;106.7;0.51
8dir;606;clown;-1.783;6.995;2.40;true;false;122.2;-0.09
8dir;606;acrobat;0.074;6.096;1.66;true;false;106.7;0.50
8dir;607;clown;-1.819;6.995;2.40;true;false;122.0;-0.08
8dir;607;acrobat;0.048;6.108;1.67;true;false;106.6;0.50
8dir;608;clown;-1.854;6.996;2.40;false;false;121.8;-0.08
8dir;608;acrobat;0.023;6.120;1.68;true;true;106.4;0.50
8dir;609;clown;-1.890;6.996;2.40;false;false;121.9;-0.08
8dir;609;acrobat;-0.003;6.132;1.69;true;true;106.3;0.49
8dir;610;clown;-1.961;6.997;2.40;false;true;122.4;-0.09
8dir;610;acrobat;-0.051;6.153;1.71;false;true;106.2;0.48
8dir;611;clown;-1.988;6.997;1.90;false;true;122.6;-0.09
8dir;611;acrobat;-0.075;6.163;1.71;false;true;106.3;0.48
8dir;612;clown;-2.008;6.997;1.40;false;true;122.8;-0.09
8dir;612;acrobat;-0.099;6.174;1.69;false;true;106.4;0.47
8dir;613;clown;-2.019;6.998;0.90;false;true;122.8;-0.09
8dir;613;acrobat;-0.123;6.184;1.65;false;true;106.4;0.46
8dir;614;clown;-2.023;6.998;0.00;true;true;122.9;-0.08
8dir;614;acrobat;-0.167;6.202;1.54;false;true;106.4;0.45
8dir;615;clown;-2.023;6.998;0.00;true;true;122.7;-0.08
8dir;615;acrobat;-0.188;6.211;1.49;false;true;106.4;0.44
8dir;616;clown;-2.023;6.998;0.00;true;true;122.5;-0.08
8dir;616;acrobat;-0.208;6.220;1.43;false;true;106.2;0.44
8dir;617;clown;-2.023;6.998;0.00;true;true;122.2;-0.07
8dir;617;acrobat;-0.227;6.228;1.38;false;false;105.9;0.44
8dir;618;clown;-2.023;6.998;0.00;true;true;121.9;-0.07
8dir;618;acrobat;-0.246;6.236;1.33;false;false;105.9;0.44
8dir;619;clown;-2.023;6.998;0.00;true;true;121.6;-0.07
8dir;619;acrobat;-0.284;6.252;1.23;false;false;106.0;0.43
8dir;620;clown;-2.023;6.998;0.00;true;true;121.4;-0.06
8dir;620;acrobat;-0.302;6.260;1.18;false;false;106.0;0.43
8dir;621;clown;-2.023;6.998;0.00;true;true;121.1;-0.06
8dir;621;acrobat;-0.319;6.268;1.13;false;false;106.0;0.43
8dir;622;clown;-2.023;6.998;0.00;true;true;120.8;-0.05
8dir;622;acrobat;-0.336;6.275;1.09;false;false;106.0;0.43
8dir;623;clown;-2.023;6.998;0.00;true;true;120.7;-0.05
8dir;623;acrobat;-0.368;6.288;1.00;false;false;106.1;0.43
8dir;624;clown;-2.023;6.998;0.00;true;false;120.2;-0.05
8dir;624;acrobat;-0.383;6.295;0.96;true;false;106.1;0.43
8dir;625;clown;-2.023;6.998;0.00;true;false;120.1;-0.04
8dir;625;acrobat;-0.397;6.301;0.92;true;false;106.1;0.43
8dir;626;clown;-2.023;6.998;0.00;true;false;120.0;-0.04
8dir;626;acrobat;-0.411;6.307;0.89;true;false;106.2;0.43
8dir;627;clown;-2.023;6.998;0.00;true;false;120.1;-0.04
8dir;627;acrobat;-0.436;6.318;0.82;true;false;106.3;0.43
8dir;628;clown;-2.023;6.998;0.00;true;false;120.0;-0.04
8dir;628;acrobat;-0.449;6.323;0.78;true;false;106.3;0.43
8dir;629;clown;-2.027;6.994;0.71;false;false;119.8;-0.12
8dir;629;acrobat;-0.460;6.328;0.76;true;false;106.3;0.44
8dir;630;clown;-2.039;6.982;1.41;false;false;119.9;-0.18
8dir;630;acrobat;-0.472;6.333;0.74;true;false;106.4;0.44
8dir;631;clown;-2.058;6.963;2.12;false;false;120.1;-0.24
8dir;631;acrobat;-0.480;6.336;0.74;true;false;106.4;0.44
8dir;632;clown;-2.103;6.918;2.40;false;false;120.7;-0.33
8dir;632;acrobat;-0.498;6.343;0.76;true;false;106.4;0.43
8dir;633;clown;-2.125;6.896;2.40;false;true;120.8;-0.36
8dir;633;acrobat;-0.507;6.346;0.77;true;false;106.4;0.43
8dir;634;clown;-2.148;6.874;2.40;false;true;121.2;-0.39
8dir;634;acrobat;-0.516;6.349;0.78;true;false;106.3;0.43
8dir;635;clown;-2.170;6.851;2.40;false;true;121.5;-0.41
8dir;635;acrobat;-0.525;6.352;0.79;true;false;106.3;0.42
8dir;636;clown;-2.192;6.829;2.40;true;true;121.9;-0.44
8dir;636;acrobat;-0.535;6.355;0.80;true;false;106.2;0.42
8dir;637;clown;-2.237;6.785;2.40;true;true;122.3;-0.48
8dir;637;acrobat;-0.555;6.360;0.83;true;false;106.1;0.40
8dir;638;clown;-2.259;6.762;2.40;true;true;122.4;-0.49
8dir;638;acrobat;-0.565;6.363;0.84;true;false;106.0;0.39
8dir;639;clown;-2.281;6.740;2.40;true;true;122.5;-0.50
8dir;639;acrobat;-0.575;6.365;0.86;false;true;105.5;0.38
8dir;640;clown;-2.303;6.718;2.40;true;false;121.9;-0.50
8dir;640;acrobat;-0.586;6.367;0.87;false;true;105.6;0.37
8dir;641;clown;-2.348;6.673;2.40;true;false;121.9;-0.51
8dir;641;acrobat;-0.610;6.372;0.90;false;true;105.8;0.35
8dir;642;clown;-2.370;6.651;2.40;false;false;121.8;-0.51
8dir;642;acrobat;-0.623;6.374;0.92;false;true;105.9;0.34
8dir;643;clown;-2.393;6.629;2.40;false;false;121.9;-0.52
8dir;643;acrobat;-0.637;6.376;0.93;false;true;105.9;0.33
8dir;644;clown;-2.415;6.607;2.40;false;false;122.0;-0.52
8dir;644;acrobat;-0.651;6.378;0.94;false;true;106.0;0.32
8dir;645;clown;-2.460;6.562;2.40;false;true;122.4;-0.53
8dir;645;acrobat;-0.680;6.382;0.97;false;true;106.1;0.30
8dir;646;clown;-2.484;6.538;2.40;false;true;122.6;-0.54
8dir;646;acrobat;-0.694;6.383;0.99;false;true;106.1;0.28
8dir;647;clown;-2.510;6.511;2.40;false;true;122.7;-0.54
8dir;647;acrobat;-0.709;6.385;1.01;false;true;106.0;0.27
8dir;648;clown;-2.566;6.455;2.40;false;true;122.8;-0.55
8dir;648;acrobat;-0.741;6.386;1.06;false;true;106.0;0.24
8dir;649;clown;-2.595;6.426;2.40;false;true;122.5;-0.56
8dir;649;acrobat;-0.757;6.387;1.09;false;true;105.8;0.23
8dir;650;clown;-2.624;6.397;2.40;false;true;122.1;-0.56
8dir;650;acrobat;-0.774;6.387;1.12;false;true;105.7;0.21
8dir;651;clown;-2.681;6.339;2.40;true;false;121.4;-0.56
8dir;651;acrobat;-0.809;6.387;1.18;false;true;105.6;0.19
8dir;652;clown;-2.710;6.309;2.40;true;false;121.4;-0.56
8dir;652;acrobat;-0.827;6.386;1.21;false;false;105.1;0.18
8dir;653;clown;-2.739;6.280;2.40;true;false;121.4;-0.56
8dir;653;acrobat;-0.846;6.385;1.24;false;false;105.2;0.17
8dir;654;clown;-2.797;6.222;2.40;true;false;121.2;-0.56
8dir;654;acrobat;-0.884;6.383;1.29;false;false;105.3;0.14
8dir;655;clown;-2.825;6.192;2.40;true;false;120.8;-0.55
8dir;655;acrobat;-0.904;6.381;1.32;false;false;105.3;0.13
8dir;656;clown;-2.854;6.163;2.40;true;false;120.5;-0.55
8dir;656;acrobat;-0.924;6.379;1.35;true;false;105.4;0.12
8dir;657;clown;-2.883;6.134;2.40;false;false;120.0;-0.55
8dir;657;acrobat;-0.945;6.376;1.38;true;false;105.6;0.11
8dir;658;clown;-2.941;6.076;2.40;false;true;119.9;-0.56
8dir;658;acrobat;-0.983;6.371;1.44;true;false;106.0;0.09
8dir;659;clown;-2.970;6.046;2.40;false;true;120.0;-0.56
8dir;659;acrobat;-1.002;6.368;1.47;true;false;106.2;0.09
8dir;660;clown;-2.998;6.017;2.40;false;true;120.1;-0.56
8dir;660;acrobat;-1.021;6.365;1.50;true;false;106.4;0.08
8dir;661;clown;-3.028;5.988;2.40;false;true;120.0;-0.56
8dir;661;acrobat;-1.041;6.361;1.54;true;false;106.4;0.08
8dir;662;clown;-3.086;5.929;2.40;false;true;119.6;-0.58
8dir;662;acrobat;-1.082;6.353;1.61;true;false;106.5;0.07
8dir;663;clown;-3.115;5.900;2.40;false;true;119.1;-0.58
8dir;663;acrobat;-1.103;6.348;1.64;true;false;106.5;0.06
8dir;664;clown;-3.144;5.871;2.40;false;true;118.6;-0.58
8dir;664;acrobat;-1.124;6.343;1.67;true;false;106.5;0.05
8dir;665;clown;-3.201;5.813;2.40;true;false;117.8;-0.58
8dir;665;acrobat;-1.169;6.332;1.73;false;true;106.2;0.03
8dir;666;clown;-3.230;5.784;2.40;true;false;117.7;-0.58
8dir;666;acrobat;-1.192;6.326;1.76;false;true;106.5;0.03
8dir;667;clown;-3.259;5.755;2.40;true;false;117.6;-0.57
8dir;667;acrobat;-1.216;6.320;1.79;false;true;106.9;0.02
8dir;668;clown;-3.316;5.698;2.40;true;true;116.9;-0.57
8dir;668;acrobat;-1.263;6.306;1.84;false;true;107.4;-0.00
8dir;669;clown;-3.345;5.669;2.40;true;true;116.5;-0.56
8dir;669;acrobat;-1.288;6.299;1.86;false;true;107.6;-0.01
8dir;670;clown;-3.373;5.640;2.40;true;true;116.4;-0.56
8dir;670;acrobat;-1.312;6.291;1.89;false;true;107.8;-0.03
8dir;671;clown;-3.409;5.604;0.99;false;true;115.9;-0.56
8dir;671;acrobat;-1.361;6.275;1.87;false;true;107.9;-0.05
8dir;672;clown;-3.415;5.597;0.28;true;true;116.1;-0.55
8dir;672;acrobat;-1.385;6.268;1.83;false;true;107.9;-0.06
8dir;673;clown;-3.415;5.597;0.00;true;true;116.4;-0.55
8dir;673;acrobat;-1.430;6.253;1.71;true;false;107.8;-0.07
8dir;674;clown;-3.415;5.597;0.00;true;true;116.6;-0.54
8dir;674;acrobat;-1.451;6.246;1.66;true;false;108.2;-0.07
8dir;675;clown;-3.415;5.597;0.00;true;true;117.0;-0.53
8dir;675;acrobat;-1.491;6.233;1.55;true;false;108.6;-0.07
8dir;676;clown;-3.415;5.597;0.00;true;true;117.2;-0.52
8dir;676;acrobat;-1.510;6.227;1.50;true;false;108.9;-0.07
8dir;677;clown;-3.415;5.597;0.00;true;true;117.4;-0.52
8dir;677;acrobat;-1.529;6.221;1.45;true;false;109.1;-0.07
8dir;678;clown;-3.415;5.597;0.00;true;true;117.7;-0.51
8dir;678;acrobat;-1.563;6.209;1.36;true;false;109.2;-0.07
8dir;679;clown;-3.415;5.597;0.00;true;false;117.4;-0.50
8dir;679;acrobat;-1.580;6.204;1.32;true;false;109.3;-0.06
8dir;680;clown;-3.415;5.597;0.00;true;false;117.4;-0.50
8dir;680;acrobat;-1.595;6.199;1.28;true;false;109.3;-0.06
8dir;681;clown;-3.415;5.597;0.00;true;false;117.6;-0.50
8dir;681;acrobat;-1.625;6.189;1.20;true;false;109.2;-0.06
8dir;682;clown;-3.415;5.597;0.00;true;false;117.7;-0.50
8dir;682;acrobat;-1.639;6.185;1.17;true;false;109.2;-0.06
8dir;683;clown;-3.415;5.597;0.00;true;false;117.7;-0.49
8dir;683;acrobat;-1.652;6.181;1.13;false;false;108.8;-0.06
8dir;684;clown;-3.415;5.597;0.00;true;false;117.8;-0.49
8dir;684;acrobat;-1.665;6.176;1.10;false;true;108.9;-0.06
8dir;685;clown;-3.415;5.597;0.00;false;false;117.6;-0.49
8dir;685;acrobat;-1.690;6.168;1.03;false;true;109.3;-0.06
8dir;686;clown;-3.415;5.597;0.00;false;false;117.6;-0.49
8dir;686;acrobat;-1.701;6.165;1.00;false;true;109.5;-0.06
8dir;687;clown;-3.415;5.597;0.00;false;false;117.7;-0.49
8dir;687;acrobat;-1.713;6.161;0.97;false;true;109.6;-0.06
8dir;688;clown;-3.415;5.597;0.00;false;false;117.8;-0.48
8dir;688;acrobat;-1.734;6.154;0.92;false;true;109.9;-0.07
8dir;689;clown;-3.416;5.585;0.50;false;false;117.5;-0.53
8dir;689;acrobat;-1.744;6.151;0.90;false;true;110.0;-0.07
8dir;690;clown;-3.416;5.537;1.50;false;false;116.7;-0.60
8dir;690;acrobat;-1.763;6.144;0.89;false;true;110.2;-0.08
8dir;691;clown;-3.416;5.502;2.00;false;false;116.2;-0.62
8dir;691;acrobat;-1.773;6.141;0.90;false;true;110.2;-0.08
8dir;692;clown;-3.417;5.461;2.40;false;true;115.6;-0.63
8dir;692;acrobat;-1.783;6.137;0.91;false;true;110.3;-0.09
8dir;693;clown;-3.417;5.379;2.40;false;true;114.8;-0.66
8dir;693;acrobat;-1.802;6.128;0.94;false;true;110.3;-0.11
8dir;694;clown;-3.417;5.337;2.40;true;true;114.5;-0.67
8dir;694;acrobat;-1.813;6.123;0.96;false;true;110.3;-0.12
8dir;695;clown;-3.418;5.295;2.40;true;true;114.1;-0.67
8dir;695;acrobat;-1.823;6.118;0.97;false;true;110.3;-0.14
8dir;696;clown;-3.418;5.212;2.40;true;true;113.3;-0.68
8dir;696;acrobat;-1.844;6.106;1.01;false;true;110.2;-0.16
8dir;697;clown;-3.418;5.170;2.40;true;true;113.2;-0.68
8dir;697;acrobat;-1.854;6.100;1.04;false;false;110.0;-0.17
8dir;698;clown;-3.419;5.087;2.40;true;false;112.1;-0.68
8dir;698;acrobat;-1.876;6.086;1.08;false;false;110.1;-0.20
8dir;699;clown;-3.419;5.045;2.40;true;false;111.8;-0.68
8dir;699;acrobat;-1.887;6.078;1.11;true;false;110.4;-0.21
8dir;700;clown;-3.419;5.004;2.40;false;false;111.5;-0.68
8dir;700;acrobat;-1.899;6.070;1.13;true;false;110.7;-0.22
8dir;701;clown;-3.420;4.922;2.40;false;false;111.2;-0.68
8dir;701;acrobat;-1.921;6.053;1.18;true;false;111.1;-0.24
8dir;702;clown;-3.420;4.881;2.40;false;false;111.2;-0.69
8dir;702;acrobat;-1.933;6.044;1.20;true;false;111.4;-0.25
8dir;703;clown;-3.420;4.841;2.40;false;false;111.2;-0.69
8dir;703;acrobat;-1.946;6.033;1.23;true;false;111.6;-0.26
8dir;704;clown;-3.420;4.760;2.40;false;true;111.0;-0.69
8dir;704;acrobat;-1.973;6.010;1.27;true;false;111.8;-0.28
8dir;705;clown;-3.420;4.719;2.40;false;true;111.2;-0.69
8dir;705;acrobat;-1.988;5.997;1.29;true;false;111.9;-0.29
8dir;706;clown;-3.420;4.679;2.40;false;true;111.4;-0.69
8dir;706;acrobat;-2.003;5.983;1.31;true;false;111.9;-0.30
8dir;707;clown;-3.421;4.598;2.40;true;true;111.3;-0.69
8dir;707;acrobat;-2.035;5.951;1.34;true;false;111.6;-0.32
8dir;708;clown;-3.421;4.557;2.40;true;true;111.2;-0.69
8dir;708;acrobat;-2.051;5.934;1.36;true;false;111.6;-0.33
8dir;709;clown;-3.421;4.516;2.40;true;true;111.2;-0.69
8dir;709;acrobat;-2.068;5.917;1.37;true;false;111.5;-0.34
8dir;710;clown;-3.421;4.435;2.40;true;false;110.7;-0.69
8dir;710;acrobat;-2.101;5.879;1.40;false;true;110.8;-0.36
8dir;711;clown;-3.421;4.395;2.40;true;false;110.7;-0.70
8dir;711;acrobat;-2.118;5.860;1.41;false;true;111.1;-0.36
8dir;712;clown;-3.421;4.315;2.40;true;false;110.2;-0.70
8dir;712;acrobat;-2.151;5.820;1.43;false;true;111.2;-0.38
8dir;713;clown;-3.421;4.275;2.40;false;false;110.1;-0.70
8dir;713;acrobat;-2.167;5.800;1.44;false;true;111.3;-0.39
8dir;714;clown;-3.422;4.236;2.40;false;false;110.2;-0.70
8dir;714;acrobat;-2.183;5.779;1.45;false;true;111.4;-0.40
8dir;715;clown;-3.422;4.156;2.40;false;false;110.1;-0.70
8dir;715;acrobat;-2.215;5.737;1.48;false;true;111.3;-0.43
8dir;716;clown;-3.422;4.116;2.40;false;false;110.2;-0.70
8dir;716;acrobat;-2.231;5.715;1.49;false;true;111.3;-0.44
8dir;717;clown;-3.422;4.076;2.40;false;false;110.3;-0.70
8dir;717;acrobat;-2.247;5.693;1.50;false;true;111.2;-0.45
8dir;718;clown;-3.422;4.036;2.40;false;true;110.3;-0.70
8dir;718;acrobat;-2.262;5.670;1.52;false;true;111.0;-0.46
8dir;719;clown;-3.422;3.956;2.40;false;true;110.5;-0.71
8dir;719;acrobat;-2.293;5.624;1.54;false;false;110.2;-0.47
8dir;720;clown;-3.422;3.916;2.40;false;true;110.7;-0.71
8dir;720;acrobat;-2.308;5.601;1.55;true;false;110.2;-0.47
8dir;721;clown;-3.422;3.876;2.40;true;true;110.8;-0.71
8dir;721;acrobat;-2.323;5.578;1.57;true;false;110.5;-0.48
8dir;722;clown;-3.422;3.796;2.40;true;true;110.5;-0.71
8dir;722;acrobat;-2.353;5.530;1.60;true;false;110.6;-0.49
8dir;723;clown;-3.423;3.756;2.40;true;true;110.7;-0.71
8dir;723;acrobat;-2.368;5.505;1.61;true;false;110.8;-0.49
8dir;724;clown;-3.423;3.716;2.40;true;false;110.4;-0.71
8dir;724;acrobat;-2.383;5.480;1.62;true;false;110.8;-0.50
8dir;725;clown;-3.423;3.636;2.40;true;false;110.0;-0.71
8dir;725;acrobat;-2.411;5.429;1.65;true;false;110.6;-0.50
8dir;726;clown;-3.423;3.596;2.40;true;false;110.0;-0.71
8dir;726;acrobat;-2.426;5.403;1.67;true;false;110.5;-0.50
8dir;727;clown;-3.423;3.556;2.40;false;false;109.9;-0.71
8dir;727;acrobat;-2.440;5.376;1.68;true;false;110.3;-0.50
8dir;728;clown;-3.423;3.516;2.40;false;false;110.0;-0.71
8dir;728;acrobat;-2.454;5.349;1.69;true;false;110.0;-0.51
8dir;729;clown;-3.423;3.436;2.40;false;false;109.8;-0.71
8dir;729;acrobat;-2.482;5.294;1.71;false;true;109.2;-0.51
8dir;730;clown;-3.423;3.396;2.40;false;false;110.0;-0.71
8dir;730;acrobat;-2.495;5.267;1.73;false;true;109.4;-0.52
8dir;731;clown;-3.423;3.364;1.90;false;false;110.1;-0.71
8dir;731;acrobat;-2.509;5.239;1.72;false;true;109.5;-0.52
8dir;732;clown;-3.423;3.340;1.40;false;true;110.2;-0.71
8dir;732;acrobat;-2.522;5.211;1.70;false;true;109.6;-0.53
8dir;733;clown;-3.424;3.319;0.40;false;true;110.4;-0.71
8dir;733;acrobat;-2.547;5.158;1.60;false;true;109.4;-0.54
8dir;734;clown;-3.424;3.319;0.00;true;true;110.8;-0.71
8dir;734;acrobat;-2.559;5.133;1.53;false;true;109.4;-0.54
8dir;735;clown;-3.424;3.319;0.00;true;true;111.1;-0.70
8dir;735;acrobat;-2.571;5.108;1.46;false;true;109.3;-0.55
8dir;736;clown;-3.424;3.319;0.00;true;true;111.4;-0.70
8dir;736;acrobat;-2.582;5.085;1.40;true;true;109.2;-0.55
8dir;737;clown;-3.424;3.319;0.00;true;true;111.5;-0.69
8dir;737;acrobat;-2.603;5.040;1.28;true;true;108.8;-0.55
8dir;738;clown;-3.424;3.319;0.00;true;true;111.7;-0.68
8dir;738;acrobat;-2.613;5.019;1.22;true;true;108.9;-0.55
8dir;739;clown;-3.424;3.319;0.00;true;true;111.8;-0.68
8dir;739;acrobat;-2.622;4.999;1.16;true;false;108.6;-0.55
8dir;740;clown;-3.424;3.319;0.00;true;true;112.0;-0.67
8dir;740;acrobat;-2.632;4.980;1.11;true;false;108.7;-0.55
8dir;741;clown;-3.424;3.319;0.00;true;true;111.9;-0.66
8dir;741;acrobat;-2.649;4.943;1.01;true;false;108.5;-0.55
8dir;742;clown;-3.424;3.319;0.00;true;true;112.0;-0.66
8dir;742;acrobat;-2.657;4.927;0.96;true;false;108.7;-0.55
8dir;743;clown;-3.424;3.319;0.00;true;true;112.2;-0.66
8dir;743;acrobat;-2.664;4.912;0.92;true;false;108.8;-0.55
8dir;744;clown;-3.424;3.319;0.00;true;true;112.3;-0.65
8dir;744;acrobat;-2.671;4.897;0.88;true;false;108.9;-0.55
8dir;745;clown;-3.424;3.319;0.00;true;true;112.2;-0.65
8dir;745;acrobat;-2.684;4.870;0.80;true;false;108.8;-0.55
8dir;746;clown;-3.424;3.319;0.00;true;false;112.0;-0.65
8dir;746;acrobat;-2.691;4.857;0.76;true;false;108.8;-0.55
8dir;747;clown;-3.424;3.319;0.00;true;false;112.1;-0.65
8dir;747;acrobat;-2.697;4.845;0.73;true;false;108.8;-0.54
8dir;748;clown;-3.424;3.319;0.00;true;false;112.3;-0.65
8dir;748;acrobat;-2.703;4.832;0.72;true;false;108.8;-0.54
8dir;749;clown;-3.400;3.294;1.41;false;false;112.1;-0.64
8dir;749;acrobat;-2.714;4.808;0.72;false;false;108.2;-0.54
8dir;750;clown;-3.375;3.270;2.12;false;false;112.2;-0.63
8dir;750;acrobat;-2.720;4.795;0.72;false;false;108.3;-0.54
8dir;751;clown;-3.347;3.242;2.40;false;false;112.3;-0.62
8dir;751;acrobat;-2.725;4.783;0.72;false;false;108.4;-0.55
8dir;752;clown;-3.292;3.186;2.40;false;true;112.4;-0.59
8dir;752;acrobat;-2.734;4.757;0.72;false;false;108.4;-0.55
8dir;753;clown;-3.264;3.159;2.40;false;true;112.7;-0.58
8dir;753;acrobat;-2.739;4.744;0.72;false;false;108.5;-0.56
8dir;754;clown;-3.236;3.131;2.40;false;true;112.9;-0.57
8dir;754;acrobat;-2.743;4.731;0.72;false;false;108.6;-0.56
8dir;755;clown;-3.181;3.075;2.40;false;true;113.0;-0.53
8dir;755;acrobat;-2.750;4.704;0.72;false;false;108.6;-0.57
8dir;756;clown;-3.153;3.047;2.40;false;true;112.9;-0.52
8dir;756;acrobat;-2.754;4.691;0.73;false;true;108.7;-0.58
8dir;757;clown;-3.125;3.019;2.40;true;true;112.7;-0.52
8dir;757;acrobat;-2.757;4.677;0.75;false;true;108.8;-0.58
8dir;758;clown;-3.098;2.992;2.40;true;false;112.6;-0.51
8dir;758;acrobat;-2.760;4.663;0.77;false;true;108.9;-0.59
8dir;759;clown;-3.042;2.936;2.40;true;false;112.8;-0.50
8dir;759;acrobat;-2.765;4.633;0.80;false;true;108.9;-0.60
8dir;760;clown;-3.014;2.908;2.40;true;false;113.0;-0.51
8dir;760;acrobat;-2.767;4.618;0.82;false;true;109.0;-0.60
8dir;761;clown;-2.987;2.880;2.40;true;false;113.0;-0.51
8dir;761;acrobat;-2.769;4.602;0.84;false;true;109.1;-0.60
8dir;762;clown;-2.931;2.824;2.40;true;false;112.7;-0.51
8dir;762;acrobat;-2.773;4.569;0.89;false;true;109.1;-0.61
8dir;763;clown;-2.903;2.796;2.40;false;false;112.5;-0.51
8dir;763;acrobat;-2.774;4.553;0.91;false;true;109.1;-0.62
8dir;764;clown;-2.875;2.768;2.40;false;false;112.6;-0.51
8dir;764;acrobat;-2.775;4.535;0.93;false;true;109.1;-0.62
8dir;765;clown;-2.820;2.713;2.40;false;true;112.8;-0.51
8dir;765;acrobat;-2.776;4.500;0.97;false;true;108.9;-0.62
8dir;766;clown;-2.792;2.685;2.40;false;true;113.1;-0.51
8dir;766;acrobat;-2.777;4.482;1.00;false;true;108.9;-0.62
8dir;767;clown;-2.736;2.629;2.40;false;true;113.1;-0.50
8dir;767;acrobat;-2.776;4.447;1.05;true;true;108.7;-0.63
8dir;768;clown;-2.709;2.601;2.40;false;true;113.2;-0.50
8dir;768;acrobat;-2.776;4.430;1.07;true;true;108.7;-0.63
8dir;769;clown;-2.681;2.573;2.40;false;true;113.1;-0.50
8dir;769;acrobat;-2.775;4.411;1.10;true;true;108.8;-0.63
8dir;770;clown;-2.653;2.545;2.40;false;true;113.0;-0.50
8dir;770;acrobat;-2.774;4.393;1.13;true;false;108.6;-0.62
8dir;771;clown;-2.597;2.489;2.40;true;false;112.8;-0.50
8dir;771;acrobat;-2.770;4.354;1.18;true;false;108.7;-0.63
8dir;772;clown;-2.570;2.462;2.40;true;false;113.0;-0.50
8dir;772;acrobat;-2.768;4.334;1.21;true;false;108.8;-0.63
8dir;773;clown;-2.514;2.406;2.40;true;false;113.1;-0.51
8dir;773;acrobat;-2.763;4.293;1.26;true;false;108.9;-0.63
8dir;774;clown;-2.486;2.378;2.40;true;false;113.2;-0.52
8dir;774;acrobat;-2.760;4.272;1.29;true;false;108.9;-0.63
8dir;775;clown;-2.458;2.350;2.40;true;false;113.1;-0.52
8dir;775;acrobat;-2.757;4.251;1.31;true;false;108.9;-0.62
8dir;776;clown;-2.402;2.294;2.40;false;false;112.6;-0.53
8dir;776;acrobat;-2.750;4.207;1.36;true;false;108.7;-0.62
8dir;777;clown;-2.375;2.266;2.40;false;false;112.7;-0.53
8dir;777;acrobat;-2.745;4.185;1.39;false;false;108.2;-0.62
8dir;778;clown;-2.347;2.238;2.40;false;true;112.8;-0.53
8dir;778;acrobat;-2.741;4.162;1.41;false;false;108.3;-0.62
8dir;779;clown;-2.291;2.182;2.40;false;true;113.1;-0.53
8dir;779;acrobat;-2.731;4.115;1.46;false;false;108.3;-0.62
8dir;780;clown;-2.263;2.154;2.40;false;true;113.3;-0.53
8dir;780;acrobat;-2.725;4.092;1.48;false;false;108.4;-0.62
8dir;781;clown;-2.235;2.126;2.40;false;true;113.4;-0.52
8dir;781;acrobat;-2.719;4.068;1.50;false;true;108.5;-0.61
8dir;782;clown;-2.180;2.070;2.40;false;true;113.1;-0.52
8dir;782;acrobat;-2.706;4.019;1.55;false;true;108.8;-0.61
8dir;783;clown;-2.152;2.042;2.40;false;true;113.0;-0.52
8dir;783;acrobat;-2.700;3.994;1.57;false;true;109.0;-0.61
8dir;784;clown;-2.124;2.014;2.40;true;false;112.7;-0.52
8dir;784;acrobat;-2.692;3.969;1.59;false;true;109.1;-0.61
8dir;785;clown;-2.068;1.958;2.40;true;false;113.0;-0.52
8dir;785;acrobat;-2.677;3.918;1.63;false;true;109.1;-0.60
8dir;786;clown;-2.040;1.930;2.40;true;false;113.2;-0.53
8dir;786;acrobat;-2.669;3.892;1.65;false;true;109.1;-0.60
8dir;787;clown;-2.012;1.902;2.40;true;false;113.3;-0.53
8dir;787;acrobat;-2.660;3.866;1.67;false;true;109.0;-0.60
8dir;788;clown;-1.984;1.874;2.40;true;false;113.3;-0.54
8dir;788;acrobat;-2.651;3.839;1.69;false;true;108.9;-0.59
8dir;789;clown;-1.928;1.818;2.40;true;false;113.0;-0.55
8dir;789;acrobat;-2.633;3.786;1.73;true;false;108.2;-0.59
8dir;790;clown;-1.900;1.790;2.40;false;false;112.7;-0.55
8dir;790;acrobat;-2.623;3.759;1.74;true;false;108.4;-0.59
8dir;791;clown;-1.881;1.770;1.69;false;false;112.8;-0.55
8dir;791;acrobat;-2.613;3.732;1.74;true;false;108.6;-0.58
8dir;792;clown;-1.866;1.755;0.28;false;true;113.0;-0.54
8dir;792;acrobat;-2.594;3.681;1.64;true;false;108.9;-0.58
8dir;793;clown;-1.866;1.755;0.00;true;true;113.3;-0.54
8dir;793;acrobat;-2.584;3.656;1.58;true;false;109.0;-0.58
8dir;794;clown;-1.866;1.755;0.00;true;true;113.6;-0.54
8dir;794;acrobat;-2.576;3.633;1.52;true;false;109.0;-0.58
8dir;795;clown;-1.866;1.755;0.00;true;true;113.8;-0.54
8dir;795;acrobat;-2.567;3.611;1.46;true;false;109.0;-0.58
8dir;796;clown;-1.866;1.755;0.00;true;true;114.2;-0.53
8dir;796;acrobat;-2.552;3.569;1.34;true;false;108.9;-0.59
8dir;797;clown;-1.866;1.755;0.00;true;true;114.4;-0.53
8dir;797;acrobat;-2.544;3.549;1.29;true;false;108.8;-0.58
8dir;798;clown;-1.866;1.755;0.00;true;true;114.6;-0.53
8dir;798;acrobat;-2.537;3.530;1.24;true;false;108.6;-0.58
8dir;799;clown;-1.866;1.755;0.00;true;true;114.8;-0.52
8dir;799;acrobat;-2.530;3.511;1.19;false;false;108.2;-0.58
8dir;800;clown;-1.866;1.755;0.00;true;true;115.0;-0.52
8dir;800;acrobat;-2.517;3.477;1.10;false;false;108.3;-0.58
8dir;801;clown;-1.866;1.755;0.00;true;true;115.1;-0.52
8dir;801;acrobat;-2.511;3.461;1.06;false;false;108.4;-0.58
8dir;802;clown;-1.866;1.755;0.00;true;true;115.2;-0.52
8dir;802;acrobat;-2.506;3.445;1.02;false;true;108.4;-0.58
8dir;803;clown;-1.866;1.755;0.00;true;true;115.4;-0.51
8dir;803;acrobat;-2.500;3.430;0.98;false;true;108.6;-0.58
8dir;804;clown;-1.866;1.755;0.00;true;true;115.5;-0.51
8dir;804;acrobat;-2.489;3.402;0.90;false;true;108.8;-0.58
8dir;805;clown;-1.866;1.755;0.00;true;true;115.6;-0.51
8dir;805;acrobat;-2.484;3.389;0.86;false;true;109.0;-0.58
8dir;806;clown;-1.866;1.755;0.00;true;true;115.7;-0.51
8dir;806;acrobat;-2.480;3.376;0.83;false;true;109.1;-0.58
8dir;807;clown;-1.866;1.755;0.00;false;false;115.4;-0.50
8dir;807;acrobat;-2.471;3.352;0.77;false;true;109.1;-0.58
8dir;808;clown;-1.866;1.755;0.00;false;false;115.6;-0.50
8dir;808;acrobat;-2.467;3.341;0.74;false;true;109.2;-0.58
tab;809;clown;-1.875;1.775;0.72;false;false;115.6;-0.01
tab;809;acrobat;-2.459;3.326;0.85;false;true;109.2;-0.56
tab;810;clown;-1.884;1.798;0.72;true;false;115.5;0.42
tab;810;acrobat;-2.418;3.279;2.26;false;true;109.0;-0.53
tab;811;clown;-1.888;1.809;0.72;true;false;115.6;0.57
tab;811;acrobat;-2.390;3.251;2.40;false;true;108.8;-0.51
tab;812;clown;-1.892;1.820;0.72;true;true;115.6;0.67
tab;812;acrobat;-2.362;3.223;2.40;false;false;108.2;-0.50
tab;813;clown;-1.900;1.843;0.72;true;true;115.6;0.79
tab;813;acrobat;-2.307;3.168;2.40;true;false;108.5;-0.48
tab;814;clown;-1.900;1.846;0.19;true;true;115.9;0.80
tab;814;acrobat;-2.279;3.140;2.40;true;false;108.8;-0.47
tab;815;clown;-1.900;1.846;0.00;true;true;116.1;0.80
tab;815;acrobat;-2.251;3.112;2.40;true;false;108.9;-0.47
tab;816;clown;-1.900;1.846;0.00;true;true;116.4;0.80
tab;816;acrobat;-2.196;3.056;2.40;true;false;108.9;-0.47
tab;817;clown;-1.900;1.846;0.00;true;true;116.6;0.80
tab;817;acrobat;-2.168;3.029;2.40;true;false;108.8;-0.47
tab;818;clown;-1.900;1.846;0.00;true;true;116.8;0.80
tab;818;acrobat;-2.140;3.001;2.40;true;false;108.6;-0.47
tab;819;clown;-1.900;1.846;0.00;true;true;117.0;0.80
tab;819;acrobat;-2.113;2.973;2.40;false;false;108.2;-0.47
tab;820;clown;-1.900;1.846;0.00;true;true;117.2;0.80
tab;820;acrobat;-2.085;2.945;2.40;false;true;108.2;-0.46
tab;821;clown;-1.900;1.846;0.00;true;true;117.2;0.80
tab;821;acrobat;-2.029;2.889;2.40;false;true;108.7;-0.47
tab;822;clown;-1.900;1.846;0.00;true;true;117.3;0.81
tab;822;acrobat;-2.001;2.861;2.40;false;true;108.8;-0.46
tab;823;clown;-1.900;1.846;0.00;true;true;117.3;0.81
tab;823;acrobat;-1.974;2.833;2.40;false;true;108.8;-0.46
tab;824;clown;-1.900;1.846;0.00;true;true;117.4;0.81
tab;824;acrobat;-1.946;2.805;2.40;false;true;108.8;-0.45
tab;825;clown;-1.900;1.846;0.00;false;true;117.0;0.81
tab;825;acrobat;-1.890;2.750;2.40;false;true;108.4;-0.45
tab;826;clown;-1.900;1.846;0.00;false;false;117.0;0.81
tab;826;acrobat;-1.862;2.722;2.40;false;false;108.0;-0.45
tab;827;clown;-1.900;1.846;0.00;false;false;117.1;0.81
tab;827;acrobat;-1.834;2.694;2.40;true;false;108.1;-0.45
tab;828;clown;-1.900;1.846;0.00;false;false;117.2;0.81
tab;828;acrobat;-1.807;2.666;2.40;true;false;108.3;-0.45
tab;829;clown;-1.900;1.846;0.00;false;false;117.3;0.81
tab;829;acrobat;-1.751;2.610;2.40;true;false;108.7;-0.46
tab;830;clown;-1.900;1.846;0.00;false;false;117.4;0.81
tab;830;acrobat;-1.723;2.582;2.40;true;false;108.7;-0.47
tab;831;clown;-1.900;1.846;0.00;false;false;117.4;0.82
tab;831;acrobat;-1.695;2.554;2.40;true;false;108.7;-0.48
tab;832;clown;-1.900;1.846;0.00;false;false;117.5;0.82
tab;832;acrobat;-1.667;2.526;2.40;true;false;108.6;-0.48
tab;833;clown;-1.900;1.846;0.00;false;false;117.6;0.82
tab;833;acrobat;-1.612;2.470;2.40;false;false;107.9;-0.48
tab;834;clown;-1.900;1.846;0.00;false;false;117.6;0.82
tab;834;acrobat;-1.584;2.442;2.40;false;true;108.0;-0.49
tab;835;clown;-1.900;1.846;0.00;false;false;117.6;0.82
tab;835;acrobat;-1.556;2.414;2.40;false;true;108.2;-0.49
tab;836;clown;-1.900;1.846;0.00;false;false;117.6;0.82
tab;836;acrobat;-1.528;2.386;2.40;false;true;108.4;-0.49
tab;837;clown;-1.900;1.846;0.00;false;false;117.6;0.82
tab;837;acrobat;-1.472;2.330;2.40;false;true;108.6;-0.49
tab;838;clown;-1.900;1.846;0.00;false;false;117.6;0.83
tab;838;acrobat;-1.444;2.302;2.40;false;true;108.5;-0.48
tab;839;clown;-1.900;1.846;0.00;false;false;117.6;0.83
tab;839;acrobat;-1.417;2.274;2.40;false;true;108.4;-0.48
tab;840;clown;-1.900;1.846;0.00;false;false;117.7;0.83
tab;840;acrobat;-1.389;2.246;2.40;false;true;108.2;-0.48
tab;841;clown;-1.900;1.846;0.00;false;false;117.6;0.83
tab;841;acrobat;-1.333;2.190;2.40;true;false;107.8;-0.48
tab;842;clown;-1.900;1.846;0.00;false;false;117.6;0.84
tab;842;acrobat;-1.305;2.162;2.40;true;false;108.0;-0.49
tab;843;clown;-1.900;1.846;0.00;false;false;117.6;0.85
tab;843;acrobat;-1.277;2.134;2.40;true;false;108.2;-0.49
tab;844;clown;-1.900;1.846;0.00;false;false;117.6;0.86
tab;844;acrobat;-1.249;2.106;2.40;true;false;108.4;-0.50
tab;845;clown;-1.900;1.846;0.00;false;false;117.5;0.87
tab;845;acrobat;-1.193;2.050;2.40;true;false;108.4;-0.51
tab;846;clown;-1.900;1.846;0.00;false;false;117.5;0.87
tab;846;acrobat;-1.165;2.022;2.40;true;false;108.2;-0.51
tab;847;clown;-1.900;1.846;0.00;false;false;117.5;0.88
tab;847;acrobat;-1.137;1.994;2.40;true;false;108.1;-0.52
tab;848;clown;-1.900;1.846;0.00;false;false;117.6;0.88
tab;848;acrobat;-1.109;1.966;2.40;false;false;107.7;-0.52
tab;849;clown;-1.900;1.846;0.00;false;false;117.5;0.89
tab;849;acrobat;-1.054;1.910;2.40;false;true;107.9;-0.52
tab;850;clown;-1.900;1.846;0.00;false;false;117.5;0.89
tab;850;acrobat;-1.026;1.882;2.40;false;true;108.1;-0.52
tab;851;clown;-1.900;1.846;0.00;false;false;117.5;0.89
tab;851;acrobat;-0.998;1.854;2.40;false;true;108.2;-0.52
tab;852;clown;-1.900;1.846;0.00;false;false;117.5;0.89
tab;852;acrobat;-0.970;1.826;2.40;false;true;108.2;-0.52
tab;853;clown;-1.900;1.846;0.00;false;false;117.4;0.90
tab;853;acrobat;-0.914;1.770;2.40;false;true;108.0;-0.51
tab;854;clown;-1.900;1.846;0.00;false;true;117.4;0.90
tab;854;acrobat;-0.886;1.741;2.40;false;true;107.8;-0.51
tab;855;clown;-1.900;1.846;0.00;true;true;117.4;0.90
tab;855;acrobat;-0.858;1.713;2.40;false;false;107.4;-0.51
tab;856;clown;-1.900;1.846;0.00;true;true;117.3;0.90
tab;856;acrobat;-0.830;1.685;2.40;true;false;107.5;-0.51
tab;857;clown;-1.900;1.846;0.00;true;true;117.3;0.90
tab;857;acrobat;-0.774;1.629;2.40;true;false;107.9;-0.52
tab;858;clown;-1.900;1.846;0.00;true;true;117.3;0.90
tab;858;acrobat;-0.746;1.601;2.40;true;false;108.0;-0.53
tab;859;clown;-1.900;1.846;0.00;true;true;117.3;0.90
tab;859;acrobat;-0.718;1.573;2.40;true;false;108.0;-0.53
tab;860;clown;-1.900;1.846;0.00;true;true;117.2;0.90
tab;860;acrobat;-0.662;1.517;2.40;true;false;107.8;-0.55
tab;861;clown;-1.900;1.846;0.00;true;true;117.1;0.90
tab;861;acrobat;-0.634;1.488;2.40;true;false;107.7;-0.55
tab;862;clown;-1.900;1.846;0.00;true;true;117.1;0.90
tab;862;acrobat;-0.605;1.460;2.40;false;false;107.3;-0.55
tab;863;clown;-1.900;1.846;0.00;true;true;117.1;0.90
tab;863;acrobat;-0.577;1.432;2.40;false;true;107.3;-0.55
tab;864;clown;-1.892;1.842;0.55;true;true;117.0;0.85
tab;864;acrobat;-0.521;1.376;2.40;false;true;107.7;-0.55
tab;865;clown;-1.881;1.839;0.72;true;true;117.0;0.77
tab;865;acrobat;-0.493;1.347;2.40;false;true;107.8;-0.55
tab;866;clown;-1.871;1.835;0.72;true;true;117.0;0.68
tab;866;acrobat;-0.465;1.319;2.40;false;true;107.8;-0.55
tab;867;clown;-1.860;1.831;0.72;true;true;116.9;0.58
tab;867;acrobat;-0.437;1.291;2.40;false;true;107.7;-0.54
tab;868;clown;-1.839;1.823;0.72;true;false;116.3;0.40
tab;868;acrobat;-0.381;1.234;2.40;false;true;107.4;-0.54
tab;869;clown;-1.829;1.818;0.72;false;false;116.2;0.32
tab;869;acrobat;-0.353;1.206;2.40;false;false;107.0;-0.54
tab;870;clown;-1.818;1.814;0.72;false;false;116.2;0.25
tab;870;acrobat;-0.325;1.178;2.40;true;false;107.0;-0.54
tab;871;clown;-1.808;1.809;0.72;false;false;116.2;0.19
tab;871;acrobat;-0.296;1.150;2.40;true;false;107.2;-0.54
tab;872;clown;-1.787;1.800;0.72;false;false;116.2;0.09
tab;872;acrobat;-0.240;1.093;2.40;true;false;107.5;-0.55
tab;873;clown;-1.777;1.795;0.72;false;false;116.3;0.05
tab;873;acrobat;-0.212;1.065;2.40;true;false;107.5;-0.56
tab;874;clown;-1.766;1.790;0.78;false;false;116.3;0.02
tab;874;acrobat;-0.184;1.037;2.40;true;false;107.5;-0.57
tab;875;clown;-1.753;1.784;0.84;false;false;116.4;-0.01
tab;875;acrobat;-0.156;1.009;2.40;true;false;107.4;-0.57
tab;876;clown;-1.727;1.771;0.96;false;false;116.5;-0.05
tab;876;acrobat;-0.100;0.952;2.40;false;false;106.8;-0.57
tab;877;clown;-1.712;1.764;1.01;false;false;116.5;-0.07
tab;877;acrobat;-0.071;0.924;2.40;false;true;106.8;-0.57
tab;878;clown;-1.697;1.756;1.06;false;false;116.6;-0.09
tab;878;acrobat;-0.043;0.901;1.70;false;true;107.0;-0.51
tab;879;clown;-1.665;1.739;1.13;false;false;116.5;-0.11
tab;879;acrobat;0.013;0.901;1.70;false;true;107.5;-0.41
tab;880;clown;-1.649;1.731;1.14;false;false;116.6;-0.12
tab;880;acrobat;0.041;0.901;1.70;false;true;107.7;-0.36
tab;881;clown;-1.632;1.723;1.16;true;false;116.6;-0.13
tab;881;acrobat;0.070;0.901;1.70;false;true;107.9;-0.32
tab;882;clown;-1.615;1.714;1.18;true;false;116.7;-0.13
tab;882;acrobat;0.098;0.901;1.70;false;true;108.0;-0.28
tab;883;clown;-1.580;1.698;1.21;true;false;116.9;-0.14
tab;883;acrobat;0.154;0.901;1.70;false;true;108.0;-0.21
tab;884;clown;-1.562;1.690;1.22;true;false;117.1;-0.14
tab;884;acrobat;0.182;0.901;1.70;false;true;107.9;-0.19
tab;885;clown;-1.544;1.681;1.23;true;false;117.2;-0.15
tab;885;acrobat;0.211;0.901;1.70;false;false;107.5;-0.16
tab;886;clown;-1.526;1.673;1.25;true;false;117.2;-0.15
tab;886;acrobat;0.239;0.901;1.70;true;false;107.6;-0.15
tab;887;clown;-1.488;1.657;1.28;true;false;117.2;-0.16
tab;887;acrobat;0.295;0.901;1.70;true;false;108.1;-0.13
tab;888;clown;-1.469;1.648;1.29;true;false;117.2;-0.16
tab;888;acrobat;0.323;0.901;1.70;true;false;108.3;-0.12
tab;889;clown;-1.450;1.640;1.30;true;true;117.1;-0.15
tab;889;acrobat;0.352;0.901;1.70;true;false;108.5;-0.11
tab;890;clown;-1.410;1.624;1.32;true;true;116.9;-0.15
tab;890;acrobat;0.408;0.901;1.70;true;false;108.7;-0.12
tab;891;clown;-1.390;1.616;1.34;true;true;117.1;-0.15
tab;891;acrobat;0.436;0.900;1.71;true;false;108.7;-0.12
tab;892;clown;-1.370;1.608;1.35;false;true;116.8;-0.14
tab;892;acrobat;0.465;0.895;1.76;true;false;108.6;-0.14
tab;893;clown;-1.349;1.600;1.36;false;true;116.9;-0.14
tab;893;acrobat;0.494;0.887;1.84;true;false;108.5;-0.16
tab;894;clown;-1.329;1.592;1.38;false;true;117.0;-0.14
tab;894;acrobat;0.524;0.876;1.92;false;false;108.0;-0.19
tab;895;clown;-1.286;1.575;1.43;false;true;117.0;-0.12
tab;895;acrobat;0.584;0.840;2.20;false;true;108.0;-0.27
tab;896;clown;-1.264;1.566;1.46;false;true;117.0;-0.12
tab;896;acrobat;0.614;0.813;2.40;false;true;108.2;-0.32
tab;897;clown;-1.241;1.557;1.50;false;true;116.9;-0.11
tab;897;acrobat;0.642;0.785;2.40;false;true;108.3;-0.37
tab;898;clown;-1.195;1.538;1.55;false;true;116.7;-0.11
tab;898;acrobat;0.699;0.728;2.40;false;true;108.3;-0.43
tab;899;clown;-1.171;1.528;1.58;false;false;116.3;-0.11
tab;899;acrobat;0.727;0.699;2.40;false;true;108.1;-0.45
tab;900;clown;-1.147;1.517;1.61;false;false;116.4;-0.11
tab;900;acrobat;0.755;0.671;2.40;false;true;107.9;-0.47
tab;901;clown;-1.123;1.506;1.64;false;false;116.4;-0.12
tab;901;acrobat;0.783;0.643;2.40;true;true;107.7;-0.49
tab;902;clown;-1.074;1.484;1.69;false;false;116.5;-0.12
tab;902;acrobat;0.840;0.586;2.40;true;false;107.6;-0.51
tab;903;clown;-1.048;1.472;1.71;false;false;116.6;-0.13
tab;903;acrobat;0.868;0.557;2.40;true;false;107.7;-0.52
tab;904;clown;-1.023;1.459;1.74;true;false;116.7;-0.13
tab;904;acrobat;0.896;0.529;2.40;true;false;107.7;-0.54
tab;905;clown;-0.997;1.447;1.76;true;false;116.9;-0.13
tab;905;acrobat;0.925;0.501;2.40;true;false;107.6;-0.55
tab;906;clown;-0.944;1.421;1.80;true;false;117.2;-0.15
tab;906;acrobat;0.981;0.444;2.40;true;false;107.2;-0.57
tab;907;clown;-0.918;1.407;1.82;true;false;117.3;-0.16
tab;907;acrobat;1.009;0.415;2.40;false;false;106.9;-0.57
tab;908;clown;-0.891;1.393;1.84;true;false;117.4;-0.17
tab;908;acrobat;1.038;0.387;2.40;false;false;106.9;-0.58
tab;909;clown;-0.864;1.379;1.86;true;false;117.4;-0.18
tab;909;acrobat;1.066;0.359;2.40;false;false;106.9;-0.58
tab;910;clown;-0.837;1.365;1.88;true;false;117.3;-0.18
tab;910;acrobat;1.094;0.330;2.40;false;true;106.9;-0.58
tab;911;clown;-0.782;1.335;1.91;true;true;117.0;-0.19
tab;911;acrobat;1.150;0.274;2.40;false;true;107.2;-0.59
tab;912;clown;-0.754;1.319;1.93;false;true;116.8;-0.19
tab;912;acrobat;1.178;0.245;2.40;false;true;107.3;-0.58
tab;913;clown;-0.726;1.304;1.95;false;true;117.0;-0.20
tab;913;acrobat;1.206;0.217;2.40;false;true;107.3;-0.58
tab;914;clown;-0.670;1.272;1.98;false;true;117.1;-0.20
tab;914;acrobat;1.262;0.161;2.40;false;true;107.0;-0.58
tab;915;clown;-0.642;1.255;1.99;false;true;117.1;-0.20
tab;915;acrobat;1.290;0.132;2.40;true;true;106.8;-0.58
tab;916;clown;-0.613;1.239;2.00;false;true;117.0;-0.19
tab;916;acrobat;1.318;0.104;2.40;true;false;106.6;-0.58
tab;917;clown;-0.556;1.205;2.03;false;false;116.4;-0.20
tab;917;acrobat;1.374;0.048;2.40;true;false;106.9;-0.58
tab;918;clown;-0.527;1.187;2.04;false;false;116.5;-0.20
tab;918;acrobat;1.402;0.020;2.40;true;false;106.9;-0.59
tab;919;clown;-0.498;1.170;2.05;false;false;116.6;-0.20
tab;919;acrobat;1.430;-0.008;2.40;true;false;106.9;-0.59
tab;920;clown;-0.469;1.152;2.06;false;false;116.6;-0.20
tab;920;acrobat;1.458;-0.037;2.40;true;false;106.8;-0.60
tab;921;clown;-0.440;1.134;2.08;true;false;116.7;-0.21
tab;921;acrobat;1.487;-0.065;2.40;true;false;106.6;-0.60
tab;922;clown;-0.382;1.097;2.10;true;false;117.1;-0.22
tab;922;acrobat;1.542;-0.121;2.40;false;false;106.3;-0.60
tab;923;clown;-0.353;1.079;2.11;true;false;117.3;-0.23
tab;923;acrobat;1.570;-0.149;2.40;false;true;106.3;-0.60
tab;924;clown;-0.323;1.060;2.11;true;false;117.4;-0.24
tab;924;acrobat;1.597;-0.177;2.40;false;true;106.6;-0.60
tab;925;clown;-0.294;1.041;2.12;true;false;117.5;-0.24
tab;925;acrobat;1.625;-0.205;2.40;false;true;106.8;-0.60
tab;926;clown;-0.235;1.002;2.14;true;false;117.1;-0.26
tab;926;acrobat;1.680;-0.261;2.40;false;true;106.8;-0.59
tab;927;clown;-0.205;0.983;2.15;true;true;116.9;-0.26
tab;927;acrobat;1.707;-0.288;2.40;false;true;106.9;-0.59
tab;928;clown;-0.176;0.963;2.15;false;true;116.7;-0.26
tab;928;acrobat;1.731;-0.313;2.40;false;true;106.9;-0.59
tab;929;clown;0.060;0.901;1.79;false;false;116.5;-0.02
tab;929;acrobat;1.927;-0.512;2.40;true;false;107.6;-0.60
tab;930;clown;0.090;0.901;1.80;false;false;116.6;0.01
tab;930;acrobat;1.954;-0.538;2.40;true;false;107.4;-0.60
tab;931;clown;0.120;0.901;1.81;false;false;116.6;0.04
tab;931;acrobat;1.981;-0.566;2.40;true;false;107.2;-0.60
tab;932;clown;0.181;0.901;1.84;false;false;116.7;0.07
tab;932;acrobat;2.037;-0.623;2.40;false;true;106.8;-0.60
tab;933;clown;0.212;0.901;1.86;true;false;116.8;0.08
tab;933;acrobat;2.065;-0.651;2.40;false;true;107.0;-0.60
tab;934;clown;0.242;0.901;1.84;true;false;117.1;0.09
tab;934;acrobat;2.093;-0.679;2.40;false;true;107.1;-0.60
tab;935;clown;0.273;0.901;1.83;true;false;117.3;0.10
tab;935;acrobat;2.121;-0.707;2.40;false;true;107.2;-0.60
tab;936;clown;0.333;0.901;1.80;true;false;117.6;0.10
tab;936;acrobat;2.177;-0.764;2.40;false;true;107.0;-0.59
tab;937;clown;0.362;0.901;1.78;true;false;117.6;0.11
tab;937;acrobat;2.201;-0.788;2.40;false;true;107.0;-0.59
tab;938;clown;0.392;0.901;1.77;true;false;117.6;0.11
tab;938;acrobat;2.225;-0.812;2.40;false;true;106.9;-0.59
tab;939;clown;0.421;0.901;1.75;true;false;117.5;0.11
tab;939;acrobat;2.249;-0.836;2.40;false;false;106.6;-0.59
tab;940;clown;0.479;0.891;1.82;true;true;117.3;0.09
tab;940;acrobat;2.296;-0.884;2.40;true;false;107.0;-0.59
tab;941;clown;0.509;0.882;1.89;false;true;116.9;0.06
tab;941;acrobat;2.320;-0.908;2.40;true;false;107.3;-0.59
tab;942;clown;0.539;0.868;1.98;false;true;117.1;0.03
tab;942;acrobat;2.344;-0.932;2.40;true;false;107.5;-0.59
tab;943;clown;0.569;0.851;2.11;false;true;117.1;-0.01
tab;943;acrobat;2.368;-0.956;2.40;true;false;107.6;-0.60
tab;944;clown;0.627;0.799;2.40;false;true;117.0;-0.10
tab;944;acrobat;2.416;-1.004;2.40;true;false;107.6;-0.61
tab;945;clown;0.655;0.770;2.40;false;true;116.7;-0.13
tab;945;acrobat;2.441;-1.030;2.40;true;false;107.5;-0.61
tab;946;clown;0.683;0.742;2.40;false;false;116.2;-0.17
tab;946;acrobat;2.467;-1.056;2.40;false;false;107.1;-0.61
tab;947;clown;0.712;0.713;2.40;false;false;116.1;-0.20
tab;947;acrobat;2.494;-1.084;2.40;false;true;107.1;-0.61
tab;948;clown;0.768;0.656;2.40;true;false;116.4;-0.25
tab;948;acrobat;2.551;-1.140;2.40;false;true;107.3;-0.61
tab;949;clown;0.796;0.628;2.40;true;false;116.5;-0.27
tab;949;acrobat;2.581;-1.170;2.40;false;true;107.3;-0.61
tab;950;clown;0.824;0.599;2.40;true;false;116.6;-0.29
tab;950;acrobat;2.610;-1.199;2.40;false;true;107.1;-0.60
tab;951;clown;0.852;0.571;2.40;true;false;116.7;-0.30
tab;951;acrobat;2.640;-1.228;2.40;false;true;106.9;-0.59
tab;952;clown;0.880;0.542;2.40;true;false;116.6;-0.32
tab;952;acrobat;2.670;-1.257;2.40;false;true;106.6;-0.59
tab;953;clown;0.937;0.485;2.40;true;false;116.2;-0.34
tab;953;acrobat;2.729;-1.316;2.40;false;false;105.7;-0.59
tab;954;clown;0.965;0.457;2.40;false;false;115.7;-0.35
tab;954;acrobat;2.759;-1.345;2.40;true;false;105.7;-0.59
tab;955;clown;0.993;0.428;2.40;false;true;115.7;-0.35
tab;955;acrobat;2.788;-1.374;2.40;true;false;105.8;-0.59
tab;956;clown;1.021;0.400;2.40;false;true;116.1;-0.35
tab;956;acrobat;2.818;-1.403;2.40;true;false;105.9;-0.59
tab;957;clown;1.078;0.343;2.40;false;true;116.4;-0.36
tab;957;acrobat;2.877;-1.462;2.40;true;false;105.7;-0.60
tab;958;clown;1.106;0.315;2.40;false;true;116.5;-0.36
tab;958;acrobat;2.907;-1.491;2.40;true;false;105.6;-0.61
tab;959;clown;1.134;0.286;2.40;false;true;116.5;-0.35
tab;959;acrobat;2.929;-1.512;1.69;true;false;105.5;-0.61
tab;960;clown;1.162;0.258;2.40;false;true;116.4;-0.35
tab;960;acrobat;2.942;-1.526;0.99;true;false;105.5;-0.60
tab;961;clown;1.218;0.201;2.40;false;false;115.7;-0.35
tab;961;acrobat;2.948;-1.531;0.00;true;true;105.8;-0.58
tab;962;clown;1.246;0.173;2.40;true;false;115.8;-0.36
tab;962;acrobat;2.948;-1.531;0.00;false;true;105.8;-0.56
tab;963;clown;1.274;0.145;2.40;true;false;116.1;-0.36
tab;963;acrobat;2.948;-1.531;0.00;false;true;106.2;-0.55
tab;964;clown;1.301;0.118;2.33;true;false;116.4;-0.36
tab;964;acrobat;2.948;-1.531;0.00;false;true;106.5;-0.53
tab;965;clown;1.327;0.091;2.23;true;false;116.6;-0.36
tab;965;acrobat;2.948;-1.531;0.00;false;true;106.8;-0.52
tab;966;clown;1.376;0.042;2.06;true;false;116.6;-0.38
tab;966;acrobat;2.948;-1.531;0.00;false;true;107.3;-0.49
tab;967;clown;1.399;0.019;1.98;true;false;116.6;-0.38
tab;967;acrobat;2.948;-1.531;0.00;false;true;107.6;-0.48
tab;968;clown;1.421;-0.004;1.90;true;false;116.5;-0.38
tab;968;acrobat;2.948;-1.531;0.00;false;true;107.8;-0.46
tab;969;clown;1.442;-0.025;1.82;true;false;116.4;-0.38
tab;969;acrobat;2.948;-1.531;0.00;false;true;107.9;-0.46
tab;970;clown;1.483;-0.066;1.68;false;true;115.9;-0.38
tab;970;acrobat;2.948;-1.531;0.00;false;true;107.9;-0.46
tab;971;clown;1.501;-0.085;1.61;false;true;116.2;-0.38
tab;971;acrobat;2.948;-1.531;0.00;false;true;108.0;-0.45
tab;972;clown;1.519;-0.103;1.55;false;true;116.4;-0.38
tab;972;acrobat;2.948;-1.531;0.00;false;true;108.0;-0.45
tab;973;clown;1.536;-0.120;1.49;false;true;116.6;-0.38
tab;973;acrobat;2.948;-1.531;0.00;false;true;108.1;-0.45
tab;974;clown;1.568;-0.153;1.38;false;true;116.8;-0.38
tab;974;acrobat;2.948;-1.531;0.00;false;true;108.0;-0.44
tab;975;clown;1.583;-0.168;1.32;false;true;116.9;-0.38
tab;975;acrobat;2.948;-1.531;0.00;false;false;107.7;-0.44
tab;976;clown;1.597;-0.183;1.27;false;true;117.0;-0.37
tab;976;acrobat;2.948;-1.531;0.00;false;false;107.7;-0.44
tab;977;clown;1.611;-0.197;1.22;false;true;117.0;-0.37
tab;977;acrobat;2.948;-1.531;0.00;false;false;107.8;-0.44
tab;978;clown;1.637;-0.223;1.13;false;true;116.9;-0.37
tab;978;acrobat;2.948;-1.531;0.00;false;false;107.8;-0.43
tab;979;clown;1.650;-0.236;1.08;false;true;116.8;-0.36
tab;979;acrobat;2.948;-1.531;0.00;false;false;107.9;-0.43
tab;980;clown;1.661;-0.248;1.04;false;true;116.7;-0.36
tab;980;acrobat;2.948;-1.531;0.00;false;false;107.9;-0.43
tab;981;clown;1.683;-0.271;0.96;false;false;116.2;-0.36
tab;981;acrobat;2.948;-1.531;0.00;false;false;107.9;-0.43
tab;982;clown;1.691;-0.279;0.93;false;false;116.3;-0.36
tab;982;acrobat;2.948;-1.531;0.00;false;false;108.0;-0.42
tab;983;clown;1.707;-0.295;0.87;false;false;116.5;-0.36
tab;983;acrobat;2.948;-1.531;0.00;false;false;107.9;-0.42
tab;984;clown;1.721;-0.309;0.82;true;false;116.6;-0.36
tab;984;acrobat;2.948;-1.531;0.00;false;false;107.8;-0.42
tab;985;clown;1.727;-0.316;0.80;true;false;116.9;-0.36
tab;985;acrobat;2.948;-1.531;0.00;false;false;107.8;-0.42
tab;986;clown;1.740;-0.329;0.75;true;false;117.2;-0.36
tab;986;acrobat;2.948;-1.531;0.00;false;false;107.7;-0.41
tab;987;clown;1.751;-0.342;0.72;true;false;117.5;-0.36
tab;987;acrobat;2.948;-1.531;0.00;false;false;107.6;-0.18
tab;988;clown;1.757;-0.348;0.72;true;false;117.6;-0.36
tab;988;acrobat;2.948;-1.531;0.00;true;false;107.6;-0.06
