trecho;quadro;quem;x;z;vel;pe0_ar;pe1_ar;cabeca_px;rosto_para_camera
largada;1;clown;-12.600;3.009;0.50;false;false;137.0;0.85
largada;1;acrobat;-13.800;3.300;0.00;false;false;107.6;0.87
largada;2;clown;-12.600;3.027;1.00;false;false;137.1;0.85
largada;2;acrobat;-13.800;3.300;0.00;false;false;107.6;0.87
largada;3;clown;-12.600;3.052;1.50;false;false;137.2;0.85
largada;3;acrobat;-13.800;3.300;0.00;false;false;107.6;0.87
largada;4;clown;-12.600;3.127;2.40;false;true;137.6;0.84
largada;4;acrobat;-13.800;3.300;0.00;false;false;107.5;0.87
largada;5;clown;-12.600;3.167;2.40;true;true;137.9;0.84
largada;5;acrobat;-13.800;3.300;0.00;false;false;107.5;0.87
largada;6;clown;-12.600;3.208;2.40;true;true;138.2;0.83
largada;6;acrobat;-13.800;3.300;0.00;false;false;107.5;0.87
largada;7;clown;-12.600;3.248;2.40;true;true;138.5;0.83
largada;7;acrobat;-13.800;3.300;0.00;false;false;107.5;0.87
largada;8;clown;-12.600;3.289;2.40;true;true;138.7;0.82
largada;8;acrobat;-13.800;3.300;0.00;false;false;107.5;0.87
largada;9;clown;-12.600;3.329;2.40;true;true;138.9;0.82
largada;9;acrobat;-13.800;3.300;0.00;false;false;107.5;0.87
largada;10;clown;-12.575;3.390;1.97;true;true;138.7;0.80
largada;10;acrobat;-13.800;3.300;0.00;false;false;107.5;0.88
largada;11;clown;-12.567;3.427;2.25;true;false;138.0;0.79
largada;11;acrobat;-13.800;3.300;0.00;false;false;107.5;0.88
largada;12;clown;-12.567;3.468;2.40;false;false;137.9;0.80
largada;12;acrobat;-13.800;3.300;0.00;false;false;107.5;0.88
largada;13;clown;-12.567;3.508;2.40;false;false;138.0;0.80
largada;13;acrobat;-13.800;3.300;0.00;false;false;107.5;0.88
largada;14;clown;-12.558;3.540;1.96;false;false;138.1;0.79
largada;14;acrobat;-13.800;3.300;0.00;false;false;107.4;0.88
largada;15;clown;-12.542;3.569;1.97;false;false;138.2;0.78
largada;15;acrobat;-13.800;3.300;0.00;false;false;107.4;0.88
largada;16;clown;-12.533;3.606;2.25;false;false;138.3;0.78
largada;16;acrobat;-13.800;3.300;0.00;false;false;107.4;0.88
largada;17;clown;-12.533;3.687;2.40;false;true;138.5;0.78
largada;17;acrobat;-13.800;3.300;0.00;false;false;107.5;0.88
largada;18;clown;-12.525;3.719;1.96;true;true;138.9;0.78
largada;18;acrobat;-13.800;3.300;0.00;false;false;107.5;0.88
largada;19;clown;-12.508;3.747;1.97;true;true;139.3;0.77
largada;19;acrobat;-13.800;3.300;0.00;false;false;107.4;0.88
largada;20;clown;-12.500;3.784;2.25;true;true;139.5;0.77
largada;20;acrobat;-13.800;3.300;0.00;false;false;107.4;0.88
largada;21;clown;-12.500;3.865;2.40;true;true;139.6;0.78
largada;21;acrobat;-13.780;3.310;0.72;false;false;107.6;0.83
largada;22;clown;-12.492;3.897;1.96;true;true;139.5;0.77
largada;22;acrobat;-13.769;3.315;0.72;false;false;107.6;0.80
largada;23;clown;-12.450;3.953;2.26;true;false;138.6;0.73
largada;23;acrobat;-13.748;3.325;0.72;false;false;107.7;0.73
largada;24;clown;-12.433;3.990;2.41;false;false;138.6;0.72
largada;24;acrobat;-13.737;3.331;0.72;false;false;107.7;0.70
largada;25;clown;-12.408;4.018;2.26;false;false;138.7;0.70
largada;25;acrobat;-13.726;3.336;0.72;false;false;107.7;0.67
largada;26;clown;-12.380;4.038;2.08;false;false;138.8;0.67
largada;26;acrobat;-13.715;3.342;0.72;false;false;107.7;0.65
largada;27;clown;-12.325;4.053;1.71;false;false;139.1;0.55
largada;27;acrobat;-13.694;3.353;0.72;false;false;107.7;0.61
largada;28;clown;-12.297;4.048;1.72;true;false;139.2;0.46
largada;28;acrobat;-13.683;3.359;0.72;true;false;107.6;0.59
largada;29;clown;-12.269;4.035;1.88;true;false;139.5;0.35
largada;29;acrobat;-13.672;3.364;0.72;true;false;107.7;0.58
largada;30;clown;-12.241;4.013;2.14;true;false;139.8;0.23
largada;30;acrobat;-13.661;3.369;0.72;true;false;107.7;0.56
largada;31;clown;-12.018;3.791;2.40;false;true;138.9;-0.35
largada;31;acrobat;-13.569;3.401;0.72;true;false;108.0;0.42
largada;32;clown;-11.982;3.771;2.50;false;false;138.6;-0.35
largada;32;acrobat;-13.558;3.403;0.72;true;false;108.0;0.40
largada;33;clown;-11.943;3.760;2.50;false;false;138.7;-0.34
largada;33;acrobat;-13.546;3.406;0.72;true;false;107.9;0.38
largada;34;clown;-11.864;3.757;2.40;false;false;139.0;-0.28
largada;34;acrobat;-13.522;3.411;0.73;true;true;107.8;0.36
largada;35;clown;-11.825;3.757;2.40;true;false;139.1;-0.25
largada;35;acrobat;-13.509;3.414;0.80;true;true;107.7;0.35
largada;36;clown;-11.785;3.757;2.40;true;false;139.6;-0.22
largada;36;acrobat;-13.495;3.417;0.86;true;true;107.6;0.34
curva1;37;clown;-11.746;3.757;2.40;true;true;139.9;-0.21
curva1;37;acrobat;-13.480;3.420;0.92;true;true;107.7;0.33
curva1;38;clown;-11.706;3.757;2.40;true;true;140.2;-0.20
curva1;38;acrobat;-13.465;3.423;0.97;false;true;107.4;0.32
curva1;39;clown;-11.667;3.757;2.40;true;true;140.3;-0.18
curva1;39;acrobat;-13.448;3.426;1.03;false;true;107.5;0.32
curva1;40;clown;-11.627;3.757;2.40;true;true;140.4;-0.17
curva1;40;acrobat;-13.430;3.429;1.08;false;true;107.6;0.31
curva1;41;clown;-11.588;3.757;2.40;true;true;140.5;-0.16
curva1;41;acrobat;-13.412;3.432;1.13;false;true;107.7;0.31
curva1;42;clown;-11.509;3.757;2.40;false;true;139.9;-0.13
curva1;42;acrobat;-13.373;3.439;1.23;false;true;107.8;0.30
curva1;43;clown;-11.470;3.757;2.40;false;true;139.7;-0.12
curva1;43;acrobat;-13.352;3.443;1.27;false;true;107.8;0.30
curva1;44;clown;-11.430;3.757;2.40;false;false;139.6;-0.11
curva1;44;acrobat;-13.331;3.446;1.31;false;true;107.7;0.30
curva1;45;clown;-11.391;3.757;2.40;false;false;139.7;-0.11
curva1;45;acrobat;-13.309;3.450;1.35;false;true;107.7;0.30
curva1;46;clown;-11.352;3.757;2.40;false;false;139.8;-0.10
curva1;46;acrobat;-13.286;3.454;1.39;false;true;107.6;0.30
curva1;47;clown;-11.273;3.757;2.40;false;false;140.2;-0.10
curva1;47;acrobat;-13.238;3.461;1.47;false;false;107.0;0.29
curva1;48;clown;-11.234;3.757;2.40;true;false;140.2;-0.10
curva1;48;acrobat;-13.214;3.465;1.50;false;false;107.1;0.29
curva1;49;clown;-11.203;3.749;1.96;true;false;140.5;-0.13
curva1;49;acrobat;-13.189;3.468;1.51;false;false;107.1;0.29
curva1;50;clown;-11.163;3.749;2.40;true;true;140.8;-0.13
curva1;50;acrobat;-13.164;3.472;1.55;false;false;107.2;0.29
curva1;51;clown;-11.104;3.724;1.97;true;true;141.1;-0.21
curva1;51;acrobat;-13.112;3.479;1.56;true;false;107.4;0.28
curva1;52;clown;-11.068;3.716;2.25;true;true;141.0;-0.22
curva1;52;acrobat;-13.087;3.482;1.58;true;false;107.6;0.28
curva1;53;clown;-11.029;3.716;2.40;true;true;141.1;-0.20
curva1;53;acrobat;-13.060;3.485;1.61;true;false;107.7;0.27
curva1;54;clown;-10.970;3.692;1.97;false;true;140.4;-0.25
curva1;54;acrobat;-13.007;3.490;1.62;true;false;107.9;0.25
curva1;55;clown;-10.934;3.684;2.25;false;true;140.1;-0.24
curva1;55;acrobat;-12.980;3.493;1.64;true;false;107.9;0.24
curva1;56;clown;-10.895;3.684;2.40;false;false;140.0;-0.22
curva1;56;acrobat;-12.953;3.495;1.66;true;false;107.9;0.23
curva1;57;clown;-10.856;3.684;2.40;false;false;140.1;-0.20
curva1;57;acrobat;-12.925;3.498;1.69;true;false;107.8;0.22
curva1;58;clown;-10.825;3.676;1.96;false;false;140.1;-0.21
curva1;58;acrobat;-12.897;3.500;1.70;true;false;107.6;0.22
curva1;59;clown;-10.769;3.635;2.26;false;false;140.2;-0.30
curva1;59;acrobat;-12.841;3.504;1.69;false;true;107.1;0.21
curva1;60;clown;-10.733;3.618;2.41;true;false;140.2;-0.31
curva1;60;acrobat;-12.813;3.506;1.71;false;true;107.3;0.21
curva1;61;clown;-10.694;3.610;2.45;true;false;140.5;-0.30
curva1;61;acrobat;-12.785;3.507;1.73;false;true;107.4;0.20
curva1;62;clown;-10.655;3.610;2.40;true;false;140.9;-0.28
curva1;62;acrobat;-12.756;3.509;1.76;false;true;107.6;0.20
curva1;63;clown;-10.615;3.610;2.40;true;true;141.1;-0.27
curva1;63;acrobat;-12.727;3.510;1.78;false;true;107.7;0.20
curva1;64;clown;-10.537;3.610;2.40;true;true;141.4;-0.23
curva1;64;acrobat;-12.667;3.513;1.83;false;true;107.8;0.20
curva1;65;clown;-10.497;3.610;2.40;true;true;141.4;-0.22
curva1;65;acrobat;-12.636;3.515;1.85;false;true;107.7;0.21
curva1;66;clown;-10.467;3.602;1.96;true;true;141.4;-0.23
curva1;66;acrobat;-12.606;3.516;1.85;false;true;107.6;0.21
curva1;67;clown;-10.439;3.586;1.97;false;true;140.7;-0.26
curva1;67;acrobat;-12.575;3.517;1.84;false;true;107.5;0.21
curva1;68;clown;-10.364;3.578;2.40;false;true;140.5;-0.23
curva1;68;acrobat;-12.514;3.519;1.88;false;false;107.1;0.20
curva1;69;clown;-10.325;3.578;2.40;false;false;140.3;-0.21
curva1;69;acrobat;-12.483;3.520;1.90;true;false;107.1;0.20
curva1;70;clown;-10.294;3.569;1.96;false;false;140.3;-0.22
curva1;70;acrobat;-12.452;3.520;1.90;true;false;107.3;0.20
curva1;71;clown;-10.266;3.553;1.97;false;false;140.2;-0.26
curva1;71;acrobat;-12.421;3.521;1.89;true;false;107.5;0.19
curva1;72;clown;-10.191;3.545;2.40;true;false;140.6;-0.24
curva1;72;acrobat;-12.358;3.522;1.92;true;false;107.8;0.17
curva1;73;clown;-10.160;3.537;1.96;true;false;140.8;-0.25
curva1;73;acrobat;-12.326;3.522;1.92;true;false;107.8;0.17
curva1;74;clown;-10.132;3.521;1.97;true;false;141.0;-0.28
curva1;74;acrobat;-12.295;3.522;1.91;true;false;107.8;0.16
curva1;75;clown;-10.096;3.512;2.25;true;false;141.2;-0.29
curva1;75;acrobat;-12.264;3.522;1.92;true;false;107.8;0.15
curva1;76;clown;-10.057;3.512;2.40;true;true;141.3;-0.27
curva1;76;acrobat;-12.232;3.522;1.94;true;false;107.6;0.15
curva1;77;clown;-9.978;3.512;2.40;true;true;141.5;-0.24
curva1;77;acrobat;-12.167;3.522;1.97;false;true;107.1;0.14
curva1;78;clown;-9.948;3.504;1.96;true;true;141.5;-0.25
curva1;78;acrobat;-12.135;3.522;1.97;false;true;107.3;0.14
curva1;79;clown;-9.920;3.488;1.97;false;true;141.0;-0.28
curva1;79;acrobat;-12.103;3.521;1.96;false;true;107.5;0.14
curva1;80;clown;-9.892;3.464;2.26;false;true;140.8;-0.32
curva1;80;acrobat;-12.071;3.520;1.95;false;true;107.7;0.14
curva1;81;clown;-9.857;3.447;2.41;false;true;140.5;-0.33
curva1;81;acrobat;-12.039;3.519;1.96;false;true;107.8;0.14
curva1;82;clown;-9.700;3.439;2.40;false;false;140.6;-0.23
curva1;82;acrobat;-11.908;3.515;2.02;false;true;107.5;0.15
curva1;83;clown;-9.660;3.439;2.40;true;false;140.5;-0.22
curva1;83;acrobat;-11.874;3.514;2.04;false;false;107.1;0.15
curva1;84;clown;-9.630;3.431;1.96;true;false;140.8;-0.23
curva1;84;acrobat;-11.841;3.513;2.03;false;false;107.1;0.15
curva1;85;clown;-9.602;3.415;1.97;true;false;141.0;-0.27
curva1;85;acrobat;-11.808;3.511;2.02;true;false;107.1;0.14
curva1;86;clown;-9.527;3.407;2.40;true;true;141.5;-0.27
curva1;86;acrobat;-11.741;3.508;2.04;true;false;107.6;0.14
curva1;87;clown;-9.488;3.407;2.40;true;true;141.5;-0.25
curva1;87;acrobat;-11.707;3.507;2.05;true;false;107.7;0.13
curva1;88;clown;-9.457;3.399;1.96;true;true;141.4;-0.26
curva1;88;acrobat;-11.674;3.505;2.05;true;false;107.8;0.13
curva1;89;clown;-9.429;3.383;1.97;true;true;141.4;-0.29
curva1;89;acrobat;-11.641;3.503;2.04;true;false;107.9;0.12
curva1;90;clown;-9.394;3.374;2.25;false;true;140.9;-0.29
curva1;90;acrobat;-11.607;3.502;2.04;true;false;107.8;0.11
curva1;91;clown;-9.315;3.374;2.40;false;true;141.0;-0.23
curva1;91;acrobat;-11.540;3.498;2.07;true;false;107.5;0.10
reta;92;clown;-9.276;3.374;2.40;false;true;140.7;-0.21
reta;92;acrobat;-11.506;3.496;2.08;false;false;107.1;0.10
reta;93;clown;-9.237;3.374;2.40;false;false;140.5;-0.19
reta;93;acrobat;-11.471;3.494;2.09;false;true;107.1;0.10
reta;94;clown;-9.198;3.375;2.40;false;false;140.5;-0.18
reta;94;acrobat;-11.437;3.492;2.10;false;true;107.4;0.10
reta;95;clown;-9.120;3.375;2.40;true;false;140.9;-0.17
reta;95;acrobat;-11.368;3.489;2.13;false;true;107.7;0.10
reta;96;clown;-9.080;3.375;2.40;true;false;141.3;-0.16
reta;96;acrobat;-11.333;3.487;2.14;false;true;107.8;0.11
reta;97;clown;-9.041;3.375;2.40;true;false;141.5;-0.16
reta;97;acrobat;-11.297;3.486;2.15;false;true;107.8;0.12
reta;98;clown;-9.002;3.375;2.40;true;false;141.7;-0.16
reta;98;acrobat;-11.262;3.484;2.16;false;true;107.7;0.13
reta;99;clown;-8.963;3.375;2.40;true;true;141.8;-0.17
reta;99;acrobat;-11.227;3.482;2.16;false;true;107.6;0.13
reta;100;clown;-8.885;3.375;2.40;true;true;142.0;-0.16
reta;100;acrobat;-11.155;3.479;2.18;false;false;107.1;0.13
reta;101;clown;-8.845;3.375;2.40;true;true;142.0;-0.16
reta;101;acrobat;-11.120;3.478;2.19;true;false;107.1;0.13
reta;102;clown;-8.767;3.375;2.40;false;true;141.8;-0.15
reta;102;acrobat;-11.048;3.474;2.20;true;false;107.6;0.13
reta;103;clown;-8.728;3.375;2.40;false;true;141.5;-0.13
reta;103;acrobat;-11.011;3.473;2.21;true;false;107.7;0.12
reta;104;clown;-8.689;3.375;2.40;false;true;141.2;-0.12
reta;104;acrobat;-10.975;3.471;2.22;true;false;107.8;0.12
reta;105;clown;-8.611;3.375;2.40;false;false;141.3;-0.12
reta;105;acrobat;-10.902;3.468;2.23;true;false;107.7;0.10
reta;106;clown;-8.572;3.375;2.40;false;false;141.2;-0.12
reta;106;acrobat;-10.866;3.467;2.24;true;false;107.6;0.10
reta;107;clown;-8.493;3.375;2.40;true;false;141.8;-0.13
reta;107;acrobat;-10.792;3.464;2.25;false;true;107.1;0.10
reta;108;clown;-8.454;3.375;2.40;true;false;142.0;-0.13
reta;108;acrobat;-10.755;3.463;2.25;false;true;107.4;0.10
reta;109;clown;-8.415;3.375;2.40;true;false;142.1;-0.14
reta;109;acrobat;-10.718;3.462;2.26;false;true;107.6;0.11
reta;110;clown;-8.337;3.375;2.40;true;true;142.5;-0.15
reta;110;acrobat;-10.644;3.459;2.27;false;true;107.8;0.12
reta;111;clown;-8.298;3.375;2.40;true;true;142.3;-0.15
reta;111;acrobat;-10.607;3.458;2.27;false;true;107.7;0.13
reta;112;clown;-8.220;3.375;2.40;false;true;142.2;-0.15
reta;112;acrobat;-10.532;3.455;2.28;false;true;107.5;0.13
reta;113;clown;-8.181;3.375;2.40;false;true;141.9;-0.14
reta;113;acrobat;-10.495;3.454;2.29;false;false;107.0;0.14
reta;114;clown;-8.103;3.375;2.40;false;true;141.7;-0.12
reta;114;acrobat;-10.420;3.451;2.29;true;false;107.3;0.13
reta;115;clown;-8.064;3.375;2.40;false;false;141.3;-0.12
reta;115;acrobat;-10.382;3.450;2.30;true;false;107.5;0.14
reta;116;clown;-7.985;3.375;2.40;false;false;141.6;-0.12
reta;116;acrobat;-10.307;3.448;2.30;true;false;107.7;0.12
reta;117;clown;-7.946;3.375;2.40;true;false;141.6;-0.12
reta;117;acrobat;-10.269;3.447;2.31;true;false;107.7;0.12
reta;118;clown;-7.868;3.375;2.40;true;false;142.5;-0.13
reta;118;acrobat;-10.194;3.445;2.31;true;false;107.5;0.11
reta;119;clown;-7.829;3.375;2.40;true;false;142.5;-0.14
reta;119;acrobat;-10.156;3.443;2.32;false;false;107.0;0.11
reta;120;clown;-7.751;3.375;2.40;true;true;142.8;-0.15
reta;120;acrobat;-10.080;3.441;2.32;false;true;107.3;0.11
reta;121;clown;-7.712;3.375;2.40;true;true;142.6;-0.15
reta;121;acrobat;-10.042;3.440;2.32;false;true;107.5;0.11
reta;122;clown;-7.634;3.375;2.40;false;true;142.5;-0.15
reta;122;acrobat;-9.966;3.438;2.33;false;true;107.7;0.12
reta;123;clown;-7.595;3.375;2.40;false;true;142.2;-0.14
reta;123;acrobat;-9.928;3.437;2.33;false;true;107.7;0.14
reta;124;clown;-7.517;3.375;2.40;false;true;142.1;-0.13
reta;124;acrobat;-9.852;3.435;2.34;false;true;107.4;0.14
reta;125;clown;-7.478;3.375;2.40;false;false;141.7;-0.12
reta;125;acrobat;-9.813;3.434;2.34;false;false;107.0;0.14
reta;126;clown;-7.439;3.375;2.40;false;false;141.6;-0.12
reta;126;acrobat;-9.775;3.434;2.34;true;false;107.0;0.14
reta;127;clown;-7.361;3.375;2.40;true;false;142.0;-0.12
reta;127;acrobat;-9.699;3.432;2.34;true;false;107.5;0.14
reta;128;clown;-7.322;3.375;2.40;true;false;142.1;-0.12
reta;128;acrobat;-9.661;3.431;2.35;true;false;107.6;0.14
reta;129;clown;-7.244;3.375;2.40;true;false;142.9;-0.14
reta;129;acrobat;-9.584;3.429;2.35;true;false;107.7;0.12
reta;130;clown;-7.205;3.375;2.40;true;true;142.8;-0.15
reta;130;acrobat;-9.545;3.428;2.35;true;false;107.6;0.12
reta;131;clown;-7.127;3.375;2.40;true;true;143.0;-0.15
reta;131;acrobat;-9.469;3.427;2.35;false;false;107.0;0.12
reta;132;clown;-6.816;3.375;2.40;false;false;142.0;-0.12
reta;132;acrobat;-9.161;3.421;2.36;false;true;107.3;0.15
reta;133;clown;-6.738;3.375;2.40;true;false;142.2;-0.12
reta;133;acrobat;-9.084;3.419;2.36;true;false;107.0;0.15
reta;134;clown;-6.660;3.375;2.40;true;false;142.9;-0.14
reta;134;acrobat;-9.007;3.418;2.37;true;false;107.5;0.15
reta;135;clown;-6.621;3.375;2.40;true;true;142.8;-0.15
reta;135;acrobat;-8.968;3.417;2.37;true;false;107.6;0.15
reta;136;clown;-6.543;3.375;2.40;true;true;143.0;-0.15
reta;136;acrobat;-8.891;3.416;2.37;true;false;107.6;0.13
reta;137;clown;-6.504;3.375;2.40;true;true;143.0;-0.15
reta;137;acrobat;-8.852;3.415;2.37;true;false;107.5;0.12
reta;138;clown;-6.426;3.375;2.40;false;true;142.7;-0.14
reta;138;acrobat;-8.775;3.414;2.37;false;false;107.0;0.12
reta;139;clown;-6.387;3.375;2.40;false;true;142.4;-0.13
reta;139;acrobat;-8.737;3.413;2.37;false;true;107.0;0.12
reta;140;clown;-6.348;3.375;2.40;false;true;142.0;-0.12
reta;140;acrobat;-8.698;3.413;2.37;false;true;107.3;0.13
reta;141;clown;-6.271;3.375;2.40;false;false;142.0;-0.12
reta;141;acrobat;-8.621;3.412;2.37;false;true;107.6;0.13
reta;142;clown;-6.193;3.375;2.40;true;false;142.3;-0.13
reta;142;acrobat;-8.543;3.410;2.38;false;true;107.6;0.14
reta;143;clown;-6.154;3.375;2.40;true;false;142.4;-0.13
reta;143;acrobat;-8.505;3.410;2.38;false;true;107.5;0.15
reta;144;clown;-6.076;3.375;2.40;true;false;143.1;-0.14
reta;144;acrobat;-8.427;3.409;2.38;false;false;106.9;0.15
reta;145;clown;-6.037;3.375;2.40;true;true;143.0;-0.15
reta;145;acrobat;-8.389;3.408;2.38;true;false;107.0;0.15
reta;146;clown;-5.959;3.375;2.40;true;true;143.1;-0.15
reta;146;acrobat;-8.311;3.407;2.38;true;false;107.4;0.15
reta;147;clown;-5.881;3.375;2.40;false;true;142.9;-0.15
reta;147;acrobat;-8.234;3.406;2.38;true;false;107.7;0.14
reta;148;clown;-5.803;3.375;2.40;false;true;142.8;-0.13
reta;148;acrobat;-8.156;3.405;2.38;true;false;107.5;0.12
reta;149;clown;-5.765;3.375;2.40;false;true;142.3;-0.13
reta;149;acrobat;-8.118;3.405;2.38;true;false;107.3;0.13
reta;150;clown;-5.687;3.375;2.40;false;false;142.4;-0.13
reta;150;acrobat;-8.040;3.404;2.38;false;true;107.0;0.12
reta;151;clown;-5.648;3.375;2.40;false;false;142.2;-0.13
reta;151;acrobat;-8.001;3.403;2.38;false;true;107.2;0.13
reta;152;clown;-5.609;3.375;2.40;true;false;142.2;-0.12
reta;152;acrobat;-7.963;3.403;2.38;false;true;107.5;0.13
reta;153;clown;-5.531;3.375;2.40;true;false;143.1;-0.14
reta;153;acrobat;-7.885;3.402;2.38;false;true;107.7;0.14
reta;154;clown;-5.492;3.375;2.40;true;false;143.3;-0.14
reta;154;acrobat;-7.846;3.402;2.38;false;true;107.6;0.15
reta;155;clown;-5.453;3.375;2.40;true;true;143.2;-0.15
reta;155;acrobat;-7.808;3.401;2.38;false;true;107.5;0.15
reta;156;clown;-5.376;3.375;2.40;true;true;143.5;-0.16
reta;156;acrobat;-7.730;3.401;2.38;false;false;106.9;0.15
reta;157;clown;-5.337;3.375;2.40;true;true;143.4;-0.15
reta;157;acrobat;-7.691;3.400;2.39;true;false;107.0;0.15
reta;158;clown;-5.259;3.375;2.40;false;true;143.1;-0.14
reta;158;acrobat;-7.614;3.399;2.39;true;false;107.4;0.15
reta;159;clown;-5.220;3.375;2.40;false;true;142.7;-0.13
reta;159;acrobat;-7.575;3.399;2.39;true;false;107.6;0.15
reta;160;clown;-5.181;3.375;2.40;false;true;142.3;-0.13
reta;160;acrobat;-7.536;3.399;2.39;true;false;107.6;0.14
reta;161;clown;-5.103;3.375;2.40;false;false;142.3;-0.13
reta;161;acrobat;-7.459;3.398;2.39;true;false;107.5;0.13
reta;162;clown;-5.064;3.375;2.40;false;false;142.2;-0.12
reta;162;acrobat;-7.420;3.398;2.39;true;false;107.3;0.13
reta;163;clown;-4.987;3.375;2.40;true;false;142.8;-0.13
reta;163;acrobat;-7.342;3.397;2.39;false;true;107.0;0.13
reta;164;clown;-4.948;3.375;2.40;true;false;142.9;-0.13
reta;164;acrobat;-7.304;3.396;2.39;false;true;107.2;0.13
reta;165;clown;-4.870;3.375;2.40;true;true;143.5;-0.15
reta;165;acrobat;-7.226;3.396;2.39;false;true;107.6;0.13
reta;166;clown;-4.831;3.375;2.40;true;true;143.2;-0.15
reta;166;acrobat;-7.187;3.396;2.39;false;true;107.6;0.14
reta;167;clown;-4.753;3.375;2.40;true;true;143.6;-0.16
reta;167;acrobat;-7.110;3.395;2.39;false;true;107.5;0.15
reta;168;clown;-4.714;3.375;2.40;false;true;142.9;-0.15
reta;168;acrobat;-7.071;3.395;2.39;false;true;107.3;0.16
reta;169;clown;-4.637;3.375;2.40;false;true;142.9;-0.14
reta;169;acrobat;-6.993;3.394;2.39;true;false;107.0;0.15
reta;170;clown;-4.598;3.375;2.40;false;true;142.4;-0.13
reta;170;acrobat;-6.955;3.394;2.39;true;false;107.2;0.16
reta;171;clown;-4.520;3.375;2.40;false;false;142.4;-0.13
reta;171;acrobat;-6.877;3.393;2.39;true;false;107.6;0.15
reta;172;clown;-4.481;3.375;2.40;false;false;142.3;-0.13
reta;172;acrobat;-6.838;3.393;2.39;true;false;107.6;0.14
reta;173;clown;-4.403;3.375;2.40;true;false;142.8;-0.13
reta;173;acrobat;-6.761;3.392;2.39;true;false;107.5;0.13
reta;174;clown;-4.325;3.375;2.40;true;false;143.6;-0.15
reta;174;acrobat;-6.683;3.392;2.39;false;false;107.0;0.13
curva2;175;clown;-4.295;3.367;1.96;true;false;143.3;-0.18
curva2;175;acrobat;-6.645;3.391;2.37;false;true;107.0;0.13
curva2;176;clown;-4.240;3.326;2.26;true;true;142.9;-0.30
curva2;176;acrobat;-6.569;3.390;2.32;false;true;107.5;0.12
curva2;177;clown;-4.184;3.271;2.40;false;true;142.5;-0.40
curva2;177;acrobat;-6.495;3.386;2.28;false;true;107.6;0.13
curva2;178;clown;-4.156;3.243;2.40;false;true;142.0;-0.42
curva2;178;acrobat;-6.458;3.384;2.26;false;true;107.6;0.14
curva2;179;clown;-4.101;3.187;2.40;false;true;141.6;-0.46
curva2;179;acrobat;-6.386;3.378;2.23;false;true;107.3;0.13
curva2;180;clown;-4.045;3.132;2.40;false;false;141.0;-0.50
curva2;180;acrobat;-6.315;3.371;2.20;true;false;107.0;0.12
curva2;181;clown;-4.018;3.104;2.40;true;false;140.7;-0.51
curva2;181;acrobat;-6.279;3.367;2.19;true;false;107.2;0.11
curva2;182;clown;-3.962;3.048;2.40;true;false;141.2;-0.53
curva2;182;acrobat;-6.210;3.358;2.17;true;false;107.6;0.09
curva2;183;clown;-3.934;3.020;2.40;true;false;141.1;-0.54
curva2;183;acrobat;-6.175;3.353;2.16;true;false;107.7;0.08
curva2;184;clown;-3.879;2.965;2.40;true;false;141.1;-0.57
curva2;184;acrobat;-6.107;3.342;2.15;true;false;107.6;0.05
curva2;185;clown;-3.851;2.937;2.40;true;false;140.7;-0.57
curva2;185;acrobat;-6.072;3.335;2.14;true;false;107.5;0.04
curva2;186;clown;-3.796;2.881;2.40;false;true;140.2;-0.58
curva2;186;acrobat;-6.005;3.322;2.13;false;false;107.0;0.03
curva2;187;clown;-3.768;2.853;2.40;false;true;140.3;-0.58
curva2;187;acrobat;-5.971;3.315;2.13;false;true;107.1;0.02
curva2;188;clown;-3.712;2.797;2.40;false;true;140.4;-0.58
curva2;188;acrobat;-5.904;3.300;2.12;false;true;107.5;0.01
curva2;189;clown;-3.685;2.770;2.40;false;true;140.1;-0.57
curva2;189;acrobat;-5.871;3.292;2.12;false;true;107.7;0.01
curva2;190;clown;-3.629;2.714;2.40;false;true;139.7;-0.57
curva2;190;acrobat;-5.805;3.275;2.11;false;true;107.8;0.01
curva2;191;clown;-3.601;2.686;2.40;true;false;139.1;-0.57
curva2;191;acrobat;-5.772;3.266;2.11;false;true;107.7;0.01
curva2;192;clown;-3.546;2.630;2.40;true;false;139.6;-0.58
curva2;192;acrobat;-5.706;3.248;2.11;false;false;107.0;-0.01
curva2;193;clown;-3.490;2.574;2.40;true;false;139.8;-0.59
curva2;193;acrobat;-5.640;3.228;2.12;true;false;107.3;-0.02
curva2;194;clown;-3.462;2.546;2.40;true;false;139.6;-0.59
curva2;194;acrobat;-5.607;3.218;2.12;true;false;107.6;-0.02
curva2;195;clown;-3.407;2.491;2.40;true;true;139.1;-0.59
curva2;195;acrobat;-5.542;3.197;2.12;true;false;107.8;-0.05
curva2;196;clown;-3.379;2.463;2.40;false;true;138.9;-0.59
curva2;196;acrobat;-5.510;3.185;2.12;true;false;107.8;-0.06
curva2;197;clown;-3.323;2.407;2.40;false;true;139.2;-0.59
curva2;197;acrobat;-5.445;3.163;2.13;true;false;107.6;-0.08
curva2;198;clown;-3.240;2.323;2.40;false;true;138.9;-0.58
curva2;198;acrobat;-5.348;3.126;2.14;false;true;107.2;-0.10
curva2;199;clown;-3.212;2.295;2.40;false;true;138.5;-0.58
curva2;199;acrobat;-5.315;3.114;2.14;false;true;107.5;-0.11
curva2;200;clown;-3.156;2.239;2.40;true;false;138.3;-0.58
curva2;200;acrobat;-5.251;3.088;2.15;false;true;107.9;-0.11
curva2;201;clown;-3.101;2.183;2.40;true;false;138.7;-0.58
curva2;201;acrobat;-5.186;3.061;2.15;false;true;107.9;-0.11
curva2;202;clown;-3.073;2.155;2.40;true;false;138.7;-0.59
curva2;202;acrobat;-5.154;3.047;2.16;false;true;107.9;-0.10
curva2;203;clown;-3.017;2.100;2.40;true;false;138.4;-0.60
curva2;203;acrobat;-5.090;3.019;2.17;false;false;107.2;-0.12
curva2;204;clown;-2.961;2.044;2.40;false;true;138.0;-0.60
curva2;204;acrobat;-5.026;2.989;2.17;true;false;107.5;-0.13
curva2;205;clown;-2.738;1.820;2.40;true;false;137.6;-0.58
curva2;205;acrobat;-4.770;2.864;2.21;false;false;107.2;-0.18
curva2;206;clown;-2.710;1.792;2.40;true;false;137.7;-0.58
curva2;206;acrobat;-4.738;2.847;2.21;false;true;107.5;-0.18
curva2;207;clown;-2.654;1.736;2.40;true;false;137.9;-0.59
curva2;207;acrobat;-4.674;2.813;2.22;false;true;107.9;-0.20
curva2;208;clown;-2.626;1.707;2.40;true;false;137.8;-0.59
curva2;208;acrobat;-4.643;2.796;2.23;false;true;108.1;-0.19
curva2;209;clown;-2.571;1.651;2.40;true;true;137.4;-0.60
curva2;209;acrobat;-4.579;2.761;2.23;false;true;108.1;-0.19
curva2;210;clown;-2.543;1.623;2.40;false;true;137.2;-0.59
curva2;210;acrobat;-4.547;2.743;2.24;false;true;108.1;-0.18
curva2;211;clown;-2.487;1.567;2.40;false;true;137.5;-0.60
curva2;211;acrobat;-4.484;2.707;2.25;false;false;107.4;-0.19
curva2;212;clown;-2.459;1.539;2.40;false;true;137.5;-0.59
curva2;212;acrobat;-4.452;2.689;2.25;true;false;107.5;-0.19
curva2;213;clown;-2.403;1.483;2.40;false;true;137.2;-0.58
curva2;213;acrobat;-4.389;2.651;2.26;true;false;107.9;-0.20
curva2;214;clown;-2.347;1.427;2.40;true;false;136.6;-0.58
curva2;214;acrobat;-4.325;2.614;2.27;true;false;108.1;-0.22
curva2;215;clown;-2.311;1.407;2.50;true;false;136.9;-0.56
curva2;215;acrobat;-4.294;2.594;2.28;true;false;108.2;-0.23
curva2;216;clown;-2.272;1.396;2.50;true;false;137.2;-0.52
curva2;216;acrobat;-4.262;2.575;2.28;true;false;108.1;-0.24
curva2;217;clown;-2.194;1.392;2.40;true;false;137.8;-0.45
curva2;217;acrobat;-4.198;2.538;2.27;false;false;107.5;-0.24
curva2;218;clown;-2.155;1.392;2.40;true;true;137.9;-0.40
curva2;218;acrobat;-4.166;2.520;2.26;false;true;107.6;-0.24
curva2;219;clown;-2.116;1.392;2.40;true;true;137.9;-0.36
curva2;219;acrobat;-4.133;2.503;2.26;false;true;107.8;-0.23
curva2;220;clown;-2.037;1.392;2.40;false;true;138.2;-0.30
curva2;220;acrobat;-4.069;2.468;2.24;false;true;108.2;-0.23
curva2;221;clown;-2.006;1.384;1.96;false;true;138.2;-0.30
curva2;221;acrobat;-4.037;2.451;2.23;false;true;108.2;-0.22
curva2;222;clown;-1.979;1.368;1.97;false;true;138.1;-0.31
curva2;222;acrobat;-4.005;2.434;2.22;false;true;108.2;-0.21
curva2;223;clown;-1.943;1.359;2.25;false;true;138.0;-0.30
curva2;223;acrobat;-3.973;2.417;2.22;false;true;108.1;-0.20
freio;224;clown;-1.896;1.359;1.20;false;false;137.7;-0.24
freio;224;acrobat;-3.910;2.385;2.15;false;false;107.5;-0.20
freio;225;clown;-1.886;1.359;0.70;false;false;137.7;-0.21
freio;225;acrobat;-3.880;2.370;2.09;false;false;107.6;-0.19
freio;226;clown;-1.883;1.359;0.00;true;true;137.7;-0.18
freio;226;acrobat;-3.823;2.341;1.93;true;false;107.8;-0.19
freio;227;clown;-1.883;1.359;0.00;true;true;137.8;-0.15
freio;227;acrobat;-3.770;2.314;1.78;true;false;108.2;-0.19
freio;228;clown;-1.883;1.359;0.00;true;true;137.7;-0.14
freio;228;acrobat;-3.745;2.301;1.71;true;false;108.3;-0.19
freio;229;clown;-1.883;1.359;0.00;true;true;137.6;-0.12
freio;229;acrobat;-3.721;2.289;1.65;true;false;108.4;-0.20
freio;230;clown;-1.883;1.359;0.00;true;true;137.4;-0.09
freio;230;acrobat;-3.677;2.267;1.52;true;false;108.3;-0.21
freio;231;clown;-1.883;1.359;0.00;true;true;137.2;-0.08
freio;231;acrobat;-3.656;2.256;1.46;true;false;108.2;-0.21
freio;232;clown;-1.883;1.359;0.00;true;true;137.0;-0.06
freio;232;acrobat;-3.635;2.246;1.41;true;false;108.1;-0.20
freio;233;clown;-1.883;1.359;0.00;true;true;137.0;-0.06
freio;233;acrobat;-3.597;2.226;1.30;false;false;107.5;-0.20
freio;234;clown;-1.883;1.359;0.00;true;true;136.9;-0.05
freio;234;acrobat;-3.579;2.217;1.25;false;true;107.6;-0.20
freio;235;clown;-1.883;1.359;0.00;true;true;136.9;-0.05
freio;235;acrobat;-3.546;2.200;1.16;false;true;107.9;-0.20
freio;236;clown;-1.883;1.359;0.00;true;true;136.8;-0.05
freio;236;acrobat;-3.530;2.192;1.11;false;true;108.0;-0.20
freio;237;clown;-1.883;1.359;0.00;true;true;136.8;-0.05
freio;237;acrobat;-3.515;2.184;1.07;false;true;108.2;-0.20
freio;238;clown;-1.883;1.359;0.00;true;false;136.4;-0.05
freio;238;acrobat;-3.486;2.170;0.99;false;true;108.3;-0.20
freio;239;clown;-1.883;1.359;0.00;false;false;136.3;-0.04
freio;239;acrobat;-3.473;2.163;0.95;false;true;108.4;-0.20
freio;240;clown;-1.883;1.359;0.00;false;false;136.4;-0.04
freio;240;acrobat;-3.460;2.156;0.91;false;true;108.5;-0.19
freio;241;clown;-1.883;1.359;0.00;false;false;136.5;-0.04
freio;241;acrobat;-3.436;2.144;0.85;false;true;108.4;-0.19
freio;242;clown;-1.883;1.359;0.00;false;false;136.5;-0.04
freio;242;acrobat;-3.424;2.138;0.81;false;true;108.4;-0.18
freio;243;clown;-1.883;1.359;0.00;false;false;136.7;-0.04
freio;243;acrobat;-3.403;2.127;0.75;false;true;108.3;-0.18
freio;244;clown;-1.883;1.359;0.00;false;false;136.7;-0.04
freio;244;acrobat;-3.393;2.122;0.73;false;true;108.2;-0.18
freio;245;clown;-1.883;1.359;0.00;false;false;136.8;-0.04
freio;245;acrobat;-3.383;2.117;0.72;false;true;108.1;-0.17
freio;246;clown;-1.883;1.359;0.00;false;false;136.8;-0.03
freio;246;acrobat;-3.373;2.112;0.72;false;true;108.0;-0.17
freio;247;clown;-1.883;1.359;0.00;false;false;136.9;-0.03
freio;247;acrobat;-3.353;2.101;0.72;false;false;107.6;-0.17
freio;248;clown;-1.883;1.359;0.00;false;false;136.9;-0.03
freio;248;acrobat;-3.343;2.096;0.72;false;false;107.6;-0.17
freio;249;clown;-1.883;1.359;0.00;false;false;136.9;-0.03
freio;249;acrobat;-3.333;2.091;0.72;false;false;107.7;-0.17
freio;250;clown;-1.883;1.359;0.00;false;false;137.0;-0.03
freio;250;acrobat;-3.313;2.081;0.72;false;false;107.8;-0.17
freio;251;clown;-1.883;1.359;0.00;false;false;137.0;0.07
freio;251;acrobat;-3.303;2.076;0.72;false;false;107.8;-0.17
freio;252;clown;-1.883;1.359;0.00;true;true;137.1;0.26
freio;252;acrobat;-3.283;2.066;0.72;false;false;107.9;-0.17
freio;253;clown;-1.883;1.359;0.00;true;true;137.2;0.34
freio;253;acrobat;-3.273;2.060;0.72;true;false;107.9;-0.17
freio;254;clown;-1.883;1.359;0.00;true;true;137.2;0.41
freio;254;acrobat;-3.263;2.055;0.72;true;false;108.0;-0.17
freio;255;clown;-1.883;1.359;0.00;true;true;137.3;0.53
freio;255;acrobat;-3.243;2.045;0.72;true;false;108.2;-0.18
freio;256;clown;-1.883;1.359;0.00;true;true;137.4;0.58
freio;256;acrobat;-3.233;2.040;0.72;true;false;108.3;-0.18
freio;257;clown;-1.883;1.359;0.00;true;true;137.4;0.62
freio;257;acrobat;-3.223;2.035;0.72;true;false;108.4;-0.18
freio;258;clown;-1.883;1.359;0.00;true;true;137.5;0.69
freio;258;acrobat;-3.203;2.025;0.72;true;false;108.4;-0.18
freio;259;clown;-1.883;1.359;0.00;true;true;137.6;0.72
freio;259;acrobat;-3.193;2.020;0.72;true;false;108.5;-0.19
freio;260;clown;-1.883;1.359;0.00;true;true;137.6;0.75
freio;260;acrobat;-3.183;2.014;0.72;true;false;108.5;-0.19
freio;261;clown;-1.883;1.359;0.00;true;true;137.7;0.78
freio;261;acrobat;-3.163;2.004;0.72;true;false;108.4;-0.20
freio;262;clown;-1.883;1.359;0.00;true;true;137.8;0.80
freio;262;acrobat;-3.152;1.999;0.72;true;false;108.4;-0.20
freio;263;clown;-1.883;1.359;0.00;true;true;137.9;0.82
freio;263;acrobat;-3.132;1.989;0.72;true;false;108.3;-0.20
freio;264;clown;-1.883;1.359;0.00;true;true;138.0;0.83
freio;264;acrobat;-3.131;1.989;0.14;true;true;108.3;-0.18
freio;265;clown;-1.883;1.359;0.00;false;true;137.6;0.84
freio;265;acrobat;-3.131;1.989;0.00;true;true;108.3;-0.17
freio;266;clown;-1.883;1.359;0.00;false;false;137.7;0.86
freio;266;acrobat;-3.131;1.989;0.00;false;true;108.1;-0.15
freio;267;clown;-1.883;1.359;0.00;false;false;137.8;0.86
freio;267;acrobat;-3.131;1.989;0.00;false;true;108.3;-0.13
freio;268;clown;-1.883;1.359;0.00;false;false;138.1;0.87
freio;268;acrobat;-3.131;1.989;0.00;false;true;108.6;-0.11
freio;269;clown;-1.883;1.359;0.00;false;false;138.2;0.87
freio;269;acrobat;-3.131;1.989;0.00;false;true;108.7;-0.10
freio;270;clown;-1.883;1.359;0.00;false;false;138.4;0.88
freio;270;acrobat;-3.131;1.989;0.00;false;true;109.0;-0.07
freio;271;clown;-1.883;1.359;0.00;false;false;138.5;0.88
freio;271;acrobat;-3.131;1.989;0.00;false;true;109.1;-0.07
freio;272;clown;-1.883;1.359;0.00;true;false;138.6;0.88
freio;272;acrobat;-3.131;1.989;0.00;false;true;109.2;-0.07
freio;273;clown;-1.883;1.359;0.00;true;true;138.8;0.89
freio;273;acrobat;-3.131;1.989;0.00;false;true;109.4;-0.07
freio;274;clown;-1.883;1.359;0.00;true;true;138.8;0.89
freio;274;acrobat;-3.131;1.989;0.00;false;true;109.4;-0.07
freio;275;clown;-1.883;1.359;0.00;true;true;138.9;0.89
freio;275;acrobat;-3.131;1.989;0.00;false;true;109.5;-0.07
freio;276;clown;-1.883;1.359;0.00;true;true;138.9;0.89
freio;276;acrobat;-3.131;1.989;0.00;false;true;109.5;-0.07
freio;277;clown;-1.883;1.359;0.00;true;true;139.1;0.89
freio;277;acrobat;-3.131;1.989;0.00;false;false;109.2;-0.07
freio;278;clown;-1.883;1.359;0.00;true;true;139.1;0.89
freio;278;acrobat;-3.131;1.989;0.00;false;false;109.3;-0.07
freio;279;clown;-1.883;1.359;0.00;true;true;139.2;0.90
freio;279;acrobat;-3.131;1.989;0.00;false;false;109.4;-0.07
freio;280;clown;-1.883;1.359;0.00;true;true;139.3;0.90
freio;280;acrobat;-3.131;1.989;0.00;false;false;109.6;-0.07
freio;281;clown;-1.883;1.359;0.00;true;true;139.3;0.90
freio;281;acrobat;-3.131;1.989;0.00;false;false;109.7;-0.07
freio;282;clown;-1.883;1.359;0.00;true;true;139.4;0.90
freio;282;acrobat;-3.131;1.989;0.00;false;false;109.8;-0.07
freio;283;clown;-1.883;1.359;0.00;true;true;139.4;0.90
freio;283;acrobat;-3.131;1.989;0.00;false;false;109.9;-0.07
freio;284;clown;-1.883;1.359;0.00;false;false;139.4;0.90
freio;284;acrobat;-3.131;1.989;0.00;false;false;110.3;-0.08
freio;285;clown;-1.883;1.359;0.00;false;false;139.6;0.90
freio;285;acrobat;-3.131;1.989;0.00;false;false;110.3;0.03
freio;286;clown;-1.883;1.359;0.00;false;false;139.7;0.90
freio;286;acrobat;-3.131;1.989;0.00;false;false;110.4;0.14
freio;287;clown;-1.883;1.359;0.00;false;false;139.9;0.90
freio;287;acrobat;-3.131;1.989;0.00;true;true;110.4;0.33
freio;288;clown;-1.883;1.359;0.00;false;false;139.9;0.90
freio;288;acrobat;-3.131;1.989;0.00;true;true;110.5;0.41
freio;289;clown;-1.883;1.359;0.00;false;false;140.0;0.90
freio;289;acrobat;-3.131;1.989;0.00;true;true;110.5;0.48
freio;290;clown;-1.883;1.359;0.00;false;false;140.0;0.90
freio;290;acrobat;-3.131;1.989;0.00;true;true;110.5;0.54
freio;291;clown;-1.883;1.359;0.00;false;false;140.1;0.91
freio;291;acrobat;-3.131;1.989;0.00;true;true;110.5;0.64
freio;292;clown;-1.883;1.359;0.00;false;false;140.1;0.91
freio;292;acrobat;-3.131;1.989;0.00;true;true;110.6;0.68
freio;293;clown;-1.883;1.359;0.00;false;false;140.1;0.91
freio;293;acrobat;-3.131;1.989;0.00;true;true;110.6;0.72
freio;294;clown;-1.883;1.359;0.00;false;false;140.1;0.91
freio;294;acrobat;-3.131;1.989;0.00;true;true;110.6;0.77
freio;295;clown;-1.883;1.359;0.00;false;false;140.1;0.91
freio;295;acrobat;-3.131;1.989;0.00;true;true;110.6;0.79
freio;296;clown;-1.883;1.359;0.00;false;false;140.1;0.91
freio;296;acrobat;-3.131;1.989;0.00;true;true;110.6;0.83
freio;297;clown;-1.883;1.359;0.00;false;false;140.1;0.91
freio;297;acrobat;-3.131;1.989;0.00;true;true;110.6;0.84
freio;298;clown;-1.883;1.359;0.00;false;false;140.1;0.91
freio;298;acrobat;-3.131;1.989;0.00;true;true;110.6;0.86
freio;299;clown;-1.883;1.359;0.00;false;false;140.1;0.91
freio;299;acrobat;-3.131;1.989;0.00;true;true;110.6;0.87
freio;300;clown;-1.883;1.359;0.00;false;false;140.1;0.91
freio;300;acrobat;-3.131;1.989;0.00;false;false;110.2;0.88
freio;301;clown;-1.883;1.359;0.00;false;false;140.1;0.91
freio;301;acrobat;-3.131;1.989;0.00;false;false;110.2;0.88
freio;302;clown;-1.883;1.359;0.00;false;false;140.1;0.91
freio;302;acrobat;-3.131;1.989;0.00;false;false;110.2;0.88
freio;303;clown;-1.883;1.359;0.00;false;false;140.0;0.91
freio;303;acrobat;-3.131;1.989;0.00;false;false;110.3;0.89
freio;304;clown;-1.883;1.359;0.00;false;false;140.0;0.91
freio;304;acrobat;-3.131;1.989;0.00;false;false;110.3;0.89
freio;305;clown;-1.883;1.359;0.00;false;false;140.0;0.91
freio;305;acrobat;-3.131;1.989;0.00;false;false;110.3;0.89
freio;306;clown;-1.883;1.359;0.00;false;false;139.9;0.91
freio;306;acrobat;-3.131;1.989;0.00;false;false;110.4;0.90
freio;307;clown;-1.883;1.359;0.00;false;false;139.8;0.91
freio;307;acrobat;-3.131;1.989;0.00;false;false;110.3;0.90
freio;308;clown;-1.883;1.359;0.00;false;false;139.8;0.91
freio;308;acrobat;-3.131;1.989;0.00;false;false;110.3;0.90
freio;309;clown;-1.883;1.359;0.00;false;false;139.7;0.91
freio;309;acrobat;-3.131;1.989;0.00;false;false;110.2;0.90
freio;310;clown;-1.883;1.359;0.00;false;false;139.7;0.91
freio;310;acrobat;-3.131;1.989;0.00;false;false;110.2;0.90
freio;311;clown;-1.883;1.359;0.00;false;false;139.6;0.91
freio;311;acrobat;-3.131;1.989;0.00;false;false;110.1;0.90
freio;312;clown;-1.883;1.359;0.00;false;false;139.5;0.91
freio;312;acrobat;-3.131;1.989;0.00;false;false;110.1;0.90
freio;313;clown;-1.883;1.359;0.00;false;false;139.4;0.91
freio;313;acrobat;-3.131;1.989;0.00;false;false;110.0;0.90
8dir;314;clown;-1.876;1.359;0.50;false;false;139.3;0.85
8dir;314;acrobat;-3.123;1.984;0.60;false;false;109.8;0.85
8dir;315;clown;-1.836;1.359;1.50;false;false;139.0;0.69
8dir;315;acrobat;-3.103;1.974;0.72;false;false;109.4;0.67
8dir;316;clown;-1.804;1.359;2.00;true;false;138.8;0.60
8dir;316;acrobat;-3.093;1.969;0.72;false;false;109.2;0.56
8dir;317;clown;-1.726;1.359;2.40;true;true;138.9;0.44
8dir;317;acrobat;-3.072;1.959;0.72;false;false;108.8;0.37
8dir;318;clown;-1.647;1.359;2.40;true;true;138.9;0.30
8dir;318;acrobat;-3.051;1.950;0.72;false;true;108.4;0.23
8dir;319;clown;-1.608;1.359;2.40;true;true;138.8;0.24
8dir;319;acrobat;-3.041;1.946;0.72;false;true;108.3;0.18
8dir;320;clown;-1.530;1.359;2.40;true;true;138.8;0.15
8dir;320;acrobat;-3.020;1.938;0.72;true;true;108.2;0.09
8dir;321;clown;-1.491;1.359;2.40;false;true;138.1;0.13
8dir;321;acrobat;-3.010;1.934;0.72;true;true;108.3;0.07
8dir;322;clown;-1.413;1.359;2.40;false;false;138.0;0.08
8dir;322;acrobat;-2.989;1.926;0.72;true;true;108.4;0.02
8dir;323;clown;-1.335;1.359;2.40;false;false;138.2;0.04
8dir;323;acrobat;-2.966;1.918;0.81;true;true;108.4;-0.01
8dir;324;clown;-1.296;1.358;2.40;false;false;138.3;0.03
8dir;324;acrobat;-2.953;1.913;0.87;true;true;108.4;-0.01
8dir;325;clown;-1.218;1.358;2.40;true;false;138.8;0.00
8dir;325;acrobat;-2.924;1.904;0.98;true;true;108.4;-0.03
8dir;326;clown;-1.179;1.358;2.40;true;false;139.1;-0.01
8dir;326;acrobat;-2.909;1.899;1.03;true;true;108.4;-0.03
8dir;327;clown;-1.101;1.358;2.40;true;true;139.6;-0.05
8dir;327;acrobat;-2.875;1.889;1.13;true;true;108.4;-0.04
8dir;328;clown;-1.022;1.358;2.40;true;true;139.7;-0.06
8dir;328;acrobat;-2.839;1.878;1.22;true;true;108.2;-0.05
8dir;329;clown;-0.983;1.358;2.40;true;true;139.8;-0.07
8dir;329;acrobat;-2.819;1.873;1.26;true;false;107.7;-0.05
8dir;330;clown;-0.905;1.358;2.40;false;true;139.5;-0.06
8dir;330;acrobat;-2.778;1.861;1.35;false;false;107.5;-0.05
8dir;331;clown;-0.866;1.358;2.40;false;true;139.3;-0.06
8dir;331;acrobat;-2.757;1.856;1.39;false;false;107.5;-0.04
8dir;332;clown;-0.788;1.358;2.40;false;false;139.0;-0.06
8dir;332;acrobat;-2.712;1.844;1.46;false;false;107.6;-0.04
8dir;333;clown;-0.710;1.358;2.40;false;false;139.3;-0.07
8dir;333;acrobat;-2.665;1.833;1.53;false;false;107.7;-0.04
8dir;334;clown;-0.671;1.358;2.40;true;false;139.3;-0.07
8dir;334;acrobat;-2.640;1.827;1.56;false;false;107.7;-0.03
8dir;335;clown;-0.593;1.358;2.40;true;false;140.2;-0.08
8dir;335;acrobat;-2.590;1.815;1.62;false;false;107.8;-0.03
8dir;336;clown;-0.553;1.358;2.40;true;false;140.3;-0.09
8dir;336;acrobat;-2.564;1.809;1.65;false;false;107.8;-0.02
8dir;337;clown;-0.475;1.357;2.40;true;true;140.5;-0.11
8dir;337;acrobat;-2.510;1.797;1.70;false;false;107.8;-0.02
8dir;338;clown;-0.397;1.357;2.40;true;true;140.8;-0.11
8dir;338;acrobat;-2.455;1.786;1.75;false;true;107.8;-0.02
8dir;339;clown;-0.358;1.357;2.40;false;true;140.3;-0.11
8dir;339;acrobat;-2.427;1.780;1.78;false;true;107.9;-0.01
8dir;340;clown;-0.280;1.357;2.40;false;true;140.2;-0.09
8dir;340;acrobat;-2.370;1.768;1.82;true;true;108.2;0.00
8dir;341;clown;-0.201;1.357;2.40;false;false;140.0;-0.09
8dir;341;acrobat;-2.311;1.757;1.86;true;true;108.2;0.01
8dir;342;clown;-0.162;1.357;2.40;false;false;139.9;-0.09
8dir;342;acrobat;-2.281;1.751;1.88;true;true;108.2;0.02
8dir;343;clown;-0.084;1.357;2.40;true;false;140.2;-0.09
8dir;343;acrobat;-2.220;1.740;1.92;true;true;108.2;0.02
8dir;344;clown;-0.045;1.357;2.40;true;false;140.5;-0.09
8dir;344;acrobat;-2.189;1.735;1.94;true;true;108.2;0.02
8dir;345;clown;0.033;1.357;2.40;true;false;141.1;-0.11
8dir;345;acrobat;-2.126;1.724;1.97;true;false;107.5;0.01
8dir;346;clown;0.073;1.357;2.40;true;true;141.1;-0.12
8dir;346;acrobat;-2.094;1.719;1.99;false;false;107.3;0.01
8dir;347;clown;0.151;1.357;2.40;true;true;141.3;-0.13
8dir;347;acrobat;-2.030;1.708;2.02;false;false;107.4;0.02
8dir;348;clown;0.229;1.357;2.40;false;true;141.1;-0.13
8dir;348;acrobat;-1.964;1.698;2.05;false;false;107.5;0.02
8dir;349;clown;0.268;1.357;2.40;false;true;140.9;-0.12
8dir;349;acrobat;-1.931;1.693;2.06;false;false;107.5;0.02
8dir;350;clown;0.347;1.356;2.40;false;true;140.6;-0.10
8dir;350;acrobat;-1.864;1.682;2.09;false;false;107.6;0.03
8dir;351;clown;0.425;1.356;2.40;false;false;140.6;-0.11
8dir;351;acrobat;-1.797;1.673;2.11;false;true;107.7;0.03
8dir;352;clown;0.464;1.356;2.40;false;false;140.5;-0.10
8dir;352;acrobat;-1.763;1.668;2.12;false;true;107.9;0.04
8dir;353;clown;0.542;1.356;2.40;true;false;141.0;-0.11
8dir;353;acrobat;-1.694;1.658;2.14;true;true;108.1;0.05
8dir;354;clown;0.621;1.356;2.40;true;false;141.7;-0.13
8dir;354;acrobat;-1.625;1.649;2.16;true;true;108.1;0.06
8dir;355;clown;0.660;1.356;2.40;true;true;141.6;-0.14
8dir;355;acrobat;-1.590;1.645;2.17;true;true;108.1;0.06
8dir;356;clown;0.713;1.356;1.40;true;true;141.6;-0.14
8dir;356;acrobat;-1.521;1.636;2.13;true;false;107.7;0.06
8dir;357;clown;0.734;1.356;0.40;true;true;141.7;-0.13
8dir;357;acrobat;-1.455;1.628;2.01;true;false;107.5;0.05
8dir;358;clown;0.734;1.356;0.00;false;true;140.8;-0.12
8dir;358;acrobat;-1.424;1.624;1.93;true;false;107.4;0.05
8dir;359;clown;0.734;1.356;0.00;false;true;140.5;-0.12
8dir;359;acrobat;-1.365;1.616;1.79;false;false;107.3;0.05
8dir;360;clown;0.734;1.356;0.00;false;true;140.2;-0.12
8dir;360;acrobat;-1.311;1.610;1.65;false;false;107.4;0.05
8dir;361;clown;0.734;1.356;0.00;false;true;139.8;-0.11
8dir;361;acrobat;-1.286;1.606;1.59;false;false;107.4;0.05
8dir;362;clown;0.734;1.356;0.00;false;true;139.7;-0.11
8dir;362;acrobat;-1.238;1.600;1.47;false;false;107.5;0.05
8dir;363;clown;0.734;1.356;0.00;false;true;139.6;-0.12
8dir;363;acrobat;-1.194;1.595;1.35;false;false;107.6;0.05
8dir;364;clown;0.734;1.356;0.00;false;false;138.9;-0.11
8dir;364;acrobat;-1.173;1.592;1.30;false;false;107.6;0.05
8dir;365;clown;0.734;1.356;0.00;false;false;139.1;-0.11
8dir;365;acrobat;-1.134;1.587;1.20;false;true;107.7;0.05
8dir;366;clown;0.734;1.356;0.00;false;false;139.2;-0.11
8dir;366;acrobat;-1.099;1.583;1.11;false;true;107.9;0.06
8dir;367;clown;0.734;1.356;0.00;false;false;139.2;-0.10
8dir;367;acrobat;-1.082;1.581;1.07;false;true;108.0;0.06
8dir;368;clown;0.734;1.356;0.00;false;false;139.3;-0.10
8dir;368;acrobat;-1.050;1.577;0.99;false;true;108.1;0.07
8dir;369;clown;0.734;1.356;0.00;false;false;139.4;-0.10
8dir;369;acrobat;-1.035;1.575;0.95;false;true;108.1;0.07
8dir;370;clown;0.734;1.356;0.00;false;false;139.4;-0.10
8dir;370;acrobat;-1.021;1.573;0.92;false;true;108.1;0.07
8dir;371;clown;0.734;1.356;0.00;false;false;139.5;-0.10
8dir;371;acrobat;-0.994;1.569;0.85;true;true;108.1;0.08
8dir;372;clown;0.734;1.356;0.00;false;false;139.5;-0.09
8dir;372;acrobat;-0.969;1.566;0.79;true;true;108.0;0.08
8dir;373;clown;0.734;1.356;0.00;false;false;139.5;-0.09
8dir;373;acrobat;-0.957;1.565;0.76;true;true;107.9;0.08
8dir;374;clown;0.757;1.379;1.41;false;false;139.7;0.08
8dir;374;acrobat;-0.934;1.562;0.75;true;true;108.0;0.08
8dir;375;clown;0.809;1.431;2.40;false;true;140.0;0.20
8dir;375;acrobat;-0.909;1.560;0.81;true;false;107.7;0.09
8dir;376;clown;0.864;1.486;2.40;false;true;140.6;0.29
8dir;376;acrobat;-0.882;1.559;0.87;true;false;107.8;0.10
8dir;377;clown;0.892;1.514;2.40;true;true;140.7;0.33
8dir;377;acrobat;-0.868;1.558;0.90;true;false;107.8;0.10
8dir;378;clown;0.947;1.569;2.40;true;true;140.9;0.39
8dir;378;acrobat;-0.839;1.558;0.96;true;false;107.8;0.11
8dir;379;clown;0.975;1.597;2.40;true;true;141.0;0.41
8dir;379;acrobat;-0.823;1.558;0.99;true;false;107.7;0.12
8dir;380;clown;1.030;1.652;2.40;true;false;140.8;0.43
8dir;380;acrobat;-0.790;1.560;1.05;true;false;107.7;0.13
8dir;381;clown;1.058;1.680;2.40;true;false;140.6;0.43
8dir;381;acrobat;-0.773;1.561;1.08;true;false;107.6;0.14
8dir;382;clown;1.085;1.708;2.40;true;false;140.5;0.43
8dir;382;acrobat;-0.755;1.562;1.11;false;false;107.1;0.15
8dir;383;clown;1.113;1.735;2.40;false;false;140.4;0.44
8dir;383;acrobat;-0.737;1.564;1.14;false;false;107.2;0.16
8dir;384;clown;1.168;1.791;2.40;false;false;140.8;0.44
8dir;384;acrobat;-0.700;1.568;1.20;false;false;107.3;0.18
8dir;385;clown;1.196;1.818;2.40;false;true;140.9;0.45
8dir;385;acrobat;-0.680;1.571;1.23;false;false;107.3;0.19
8dir;386;clown;1.224;1.846;2.40;false;true;141.3;0.45
8dir;386;acrobat;-0.661;1.573;1.26;false;false;107.3;0.20
8dir;387;clown;1.251;1.874;2.40;false;true;141.6;0.46
8dir;387;acrobat;-0.640;1.577;1.28;false;false;107.3;0.21
8dir;388;clown;1.307;1.929;2.40;true;true;142.3;0.47
8dir;388;acrobat;-0.599;1.584;1.34;false;true;107.6;0.23
8dir;389;clown;1.334;1.957;2.40;true;true;142.3;0.47
8dir;389;acrobat;-0.577;1.588;1.36;false;true;107.7;0.24
8dir;390;clown;1.362;1.985;2.40;true;true;142.3;0.47
8dir;390;acrobat;-0.555;1.592;1.39;false;true;107.8;0.25
8dir;391;clown;1.390;2.012;2.40;true;true;142.5;0.47
8dir;391;acrobat;-0.533;1.597;1.42;false;true;107.8;0.26
8dir;392;clown;1.417;2.040;2.40;true;false;142.0;0.47
8dir;392;acrobat;-0.511;1.602;1.44;false;true;107.8;0.27
8dir;393;clown;1.473;2.096;2.40;true;false;142.1;0.45
8dir;393;acrobat;-0.465;1.613;1.49;false;true;107.9;0.30
8dir;394;clown;1.501;2.124;2.40;true;false;141.9;0.45
8dir;394;acrobat;-0.441;1.619;1.51;false;true;107.8;0.31
8dir;395;clown;1.529;2.152;2.40;false;false;141.6;0.45
8dir;395;acrobat;-0.417;1.626;1.54;false;true;107.6;0.32
8dir;396;clown;1.556;2.179;2.40;false;false;141.7;0.45
8dir;396;acrobat;-0.393;1.633;1.56;false;true;107.5;0.33
8dir;397;clown;1.584;2.207;2.40;false;false;141.7;0.45
8dir;397;acrobat;-0.369;1.640;1.58;true;true;107.3;0.33
8dir;398;clown;1.640;2.263;2.40;false;true;142.5;0.44
8dir;398;acrobat;-0.319;1.655;1.63;true;false;107.2;0.35
8dir;399;clown;1.668;2.291;2.40;false;true;142.7;0.45
8dir;399;acrobat;-0.294;1.663;1.65;true;false;107.4;0.35
8dir;400;clown;1.696;2.319;2.40;false;true;142.9;0.46
8dir;400;acrobat;-0.269;1.671;1.67;true;false;107.5;0.36
8dir;401;clown;1.723;2.347;2.40;true;true;143.0;0.47
8dir;401;acrobat;-0.243;1.680;1.69;true;false;107.5;0.36
8dir;402;clown;1.779;2.402;2.40;true;true;143.3;0.46
8dir;402;acrobat;-0.191;1.698;1.73;true;false;107.6;0.36
8dir;403;clown;1.807;2.430;2.40;true;true;143.4;0.46
8dir;403;acrobat;-0.164;1.708;1.75;true;false;107.5;0.36
8dir;404;clown;1.835;2.458;2.40;true;false;142.8;0.46
8dir;404;acrobat;-0.138;1.718;1.76;true;false;107.3;0.37
8dir;405;clown;1.890;2.514;2.40;true;false;142.9;0.44
8dir;405;acrobat;-0.084;1.739;1.80;false;false;107.0;0.38
8dir;406;clown;1.918;2.542;2.40;true;false;142.6;0.44
8dir;406;acrobat;-0.057;1.750;1.82;false;false;107.0;0.38
8dir;407;clown;1.946;2.570;2.40;false;false;142.3;0.43
8dir;407;acrobat;-0.029;1.761;1.83;false;false;107.0;0.39
8dir;408;clown;1.974;2.598;2.40;false;false;142.3;0.43
8dir;408;acrobat;-0.002;1.773;1.85;false;true;107.0;0.39
8dir;409;clown;2.030;2.654;2.40;false;true;142.7;0.43
8dir;409;acrobat;0.054;1.796;1.88;false;true;107.5;0.40
8dir;410;clown;2.058;2.682;2.40;false;true;143.0;0.43
8dir;410;acrobat;0.082;1.809;1.90;false;true;107.5;0.41
8dir;411;clown;2.086;2.710;2.40;false;true;143.2;0.44
8dir;411;acrobat;0.111;1.822;1.91;false;true;107.6;0.43
8dir;412;clown;2.114;2.738;2.40;false;true;143.4;0.44
8dir;412;acrobat;0.139;1.835;1.93;false;true;107.6;0.44
8dir;413;clown;2.170;2.794;2.40;true;true;143.7;0.45
8dir;413;acrobat;0.196;1.861;1.96;false;true;107.5;0.45
8dir;414;clown;2.198;2.822;2.40;true;true;143.6;0.45
8dir;414;acrobat;0.225;1.875;1.97;false;true;107.3;0.46
8dir;415;clown;2.226;2.850;2.40;true;true;143.7;0.45
8dir;415;acrobat;0.254;1.889;1.98;false;false;106.7;0.46
8dir;416;clown;2.246;2.870;1.69;true;false;143.1;0.45
8dir;416;acrobat;0.282;1.903;1.97;true;false;106.8;0.46
8dir;417;clown;2.260;2.885;0.28;true;true;143.4;0.45
8dir;417;acrobat;0.337;1.930;1.86;true;false;107.3;0.47
8dir;418;clown;2.260;2.885;0.00;true;true;143.3;0.45
8dir;418;acrobat;0.363;1.943;1.79;true;false;107.4;0.47
8dir;419;clown;2.260;2.885;0.00;true;true;143.3;0.45
8dir;419;acrobat;0.388;1.956;1.72;true;false;107.4;0.47
8dir;420;clown;2.260;2.885;0.00;true;true;143.4;0.45
8dir;420;acrobat;0.412;1.968;1.66;true;false;107.5;0.47
8dir;421;clown;2.260;2.885;0.00;true;true;143.6;0.46
8dir;421;acrobat;0.435;1.979;1.59;true;false;107.5;0.47
8dir;422;clown;2.260;2.885;0.00;false;true;143.6;0.46
8dir;422;acrobat;0.478;2.000;1.47;true;false;107.5;0.46
8dir;423;clown;2.260;2.885;0.00;false;true;143.7;0.46
8dir;423;acrobat;0.498;2.010;1.42;true;false;107.3;0.46
8dir;424;clown;2.260;2.885;0.00;false;true;143.8;0.46
8dir;424;acrobat;0.518;2.020;1.36;true;false;107.2;0.46
8dir;425;clown;2.260;2.885;0.00;false;true;143.8;0.46
8dir;425;acrobat;0.537;2.030;1.31;false;false;106.7;0.46
8dir;426;clown;2.260;2.885;0.00;false;true;143.7;0.46
8dir;426;acrobat;0.555;2.039;1.26;false;false;106.8;0.46
8dir;427;clown;2.260;2.885;0.00;false;true;143.7;0.47
8dir;427;acrobat;0.589;2.055;1.16;false;true;106.9;0.46
8dir;428;clown;2.260;2.885;0.00;false;true;143.6;0.47
8dir;428;acrobat;0.605;2.063;1.12;false;true;107.0;0.46
8dir;429;clown;2.260;2.885;0.00;false;true;143.4;0.48
8dir;429;acrobat;0.620;2.071;1.08;false;true;107.1;0.46
8dir;430;clown;2.260;2.885;0.00;false;true;143.3;0.48
8dir;430;acrobat;0.635;2.078;1.03;false;true;107.2;0.47
8dir;431;clown;2.260;2.885;0.00;false;true;143.2;0.49
8dir;431;acrobat;0.663;2.092;0.96;false;true;107.5;0.47
8dir;432;clown;2.260;2.885;0.00;false;false;142.5;0.49
8dir;432;acrobat;0.676;2.099;0.92;false;true;107.5;0.47
8dir;433;clown;2.260;2.885;0.00;false;false;142.4;0.49
8dir;433;acrobat;0.688;2.105;0.89;false;true;107.5;0.47
8dir;434;clown;2.260;2.893;0.50;false;false;142.1;0.57
8dir;434;acrobat;0.700;2.111;0.86;false;true;107.5;0.48
8dir;435;clown;2.260;2.935;1.50;false;false;141.8;0.66
8dir;435;acrobat;0.724;2.123;0.84;false;true;107.5;0.48
8dir;436;clown;2.260;2.968;2.00;false;true;141.6;0.69
8dir;436;acrobat;0.736;2.130;0.85;false;true;107.5;0.49
8dir;437;clown;2.260;3.008;2.40;false;true;141.6;0.72
8dir;437;acrobat;0.747;2.136;0.86;false;true;107.4;0.50
8dir;438;clown;2.260;3.049;2.40;false;true;141.5;0.73
8dir;438;acrobat;0.759;2.144;0.88;false;true;107.3;0.51
8dir;439;clown;2.260;3.130;2.40;true;true;141.6;0.76
8dir;439;acrobat;0.783;2.159;0.92;false;true;107.2;0.52
8dir;440;clown;2.260;3.170;2.40;true;true;141.3;0.76
8dir;440;acrobat;0.796;2.168;0.93;false;true;107.1;0.53
8dir;441;clown;2.260;3.210;2.40;true;true;141.2;0.76
8dir;441;acrobat;0.808;2.176;0.95;false;true;107.0;0.54
8dir;442;clown;2.260;3.251;2.40;true;true;141.2;0.77
8dir;442;acrobat;0.820;2.186;0.97;false;false;106.5;0.55
8dir;443;clown;2.260;3.332;2.40;true;false;140.4;0.76
8dir;443;acrobat;0.846;2.205;1.02;false;false;106.7;0.57
8dir;444;clown;2.260;3.372;2.40;true;false;140.1;0.76
8dir;444;acrobat;0.858;2.216;1.04;true;false;106.7;0.58
8dir;445;clown;2.260;3.412;2.40;false;false;139.8;0.76
8dir;445;acrobat;0.871;2.227;1.06;true;false;106.8;0.59
8dir;446;clown;2.260;3.453;2.40;false;false;139.8;0.76
8dir;446;acrobat;0.884;2.239;1.08;true;false;106.9;0.60
8dir;447;clown;2.260;3.534;2.40;false;true;140.0;0.76
8dir;447;acrobat;0.911;2.263;1.13;true;false;107.2;0.61
8dir;448;clown;2.260;3.574;2.40;false;true;140.2;0.76
8dir;448;acrobat;0.924;2.276;1.16;true;false;107.3;0.62
8dir;449;clown;2.260;3.615;2.40;false;true;140.4;0.76
8dir;449;acrobat;0.937;2.290;1.18;true;false;107.4;0.62
8dir;450;clown;2.259;3.656;2.40;false;true;140.6;0.77
8dir;450;acrobat;0.951;2.303;1.20;true;false;107.4;0.63
8dir;451;clown;2.259;3.738;2.40;true;true;140.5;0.76
8dir;451;acrobat;0.978;2.333;1.25;true;false;107.4;0.64
8dir;452;clown;2.259;3.779;2.40;true;true;140.4;0.76
8dir;452;acrobat;0.991;2.348;1.28;true;false;107.4;0.65
8dir;453;clown;2.259;3.820;2.40;true;true;140.5;0.76
8dir;453;acrobat;1.005;2.364;1.30;true;false;107.3;0.65
8dir;454;clown;2.259;3.902;2.40;true;false;139.6;0.76
8dir;454;acrobat;1.033;2.398;1.35;true;false;107.1;0.67
8dir;455;clown;2.259;3.943;2.40;true;false;139.3;0.75
8dir;455;acrobat;1.047;2.415;1.38;false;true;106.6;0.67
8dir;456;clown;2.259;3.985;2.40;true;false;139.0;0.75
8dir;456;acrobat;1.061;2.433;1.40;false;true;106.8;0.68
8dir;457;clown;2.259;4.026;2.40;false;false;138.6;0.75
8dir;457;acrobat;1.074;2.452;1.42;false;true;106.9;0.69
8dir;458;clown;2.259;4.067;2.40;false;false;138.6;0.75
8dir;458;acrobat;1.088;2.471;1.45;false;true;107.1;0.69
8dir;459;clown;2.259;4.108;2.40;false;true;138.5;0.75
8dir;459;acrobat;1.102;2.490;1.47;false;true;107.2;0.70
8dir;460;clown;2.259;4.191;2.40;false;true;139.0;0.75
8dir;460;acrobat;1.130;2.531;1.52;false;true;107.4;0.72
8dir;461;clown;2.258;4.232;2.40;false;true;139.1;0.75
8dir;461;acrobat;1.144;2.552;1.54;false;true;107.4;0.72
8dir;462;clown;2.258;4.273;2.40;false;true;139.1;0.75
8dir;462;acrobat;1.158;2.574;1.56;false;true;107.4;0.73
8dir;463;clown;2.258;4.356;2.40;true;true;138.6;0.75
8dir;463;acrobat;1.186;2.618;1.60;false;true;107.3;0.75
8dir;464;clown;2.258;4.397;2.40;true;true;138.8;0.75
8dir;464;acrobat;1.199;2.641;1.63;false;true;107.1;0.75
8dir;465;clown;2.258;4.439;2.40;true;false;138.2;0.74
8dir;465;acrobat;1.213;2.664;1.65;false;false;106.7;0.75
8dir;466;clown;2.258;4.480;2.40;true;false;138.2;0.74
8dir;466;acrobat;1.227;2.688;1.67;false;false;106.8;0.76
8dir;467;clown;2.258;4.563;2.40;true;false;137.6;0.74
8dir;467;acrobat;1.254;2.737;1.71;true;false;107.0;0.77
8dir;468;clown;2.257;4.604;2.40;true;false;137.2;0.73
8dir;468;acrobat;1.267;2.762;1.73;true;false;107.2;0.77
8dir;469;clown;2.257;4.646;2.40;false;false;136.8;0.73
8dir;469;acrobat;1.281;2.788;1.75;true;false;107.4;0.77
8dir;470;clown;2.257;4.687;2.40;false;true;136.8;0.73
8dir;470;acrobat;1.294;2.814;1.77;true;false;107.5;0.78
8dir;471;clown;2.257;4.729;2.40;false;true;137.0;0.73
8dir;471;acrobat;1.307;2.840;1.78;true;false;107.7;0.78
8dir;472;clown;2.257;4.812;2.40;false;true;137.2;0.73
8dir;472;acrobat;1.333;2.894;1.82;true;false;107.9;0.78
8dir;473;clown;2.257;4.853;2.40;false;true;137.2;0.73
8dir;473;acrobat;1.346;2.921;1.84;true;false;107.8;0.78
8dir;474;clown;2.257;4.895;2.40;false;true;137.1;0.73
8dir;474;acrobat;1.359;2.949;1.86;true;false;107.7;0.78
8dir;475;clown;2.257;4.936;2.40;true;true;136.9;0.73
8dir;475;acrobat;1.371;2.977;1.87;true;false;107.5;0.78
8dir;476;clown;2.256;4.994;1.40;true;false;136.4;0.73
8dir;476;acrobat;1.396;3.034;1.85;false;true;107.4;0.79
8dir;477;clown;2.256;5.010;0.90;true;false;136.6;0.73
8dir;477;acrobat;1.408;3.062;1.81;false;true;107.6;0.79
8dir;478;clown;2.256;5.018;0.40;true;false;136.8;0.73
8dir;478;acrobat;1.420;3.088;1.76;false;true;107.7;0.79
8dir;479;clown;2.256;5.018;0.00;true;true;136.9;0.74
8dir;479;acrobat;1.431;3.114;1.69;false;true;107.8;0.80
8dir;480;clown;2.256;5.018;0.00;true;true;136.8;0.76
8dir;480;acrobat;1.452;3.163;1.56;false;true;108.0;0.80
8dir;481;clown;2.256;5.018;0.00;true;true;136.8;0.77
8dir;481;acrobat;1.462;3.186;1.49;false;true;107.9;0.81
8dir;482;clown;2.256;5.018;0.00;true;true;136.8;0.77
8dir;482;acrobat;1.471;3.208;1.43;false;true;107.9;0.81
8dir;483;clown;2.256;5.018;0.00;true;true;136.7;0.79
8dir;483;acrobat;1.489;3.249;1.32;false;true;107.8;0.81
8dir;484;clown;2.256;5.018;0.00;true;true;136.7;0.79
8dir;484;acrobat;1.497;3.268;1.27;false;false;107.3;0.81
8dir;485;clown;2.256;5.018;0.00;true;true;136.6;0.80
8dir;485;acrobat;1.505;3.287;1.22;false;false;107.3;0.81
8dir;486;clown;2.256;5.018;0.00;false;true;136.0;0.81
8dir;486;acrobat;1.520;3.322;1.12;false;false;107.5;0.81
8dir;487;clown;2.256;5.018;0.00;false;true;136.1;0.81
8dir;487;acrobat;1.528;3.339;1.08;true;false;107.5;0.81
8dir;488;clown;2.256;5.018;0.00;false;true;136.3;0.81
8dir;488;acrobat;1.541;3.370;0.99;true;false;107.8;0.81
8dir;489;clown;2.256;5.018;0.00;false;true;136.4;0.81
8dir;489;acrobat;1.547;3.384;0.95;true;false;107.9;0.81
8dir;490;clown;2.256;5.018;0.00;false;true;136.5;0.82
8dir;490;acrobat;1.553;3.398;0.92;true;false;108.0;0.81
8dir;491;clown;2.256;5.018;0.00;false;true;136.6;0.82
8dir;491;acrobat;1.559;3.412;0.88;true;false;108.0;0.81
8dir;492;clown;2.256;5.018;0.00;false;false;136.3;0.82
8dir;492;acrobat;1.570;3.437;0.81;true;false;108.2;0.81
8dir;493;clown;2.256;5.018;0.00;false;false;136.4;0.82
8dir;493;acrobat;1.575;3.449;0.78;true;false;108.2;0.81
8dir;494;clown;2.247;5.028;0.71;false;false;136.5;0.81
8dir;494;acrobat;1.580;3.461;0.76;true;false;108.2;0.81
8dir;495;clown;2.229;5.046;1.41;false;false;136.5;0.80
8dir;495;acrobat;1.585;3.472;0.75;true;false;108.2;0.81
8dir;496;clown;2.203;5.072;2.12;false;false;136.5;0.78
8dir;496;acrobat;1.589;3.484;0.76;true;false;108.1;0.81
8dir;497;clown;2.174;5.101;2.40;false;true;136.4;0.76
8dir;497;acrobat;1.594;3.496;0.77;true;false;108.1;0.81
8dir;498;clown;2.115;5.160;2.40;true;true;136.6;0.71
8dir;498;acrobat;1.602;3.522;0.79;true;false;108.1;0.82
8dir;499;clown;2.087;5.189;2.40;true;true;136.8;0.69
8dir;499;acrobat;1.606;3.536;0.81;true;false;108.0;0.82
8dir;500;clown;2.058;5.218;2.40;true;true;136.9;0.67
8dir;500;acrobat;1.610;3.550;0.82;true;false;107.9;0.82
8dir;501;clown;2.029;5.247;2.40;true;true;137.0;0.65
8dir;501;acrobat;1.613;3.565;0.83;true;false;107.8;0.83
8dir;502;clown;2.001;5.275;2.40;true;true;137.0;0.63
8dir;502;acrobat;1.617;3.580;0.85;false;false;107.3;0.83
8dir;503;clown;1.943;5.333;2.40;true;false;135.9;0.61
8dir;503;acrobat;1.623;3.612;0.88;false;true;107.5;0.84
8dir;504;clown;1.914;5.363;2.40;true;false;135.6;0.61
8dir;504;acrobat;1.625;3.628;0.90;false;true;107.6;0.84
8dir;505;clown;1.884;5.392;2.40;false;false;135.4;0.60
8dir;505;acrobat;1.628;3.644;0.92;false;true;107.7;0.84
8dir;506;clown;1.855;5.421;2.40;false;false;135.5;0.59
8dir;506;acrobat;1.630;3.661;0.94;false;true;107.8;0.85
8dir;507;clown;1.797;5.479;2.40;false;false;135.4;0.58
8dir;507;acrobat;1.633;3.696;0.98;false;true;108.0;0.85
8dir;508;clown;1.768;5.508;2.40;false;true;135.5;0.57
8dir;508;acrobat;1.634;3.714;1.00;false;true;108.1;0.86
8dir;509;clown;1.740;5.537;2.40;false;true;135.9;0.57
8dir;509;acrobat;1.635;3.732;1.02;false;true;108.1;0.86
8dir;510;clown;1.710;5.566;2.40;false;true;136.1;0.56
8dir;510;acrobat;1.636;3.751;1.04;false;true;108.1;0.86
8dir;511;clown;1.652;5.624;2.40;true;true;136.2;0.54
8dir;511;acrobat;1.637;3.790;1.09;false;true;108.1;0.86
8dir;512;clown;1.623;5.653;2.40;true;true;136.2;0.54
8dir;512;acrobat;1.637;3.810;1.11;false;true;108.0;0.86
8dir;513;clown;1.596;5.680;2.40;true;true;136.5;0.54
8dir;513;acrobat;1.636;3.830;1.13;false;true;107.9;0.87
8dir;514;clown;1.370;5.905;2.40;false;false;135.5;0.53
8dir;514;acrobat;1.621;4.003;1.30;true;false;107.9;0.86
8dir;515;clown;1.342;5.934;2.40;false;true;136.0;0.53
8dir;515;acrobat;1.618;4.026;1.32;true;false;107.7;0.86
8dir;516;clown;1.314;5.962;2.40;false;true;136.5;0.53
8dir;516;acrobat;1.614;4.050;1.34;true;false;107.8;0.86
8dir;517;clown;1.286;5.990;2.40;false;true;136.8;0.52
8dir;517;acrobat;1.610;4.074;1.36;true;false;107.8;0.86
8dir;518;clown;1.228;6.047;2.40;true;true;137.1;0.50
8dir;518;acrobat;1.601;4.123;1.40;true;false;107.9;0.86
8dir;519;clown;1.200;6.075;2.40;true;true;137.1;0.50
8dir;519;acrobat;1.596;4.148;1.42;true;false;107.8;0.86
8dir;520;clown;1.171;6.104;2.40;true;true;137.2;0.50
8dir;520;acrobat;1.590;4.173;1.44;true;false;107.6;0.86
8dir;521;clown;1.143;6.132;2.40;true;true;137.3;0.50
8dir;521;acrobat;1.584;4.199;1.46;true;false;107.4;0.86
8dir;522;clown;1.116;6.159;2.40;true;false;136.8;0.50
8dir;522;acrobat;1.578;4.225;1.48;true;false;107.3;0.86
8dir;523;clown;1.088;6.186;2.40;true;false;136.8;0.51
8dir;523;acrobat;1.572;4.251;1.49;false;false;106.8;0.85
8dir;524;clown;1.061;6.213;2.40;true;false;136.7;0.51
8dir;524;acrobat;1.565;4.277;1.51;false;true;106.8;0.85
8dir;525;clown;1.007;6.267;2.40;false;false;136.8;0.50
8dir;525;acrobat;1.550;4.330;1.53;false;true;107.1;0.85
8dir;526;clown;0.980;6.294;2.40;false;false;137.0;0.50
8dir;526;acrobat;1.542;4.357;1.55;false;true;107.2;0.85
8dir;527;clown;0.952;6.322;2.40;false;false;137.1;0.50
8dir;527;acrobat;1.534;4.384;1.57;false;true;107.2;0.85
8dir;528;clown;0.923;6.350;2.40;false;true;137.3;0.50
8dir;528;acrobat;1.526;4.411;1.58;false;true;107.2;0.84
8dir;529;clown;0.867;6.406;2.40;false;true;138.1;0.49
8dir;529;acrobat;1.508;4.465;1.61;false;true;107.2;0.84
8dir;530;clown;0.840;6.433;2.40;true;true;138.4;0.49
8dir;530;acrobat;1.499;4.493;1.63;false;true;107.1;0.83
8dir;531;clown;0.812;6.461;2.40;true;true;138.6;0.48
8dir;531;acrobat;1.489;4.521;1.64;false;true;106.9;0.83
8dir;532;clown;0.784;6.488;2.40;true;true;138.7;0.48
8dir;532;acrobat;1.479;4.549;1.66;false;true;106.7;0.83
8dir;533;clown;0.756;6.516;2.40;true;true;138.8;0.48
8dir;533;acrobat;1.469;4.576;1.67;false;false;106.2;0.82
8dir;534;clown;0.728;6.545;2.40;true;true;138.9;0.48
8dir;534;acrobat;1.459;4.604;1.69;true;false;106.2;0.82
8dir;535;clown;0.671;6.601;2.40;true;false;138.2;0.48
8dir;535;acrobat;1.437;4.660;1.72;true;false;106.6;0.82
8dir;536;clown;0.651;6.621;1.69;true;false;138.0;0.49
8dir;536;acrobat;1.426;4.688;1.71;true;false;106.7;0.82
8dir;537;clown;0.640;6.632;0.99;false;false;137.9;0.49
8dir;537;acrobat;1.415;4.716;1.67;true;false;106.7;0.82
8dir;538;clown;0.637;6.634;0.28;true;false;138.3;0.49
8dir;538;acrobat;1.404;4.742;1.61;true;false;106.8;0.82
8dir;539;clown;0.637;6.634;0.00;true;true;138.8;0.50
8dir;539;acrobat;1.394;4.767;1.54;true;false;106.7;0.82
8dir;540;clown;0.637;6.634;0.00;true;true;139.7;0.51
8dir;540;acrobat;1.375;4.815;1.41;true;false;106.7;0.82
8dir;541;clown;0.637;6.634;0.00;true;true;140.1;0.52
8dir;541;acrobat;1.366;4.837;1.35;true;false;106.5;0.82
8dir;542;clown;0.637;6.634;0.00;true;true;140.5;0.52
8dir;542;acrobat;1.357;4.859;1.29;true;false;106.4;0.82
8dir;543;clown;0.637;6.634;0.00;true;true;140.9;0.53
8dir;543;acrobat;1.349;4.880;1.24;true;false;106.2;0.82
8dir;544;clown;0.637;6.634;0.00;true;true;141.5;0.53
8dir;544;acrobat;1.333;4.919;1.13;false;true;105.9;0.81
8dir;545;clown;0.637;6.634;0.00;true;true;141.7;0.54
8dir;545;acrobat;1.325;4.938;1.08;false;true;106.0;0.81
8dir;546;clown;0.637;6.634;0.00;true;true;141.8;0.54
8dir;546;acrobat;1.318;4.956;1.03;false;true;106.1;0.81
8dir;547;clown;0.637;6.634;0.00;true;true;141.8;0.54
8dir;547;acrobat;1.311;4.974;0.99;false;true;106.1;0.81
8dir;548;clown;0.637;6.634;0.00;true;true;141.8;0.55
8dir;548;acrobat;1.304;4.990;0.94;false;true;106.2;0.81
8dir;549;clown;0.637;6.634;0.00;true;true;141.8;0.55
8dir;549;acrobat;1.297;5.007;0.90;false;true;106.3;0.81
8dir;550;clown;0.637;6.634;0.00;true;true;141.8;0.55
8dir;550;acrobat;1.285;5.037;0.82;false;true;106.4;0.81
8dir;551;clown;0.637;6.634;0.00;true;true;141.8;0.55
8dir;551;acrobat;1.280;5.050;0.78;false;true;106.5;0.81
8dir;552;clown;0.637;6.634;0.00;true;true;141.8;0.55
8dir;552;acrobat;1.275;5.062;0.74;false;true;106.5;0.81
8dir;553;clown;0.637;6.634;0.00;false;true;141.3;0.55
8dir;553;acrobat;1.270;5.074;0.72;false;true;106.5;0.81
8dir;554;clown;0.629;6.634;0.50;false;false;141.0;0.48
8dir;554;acrobat;1.265;5.086;0.72;false;true;106.4;0.81
8dir;555;clown;0.612;6.634;1.00;false;false;140.8;0.42
8dir;555;acrobat;1.260;5.098;0.72;false;true;106.4;0.81
8dir;556;clown;0.554;6.633;2.00;false;false;140.5;0.31
8dir;556;acrobat;1.249;5.122;0.72;false;true;106.3;0.80
8dir;557;clown;0.515;6.633;2.40;false;false;140.3;0.26
8dir;557;acrobat;1.243;5.133;0.72;false;true;106.2;0.80
8dir;558;clown;0.475;6.633;2.40;false;true;140.2;0.22
8dir;558;acrobat;1.237;5.145;0.72;false;true;106.2;0.80
8dir;559;clown;0.434;6.633;2.40;false;true;140.1;0.19
8dir;559;acrobat;1.231;5.156;0.72;false;true;106.1;0.79
8dir;560;clown;0.393;6.633;2.40;true;true;140.1;0.15
8dir;560;acrobat;1.225;5.168;0.72;false;false;105.7;0.79
8dir;561;clown;0.311;6.632;2.40;true;true;140.0;0.09
8dir;561;acrobat;1.211;5.190;0.75;false;false;105.8;0.78
8dir;562;clown;0.270;6.632;2.40;true;true;140.0;0.07
8dir;562;acrobat;1.203;5.202;0.77;false;false;105.8;0.77
8dir;563;clown;0.230;6.632;2.40;true;true;140.0;0.05
8dir;563;acrobat;1.195;5.214;0.79;false;false;105.9;0.77
8dir;564;clown;0.189;6.632;2.40;true;true;139.9;0.04
8dir;564;acrobat;1.186;5.226;0.81;false;false;105.9;0.76
8dir;565;clown;0.148;6.632;2.40;true;false;139.1;0.04
8dir;565;acrobat;1.177;5.238;0.84;true;false;106.0;0.76
8dir;566;clown;0.066;6.631;2.40;false;false;138.8;0.02
8dir;566;acrobat;1.157;5.263;0.88;true;false;106.2;0.74
8dir;567;clown;0.025;6.631;2.40;false;false;138.9;0.02
8dir;567;acrobat;1.147;5.276;0.90;true;false;106.3;0.74
8dir;568;clown;-0.016;6.631;2.40;false;false;138.9;0.01
8dir;568;acrobat;1.136;5.289;0.93;true;false;106.4;0.73
8dir;569;clown;-0.096;6.631;2.40;false;true;139.2;-0.01
8dir;569;acrobat;1.112;5.315;0.97;true;false;106.5;0.72
8dir;570;clown;-0.136;6.631;2.40;false;true;139.6;-0.01
8dir;570;acrobat;1.100;5.328;0.99;true;false;106.6;0.71
8dir;571;clown;-0.176;6.630;2.40;false;true;140.0;-0.02
8dir;571;acrobat;1.087;5.341;1.02;true;false;106.6;0.71
8dir;572;clown;-0.216;6.630;2.40;true;true;140.2;-0.04
8dir;572;acrobat;1.073;5.354;1.04;true;false;106.6;0.70
8dir;573;clown;-0.297;6.630;2.40;true;true;140.4;-0.05
8dir;573;acrobat;1.045;5.381;1.09;true;false;106.5;0.69
8dir;574;clown;-0.337;6.630;2.40;true;true;140.6;-0.05
8dir;574;acrobat;1.030;5.394;1.11;true;true;106.5;0.68
8dir;575;clown;-0.418;6.629;2.40;true;false;140.0;-0.05
8dir;575;acrobat;0.999;5.421;1.16;true;true;106.3;0.67
8dir;576;clown;-0.500;6.629;2.40;true;false;139.7;-0.05
8dir;576;acrobat;0.967;5.448;1.21;true;true;106.5;0.65
8dir;577;clown;-0.537;6.629;2.40;false;false;139.6;-0.05
8dir;577;acrobat;0.950;5.461;1.23;false;true;106.2;0.65
8dir;578;clown;-0.613;6.629;2.40;false;false;140.0;-0.05
8dir;578;acrobat;0.915;5.488;1.27;false;true;106.4;0.63
8dir;579;clown;-0.651;6.629;2.40;false;false;140.2;-0.05
8dir;579;acrobat;0.897;5.501;1.29;false;true;106.4;0.62
8dir;580;clown;-0.726;6.629;2.40;false;true;140.9;-0.06
8dir;580;acrobat;0.860;5.527;1.33;false;true;106.4;0.60
8dir;581;clown;-0.802;6.629;2.40;true;true;141.8;-0.08
8dir;581;acrobat;0.822;5.552;1.37;false;true;106.3;0.58
8dir;582;clown;-0.878;6.629;2.40;true;true;142.1;-0.09
8dir;582;acrobat;0.782;5.577;1.41;false;false;105.9;0.56
8dir;583;clown;-0.918;6.629;2.40;true;true;142.0;-0.09
8dir;583;acrobat;0.762;5.590;1.44;false;false;106.0;0.56
8dir;584;clown;-0.997;6.629;2.40;true;false;141.7;-0.09
8dir;584;acrobat;0.719;5.615;1.48;false;false;106.1;0.54
8dir;585;clown;-1.066;6.629;2.40;true;false;141.7;-0.08
8dir;585;acrobat;0.676;5.640;1.51;false;false;106.2;0.53
8dir;586;clown;-1.101;6.629;2.40;false;false;141.6;-0.07
8dir;586;acrobat;0.653;5.652;1.52;false;false;106.2;0.53
8dir;587;clown;-1.136;6.629;2.40;false;false;141.7;-0.07
8dir;587;acrobat;0.631;5.664;1.53;true;false;106.2;0.52
8dir;588;clown;-1.206;6.630;2.40;false;true;142.4;-0.08
8dir;588;acrobat;0.583;5.689;1.56;true;false;106.5;0.51
8dir;589;clown;-1.241;6.630;2.40;false;true;142.8;-0.08
8dir;589;acrobat;0.560;5.701;1.57;true;false;106.6;0.51
8dir;590;clown;-1.275;6.630;2.40;false;true;143.2;-0.09
8dir;590;acrobat;0.535;5.714;1.58;true;false;106.6;0.51
8dir;591;clown;-1.345;6.630;2.40;true;true;144.0;-0.11
8dir;591;acrobat;0.486;5.737;1.60;true;false;106.6;0.50
8dir;592;clown;-1.381;6.630;2.40;true;true;143.9;-0.11
8dir;592;acrobat;0.463;5.748;1.61;true;false;106.5;0.50
8dir;593;clown;-1.456;6.631;2.40;true;true;144.4;-0.11
8dir;593;acrobat;0.416;5.771;1.65;true;true;106.4;0.49
8dir;594;clown;-1.490;6.631;2.40;true;false;143.8;-0.11
8dir;594;acrobat;0.391;5.781;1.66;true;true;106.4;0.49
8dir;595;clown;-1.557;6.632;2.40;true;false;144.1;-0.09
8dir;595;acrobat;0.342;5.803;1.68;false;true;106.3;0.48
8dir;596;clown;-1.583;6.632;1.90;true;false;143.7;-0.09
8dir;596;acrobat;0.318;5.814;1.67;false;true;106.3;0.47
8dir;597;clown;-1.611;6.632;0.90;false;false;143.7;-0.09
8dir;597;acrobat;0.268;5.835;1.60;false;true;106.3;0.45
8dir;598;clown;-1.615;6.632;0.00;true;false;143.7;-0.08
8dir;598;acrobat;0.220;5.855;1.48;false;true;106.1;0.44
8dir;599;clown;-1.615;6.632;0.00;true;true;143.4;-0.08
8dir;599;acrobat;0.198;5.865;1.42;false;true;106.0;0.44
8dir;600;clown;-1.615;6.632;0.00;true;true;143.3;-0.07
8dir;600;acrobat;0.176;5.874;1.36;false;false;105.5;0.43
8dir;601;clown;-1.615;6.632;0.00;true;true;143.2;-0.07
8dir;601;acrobat;0.136;5.891;1.25;false;false;105.6;0.43
8dir;602;clown;-1.615;6.632;0.00;true;true;143.0;-0.07
8dir;602;acrobat;0.117;5.899;1.20;false;false;105.6;0.43
8dir;603;clown;-1.615;6.632;0.00;true;true;142.7;-0.06
8dir;603;acrobat;0.081;5.914;1.11;false;false;105.6;0.43
8dir;604;clown;-1.615;6.632;0.00;true;true;142.4;-0.06
8dir;604;acrobat;0.065;5.921;1.06;false;false;105.6;0.43
8dir;605;clown;-1.615;6.632;0.00;true;true;142.2;-0.05
8dir;605;acrobat;0.033;5.935;0.98;false;false;105.7;0.42
8dir;606;clown;-1.615;6.632;0.00;true;true;142.0;-0.05
8dir;606;acrobat;0.018;5.941;0.93;true;false;105.7;0.43
8dir;607;clown;-1.615;6.632;0.00;true;true;141.9;-0.05
8dir;607;acrobat;0.006;5.946;0.90;true;false;105.8;0.43
8dir;608;clown;-1.615;6.632;0.00;true;true;141.8;-0.04
8dir;608;acrobat;-0.016;5.956;0.84;true;false;106.0;0.43
8dir;609;clown;-1.615;6.632;0.00;true;true;141.7;-0.04
8dir;609;acrobat;-0.026;5.961;0.81;true;false;106.0;0.43
8dir;610;clown;-1.615;6.632;0.00;true;true;141.6;-0.04
8dir;610;acrobat;-0.037;5.965;0.78;true;false;106.1;0.43
8dir;611;clown;-1.615;6.632;0.00;false;true;141.1;-0.04
8dir;611;acrobat;-0.059;5.975;0.72;true;false;106.2;0.44
8dir;612;clown;-1.615;6.632;0.00;false;false;140.9;-0.03
8dir;612;acrobat;-0.069;5.979;0.72;true;false;106.2;0.44
8dir;613;clown;-1.615;6.632;0.00;false;false;141.1;-0.03
8dir;613;acrobat;-0.090;5.989;0.72;true;false;106.2;0.44
8dir;614;clown;-1.619;6.628;0.71;false;false;141.1;-0.11
8dir;614;acrobat;-0.100;5.993;0.72;true;false;106.1;0.44
8dir;615;clown;-1.650;6.597;2.12;false;false;141.7;-0.24
8dir;615;acrobat;-0.121;6.002;0.72;true;false;106.1;0.44
8dir;616;clown;-1.673;6.574;2.40;false;true;141.9;-0.28
8dir;616;acrobat;-0.131;6.005;0.72;true;false;106.0;0.44
8dir;617;clown;-1.718;6.529;2.40;false;true;142.8;-0.36
8dir;617;acrobat;-0.150;6.012;0.72;true;false;105.9;0.43
8dir;618;clown;-1.741;6.505;2.40;true;true;143.0;-0.39
8dir;618;acrobat;-0.160;6.015;0.72;true;false;105.7;0.42
8dir;619;clown;-1.790;6.456;2.40;true;true;143.4;-0.45
8dir;619;acrobat;-0.179;6.020;0.72;false;true;105.4;0.41
8dir;620;clown;-1.814;6.432;2.40;true;true;143.6;-0.47
8dir;620;acrobat;-0.189;6.023;0.72;false;true;105.4;0.40
8dir;621;clown;-1.862;6.383;2.40;true;false;143.2;-0.49
8dir;621;acrobat;-0.209;6.027;0.72;false;true;105.7;0.38
8dir;622;clown;-1.886;6.359;2.40;true;false;143.0;-0.49
8dir;622;acrobat;-0.219;6.029;0.74;false;true;105.7;0.37
8dir;623;clown;-1.934;6.310;2.40;false;false;142.8;-0.50
8dir;623;acrobat;-0.241;6.032;0.78;false;true;105.9;0.35
8dir;624;clown;-1.985;6.259;2.40;false;false;143.0;-0.51
8dir;624;acrobat;-0.265;6.036;0.83;false;true;106.0;0.32
8dir;625;clown;-2.011;6.232;2.40;false;false;142.9;-0.52
8dir;625;acrobat;-0.278;6.037;0.86;false;true;106.0;0.31
8dir;626;clown;-2.064;6.179;2.40;false;true;143.4;-0.53
8dir;626;acrobat;-0.304;6.039;0.91;false;true;106.0;0.28
8dir;627;clown;-2.091;6.153;2.40;false;true;143.5;-0.53
8dir;627;acrobat;-0.318;6.040;0.94;false;true;105.9;0.27
8dir;628;clown;-2.144;6.100;2.40;true;true;143.9;-0.55
8dir;628;acrobat;-0.347;6.041;0.99;false;true;105.8;0.24
8dir;629;clown;-2.197;6.047;2.40;true;true;143.8;-0.56
8dir;629;acrobat;-0.379;6.041;1.04;false;true;105.6;0.21
8dir;630;clown;-2.223;6.020;2.40;true;true;143.8;-0.56
8dir;630;acrobat;-0.395;6.040;1.07;false;true;105.5;0.20
8dir;631;clown;-2.250;5.994;2.40;true;false;143.2;-0.56
8dir;631;acrobat;-0.412;6.040;1.09;false;false;105.0;0.19
8dir;632;clown;-2.306;5.937;2.40;true;false;142.8;-0.55
8dir;632;acrobat;-0.447;6.038;1.15;false;false;105.1;0.17
8dir;633;clown;-2.335;5.907;2.40;true;false;142.3;-0.55
8dir;633;acrobat;-0.466;6.037;1.18;false;false;105.1;0.16
8dir;634;clown;-2.393;5.848;2.40;false;false;141.7;-0.55
8dir;634;acrobat;-0.502;6.033;1.24;true;false;105.3;0.13
8dir;635;clown;-2.422;5.819;2.40;false;true;141.5;-0.55
8dir;635;acrobat;-0.520;6.031;1.28;true;false;105.5;0.12
8dir;636;clown;-2.451;5.789;2.40;false;true;141.6;-0.55
8dir;636;acrobat;-0.537;6.029;1.31;true;false;105.7;0.11
8dir;637;clown;-2.509;5.730;2.40;false;true;141.7;-0.56
8dir;637;acrobat;-0.574;6.024;1.38;true;false;106.0;0.10
8dir;638;clown;-2.538;5.700;2.40;false;true;141.4;-0.57
8dir;638;acrobat;-0.594;6.021;1.42;true;false;106.1;0.09
8dir;639;clown;-2.567;5.671;2.40;true;true;141.0;-0.57
8dir;639;acrobat;-0.614;6.017;1.45;true;false;106.3;0.09
8dir;640;clown;-2.597;5.642;2.40;true;true;140.5;-0.57
8dir;640;acrobat;-0.634;6.013;1.48;true;false;106.3;0.08
8dir;641;clown;-2.626;5.612;2.40;true;true;140.5;-0.57
8dir;641;acrobat;-0.654;6.009;1.52;true;false;106.4;0.08
8dir;642;clown;-2.655;5.583;2.40;true;false;139.8;-0.57
8dir;642;acrobat;-0.675;6.005;1.55;true;false;106.4;0.07
8dir;643;clown;-2.713;5.524;2.40;true;false;139.1;-0.57
8dir;643;acrobat;-0.718;5.995;1.61;true;false;106.2;0.05
8dir;644;clown;-2.743;5.495;2.40;true;false;138.7;-0.56
8dir;644;acrobat;-0.741;5.989;1.64;false;false;105.9;0.04
8dir;645;clown;-2.772;5.465;2.40;true;false;138.2;-0.56
8dir;645;acrobat;-0.763;5.984;1.67;false;true;106.0;0.03
8dir;646;clown;-2.801;5.436;2.40;false;true;137.7;-0.56
8dir;646;acrobat;-0.786;5.977;1.70;false;true;106.4;0.03
8dir;647;clown;-2.830;5.406;2.40;false;true;137.7;-0.56
8dir;647;acrobat;-0.810;5.971;1.73;false;true;106.7;0.02
8dir;648;clown;-2.859;5.377;2.40;false;true;137.7;-0.56
8dir;648;acrobat;-0.833;5.964;1.76;false;true;107.0;0.01
8dir;649;clown;-2.889;5.348;2.40;false;true;137.6;-0.57
8dir;649;acrobat;-0.858;5.957;1.79;false;true;107.2;-0.00
8dir;650;clown;-2.918;5.318;2.40;false;true;137.5;-0.57
8dir;650;acrobat;-0.882;5.949;1.82;false;true;107.5;-0.02
8dir;651;clown;-2.947;5.289;2.40;true;true;137.2;-0.58
8dir;651;acrobat;-0.907;5.942;1.84;false;true;107.6;-0.03
8dir;652;clown;-2.976;5.259;2.40;true;true;136.8;-0.58
8dir;652;acrobat;-0.932;5.933;1.87;false;true;107.7;-0.04
8dir;653;clown;-3.035;5.200;2.40;true;false;136.2;-0.58
8dir;653;acrobat;-0.984;5.915;1.92;false;true;107.6;-0.06
8dir;654;clown;-3.064;5.171;2.40;true;false;136.0;-0.58
8dir;654;acrobat;-1.011;5.906;1.94;false;false;107.3;-0.07
8dir;655;clown;-3.093;5.141;2.40;true;false;135.7;-0.57
8dir;655;acrobat;-1.038;5.896;1.96;true;false;107.5;-0.08
8dir;656;clown;-3.114;5.120;1.69;true;false;135.4;-0.56
8dir;656;acrobat;-1.065;5.886;1.96;true;false;107.9;-0.08
8dir;657;clown;-3.128;5.106;0.99;true;false;135.3;-0.56
8dir;657;acrobat;-1.091;5.876;1.93;true;false;108.3;-0.09
8dir;658;clown;-3.134;5.100;0.28;true;true;135.5;-0.56
8dir;658;acrobat;-1.115;5.867;1.89;true;false;108.6;-0.09
8dir;659;clown;-3.134;5.100;0.00;false;true;135.6;-0.55
8dir;659;acrobat;-1.139;5.857;1.82;true;false;108.8;-0.09
8dir;660;clown;-3.134;5.100;0.00;false;true;136.0;-0.55
8dir;660;acrobat;-1.162;5.849;1.76;true;false;109.0;-0.09
8dir;661;clown;-3.134;5.100;0.00;false;true;136.4;-0.54
8dir;661;acrobat;-1.184;5.840;1.70;true;false;109.1;-0.09
8dir;662;clown;-3.134;5.100;0.00;false;true;136.7;-0.54
8dir;662;acrobat;-1.205;5.832;1.65;true;false;109.2;-0.08
8dir;663;clown;-3.134;5.100;0.00;false;true;137.0;-0.53
8dir;663;acrobat;-1.225;5.824;1.59;true;false;109.2;-0.08
8dir;664;clown;-3.134;5.100;0.00;false;true;137.4;-0.52
8dir;664;acrobat;-1.245;5.817;1.54;true;false;109.2;-0.09
8dir;665;clown;-3.134;5.100;0.00;false;true;137.9;-0.51
8dir;665;acrobat;-1.281;5.802;1.44;false;true;108.8;-0.09
8dir;666;clown;-3.134;5.100;0.00;false;true;138.2;-0.50
8dir;666;acrobat;-1.299;5.796;1.40;false;true;109.1;-0.09
8dir;667;clown;-3.134;5.100;0.00;false;true;138.3;-0.50
8dir;667;acrobat;-1.315;5.789;1.35;false;true;109.4;-0.09
8dir;668;clown;-3.134;5.100;0.00;false;true;138.3;-0.50
8dir;668;acrobat;-1.332;5.783;1.31;false;true;109.6;-0.09
8dir;669;clown;-3.134;5.100;0.00;false;true;138.3;-0.50
8dir;669;acrobat;-1.347;5.777;1.27;false;true;109.8;-0.09
8dir;670;clown;-3.134;5.100;0.00;false;true;138.3;-0.49
8dir;670;acrobat;-1.362;5.771;1.23;false;true;110.0;-0.10
8dir;671;clown;-3.134;5.100;0.00;false;true;138.3;-0.49
8dir;671;acrobat;-1.376;5.766;1.19;false;true;110.1;-0.10
8dir;672;clown;-3.134;5.100;0.00;false;true;138.3;-0.49
8dir;672;acrobat;-1.390;5.760;1.15;false;true;110.2;-0.11
8dir;673;clown;-3.134;5.100;0.00;false;true;138.3;-0.49
8dir;673;acrobat;-1.403;5.755;1.12;false;true;110.3;-0.11
8dir;674;clown;-3.134;5.068;1.00;false;false;137.0;-0.57
8dir;674;acrobat;-1.429;5.745;1.08;false;true;110.3;-0.12
8dir;675;clown;-3.134;5.041;1.50;false;false;136.5;-0.60
8dir;675;acrobat;-1.441;5.739;1.07;false;true;110.3;-0.12
8dir;676;clown;-3.134;5.005;2.00;false;false;136.0;-0.62
8dir;676;acrobat;-1.455;5.733;1.07;false;true;110.3;-0.13
8dir;677;clown;-3.135;4.964;2.40;false;false;135.4;-0.64
8dir;677;acrobat;-1.469;5.727;1.08;false;true;110.2;-0.13
8dir;678;clown;-3.135;4.883;2.40;true;false;134.5;-0.66
8dir;678;acrobat;-1.499;5.712;1.08;false;false;109.7;-0.15
8dir;679;clown;-3.135;4.842;2.40;true;true;134.3;-0.67
8dir;679;acrobat;-1.514;5.704;1.09;false;false;109.8;-0.16
8dir;680;clown;-3.135;4.801;2.40;true;true;134.1;-0.68
8dir;680;acrobat;-1.529;5.695;1.09;false;false;109.9;-0.17
8dir;681;clown;-3.135;4.760;2.40;true;true;133.8;-0.69
8dir;681;acrobat;-1.544;5.686;1.10;false;false;110.0;-0.18
8dir;682;clown;-3.135;4.678;2.40;true;true;133.5;-0.69
8dir;682;acrobat;-1.574;5.668;1.12;false;false;110.0;-0.20
8dir;683;clown;-3.135;4.637;2.40;true;true;133.3;-0.69
8dir;683;acrobat;-1.589;5.658;1.13;false;false;110.1;-0.21
8dir;684;clown;-3.136;4.596;2.40;true;true;133.0;-0.69
8dir;684;acrobat;-1.604;5.647;1.14;true;false;110.2;-0.23
8dir;685;clown;-3.136;4.555;2.40;false;true;132.2;-0.69
8dir;685;acrobat;-1.619;5.637;1.16;true;false;110.4;-0.24
8dir;686;clown;-3.136;4.514;2.40;false;false;132.0;-0.69
8dir;686;acrobat;-1.633;5.626;1.17;true;false;110.7;-0.25
8dir;687;clown;-3.136;4.434;2.40;false;false;131.8;-0.69
8dir;687;acrobat;-1.663;5.602;1.20;true;false;110.8;-0.27
8dir;688;clown;-3.136;4.394;2.40;false;false;131.8;-0.69
8dir;688;acrobat;-1.678;5.590;1.21;true;false;110.9;-0.27
8dir;689;clown;-3.136;4.354;2.40;false;false;131.8;-0.69
8dir;689;acrobat;-1.693;5.577;1.23;true;false;111.0;-0.28
8dir;690;clown;-3.136;4.314;2.40;false;false;131.8;-0.69
8dir;690;acrobat;-1.708;5.564;1.24;true;false;111.1;-0.29
8dir;691;clown;-3.136;4.274;2.40;true;false;131.8;-0.69
8dir;691;acrobat;-1.723;5.550;1.26;true;false;111.1;-0.30
8dir;692;clown;-3.136;4.234;2.40;true;true;132.0;-0.70
8dir;692;acrobat;-1.738;5.536;1.28;true;false;111.1;-0.30
8dir;693;clown;-3.136;4.194;2.40;true;true;132.2;-0.70
8dir;693;acrobat;-1.753;5.522;1.29;true;false;111.1;-0.31
8dir;694;clown;-3.137;4.114;2.40;true;true;132.1;-0.70
8dir;694;acrobat;-1.783;5.492;1.33;true;true;110.8;-0.33
8dir;695;clown;-3.137;4.074;2.40;true;true;132.1;-0.70
8dir;695;acrobat;-1.798;5.476;1.34;true;true;110.9;-0.34
8dir;696;clown;-3.137;4.034;2.40;true;true;131.9;-0.70
8dir;696;acrobat;-1.814;5.459;1.36;false;true;110.6;-0.35
8dir;697;clown;-3.137;3.994;2.40;true;true;131.7;-0.70
8dir;697;acrobat;-1.830;5.441;1.38;false;true;110.7;-0.36
8dir;698;clown;-3.137;3.954;2.40;false;true;131.1;-0.70
8dir;698;acrobat;-1.846;5.422;1.39;false;true;110.8;-0.37
8dir;699;clown;-3.137;3.914;2.40;false;false;131.0;-0.70
8dir;699;acrobat;-1.862;5.402;1.40;false;true;110.8;-0.38
8dir;700;clown;-3.137;3.834;2.40;false;false;130.8;-0.70
8dir;700;acrobat;-1.894;5.362;1.43;false;true;110.6;-0.41
8dir;701;clown;-3.137;3.794;2.40;false;false;130.8;-0.70
8dir;701;acrobat;-1.910;5.342;1.44;false;true;110.6;-0.42
8dir;702;clown;-3.137;3.754;2.40;false;false;130.9;-0.70
8dir;702;acrobat;-1.926;5.321;1.46;false;true;110.5;-0.43
8dir;703;clown;-3.137;3.714;2.40;false;false;130.9;-0.70
8dir;703;acrobat;-1.942;5.299;1.47;false;true;110.3;-0.44
8dir;704;clown;-3.138;3.674;2.40;true;false;130.9;-0.71
8dir;704;acrobat;-1.957;5.278;1.48;false;false;109.8;-0.44
8dir;705;clown;-3.138;3.634;2.40;true;true;131.2;-0.71
8dir;705;acrobat;-1.973;5.256;1.50;false;false;109.8;-0.45
8dir;706;clown;-3.138;3.594;2.40;true;true;131.4;-0.71
8dir;706;acrobat;-1.988;5.233;1.51;false;false;109.8;-0.46
8dir;707;clown;-3.138;3.554;2.40;true;true;131.5;-0.71
8dir;707;acrobat;-2.003;5.210;1.52;false;false;109.7;-0.46
8dir;708;clown;-3.138;3.474;2.40;true;true;131.2;-0.71
8dir;708;acrobat;-2.034;5.164;1.55;false;false;109.5;-0.48
8dir;709;clown;-3.138;3.434;2.40;true;true;131.2;-0.71
8dir;709;acrobat;-2.049;5.140;1.56;true;false;109.5;-0.48
8dir;710;clown;-3.138;3.394;2.40;true;true;131.1;-0.71
8dir;710;acrobat;-2.064;5.115;1.58;true;false;109.6;-0.49
8dir;711;clown;-3.138;3.354;2.40;false;true;130.4;-0.71
8dir;711;acrobat;-2.079;5.090;1.59;true;false;109.7;-0.49
8dir;712;clown;-3.138;3.314;2.40;false;false;130.4;-0.71
8dir;712;acrobat;-2.094;5.065;1.60;true;false;109.8;-0.49
8dir;713;clown;-3.138;3.274;2.40;false;false;130.4;-0.71
8dir;713;acrobat;-2.109;5.040;1.62;true;false;109.8;-0.49
8dir;714;clown;-3.139;3.234;2.40;false;false;130.5;-0.71
8dir;714;acrobat;-2.123;5.014;1.63;true;true;109.7;-0.50
8dir;715;clown;-3.139;3.194;2.40;false;false;130.5;-0.71
8dir;715;acrobat;-2.138;4.989;1.64;true;true;109.6;-0.50
8dir;716;clown;-3.139;3.139;1.40;false;false;130.5;-0.71
8dir;716;acrobat;-2.166;4.937;1.62;true;true;109.2;-0.50
8dir;717;clown;-3.139;3.124;0.90;false;false;130.7;-0.71
8dir;717;acrobat;-2.179;4.912;1.58;true;true;109.3;-0.51
8dir;718;clown;-3.139;3.117;0.40;false;false;130.9;-0.71
8dir;718;acrobat;-2.192;4.888;1.52;true;true;109.3;-0.51
8dir;719;clown;-3.139;3.117;0.00;true;false;131.2;-0.71
8dir;719;acrobat;-2.204;4.865;1.46;false;true;108.9;-0.51
8dir;720;clown;-3.139;3.117;0.00;true;true;131.5;-0.70
8dir;720;acrobat;-2.216;4.843;1.40;false;true;108.9;-0.52
8dir;721;clown;-3.139;3.117;0.00;true;true;131.8;-0.70
8dir;721;acrobat;-2.228;4.821;1.34;false;true;108.9;-0.52
8dir;722;clown;-3.139;3.117;0.00;true;true;132.0;-0.69
8dir;722;acrobat;-2.239;4.801;1.28;false;true;108.8;-0.53
8dir;723;clown;-3.139;3.117;0.00;true;true;132.1;-0.68
8dir;723;acrobat;-2.259;4.763;1.17;false;true;108.5;-0.53
8dir;724;clown;-3.139;3.117;0.00;true;true;132.2;-0.68
8dir;724;acrobat;-2.269;4.744;1.12;false;false;108.2;-0.53
8dir;725;clown;-3.139;3.117;0.00;true;true;132.3;-0.67
8dir;725;acrobat;-2.278;4.727;1.07;false;false;108.3;-0.53
8dir;726;clown;-3.139;3.117;0.00;true;true;132.4;-0.66
8dir;726;acrobat;-2.287;4.710;1.02;false;false;108.3;-0.53
8dir;727;clown;-3.139;3.117;0.00;true;true;132.4;-0.66
8dir;727;acrobat;-2.296;4.694;0.98;false;false;108.4;-0.53
8dir;728;clown;-3.139;3.117;0.00;true;true;132.5;-0.66
8dir;728;acrobat;-2.304;4.679;0.93;false;false;108.4;-0.53
8dir;729;clown;-3.139;3.117;0.00;true;true;132.6;-0.66
8dir;729;acrobat;-2.312;4.664;0.89;false;false;108.5;-0.53
8dir;730;clown;-3.139;3.117;0.00;true;true;132.6;-0.66
8dir;730;acrobat;-2.320;4.649;0.85;false;false;108.5;-0.53
8dir;731;clown;-3.139;3.117;0.00;true;true;132.7;-0.65
8dir;731;acrobat;-2.327;4.636;0.81;false;false;108.6;-0.53
8dir;732;clown;-3.139;3.117;0.00;true;true;132.8;-0.65
8dir;732;acrobat;-2.334;4.622;0.77;false;false;108.6;-0.53
8dir;733;clown;-3.139;3.117;0.00;true;true;132.7;-0.65
8dir;733;acrobat;-2.348;4.597;0.72;false;false;108.5;-0.53
8dir;734;clown;-3.131;3.109;0.71;true;true;132.8;-0.65
8dir;734;acrobat;-2.354;4.584;0.72;false;false;108.6;-0.53
8dir;735;clown;-3.115;3.093;1.41;false;false;132.4;-0.64
8dir;735;acrobat;-2.361;4.572;0.72;false;false;108.6;-0.54
8dir;736;clown;-3.090;3.068;2.12;false;false;132.4;-0.63
8dir;736;acrobat;-2.367;4.559;0.72;false;false;108.6;-0.54
8dir;737;clown;-3.063;3.040;2.40;false;false;132.5;-0.62
8dir;737;acrobat;-2.373;4.546;0.72;false;false;108.6;-0.54
8dir;738;clown;-3.035;3.013;2.40;false;false;132.6;-0.60
8dir;738;acrobat;-2.379;4.533;0.72;true;false;108.6;-0.54
8dir;739;clown;-3.007;2.985;2.40;false;false;132.7;-0.59
8dir;739;acrobat;-2.384;4.520;0.72;true;false;108.7;-0.55
8dir;740;clown;-2.979;2.957;2.40;false;false;132.7;-0.58
8dir;740;acrobat;-2.389;4.507;0.72;true;false;108.8;-0.55
8dir;741;clown;-2.952;2.929;2.40;false;true;132.9;-0.57
8dir;741;acrobat;-2.394;4.493;0.72;true;false;108.8;-0.56
8dir;742;clown;-2.896;2.873;2.40;false;true;133.3;-0.54
8dir;742;acrobat;-2.402;4.468;0.72;true;false;108.9;-0.57
8dir;743;clown;-2.868;2.845;2.40;true;true;133.5;-0.53
8dir;743;acrobat;-2.405;4.456;0.72;true;false;109.0;-0.57
8dir;744;clown;-2.840;2.817;2.40;true;true;133.5;-0.52
8dir;744;acrobat;-2.409;4.445;0.72;true;false;109.1;-0.57
8dir;745;clown;-2.813;2.790;2.40;true;true;133.5;-0.51
8dir;745;acrobat;-2.412;4.433;0.73;true;false;109.1;-0.58
8dir;746;clown;-2.785;2.762;2.40;true;true;133.6;-0.50
8dir;746;acrobat;-2.414;4.420;0.75;true;false;109.2;-0.58
8dir;747;clown;-2.729;2.706;2.40;true;false;132.9;-0.50
8dir;747;acrobat;-2.419;4.395;0.79;true;true;109.1;-0.59
8dir;748;clown;-2.701;2.678;2.40;true;false;132.9;-0.51
8dir;748;acrobat;-2.422;4.381;0.82;true;true;109.1;-0.59
8dir;749;clown;-2.674;2.650;2.40;true;false;132.7;-0.51
8dir;749;acrobat;-2.424;4.367;0.84;true;true;109.1;-0.60
8dir;750;clown;-2.646;2.622;2.40;false;false;132.6;-0.51
8dir;750;acrobat;-2.426;4.353;0.86;true;true;109.0;-0.60
8dir;751;clown;-2.618;2.594;2.40;false;false;132.7;-0.51
8dir;751;acrobat;-2.427;4.338;0.89;true;true;109.1;-0.60
8dir;752;clown;-2.590;2.566;2.40;false;false;132.8;-0.51
8dir;752;acrobat;-2.429;4.323;0.91;true;true;109.2;-0.61
8dir;753;clown;-2.562;2.538;2.40;false;false;132.8;-0.51
8dir;753;acrobat;-2.430;4.308;0.94;true;true;109.3;-0.61
8dir;754;clown;-2.507;2.483;2.40;false;true;133.0;-0.51
8dir;754;acrobat;-2.432;4.275;0.99;false;true;108.9;-0.62
8dir;755;clown;-2.479;2.455;2.40;false;true;133.3;-0.50
8dir;755;acrobat;-2.432;4.259;1.01;false;true;108.9;-0.62
8dir;756;clown;-2.451;2.427;2.40;true;true;133.4;-0.50
8dir;756;acrobat;-2.433;4.241;1.04;false;true;109.0;-0.62
8dir;757;clown;-2.423;2.399;2.40;true;true;133.5;-0.49
8dir;757;acrobat;-2.433;4.224;1.06;false;true;109.0;-0.62
8dir;758;clown;-2.395;2.371;2.40;true;true;133.5;-0.49
8dir;758;acrobat;-2.432;4.206;1.09;false;true;109.0;-0.62
8dir;759;clown;-2.368;2.343;2.40;true;true;133.5;-0.50
8dir;759;acrobat;-2.432;4.187;1.11;false;true;108.9;-0.62
8dir;760;clown;-2.340;2.315;2.40;true;true;133.6;-0.50
8dir;760;acrobat;-2.431;4.169;1.14;false;true;108.9;-0.63
8dir;761;clown;-2.284;2.259;2.40;true;false;132.8;-0.51
8dir;761;acrobat;-2.428;4.130;1.19;false;false;108.3;-0.62
8dir;762;clown;-2.256;2.231;2.40;true;false;132.7;-0.52
8dir;762;acrobat;-2.427;4.110;1.22;false;false;108.4;-0.62
8dir;763;clown;-2.228;2.203;2.40;false;false;132.6;-0.52
8dir;763;acrobat;-2.425;4.089;1.24;false;false;108.4;-0.62
8dir;764;clown;-2.200;2.175;2.40;false;false;132.6;-0.52
8dir;764;acrobat;-2.422;4.069;1.27;false;false;108.5;-0.62
8dir;765;clown;-2.172;2.147;2.40;false;false;132.7;-0.52
8dir;765;acrobat;-2.420;4.047;1.29;false;false;108.5;-0.62
8dir;766;clown;-2.145;2.119;2.40;false;false;132.8;-0.52
8dir;766;acrobat;-2.417;4.026;1.31;false;false;108.6;-0.62
8dir;767;clown;-2.117;2.091;2.40;false;true;132.8;-0.52
8dir;767;acrobat;-2.413;4.004;1.34;false;false;108.6;-0.62
8dir;768;clown;-2.089;2.063;2.40;false;true;133.1;-0.52
8dir;768;acrobat;-2.410;3.982;1.36;false;false;108.7;-0.62
8dir;769;clown;-2.033;2.007;2.40;true;true;133.3;-0.52
8dir;769;acrobat;-2.401;3.936;1.41;true;false;108.7;-0.62
8dir;770;clown;-2.005;1.979;2.40;true;true;133.4;-0.51
8dir;770;acrobat;-2.397;3.913;1.43;true;false;108.9;-0.62
8dir;771;clown;-1.977;1.951;2.40;true;true;133.4;-0.51
8dir;771;acrobat;-2.392;3.889;1.45;true;false;109.0;-0.62
8dir;772;clown;-1.949;1.923;2.40;true;true;133.5;-0.51
8dir;772;acrobat;-2.387;3.866;1.48;true;false;109.1;-0.62
8dir;773;clown;-1.893;1.867;2.40;true;false;132.9;-0.52
8dir;773;acrobat;-2.375;3.817;1.52;true;false;109.2;-0.62
8dir;774;clown;-1.865;1.839;2.40;true;false;132.9;-0.53
8dir;774;acrobat;-2.369;3.792;1.54;true;false;109.3;-0.62
8dir;775;clown;-1.838;1.811;2.40;true;false;132.7;-0.53
8dir;775;acrobat;-2.362;3.768;1.56;true;true;109.2;-0.61
8dir;776;clown;-1.818;1.791;1.69;false;false;132.7;-0.53
8dir;776;acrobat;-2.355;3.743;1.56;true;true;109.2;-0.61
8dir;777;clown;-1.804;1.777;0.28;true;false;132.8;-0.53
8dir;777;acrobat;-2.342;3.695;1.48;true;true;109.1;-0.61
8dir;778;clown;-1.804;1.777;0.00;true;false;133.1;-0.53
8dir;778;acrobat;-2.336;3.672;1.42;true;true;109.2;-0.61
8dir;779;clown;-1.804;1.777;0.00;true;false;133.3;-0.53
8dir;779;acrobat;-2.330;3.651;1.37;false;true;108.8;-0.61
8dir;780;clown;-1.804;1.777;0.00;true;false;133.6;-0.53
8dir;780;acrobat;-2.324;3.630;1.31;false;true;108.9;-0.61
8dir;781;clown;-1.804;1.777;0.00;true;false;133.8;-0.53
8dir;781;acrobat;-2.319;3.610;1.26;false;true;108.9;-0.60
8dir;782;clown;-1.804;1.777;0.00;true;false;134.0;-0.53
8dir;782;acrobat;-2.313;3.591;1.21;false;true;108.9;-0.60
8dir;783;clown;-1.804;1.777;0.00;true;false;134.3;-0.52
8dir;783;acrobat;-2.308;3.572;1.16;false;true;108.9;-0.60
8dir;784;clown;-1.804;1.777;0.00;true;false;134.5;-0.52
8dir;784;acrobat;-2.303;3.555;1.12;false;true;108.9;-0.60
8dir;785;clown;-1.804;1.777;0.00;true;false;134.7;-0.52
8dir;785;acrobat;-2.294;3.522;1.03;false;true;108.7;-0.60
8dir;786;clown;-1.804;1.777;0.00;true;false;134.8;-0.52
8dir;786;acrobat;-2.290;3.506;0.99;false;true;108.7;-0.60
8dir;787;clown;-1.804;1.777;0.00;true;false;135.0;-0.52
8dir;787;acrobat;-2.286;3.491;0.95;false;false;108.3;-0.59
8dir;788;clown;-1.804;1.777;0.00;true;false;135.1;-0.51
8dir;788;acrobat;-2.282;3.476;0.91;false;false;108.4;-0.59
8dir;789;clown;-1.804;1.777;0.00;true;false;135.2;-0.51
8dir;789;acrobat;-2.278;3.463;0.88;false;false;108.4;-0.59
8dir;790;clown;-1.804;1.777;0.00;true;false;135.3;-0.51
8dir;790;acrobat;-2.274;3.449;0.84;false;false;108.5;-0.59
8dir;791;clown;-1.804;1.777;0.00;true;false;135.5;-0.51
8dir;791;acrobat;-2.271;3.436;0.81;false;false;108.5;-0.59
8dir;792;clown;-1.804;1.777;0.00;true;false;135.6;-0.51
8dir;792;acrobat;-2.264;3.412;0.75;false;false;108.6;-0.59
8dir;793;clown;-1.804;1.777;0.00;false;false;135.3;-0.50
8dir;793;acrobat;-2.261;3.401;0.72;false;false;108.6;-0.59
tab;794;clown;-1.810;1.796;0.72;true;false;135.3;-0.02
tab;794;acrobat;-2.253;3.386;0.85;true;false;108.8;-0.58
tab;795;clown;-1.814;1.808;0.72;true;false;135.4;0.20
tab;795;acrobat;-2.237;3.367;1.56;true;false;109.0;-0.57
tab;796;clown;-1.817;1.819;0.72;true;true;135.6;0.39
tab;796;acrobat;-2.212;3.339;2.26;true;false;109.2;-0.56
tab;797;clown;-1.820;1.831;0.72;true;true;135.7;0.54
tab;797;acrobat;-2.185;3.311;2.40;true;false;109.3;-0.54
tab;798;clown;-1.826;1.854;0.72;true;true;135.8;0.72
tab;798;acrobat;-2.129;3.255;2.40;true;false;109.2;-0.52
tab;799;clown;-1.828;1.866;0.72;true;true;135.9;0.77
tab;799;acrobat;-2.101;3.228;2.40;true;true;109.0;-0.51
tab;800;clown;-1.828;1.869;0.20;true;true;136.2;0.77
tab;800;acrobat;-2.073;3.200;2.40;true;true;109.0;-0.50
tab;801;clown;-1.828;1.869;0.00;true;true;136.3;0.77
tab;801;acrobat;-2.046;3.172;2.40;false;true;108.7;-0.50
tab;802;clown;-1.828;1.869;0.00;true;true;136.5;0.77
tab;802;acrobat;-2.018;3.144;2.40;false;true;108.9;-0.49
tab;803;clown;-1.828;1.869;0.00;true;true;136.7;0.77
tab;803;acrobat;-1.990;3.116;2.40;false;true;108.9;-0.48
tab;804;clown;-1.828;1.869;0.00;true;true;137.0;0.77
tab;804;acrobat;-1.935;3.060;2.40;false;true;108.7;-0.46
tab;805;clown;-1.828;1.869;0.00;true;true;137.2;0.77
tab;805;acrobat;-1.907;3.033;2.40;false;true;108.5;-0.46
tab;806;clown;-1.828;1.869;0.00;true;true;137.4;0.77
tab;806;acrobat;-1.879;3.005;2.40;false;false;108.3;-0.46
tab;807;clown;-1.828;1.869;0.00;true;true;137.5;0.77
tab;807;acrobat;-1.851;2.977;2.40;false;false;108.3;-0.45
tab;808;clown;-1.828;1.869;0.00;true;true;137.6;0.77
tab;808;acrobat;-1.824;2.949;2.40;false;false;108.3;-0.45
tab;809;clown;-1.828;1.869;0.00;true;true;137.7;0.78
tab;809;acrobat;-1.796;2.921;2.40;false;false;108.4;-0.45
tab;810;clown;-1.828;1.869;0.00;false;true;137.3;0.78
tab;810;acrobat;-1.740;2.865;2.40;true;false;108.6;-0.46
tab;811;clown;-1.828;1.869;0.00;false;false;137.4;0.78
tab;811;acrobat;-1.712;2.837;2.40;true;false;108.9;-0.46
tab;812;clown;-1.828;1.869;0.00;false;false;137.5;0.78
tab;812;acrobat;-1.684;2.809;2.40;true;false;109.0;-0.47
tab;813;clown;-1.828;1.869;0.00;false;false;137.6;0.78
tab;813;acrobat;-1.657;2.781;2.40;true;false;109.1;-0.47
tab;814;clown;-1.828;1.869;0.00;false;false;137.8;0.78
tab;814;acrobat;-1.601;2.726;2.40;true;true;108.8;-0.48
tab;815;clown;-1.828;1.869;0.00;false;false;137.9;0.78
tab;815;acrobat;-1.573;2.698;2.40;true;true;108.8;-0.48
tab;816;clown;-1.828;1.869;0.00;false;false;138.0;0.79
tab;816;acrobat;-1.545;2.670;2.40;false;true;108.6;-0.48
tab;817;clown;-1.828;1.869;0.00;false;false;138.1;0.79
tab;817;acrobat;-1.517;2.642;2.40;false;true;108.7;-0.48
tab;818;clown;-1.828;1.869;0.00;false;false;138.2;0.79
tab;818;acrobat;-1.490;2.614;2.40;false;true;108.7;-0.48
tab;819;clown;-1.828;1.869;0.00;false;false;138.3;0.79
tab;819;acrobat;-1.434;2.558;2.40;false;true;108.5;-0.47
tab;820;clown;-1.828;1.869;0.00;false;false;138.3;0.79
tab;820;acrobat;-1.406;2.530;2.40;false;true;108.3;-0.47
tab;821;clown;-1.828;1.869;0.00;false;false;138.4;0.79
tab;821;acrobat;-1.378;2.502;2.40;false;false;108.1;-0.47
tab;822;clown;-1.828;1.869;0.00;false;false;138.4;0.79
tab;822;acrobat;-1.350;2.474;2.40;false;false;108.1;-0.47
tab;823;clown;-1.828;1.869;0.00;false;false;138.4;0.79
tab;823;acrobat;-1.323;2.446;2.40;false;false;108.1;-0.48
tab;824;clown;-1.828;1.869;0.00;false;false;138.5;0.80
tab;824;acrobat;-1.295;2.418;2.40;true;false;108.1;-0.48
tab;825;clown;-1.828;1.869;0.00;false;false;138.5;0.80
tab;825;acrobat;-1.267;2.390;2.40;true;false;108.4;-0.48
tab;826;clown;-1.828;1.869;0.00;false;false;138.5;0.80
tab;826;acrobat;-1.239;2.362;2.40;true;false;108.6;-0.49
tab;827;clown;-1.828;1.869;0.00;false;false;138.6;0.80
tab;827;acrobat;-1.211;2.334;2.40;true;false;108.7;-0.49
tab;828;clown;-1.828;1.869;0.00;false;false;138.6;0.80
tab;828;acrobat;-1.183;2.306;2.40;true;false;108.8;-0.50
tab;829;clown;-1.828;1.869;0.00;false;false;138.6;0.80
tab;829;acrobat;-1.155;2.278;2.40;true;false;108.7;-0.51
tab;830;clown;-1.828;1.869;0.00;false;false;138.6;0.82
tab;830;acrobat;-1.099;2.222;2.40;true;true;108.4;-0.51
tab;831;clown;-1.828;1.869;0.00;false;false;138.6;0.83
tab;831;acrobat;-1.071;2.194;2.40;false;true;108.1;-0.51
tab;832;clown;-1.828;1.869;0.00;false;false;138.6;0.84
tab;832;acrobat;-1.043;2.166;2.40;false;true;108.3;-0.51
tab;833;clown;-1.828;1.869;0.00;false;false;138.6;0.85
tab;833;acrobat;-1.016;2.138;2.40;false;true;108.5;-0.52
tab;834;clown;-1.828;1.869;0.00;false;false;138.6;0.86
tab;834;acrobat;-0.988;2.110;2.40;false;true;108.5;-0.51
tab;835;clown;-1.828;1.869;0.00;false;false;138.6;0.86
tab;835;acrobat;-0.960;2.082;2.40;false;true;108.4;-0.51
tab;836;clown;-1.828;1.869;0.00;true;false;138.7;0.87
tab;836;acrobat;-0.932;2.054;2.40;false;true;108.3;-0.50
tab;837;clown;-1.828;1.869;0.00;true;true;138.7;0.88
tab;837;acrobat;-0.904;2.026;2.40;false;true;108.1;-0.50
tab;838;clown;-1.828;1.869;0.00;true;true;138.7;0.88
tab;838;acrobat;-0.876;1.998;2.40;false;false;107.8;-0.50
tab;839;clown;-1.828;1.869;0.00;true;true;138.7;0.88
tab;839;acrobat;-0.848;1.970;2.40;false;false;107.8;-0.51
tab;840;clown;-1.828;1.869;0.00;true;true;138.7;0.89
tab;840;acrobat;-0.820;1.942;2.40;true;false;107.8;-0.51
tab;841;clown;-1.828;1.869;0.00;true;true;138.6;0.89
tab;841;acrobat;-0.764;1.886;2.40;true;false;108.2;-0.52
tab;842;clown;-1.828;1.869;0.00;true;true;138.6;0.89
tab;842;acrobat;-0.736;1.858;2.40;true;false;108.4;-0.52
tab;843;clown;-1.828;1.869;0.00;true;true;138.6;0.90
tab;843;acrobat;-0.708;1.830;2.40;true;false;108.4;-0.53
tab;844;clown;-1.828;1.869;0.00;true;true;138.6;0.90
tab;844;acrobat;-0.680;1.801;2.40;true;false;108.4;-0.54
tab;845;clown;-1.828;1.869;0.00;true;true;138.5;0.90
tab;845;acrobat;-0.652;1.773;2.40;true;false;108.2;-0.54
tab;846;clown;-1.828;1.869;0.00;true;true;138.5;0.90
tab;846;acrobat;-0.624;1.745;2.40;true;false;108.0;-0.54
tab;847;clown;-1.828;1.869;0.00;true;true;138.5;0.90
tab;847;acrobat;-0.596;1.717;2.40;false;true;107.6;-0.54
tab;848;clown;-1.828;1.869;0.00;true;true;138.5;0.90
tab;848;acrobat;-0.568;1.689;2.40;false;true;107.9;-0.54
tab;849;clown;-1.828;1.869;0.00;true;true;138.5;0.90
tab;849;acrobat;-0.540;1.661;2.40;false;true;108.0;-0.54
tab;850;clown;-1.828;1.869;0.00;true;true;138.5;0.90
tab;850;acrobat;-0.512;1.633;2.40;false;true;108.2;-0.54
tab;851;clown;-1.828;1.869;0.00;true;true;138.5;0.90
tab;851;acrobat;-0.484;1.605;2.40;false;true;108.2;-0.54
tab;852;clown;-1.828;1.869;0.00;true;true;138.5;0.90
tab;852;acrobat;-0.456;1.577;2.40;false;true;108.1;-0.54
tab;853;clown;-1.810;1.864;0.72;false;false;137.6;0.78
tab;853;acrobat;-0.400;1.520;2.40;false;true;107.7;-0.54
tab;854;clown;-1.799;1.861;0.72;false;false;137.5;0.69
tab;854;acrobat;-0.372;1.492;2.40;false;false;107.4;-0.54
tab;855;clown;-1.788;1.858;0.72;false;false;137.4;0.60
tab;855;acrobat;-0.344;1.464;2.40;true;false;107.4;-0.54
tab;856;clown;-1.777;1.855;0.72;false;false;137.3;0.52
tab;856;acrobat;-0.316;1.436;2.40;true;false;107.6;-0.54
tab;857;clown;-1.766;1.852;0.72;true;false;137.2;0.44
tab;857;acrobat;-0.288;1.407;2.40;true;false;107.8;-0.54
tab;858;clown;-1.756;1.849;0.72;true;false;137.2;0.37
tab;858;acrobat;-0.260;1.379;2.40;true;false;107.9;-0.55
tab;859;clown;-1.745;1.846;0.72;true;false;137.2;0.30
tab;859;acrobat;-0.231;1.351;2.40;true;false;108.0;-0.55
tab;860;clown;-1.734;1.842;0.72;true;false;137.3;0.24
tab;860;acrobat;-0.203;1.323;2.40;true;false;107.9;-0.56
tab;861;clown;-1.713;1.835;0.72;true;false;137.4;0.15
tab;861;acrobat;-0.147;1.266;2.40;true;false;107.6;-0.56
tab;862;clown;-1.702;1.831;0.72;true;false;137.5;0.11
tab;862;acrobat;-0.119;1.238;2.40;false;false;107.2;-0.56
tab;863;clown;-1.692;1.827;0.72;true;false;137.6;0.08
tab;863;acrobat;-0.091;1.210;2.40;false;true;107.2;-0.57
tab;864;clown;-1.681;1.822;0.76;true;false;137.6;0.05
tab;864;acrobat;-0.063;1.182;2.40;false;true;107.4;-0.57
tab;865;clown;-1.669;1.818;0.82;true;false;137.6;0.02
tab;865;acrobat;-0.035;1.153;2.40;false;true;107.6;-0.57
tab;866;clown;-1.656;1.812;0.87;true;false;137.6;-0.00
tab;866;acrobat;-0.007;1.125;2.40;false;true;107.7;-0.57
tab;867;clown;-1.642;1.806;0.93;true;false;137.5;-0.03
tab;867;acrobat;0.022;1.097;2.40;false;true;107.7;-0.56
tab;868;clown;-1.613;1.794;1.03;true;false;137.2;-0.07
tab;868;acrobat;0.078;1.040;2.40;false;true;107.4;-0.56
tab;869;clown;-1.597;1.786;1.08;false;false;136.6;-0.09
tab;869;acrobat;0.106;1.012;2.40;false;true;107.3;-0.56
tab;870;clown;-1.580;1.779;1.13;false;true;136.7;-0.10
tab;870;acrobat;0.134;0.984;2.40;false;false;106.9;-0.56
tab;871;clown;-1.563;1.771;1.18;false;true;137.0;-0.11
tab;871;acrobat;0.162;0.955;2.40;true;false;106.9;-0.56
tab;872;clown;-1.545;1.762;1.22;false;true;137.2;-0.12
tab;872;acrobat;0.191;0.927;2.40;true;false;107.1;-0.56
tab;873;clown;-1.527;1.753;1.26;false;true;137.5;-0.12
tab;873;acrobat;0.219;0.901;1.70;true;false;107.3;-0.50
tab;874;clown;-1.508;1.744;1.30;false;true;137.6;-0.13
tab;874;acrobat;0.247;0.901;1.70;true;false;107.5;-0.45
tab;875;clown;-1.489;1.735;1.31;false;true;137.7;-0.13
tab;875;acrobat;0.275;0.901;1.70;true;false;107.7;-0.40
tab;876;clown;-1.470;1.726;1.32;false;true;137.7;-0.13
tab;876;acrobat;0.303;0.901;1.70;true;false;107.9;-0.36
tab;877;clown;-1.450;1.717;1.33;false;true;137.6;-0.13
tab;877;acrobat;0.332;0.901;1.70;true;false;108.0;-0.33
tab;878;clown;-1.430;1.707;1.34;false;true;137.5;-0.13
tab;878;acrobat;0.360;0.901;1.70;true;false;108.0;-0.30
tab;879;clown;-1.411;1.698;1.35;false;false;136.8;-0.13
tab;879;acrobat;0.388;0.901;1.70;true;false;108.0;-0.27
tab;880;clown;-1.390;1.689;1.36;true;false;136.9;-0.13
tab;880;acrobat;0.416;0.901;1.70;true;true;108.0;-0.24
tab;881;clown;-1.370;1.680;1.37;true;false;137.2;-0.13
tab;881;acrobat;0.445;0.899;1.72;false;true;107.7;-0.22
tab;882;clown;-1.329;1.663;1.40;true;false;137.6;-0.13
tab;882;acrobat;0.503;0.884;1.86;false;true;108.1;-0.24
tab;883;clown;-1.308;1.654;1.42;true;false;137.8;-0.14
tab;883;acrobat;0.532;0.872;1.95;false;true;108.2;-0.26
tab;884;clown;-1.286;1.644;1.44;true;false;137.8;-0.14
tab;884;acrobat;0.563;0.855;2.08;false;true;108.2;-0.28
tab;885;clown;-1.264;1.635;1.46;true;false;137.7;-0.15
tab;885;acrobat;0.593;0.833;2.25;false;true;108.1;-0.31
tab;886;clown;-1.242;1.625;1.50;true;false;137.6;-0.15
tab;886;acrobat;0.621;0.804;2.40;false;true;107.9;-0.35
tab;887;clown;-1.220;1.615;1.53;false;false;136.9;-0.15
tab;887;acrobat;0.649;0.776;2.40;false;true;107.7;-0.39
tab;888;clown;-1.196;1.605;1.56;false;false;137.0;-0.15
tab;888;acrobat;0.677;0.747;2.40;false;false;107.3;-0.42
tab;889;clown;-1.173;1.594;1.59;false;true;137.0;-0.15
tab;889;acrobat;0.706;0.719;2.40;true;false;107.3;-0.45
tab;890;clown;-1.149;1.583;1.61;false;true;137.4;-0.16
tab;890;acrobat;0.734;0.691;2.40;true;false;107.4;-0.47
tab;891;clown;-1.125;1.571;1.64;false;true;137.7;-0.16
tab;891;acrobat;0.762;0.662;2.40;true;false;107.6;-0.49
tab;892;clown;-1.101;1.560;1.67;false;true;137.9;-0.16
tab;892;acrobat;0.790;0.634;2.40;true;false;107.7;-0.51
tab;893;clown;-1.076;1.547;1.69;false;true;138.0;-0.15
tab;893;acrobat;0.819;0.606;2.40;true;false;107.7;-0.52
tab;894;clown;-1.051;1.535;1.72;false;true;137.9;-0.15
tab;894;acrobat;0.847;0.577;2.40;true;false;107.6;-0.54
tab;895;clown;-1.026;1.522;1.74;false;true;137.8;-0.15
tab;895;acrobat;0.875;0.549;2.40;true;false;107.4;-0.55
tab;896;clown;-0.974;1.495;1.79;true;false;137.0;-0.16
tab;896;acrobat;0.932;0.492;2.40;false;false;106.8;-0.56
tab;897;clown;-0.948;1.481;1.81;true;false;137.3;-0.16
tab;897;acrobat;0.960;0.464;2.40;false;true;106.8;-0.57
tab;898;clown;-0.921;1.467;1.83;true;false;137.6;-0.16
tab;898;acrobat;0.988;0.435;2.40;false;true;107.0;-0.57
tab;899;clown;-0.895;1.453;1.85;true;false;137.8;-0.17
tab;899;acrobat;1.016;0.407;2.40;false;true;107.1;-0.58
tab;900;clown;-0.868;1.438;1.87;true;false;137.9;-0.18
tab;900;acrobat;1.045;0.379;2.40;false;true;107.2;-0.58
tab;901;clown;-0.841;1.423;1.89;true;false;137.9;-0.19
tab;901;acrobat;1.073;0.350;2.40;false;true;107.2;-0.57
tab;902;clown;-0.814;1.408;1.91;true;false;137.8;-0.20
tab;902;acrobat;1.101;0.322;2.40;false;true;107.1;-0.57
tab;903;clown;-0.786;1.392;1.92;true;false;137.6;-0.20
tab;903;acrobat;1.129;0.294;2.40;false;true;107.0;-0.57
tab;904;clown;-0.731;1.360;1.95;false;true;137.1;-0.21
tab;904;acrobat;1.185;0.237;2.40;false;false;106.4;-0.57
tab;905;clown;-0.703;1.343;1.97;false;true;137.5;-0.22
tab;905;acrobat;1.213;0.209;2.40;true;false;106.4;-0.57
tab;906;clown;-0.675;1.327;1.99;false;true;137.8;-0.22
tab;906;acrobat;1.241;0.180;2.40;true;false;106.6;-0.58
tab;907;clown;-0.647;1.310;2.00;false;true;138.0;-0.22
tab;907;acrobat;1.269;0.152;2.40;true;false;106.8;-0.58
tab;908;clown;-0.618;1.293;2.01;false;true;138.1;-0.21
tab;908;acrobat;1.297;0.124;2.40;true;false;106.9;-0.58
tab;909;clown;-0.590;1.275;2.03;false;true;138.0;-0.21
tab;909;acrobat;1.325;0.096;2.40;true;false;106.9;-0.59
tab;910;clown;-0.562;1.257;2.04;false;true;137.9;-0.21
tab;910;acrobat;1.353;0.068;2.40;true;false;106.9;-0.60
tab;911;clown;-0.533;1.240;2.05;true;true;137.7;-0.21
tab;911;acrobat;1.381;0.040;2.40;true;false;106.8;-0.60
tab;912;clown;-0.504;1.221;2.06;true;false;137.5;-0.21
tab;912;acrobat;1.409;0.011;2.40;true;false;106.6;-0.60
tab;913;clown;-0.475;1.203;2.07;true;false;137.8;-0.22
tab;913;acrobat;1.437;-0.017;2.40;false;false;106.2;-0.60
tab;914;clown;-0.242;1.049;2.15;false;true;137.3;-0.26
tab;914;acrobat;1.660;-0.242;2.40;false;true;106.2;-0.58
tab;915;clown;-0.213;1.029;2.16;false;true;137.9;-0.26
tab;915;acrobat;1.687;-0.270;2.40;false;false;106.1;-0.58
tab;916;clown;-0.183;1.009;2.16;false;true;138.1;-0.26
tab;916;acrobat;1.712;-0.294;2.40;true;false;106.2;-0.58
tab;917;clown;-0.154;0.989;2.16;false;true;138.1;-0.25
tab;917;acrobat;1.736;-0.319;2.40;true;false;106.5;-0.58
tab;918;clown;-0.124;0.968;2.16;false;true;138.1;-0.25
tab;918;acrobat;1.761;-0.344;2.40;true;false;106.8;-0.58
tab;919;clown;-0.095;0.948;2.15;false;true;137.9;-0.25
tab;919;acrobat;1.785;-0.369;2.40;true;false;107.0;-0.59
tab;920;clown;-0.066;0.927;2.15;true;true;137.6;-0.25
tab;920;acrobat;1.810;-0.394;2.40;true;false;107.2;-0.59
tab;921;clown;-0.037;0.907;2.15;true;false;137.4;-0.25
tab;921;acrobat;1.834;-0.418;2.40;true;false;107.3;-0.60
tab;922;clown;0.021;0.904;1.76;true;false;137.9;-0.15
tab;922;acrobat;1.883;-0.468;2.40;true;false;107.1;-0.60
tab;923;clown;0.049;0.903;1.76;true;false;138.0;-0.11
tab;923;acrobat;1.908;-0.493;2.40;false;false;106.9;-0.60
tab;924;clown;0.078;0.902;1.77;true;false;138.0;-0.08
tab;924;acrobat;1.932;-0.518;2.40;false;true;107.0;-0.60
tab;925;clown;0.108;0.902;1.78;true;false;137.9;-0.05
tab;925;acrobat;1.959;-0.545;2.40;false;true;107.2;-0.60
tab;926;clown;0.137;0.901;1.80;true;false;137.7;-0.02
tab;926;acrobat;1.987;-0.573;2.40;false;true;107.3;-0.60
tab;927;clown;0.167;0.901;1.81;false;true;137.3;0.00
tab;927;acrobat;2.015;-0.601;2.40;false;true;107.4;-0.60
tab;928;clown;0.228;0.901;1.84;false;true;137.9;0.04
tab;928;acrobat;2.071;-0.658;2.40;false;true;107.2;-0.59
tab;929;clown;0.259;0.901;1.83;false;true;138.1;0.05
tab;929;acrobat;2.099;-0.686;2.40;false;true;107.1;-0.59
tab;930;clown;0.289;0.901;1.82;false;true;138.2;0.07
tab;930;acrobat;2.127;-0.714;2.40;false;true;106.8;-0.59
tab;931;clown;0.319;0.901;1.80;false;true;138.2;0.09
tab;931;acrobat;2.155;-0.743;2.40;false;false;106.4;-0.59
tab;932;clown;0.349;0.901;1.79;false;true;138.0;0.11
tab;932;acrobat;2.183;-0.771;2.40;true;false;106.4;-0.59
tab;933;clown;0.378;0.901;1.77;false;true;137.8;0.12
tab;933;acrobat;2.206;-0.795;2.40;true;false;106.8;-0.59
tab;934;clown;0.407;0.901;1.76;false;false;137.4;0.12
tab;934;acrobat;2.230;-0.819;2.40;true;false;107.0;-0.59
tab;935;clown;0.437;0.900;1.76;true;false;137.4;0.13
tab;935;acrobat;2.254;-0.842;2.40;true;false;107.2;-0.59
tab;936;clown;0.466;0.895;1.80;true;false;137.7;0.11
tab;936;acrobat;2.278;-0.866;2.40;true;false;107.4;-0.60
tab;937;clown;0.495;0.887;1.86;true;false;138.0;0.09
tab;937;acrobat;2.301;-0.890;2.40;true;false;107.4;-0.60
tab;938;clown;0.525;0.875;1.94;true;false;138.1;0.06
tab;938;acrobat;2.325;-0.914;2.40;true;false;107.4;-0.61
tab;939;clown;0.586;0.838;2.20;true;false;138.1;-0.04
tab;939;acrobat;2.373;-0.962;2.40;false;true;107.0;-0.61
tab;940;clown;0.615;0.812;2.40;true;false;137.8;-0.09
tab;940;acrobat;2.396;-0.986;2.40;false;true;107.3;-0.61
tab;941;clown;0.643;0.783;2.40;true;false;137.5;-0.14
tab;941;acrobat;2.421;-1.011;2.40;false;true;107.5;-0.61
tab;942;clown;0.671;0.755;2.40;false;true;136.9;-0.18
tab;942;acrobat;2.446;-1.037;2.40;false;true;107.7;-0.61
tab;943;clown;0.700;0.726;2.40;false;true;137.1;-0.21
tab;943;acrobat;2.473;-1.064;2.40;false;true;107.7;-0.60
tab;944;clown;0.728;0.697;2.40;false;true;137.3;-0.24
tab;944;acrobat;2.492;-1.083;1.69;false;true;107.6;-0.60
tab;945;clown;0.756;0.669;2.40;false;true;137.4;-0.26
tab;945;acrobat;2.503;-1.094;0.99;false;true;107.6;-0.59
tab;946;clown;0.784;0.640;2.40;false;true;137.4;-0.27
tab;946;acrobat;2.507;-1.097;0.28;true;true;107.7;-0.59
tab;947;clown;0.840;0.583;2.40;true;true;137.0;-0.29
tab;947;acrobat;2.507;-1.097;0.00;true;true;108.0;-0.56
tab;948;clown;0.867;0.556;2.32;true;true;137.0;-0.31
tab;948;acrobat;2.507;-1.097;0.00;true;true;108.2;-0.55
tab;949;clown;0.893;0.529;2.23;true;false;136.7;-0.31
tab;949;acrobat;2.507;-1.097;0.00;true;true;108.4;-0.54
tab;950;clown;0.919;0.504;2.14;true;false;136.9;-0.32
tab;950;acrobat;2.507;-1.097;0.00;true;false;108.3;-0.53
tab;951;clown;0.943;0.480;2.05;true;false;136.9;-0.34
tab;951;acrobat;2.507;-1.097;0.00;true;false;108.5;-0.51
tab;952;clown;0.966;0.456;1.97;true;false;136.8;-0.35
tab;952;acrobat;2.507;-1.097;0.00;true;false;108.7;-0.50
tab;953;clown;0.988;0.433;1.89;true;false;136.6;-0.36
tab;953;acrobat;2.507;-1.097;0.00;true;false;109.0;-0.49
tab;954;clown;1.009;0.412;1.82;true;false;136.3;-0.36
tab;954;acrobat;2.507;-1.097;0.00;true;false;109.2;-0.47
tab;955;clown;1.030;0.391;1.74;false;false;135.9;-0.37
tab;955;acrobat;2.507;-1.097;0.00;true;false;109.3;-0.47
tab;956;clown;1.049;0.371;1.67;false;false;136.0;-0.37
tab;956;acrobat;2.507;-1.097;0.00;true;false;109.4;-0.47
tab;957;clown;1.086;0.334;1.54;false;true;136.0;-0.38
tab;957;acrobat;2.507;-1.097;0.00;true;false;109.5;-0.47
tab;958;clown;1.103;0.317;1.48;false;true;136.3;-0.38
tab;958;acrobat;2.507;-1.097;0.00;true;false;109.6;-0.46
tab;959;clown;1.120;0.300;1.42;false;true;136.5;-0.38
tab;959;acrobat;2.507;-1.097;0.00;true;false;109.6;-0.46
tab;960;clown;1.135;0.283;1.36;false;true;136.7;-0.37
tab;960;acrobat;2.507;-1.097;0.00;true;false;109.7;-0.46
tab;961;clown;1.151;0.268;1.31;false;true;136.8;-0.37
tab;961;acrobat;2.507;-1.097;0.00;true;false;109.7;-0.46
tab;962;clown;1.165;0.253;1.26;false;true;136.8;-0.37
tab;962;acrobat;2.507;-1.097;0.00;false;false;109.4;-0.45
tab;963;clown;1.179;0.239;1.21;false;true;136.7;-0.36
tab;963;acrobat;2.507;-1.097;0.00;false;false;109.5;-0.45
tab;964;clown;1.193;0.225;1.16;false;true;136.5;-0.36
tab;964;acrobat;2.507;-1.097;0.00;false;false;109.5;-0.45
tab;965;clown;1.206;0.212;1.11;false;true;136.3;-0.36
tab;965;acrobat;2.507;-1.097;0.00;false;false;109.6;-0.45
tab;966;clown;1.218;0.199;1.07;true;true;136.1;-0.36
tab;966;acrobat;2.507;-1.097;0.00;false;false;109.7;-0.45
tab;967;clown;1.230;0.187;1.03;true;false;135.8;-0.36
tab;967;acrobat;2.507;-1.097;0.00;false;false;109.7;-0.44
tab;968;clown;1.241;0.175;0.99;true;false;136.0;-0.36
tab;968;acrobat;2.507;-1.097;0.00;false;false;109.8;-0.44
tab;969;clown;1.252;0.164;0.95;true;false;136.2;-0.36
tab;969;acrobat;2.507;-1.097;0.00;false;false;109.9;-0.44
tab;970;clown;1.263;0.154;0.91;true;false;136.3;-0.36
tab;970;acrobat;2.507;-1.097;0.00;false;false;109.9;-0.44
tab;971;clown;1.273;0.143;0.87;true;false;136.5;-0.36
tab;971;acrobat;2.507;-1.097;0.00;false;false;110.0;-0.44
tab;972;clown;1.282;0.134;0.84;true;false;136.5;-0.37
tab;972;acrobat;2.507;-1.097;0.00;false;false;110.0;-0.44
tab;973;clown;1.291;0.124;0.81;true;false;136.6;-0.37
tab;973;acrobat;2.507;-1.097;0.00;false;false;110.0;-0.43
