quadro;quem;pe;x;y;z;no_ar;vel
1;clown;0;-16.4000;0.1112;11.1282;false;0.00
1;clown;1;-16.4000;0.1112;10.8717;false;0.00
1;acrobat;0;-15.4000;0.1549;11.4878;false;0.00
1;acrobat;1;-15.4000;0.1549;11.3122;false;0.00
2;clown;0;-16.4003;0.1111;11.1262;false;0.71
2;clown;1;-16.4004;0.1111;10.8691;false;0.71
2;acrobat;0;-15.4000;0.1549;11.4878;false;0.00
2;acrobat;1;-15.4000;0.1549;11.3122;false;0.00
3;clown;0;-16.4012;0.1110;11.1236;false;1.41
3;clown;1;-16.4020;0.1107;10.8649;false;1.41
3;acrobat;0;-15.4000;0.1549;11.4878;false;0.00
3;acrobat;1;-15.4000;0.1549;11.3122;false;0.00
4;clown;0;-16.4024;0.1107;11.1221;false;2.12
4;clown;1;-16.4050;0.1097;10.8602;false;2.12
4;acrobat;0;-15.4000;0.1549;11.4878;false;0.00
4;acrobat;1;-15.4000;0.1549;11.3122;false;0.00
5;clown;0;-16.4022;0.1108;11.1238;false;2.40
5;clown;1;-16.4080;0.1088;10.8572;false;2.40
5;acrobat;0;-15.4000;0.1549;11.4878;false;0.00
5;acrobat;1;-15.4000;0.1549;11.3122;false;0.00
6;clown;0;-16.3997;0.1112;11.1288;true;2.40
6;clown;1;-16.4096;0.1083;10.8571;false;2.40
6;acrobat;0;-15.4000;0.1549;11.4878;false;0.00
6;acrobat;1;-15.4000;0.1549;11.3122;false;0.00
7;clown;0;-16.3719;0.1542;11.1051;true;2.40
7;clown;1;-16.4074;0.1093;10.8623;false;2.40
7;acrobat;0;-15.4000;0.1549;11.4878;false;0.00
7;acrobat;1;-15.4000;0.1549;11.3122;false;0.00
8;clown;0;-16.3053;0.1849;11.0406;true;2.40
8;clown;1;-16.4023;0.1107;10.8693;false;2.40
8;acrobat;0;-15.4000;0.1549;11.4878;false;0.00
8;acrobat;1;-15.4000;0.1549;11.3122;false;0.00
9;clown;0;-16.2130;0.1960;10.9634;true;2.40
9;clown;1;-16.3963;0.1117;10.8752;false;2.40
9;acrobat;0;-15.4000;0.1549;11.4878;false;0.00
9;acrobat;1;-15.4000;0.1549;11.3122;false;0.00
10;clown;0;-16.1185;0.1841;10.8848;true;2.40
10;clown;1;-16.3919;0.1119;10.8784;false;2.40
10;acrobat;0;-15.4000;0.1549;11.4878;false;0.00
10;acrobat;1;-15.4000;0.1549;11.3122;false;0.00
11;clown;0;-16.0460;0.1527;10.8180;true;2.40
11;clown;1;-16.3891;0.1118;10.8803;true;2.40
11;acrobat;0;-15.4000;0.1549;11.4878;false;0.00
11;acrobat;1;-15.4000;0.1549;11.3122;false;0.00
12;clown;0;-16.0123;0.1095;10.7851;true;2.40
12;clown;1;-16.3631;0.1539;10.8468;true;2.40
12;acrobat;0;-15.4000;0.1549;11.4878;false;0.00
12;acrobat;1;-15.4000;0.1549;11.3122;false;0.00
13;clown;0;-16.0116;0.1024;10.7844;false;2.40
13;clown;1;-16.3010;0.1819;10.7593;true;2.40
13;acrobat;0;-15.4000;0.1549;11.4878;false;0.00
13;acrobat;1;-15.4000;0.1549;11.3122;false;0.00
14;clown;0;-16.0124;0.1025;10.7836;false;2.40
14;clown;1;-16.2151;0.1892;10.6467;true;2.40
14;acrobat;0;-15.4000;0.1549;11.4878;false;0.00
14;acrobat;1;-15.4000;0.1549;11.3122;false;0.00
15;clown;0;-16.0138;0.1025;10.7820;false;2.40
15;clown;1;-16.1176;0.1751;10.5415;true;2.40
15;acrobat;0;-15.4000;0.1549;11.4878;false;0.00
15;acrobat;1;-15.4000;0.1549;11.3122;false;0.00
16;clown;0;-16.0154;0.1024;10.7799;false;2.40
16;clown;1;-16.0363;0.1416;10.4626;true;2.40
16;acrobat;0;-15.4000;0.1549;11.4878;false;0.00
16;acrobat;1;-15.4000;0.1549;11.3122;false;0.00
17;clown;0;-16.0160;0.1022;10.7791;false;2.40
17;clown;1;-15.9988;0.0970;10.4237;true;2.40
17;acrobat;0;-15.4000;0.1549;11.4878;false;0.00
17;acrobat;1;-15.4000;0.1549;11.3122;false;0.00
18;clown;0;-16.0139;0.1024;10.7819;false;2.40
18;clown;1;-15.9995;0.0901;10.4205;false;2.40
18;acrobat;0;-15.4000;0.1549;11.4878;false;0.00
18;acrobat;1;-15.4000;0.1549;11.3122;false;0.00
19;clown;0;-16.0076;0.1032;10.7887;true;2.50
19;clown;1;-16.0049;0.0897;10.4135;false;2.50
19;acrobat;0;-15.4000;0.1549;11.4878;false;0.00
19;acrobat;1;-15.4000;0.1549;11.3122;false;0.00
20;clown;0;-15.9818;0.1457;10.7531;true;2.50
20;clown;1;-16.0109;0.0885;10.4094;false;2.50
20;acrobat;0;-15.4000;0.1549;11.4878;false;0.00
20;acrobat;1;-15.4000;0.1549;11.3122;false;0.00
21;clown;0;-15.9282;0.1708;10.6629;true;2.41
21;clown;1;-16.0154;0.0875;10.4098;false;2.41
21;acrobat;0;-15.4000;0.1549;11.4878;false;0.00
21;acrobat;1;-15.4000;0.1549;11.3122;false;0.00
22;clown;0;-15.8542;0.1749;10.5521;true;2.40
22;clown;1;-16.0175;0.0870;10.4125;false;2.40
22;acrobat;0;-15.4000;0.1549;11.4878;false;0.00
22;acrobat;1;-15.4000;0.1549;11.3122;false;0.00
23;clown;0;-15.7908;0.1539;10.4383;true;2.40
23;clown;1;-16.0173;0.0871;10.4153;false;2.40
23;acrobat;0;-15.4000;0.1549;11.4878;false;0.00
23;acrobat;1;-15.4000;0.1549;11.3122;false;0.00
24;clown;0;-15.7478;0.1093;10.3539;true;2.40
24;clown;1;-16.0148;0.0875;10.4174;false;2.40
24;acrobat;0;-15.4000;0.1549;11.4878;false;0.00
24;acrobat;1;-15.4000;0.1549;11.3122;false;0.00
25;clown;0;-15.7273;0.0588;10.3202;true;2.40
25;clown;1;-16.0083;0.0887;10.4187;false;2.40
25;acrobat;0;-15.4000;0.1549;11.4878;false;0.00
25;acrobat;1;-15.4000;0.1549;11.3122;false;0.00
26;clown;0;-15.7297;0.0526;10.3205;false;2.40
26;clown;1;-15.9946;0.0912;10.4188;false;2.40
26;acrobat;0;-15.4000;0.1549;11.4878;false;0.00
26;acrobat;1;-15.4000;0.1549;11.3122;false;0.00
27;clown;0;-15.7228;0.0551;10.3206;false;2.40
27;clown;1;-15.9771;0.0939;10.4173;true;2.40
27;acrobat;0;-15.4000;0.1549;11.4878;false;0.00
27;acrobat;1;-15.4000;0.1549;11.3122;false;0.00
28;clown;0;-15.6997;0.0643;10.3206;false;2.40
28;clown;1;-15.9795;0.1334;10.3757;true;2.40
28;acrobat;0;-15.4000;0.1549;11.4878;false;0.00
28;acrobat;1;-15.4000;0.1549;11.3122;false;0.00
29;clown;0;-15.6820;0.0690;10.3175;false;2.40
29;clown;1;-16.0107;0.1516;10.2729;true;2.40
29;acrobat;0;-15.4004;0.1549;11.4866;false;0.56
29;acrobat;1;-15.4009;0.1548;11.3097;false;0.56
30;clown;0;-15.6715;0.0685;10.3123;true;2.40
30;clown;1;-16.0334;0.1493;10.1337;true;2.40
30;acrobat;0;-15.4011;0.1548;11.4860;false;0.72
30;acrobat;1;-15.4041;0.1544;11.3069;false;0.72
31;clown;0;-15.7094;0.0932;10.2707;true;2.40
31;clown;1;-16.0321;0.1280;9.9947;true;2.40
31;acrobat;0;-15.4015;0.1548;11.4862;false;0.72
31;acrobat;1;-15.4088;0.1536;11.3055;false;0.72
32;clown;0;-15.7415;0.1181;10.1741;true;2.40
32;clown;1;-16.0279;0.0876;9.8856;true;2.40
32;acrobat;0;-15.4014;0.1548;11.4867;false;0.72
32;acrobat;1;-15.4138;0.1526;11.3057;false;0.72
33;clown;0;-15.7605;0.1274;10.0445;true;2.40
33;clown;1;-16.0316;0.0399;9.8320;true;2.40
33;acrobat;0;-15.4008;0.1549;11.4873;false;0.72
33;acrobat;1;-15.4184;0.1516;11.3071;false;0.72
34;clown;0;-15.7706;0.1109;9.9109;true;2.40
34;clown;1;-16.0342;0.0328;9.8302;false;2.40
34;acrobat;0;-15.4001;0.1549;11.4877;false;0.72
34;acrobat;1;-15.4223;0.1506;11.3091;false;0.72
35;clown;0;-15.7768;0.0734;9.8043;true;2.40
35;clown;1;-16.0360;0.0328;9.8301;false;2.40
35;acrobat;0;-15.3992;0.1549;11.4880;false;0.72
35;acrobat;1;-15.4254;0.1498;11.3113;false;0.72
36;clown;0;-15.7821;0.0265;9.7531;true;2.40
36;clown;1;-16.0365;0.0328;9.8302;false;2.40
36;acrobat;0;-15.3984;0.1548;11.4881;false;0.72
36;acrobat;1;-15.4278;0.1492;11.3135;false;0.72
37;clown;0;-15.7822;0.0193;9.7520;false;2.40
37;clown;1;-16.0363;0.0328;9.8302;false;2.40
37;acrobat;0;-15.3978;0.1548;11.4882;false;0.72
37;acrobat;1;-15.4295;0.1487;11.3155;false;0.72
38;clown;0;-15.7821;0.0193;9.7520;false;2.40
38;clown;1;-16.0357;0.0328;9.8302;false;2.40
38;acrobat;0;-15.3974;0.1548;11.4881;false;0.72
38;acrobat;1;-15.4308;0.1483;11.3171;false;0.72
39;clown;0;-15.7819;0.0193;9.7520;false;2.40
39;clown;1;-16.0351;0.0328;9.8302;false;2.40
39;acrobat;0;-15.3972;0.1548;11.4880;false;0.72
39;acrobat;1;-15.4308;0.1483;11.3187;false;0.72
40;clown;0;-15.7817;0.0193;9.7520;false;2.40
40;clown;1;-16.0347;0.0328;9.8302;true;2.40
40;acrobat;0;-15.3973;0.1548;11.4879;false;0.72
40;acrobat;1;-15.4305;0.1484;11.3198;false;0.72
41;clown;0;-15.7825;0.0193;9.7520;false;2.40
41;clown;1;-16.0350;0.0723;9.7940;true;2.40
41;acrobat;0;-15.3977;0.1548;11.4878;true;0.75
41;acrobat;1;-15.4298;0.1486;11.3206;false;0.75
42;clown;0;-15.7828;0.0193;9.7520;false;2.40
42;clown;1;-16.0377;0.0945;9.7031;true;2.40
42;acrobat;0;-15.3978;0.1894;11.4783;true;0.81
42;acrobat;1;-15.4259;0.1497;11.3206;false;0.81
43;clown;0;-15.7800;0.0194;9.7521;false;2.40
43;clown;1;-16.0410;0.0941;9.5836;true;2.40
43;acrobat;0;-15.3983;0.2214;11.4515;true;0.87
43;acrobat;1;-15.4217;0.1507;11.3202;false;0.87
44;clown;0;-15.7714;0.0200;9.7524;true;2.40
44;clown;1;-16.0380;0.0711;9.4626;true;2.40
44;acrobat;0;-15.3988;0.2489;11.4106;true;0.93
44;acrobat;1;-15.4176;0.1517;11.3194;false;0.93
45;clown;0;-15.7686;0.0598;9.7106;true;2.40
45;clown;1;-16.0345;0.0302;9.3663;true;2.40
45;acrobat;0;-15.3997;0.2705;11.3585;true;0.99
45;acrobat;1;-15.4137;0.1526;11.3183;false;0.99
46;clown;0;-15.7836;0.0800;9.6046;true;2.40
46;clown;1;-16.0357;-0.0174;9.3198;true;2.40
46;acrobat;0;-15.4020;0.2850;11.2981;true;1.04
46;acrobat;1;-15.4102;0.1533;11.3171;false;1.04
47;clown;0;-15.7862;0.0787;9.4661;true;2.40
47;clown;1;-16.0378;-0.0245;9.3184;false;2.40
47;acrobat;0;-15.4065;0.2918;11.2328;true;1.09
47;acrobat;1;-15.4071;0.1538;11.3159;false;1.09
48;clown;0;-15.7823;0.0547;9.3256;true;2.40
48;clown;1;-16.0385;-0.0245;9.3183;false;2.40
48;acrobat;0;-15.4136;0.2905;11.1660;true;1.14
48;acrobat;1;-15.4046;0.1543;11.3147;false;1.14
49;clown;0;-15.7833;0.0132;9.2131;true;2.40
49;clown;1;-16.0375;-0.0245;9.3183;false;2.40
49;acrobat;0;-15.4228;0.2812;11.1009;true;1.18
49;acrobat;1;-15.4024;0.1546;11.3135;false;1.18
50;clown;0;-15.7841;-0.0349;9.1594;true;2.40
50;clown;1;-16.0356;-0.0246;9.3181;false;2.40
50;acrobat;0;-15.4328;0.2643;11.0406;true;1.23
50;acrobat;1;-15.4005;0.1548;11.3125;false;1.23
51;clown;0;-15.7829;-0.0420;9.1582;false;2.40
51;clown;1;-16.0351;-0.0246;9.3181;false;2.40
51;acrobat;0;-15.4421;0.2404;10.9880;true;1.27
51;acrobat;1;-15.3988;0.1550;11.3116;false;1.27
52;clown;0;-15.7813;-0.0420;9.1580;false;2.40
52;clown;1;-16.0361;-0.0246;9.3182;false;2.40
52;acrobat;0;-15.4494;0.2109;10.9457;true;1.32
52;acrobat;1;-15.3971;0.1551;11.3106;false;1.32
53;clown;0;-15.7799;-0.0421;9.1580;false;2.40
53;clown;1;-16.0389;-0.0245;9.3183;true;2.40
53;acrobat;0;-15.4537;0.1776;10.9166;true;1.36
53;acrobat;1;-15.3949;0.1553;11.3095;true;1.36
54;clown;0;-15.7802;-0.0421;9.1580;false;2.40
54;clown;1;-16.0394;0.0152;9.2807;true;2.40
54;acrobat;0;-15.4553;0.1424;10.9034;true;1.39
54;acrobat;1;-15.3999;0.1895;11.2986;true;1.39
55;clown;0;-15.7806;-0.0420;9.1581;false;1.96
55;clown;1;-16.0378;0.0354;9.2062;true;1.96
55;acrobat;0;-15.4543;0.1352;10.9027;false;1.41
55;acrobat;1;-15.4158;0.2201;11.2690;true;1.41
56;clown;0;-15.7811;-0.0420;9.1582;false;1.97
56;clown;1;-16.0353;0.0409;9.1087;true;1.97
56;acrobat;0;-15.4536;0.1352;10.9026;false;1.41
56;acrobat;1;-15.4401;0.2455;11.2236;true;1.41
57;clown;0;-15.7817;-0.0420;9.1582;false;2.26
57;clown;1;-16.0211;0.0254;8.9928;true;2.26
57;acrobat;0;-15.4531;0.1352;10.9026;false;1.41
57;acrobat;1;-15.4715;0.2643;11.1657;true;1.41
58;clown;0;-15.7821;-0.0420;9.1581;false;2.40
58;clown;1;-16.0054;-0.0181;8.8944;true;2.40
58;acrobat;0;-15.4529;0.1352;10.9028;false;1.40
58;acrobat;1;-15.5066;0.2755;11.0977;true;1.40
59;clown;0;-15.7818;-0.0420;9.1582;false;2.40
59;clown;1;-15.9993;-0.0745;8.8362;true;2.40
59;acrobat;0;-15.4531;0.1352;10.9030;false;1.40
59;acrobat;1;-15.5414;0.2791;11.0223;true;1.40
60;clown;0;-15.7799;-0.0420;9.1594;false;2.40
60;clown;1;-15.9909;-0.1079;8.8294;false;2.40
60;acrobat;0;-15.4535;0.1352;10.9032;false;1.40
60;acrobat;1;-15.5726;0.2749;10.9431;true;1.40
61;clown;0;-15.7767;-0.0418;9.1614;true;2.40
61;clown;1;-15.9970;-0.1053;8.8246;false;2.40
61;acrobat;0;-15.4542;0.1352;10.9034;false;1.40
61;acrobat;1;-15.5987;0.2631;10.8644;true;1.40
62;clown;0;-15.7506;-0.0023;9.1283;true;2.40
62;clown;1;-16.0173;-0.0928;8.8053;false;2.40
62;acrobat;0;-15.4550;0.1353;10.9036;false;1.41
62;acrobat;1;-15.6198;0.2436;10.7909;true;1.41
63;clown;0;-15.6892;0.0198;9.0421;true;2.40
63;clown;1;-16.0291;-0.0871;8.7860;false;2.40
63;acrobat;0;-15.4560;0.1353;10.9037;false;1.41
63;acrobat;1;-15.6371;0.2171;10.7272;true;1.41
64;clown;0;-15.6045;0.0195;8.9317;true;2.40
64;clown;1;-16.0292;-0.0917;8.7704;true;2.40
64;acrobat;0;-15.4571;0.1353;10.9038;false;1.42
64;acrobat;1;-15.6512;0.1851;10.6767;true;1.42
65;clown;0;-15.5206;-0.0039;8.8184;true;2.40
65;clown;1;-15.9729;-0.0640;8.7740;true;2.40
65;acrobat;0;-15.4580;0.1353;10.9038;false;1.42
65;acrobat;1;-15.6617;0.1498;10.6425;true;1.42
66;clown;0;-15.4508;-0.0449;8.7294;true;2.40
66;clown;1;-15.8793;-0.0315;8.7333;true;2.40
66;acrobat;0;-15.4588;0.1353;10.9038;false;1.43
66;acrobat;1;-15.6670;0.1138;10.6274;true;1.43
67;clown;0;-15.4126;-0.0921;8.6889;true;2.40
67;clown;1;-15.7753;-0.0111;8.6561;true;2.40
67;acrobat;0;-15.4592;0.1353;10.9038;false;1.43
67;acrobat;1;-15.6660;0.1066;10.6271;false;1.43
68;clown;0;-15.4096;-0.0991;8.6892;false;2.40
68;clown;1;-15.6676;-0.0209;8.5711;true;2.40
68;acrobat;0;-15.4591;0.1353;10.9037;true;1.44
68;acrobat;1;-15.6661;0.1067;10.6272;false;1.44
69;clown;0;-15.4080;-0.0991;8.6905;false;2.40
69;clown;1;-15.5849;-0.0532;8.5009;true;2.40
69;acrobat;0;-15.4592;0.1691;10.8924;true;1.45
69;acrobat;1;-15.6674;0.1069;10.6271;false;1.45
70;clown;0;-15.4073;-0.0991;8.6912;false;2.40
70;clown;1;-15.5434;-0.0981;8.4690;true;2.40
70;acrobat;0;-15.4597;0.1989;10.8607;true;1.46
70;acrobat;1;-15.6686;0.1070;10.6270;false;1.46
71;clown;0;-15.4072;-0.0991;8.6913;false;2.40
71;clown;1;-15.5423;-0.1052;8.4686;false;2.40
71;acrobat;0;-15.4602;0.2233;10.8122;true;1.47
71;acrobat;1;-15.6697;0.1071;10.6268;false;1.47
72;clown;0;-15.4075;-0.0991;8.6910;false;2.40
72;clown;1;-15.5421;-0.1052;8.4687;false;2.40
72;acrobat;0;-15.4601;0.2409;10.7500;true;1.48
72;acrobat;1;-15.6704;0.1072;10.6266;false;1.48
73;clown;0;-15.4081;-0.0991;8.6905;false;2.40
73;clown;1;-15.5421;-0.1052;8.4687;false;2.40
73;acrobat;0;-15.4589;0.2506;10.6778;true;1.49
73;acrobat;1;-15.6710;0.1072;10.6265;false;1.49
74;clown;0;-15.4086;-0.0991;8.6900;false;2.40
74;clown;1;-15.5420;-0.1052;8.4687;false;2.40
74;acrobat;0;-15.4572;0.2515;10.5990;true;1.50
74;acrobat;1;-15.6713;0.1072;10.6264;false;1.50
75;clown;0;-15.4090;-0.0991;8.6895;true;2.40
75;clown;1;-15.5418;-0.1052;8.4689;false;2.40
75;acrobat;0;-15.4556;0.2434;10.5175;true;1.51
75;acrobat;1;-15.6716;0.1072;10.6263;false;1.51
76;clown;0;-15.3823;-0.0576;8.6627;true;2.40
76;clown;1;-15.5413;-0.1052;8.4695;false;2.40
76;acrobat;0;-15.4549;0.2264;10.4373;true;1.53
76;acrobat;1;-15.6720;0.1071;10.6262;false;1.53
77;clown;0;-15.3129;-0.0303;8.5973;true;2.40
77;clown;1;-15.5423;-0.1051;8.4686;false;2.40
77;acrobat;0;-15.4550;0.2013;10.3626;true;1.54
77;acrobat;1;-15.6723;0.1071;10.6261;false;1.54
78;clown;0;-15.2214;-0.0241;8.5113;true;2.40
78;clown;1;-15.5472;-0.1049;8.4638;true;2.40
78;acrobat;0;-15.4554;0.1694;10.2978;true;1.55
78;acrobat;1;-15.6732;0.1071;10.6261;false;1.55
79;clown;0;-15.1338;-0.0403;8.4195;true;2.40
79;clown;1;-15.5193;-0.0630;8.4332;true;2.40
79;acrobat;0;-15.4552;0.1326;10.2476;true;1.56
79;acrobat;1;-15.6754;0.1073;10.6260;false;1.56
80;clown;0;-15.0646;-0.0757;8.3457;true;2.40
80;clown;1;-15.4372;-0.0363;8.3661;true;2.40
80;acrobat;0;-15.4545;0.0934;10.2168;true;1.58
80;acrobat;1;-15.6786;0.1076;10.6258;false;1.58
81;clown;0;-15.0288;-0.1208;8.3123;true;2.40
81;clown;1;-15.3389;-0.0297;8.2695;true;2.40
81;acrobat;0;-15.4522;0.0640;10.2096;false;1.59
81;acrobat;1;-15.6823;0.1080;10.6254;true;1.59
82;clown;0;-15.0270;-0.1279;8.3123;false;2.40
82;clown;1;-15.2436;-0.0459;8.1673;true;2.40
82;acrobat;0;-15.4508;0.0639;10.2098;false;1.60
82;acrobat;1;-15.6817;0.1449;10.6103;true;1.60
83;clown;0;-15.0268;-0.1279;8.3124;false;2.40
83;clown;1;-15.1644;-0.0811;8.0881;true;2.40
83;acrobat;0;-15.4498;0.0637;10.2101;false;1.62
83;acrobat;1;-15.6705;0.1761;10.5692;true;1.62
84;clown;0;-15.0275;-0.1279;8.3117;false;2.40
84;clown;1;-15.1261;-0.1261;8.0507;true;2.40
84;acrobat;0;-15.4492;0.0636;10.2106;false;1.63
84;acrobat;1;-15.6526;0.1999;10.5064;true;1.63
85;clown;0;-15.0281;-0.1279;8.3110;false;2.40
85;clown;1;-15.1259;-0.1333;8.0493;false;2.40
85;acrobat;0;-15.4493;0.0636;10.2112;false;1.64
85;acrobat;1;-15.6335;0.2152;10.4266;true;1.64
86;clown;0;-15.0282;-0.1279;8.3109;false;2.40
86;clown;1;-15.1266;-0.1333;8.0485;false;2.40
86;acrobat;0;-15.4499;0.0637;10.2116;false;1.66
86;acrobat;1;-15.6159;0.2204;10.3349;true;1.66
87;clown;0;-15.0278;-0.1279;8.3114;false;2.40
87;clown;1;-15.1273;-0.1333;8.0478;false;2.40
87;acrobat;0;-15.4510;0.0638;10.2119;false;1.67
87;acrobat;1;-15.5992;0.2146;10.2369;true;1.67
88;clown;0;-15.0266;-0.1279;8.3127;true;2.40
88;clown;1;-15.1276;-0.1333;8.0474;false;2.40
88;acrobat;0;-15.4522;0.0640;10.2120;false;1.68
88;acrobat;1;-15.5818;0.1977;10.1387;true;1.68
89;clown;0;-15.0002;-0.0860;8.2866;true;2.40
89;clown;1;-15.1269;-0.1333;8.0482;false;2.40
89;acrobat;0;-15.4537;0.0641;10.2118;false;1.70
89;acrobat;1;-15.5635;0.1707;10.0468;true;1.70
90;clown;0;-14.9346;-0.0577;8.2203;true;2.40
90;clown;1;-15.1261;-0.1333;8.0491;false;2.40
90;acrobat;0;-15.4553;0.0643;10.2115;false;1.71
90;acrobat;1;-15.5464;0.1351;9.9678;true;1.71
91;clown;0;-14.8468;-0.0502;8.1348;true;2.40
91;clown;1;-15.1268;-0.1332;8.0484;false;2.40
91;acrobat;0;-15.4568;0.0644;10.2110;false;1.72
91;acrobat;1;-15.5334;0.0937;9.9079;true;1.72
92;clown;0;-14.7606;-0.0653;8.0452;true;2.40
92;clown;1;-15.1305;-0.1330;8.0450;false;2.40
92;acrobat;0;-15.4581;0.0645;10.2105;false;1.74
92;acrobat;1;-15.5264;0.0499;9.8735;true;1.74
93;clown;0;-14.6932;-0.0997;7.9726;true;2.40
93;clown;1;-15.1365;-0.1326;8.0390;true;2.40
93;acrobat;0;-15.4591;0.0645;10.2102;false;1.75
93;acrobat;1;-15.5250;0.0263;9.8683;false;1.75
94;clown;0;-14.6592;-0.1443;7.9392;true;2.40
94;clown;1;-15.1067;-0.0906;8.0079;true;2.40
94;acrobat;0;-15.4603;0.0646;10.2097;true;1.76
94;acrobat;1;-15.5254;0.0264;9.8681;false;1.76
95;clown;0;-14.6570;-0.1514;7.9395;false;2.40
95;clown;1;-15.0197;-0.0638;7.9409;true;2.40
95;acrobat;0;-15.4547;0.1050;10.1936;true;1.78
95;acrobat;1;-15.5267;0.0266;9.8675;false;1.78
96;clown;0;-14.6560;-0.1514;7.9402;false;2.40
96;clown;1;-14.9170;-0.0570;7.8418;true;2.40
96;acrobat;0;-15.4380;0.1390;10.1496;true;1.79
96;acrobat;1;-15.5277;0.0266;9.8670;false;1.79
97;clown;0;-14.6564;-0.1514;7.9398;false;2.40
97;clown;1;-14.8167;-0.0728;7.7371;true;2.40
97;acrobat;0;-15.4121;0.1639;10.0837;true;1.80
97;acrobat;1;-15.5284;0.0267;9.8666;false;1.80
98;clown;0;-14.6575;-0.1514;7.9385;false;2.40
98;clown;1;-14.7336;-0.1077;7.6563;true;2.40
98;acrobat;0;-15.3791;0.1772;10.0019;true;1.81
98;acrobat;1;-15.5286;0.0267;9.8664;false;1.81
99;clown;0;-14.6586;-0.1515;7.9371;false;2.40
99;clown;1;-14.6939;-0.1526;7.6178;true;2.40
99;acrobat;0;-15.3431;0.1777;9.9099;true;1.83
99;acrobat;1;-15.5285;0.0267;9.8663;false;1.83
100;clown;0;-14.6583;-0.1515;7.9376;false;2.40
100;clown;1;-14.6941;-0.1597;7.6158;false;2.40
100;acrobat;0;-15.3082;0.1650;9.8140;true;1.84
100;acrobat;1;-15.5283;0.0266;9.8662;false;1.84
101;clown;0;-14.6563;-0.1514;7.9399;true;2.40
101;clown;1;-14.6953;-0.1597;7.6143;false;2.40
101;acrobat;0;-15.2772;0.1398;9.7213;true;1.85
101;acrobat;1;-15.5281;0.0266;9.8662;false;1.85
102;clown;0;-14.6297;-0.1093;7.9139;true;2.40
102;clown;1;-14.6958;-0.1597;7.6137;false;2.40
102;acrobat;0;-15.2510;0.1040;9.6398;true;1.86
102;acrobat;1;-15.5282;0.0265;9.8661;false;1.86
103;clown;0;-14.5648;-0.0804;7.8464;true;2.40
103;clown;1;-14.6953;-0.1597;7.6144;false;2.40
103;acrobat;0;-15.2305;0.0604;9.5773;true;1.87
103;acrobat;1;-15.5290;0.0265;9.8659;false;1.87
104;clown;0;-14.4768;-0.0720;7.7607;true;2.40
104;clown;1;-14.6943;-0.1597;7.6154;false;2.40
104;acrobat;0;-15.2175;0.0133;9.5419;true;1.89
104;acrobat;1;-15.5314;0.0267;9.8651;false;1.89
105;clown;0;-14.3893;-0.0863;7.6716;true;2.40
105;clown;1;-14.6937;-0.1597;7.6159;false;2.40
105;acrobat;0;-15.2138;-0.0116;9.5370;false;1.90
105;acrobat;1;-15.5346;0.0270;9.8641;true;1.90
106;clown;0;-14.3215;-0.1201;7.5989;true;2.40
106;clown;1;-14.6945;-0.1597;7.6152;false;2.40
106;acrobat;0;-15.2123;-0.0117;9.5374;false;1.91
106;acrobat;1;-15.5276;0.0705;9.8446;true;1.91
107;clown;0;-14.2878;-0.1644;7.5649;true;2.40
107;clown;1;-14.6982;-0.1594;7.6118;false;2.40
107;acrobat;0;-15.2113;-0.0118;9.5378;false;1.92
107;acrobat;1;-15.5007;0.1061;9.7939;true;1.92
108;clown;0;-14.2856;-0.1714;7.5653;false;2.40
108;clown;1;-14.7055;-0.1587;7.6048;true;2.40
108;acrobat;0;-15.2109;-0.0118;9.5383;false;1.93
108;acrobat;1;-15.4626;0.1309;9.7180;true;1.93
109;clown;0;-14.2837;-0.1714;7.5667;false;2.40
109;clown;1;-14.6751;-0.1166;7.5744;true;2.40
109;acrobat;0;-15.2112;-0.0118;9.5385;false;1.94
109;acrobat;1;-15.4206;0.1429;9.6235;true;1.94
110;clown;0;-14.2833;-0.1714;7.5671;false;2.40
110;clown;1;-14.5887;-0.0891;7.5075;true;2.40
110;acrobat;0;-15.2121;-0.0118;9.5384;false;1.95
110;acrobat;1;-15.3776;0.1401;9.5188;true;1.95
111;clown;0;-14.2841;-0.1714;7.5664;false;2.40
111;clown;1;-14.4879;-0.0812;7.4078;true;2.40
111;acrobat;0;-15.2132;-0.0117;9.5381;false;1.96
111;acrobat;1;-15.3339;0.1222;9.4136;true;1.96
112;clown;0;-14.2851;-0.1714;7.5653;false;2.40
112;clown;1;-14.3871;-0.0960;7.3047;true;2.40
112;acrobat;0;-15.2145;-0.0116;9.5376;false;1.97
112;acrobat;1;-15.2915;0.0906;9.3176;true;1.97
113;clown;0;-14.2858;-0.1715;7.5644;false;2.40
113;clown;1;-14.3038;-0.1301;7.2254;true;2.40
113;acrobat;0;-15.2158;-0.0116;9.5369;false;1.98
113;acrobat;1;-15.2558;0.0484;9.2395;true;1.98
114;clown;0;-14.2848;-0.1715;7.5656;false;2.40
114;clown;1;-14.2644;-0.1746;7.1871;true;2.40
114;acrobat;0;-15.2169;-0.0116;9.5362;false;1.99
114;acrobat;1;-15.2324;-0.0001;9.1877;true;1.99
115;clown;0;-14.2807;-0.1710;7.5702;false;2.40
115;clown;1;-14.2647;-0.1816;7.1846;false;2.40
115;acrobat;0;-15.2176;-0.0116;9.5358;false;2.00
115;acrobat;1;-15.2252;-0.0440;9.1713;false;2.00
116;clown;0;-14.2734;-0.1703;7.5775;true;2.40
116;clown;1;-14.2663;-0.1816;7.1826;false;2.40
116;acrobat;0;-15.2176;-0.0116;9.5359;true;2.01
116;acrobat;1;-15.2257;-0.0439;9.1709;false;2.01
117;clown;0;-14.2440;-0.1283;7.5462;true;2.40
117;clown;1;-14.2670;-0.1817;7.1817;false;2.40
117;acrobat;0;-15.2075;0.0344;9.5167;true;2.02
117;acrobat;1;-15.2269;-0.0438;9.1701;false;2.02
118;clown;0;-14.1773;-0.1001;7.4602;true;2.40
118;clown;1;-14.2665;-0.1816;7.1825;false;2.40
118;acrobat;0;-15.1802;0.0720;9.4647;true;2.03
118;acrobat;1;-15.2276;-0.0438;9.1695;false;2.03
119;clown;0;-14.0782;-0.0915;7.3591;true;2.40
119;clown;1;-14.2654;-0.1816;7.1837;false;2.40
119;acrobat;0;-15.1389;0.0976;9.3889;true;2.04
119;acrobat;1;-15.2279;-0.0438;9.1692;false;2.04
120;clown;0;-13.9763;-0.1056;7.2575;true;2.40
120;clown;1;-14.2648;-0.1816;7.1843;false;2.40
120;acrobat;0;-15.0881;0.1081;9.2977;true;2.04
120;acrobat;1;-15.2277;-0.0438;9.1693;false;2.04
121;clown;0;-13.8979;-0.1391;7.1738;true;2.40
121;clown;1;-14.2654;-0.1816;7.1837;false;2.40
121;acrobat;0;-15.0343;0.1021;9.1987;true;2.05
121;acrobat;1;-15.2272;-0.0438;9.1694;false;2.05
122;clown;0;-13.8595;-0.1834;7.1345;true;2.40
122;clown;1;-14.2689;-0.1813;7.1806;false;2.40
122;acrobat;0;-14.9839;0.0800;9.1004;true;2.06
122;acrobat;1;-15.2265;-0.0439;9.1697;false;2.06
123;clown;0;-13.8572;-0.1904;7.1347;false;2.40
123;clown;1;-14.2754;-0.1807;7.1742;true;2.40
123;acrobat;0;-14.9410;0.0439;9.0129;true;2.07
123;acrobat;1;-15.2260;-0.0439;9.1699;false;2.07
124;clown;0;-13.8554;-0.1903;7.1360;false;2.40
124;clown;1;-14.2449;-0.1381;7.1443;true;2.40
124;acrobat;0;-14.9083;-0.0025;8.9464;true;2.07
124;acrobat;1;-15.2258;-0.0440;9.1699;false;2.07
125;clown;0;-13.8551;-0.1904;7.1364;false;2.40
125;clown;1;-14.1598;-0.1089;7.0768;true;2.40
125;acrobat;0;-14.8894;-0.0537;8.9107;true;2.08
125;acrobat;1;-15.2270;-0.0439;9.1694;false;2.08
126;clown;0;-13.8558;-0.1903;7.1358;false;2.40
126;clown;1;-14.0598;-0.0989;6.9773;true;2.40
126;acrobat;0;-14.8860;-0.0748;8.9076;false;2.09
126;acrobat;1;-15.2291;-0.0438;9.1684;false;2.09
127;clown;0;-13.8568;-0.1904;7.1347;false;2.40
127;clown;1;-13.9595;-0.1117;6.8745;true;2.40
127;acrobat;0;-14.8843;-0.0749;8.9083;false;2.10
127;acrobat;1;-15.2338;-0.0434;9.1661;true;2.10
128;clown;0;-13.8574;-0.1905;7.1339;false;2.40
128;clown;1;-13.8765;-0.1440;6.7956;true;2.40
128;acrobat;0;-14.8830;-0.0749;8.9088;false;2.11
128;acrobat;1;-15.2217;0.0045;9.1436;true;2.11
129;clown;0;-13.8565;-0.1904;7.1350;false;2.40
129;clown;1;-13.8372;-0.1878;6.7575;true;2.40
129;acrobat;0;-14.8826;-0.0750;8.9092;false;2.11
129;acrobat;1;-15.1822;0.0429;9.0861;true;2.11
130;clown;0;-13.8526;-0.1900;7.1393;false;2.40
130;clown;1;-13.8376;-0.1948;6.7550;false;2.40
130;acrobat;0;-14.8830;-0.0750;8.9092;false;2.12
130;acrobat;1;-15.1277;0.0680;9.0009;true;2.12
131;clown;0;-13.8457;-0.1893;7.1462;true;2.40
131;clown;1;-13.8391;-0.1948;6.7531;false;2.40
131;acrobat;0;-14.8840;-0.0749;8.9089;false;2.13
131;acrobat;1;-15.0679;0.0770;8.8965;true;2.13
132;clown;0;-13.8165;-0.1468;7.1150;true;2.40
132;clown;1;-13.8398;-0.1948;6.7523;false;2.40
132;acrobat;0;-14.8852;-0.0749;8.9083;false;2.13
132;acrobat;1;-15.0058;0.0681;8.7849;true;2.13
133;clown;0;-13.7495;-0.1172;7.0298;true;2.40
133;clown;1;-13.8393;-0.1948;6.7531;false;2.40
133;acrobat;0;-14.8864;-0.0748;8.9076;false;2.14
133;acrobat;1;-14.9440;0.0420;8.6790;true;2.14
134;clown;0;-13.6508;-0.1067;6.9292;true;2.40
134;clown;1;-13.8383;-0.1948;6.7542;false;2.40
134;acrobat;0;-14.8875;-0.0748;8.9069;false;2.14
134;acrobat;1;-14.8896;0.0016;8.5898;true;2.14
135;clown;0;-13.5493;-0.1190;6.8279;true;2.40
135;clown;1;-13.8376;-0.1948;6.7548;false;2.40
135;acrobat;0;-14.8880;-0.0749;8.9064;false;2.15
135;acrobat;1;-14.8512;-0.0484;8.5269;true;2.15
136;clown;0;-13.4713;-0.1511;6.7445;true;2.40
136;clown;1;-13.8381;-0.1948;6.7543;false;2.40
136;acrobat;0;-14.8878;-0.0749;8.9066;false;2.16
136;acrobat;1;-14.8364;-0.1016;8.5006;true;2.16
137;clown;0;-13.4330;-0.1947;6.7054;true;2.40
137;clown;1;-13.8414;-0.1945;6.7513;false;2.40
137;acrobat;0;-14.8867;-0.0748;8.9074;false;2.16
137;acrobat;1;-14.8367;-0.1049;8.5001;false;2.16
138;clown;0;-13.4307;-0.2017;6.7056;false;2.40
138;clown;1;-13.8480;-0.1939;6.7450;true;2.40
138;acrobat;0;-14.8842;-0.0747;8.9092;true;2.17
138;acrobat;1;-14.8377;-0.1048;8.4993;false;2.17
139;clown;0;-13.4289;-0.2016;6.7069;false;2.40
139;clown;1;-13.8177;-0.1513;6.7149;true;2.40
139;acrobat;0;-14.8689;-0.0253;8.8864;true;2.17
139;acrobat;1;-14.8388;-0.1048;8.4984;false;2.17
140;clown;0;-13.4286;-0.2016;6.7072;false;2.40
140;clown;1;-13.7327;-0.1221;6.6475;true;2.40
140;acrobat;0;-14.8319;0.0142;8.8224;true;2.18
140;acrobat;1;-14.8393;-0.1048;8.4979;false;2.18
141;clown;0;-13.4293;-0.2016;6.7066;false;2.40
141;clown;1;-13.6329;-0.1120;6.5479;true;2.40
141;acrobat;0;-14.7756;0.0396;8.7319;true;2.18
141;acrobat;1;-14.8392;-0.1048;8.4980;false;2.18
142;clown;0;-13.4302;-0.2017;6.7057;false;2.40
142;clown;1;-13.5326;-0.1247;6.4454;true;2.40
142;acrobat;0;-14.7054;0.0475;8.6272;true;2.18
142;acrobat;1;-14.8386;-0.1048;8.4983;false;2.18
143;clown;0;-13.4314;-0.2018;6.7045;false;2.50
143;clown;1;-13.4507;-0.1589;6.3596;true;2.50
143;acrobat;0;-14.6318;0.0365;8.5166;true;2.19
143;acrobat;1;-14.8380;-0.1048;8.4987;false;2.19
144;clown;0;-13.4292;-0.2016;6.7067;false;2.50
144;clown;1;-13.4203;-0.2062;6.3182;true;2.50
144;acrobat;0;-14.5651;0.0077;8.4104;true;2.20
144;acrobat;1;-14.8374;-0.1049;8.4989;false;2.20
145;clown;0;-13.4208;-0.2007;6.7124;true;2.41
145;clown;1;-13.4334;-0.2144;6.3124;false;2.41
145;acrobat;0;-14.5118;-0.0355;8.3220;true;2.20
145;acrobat;1;-14.8373;-0.1049;8.4989;false;2.20
146;clown;0;-13.4093;-0.1582;6.6732;true;2.40
146;clown;1;-13.4402;-0.2171;6.3149;false;2.40
146;acrobat;0;-14.4763;-0.0873;8.2645;true;2.19
146;acrobat;1;-14.8383;-0.1049;8.4984;false;2.19
147;clown;0;-13.3883;-0.1283;6.5719;true;2.40
147;clown;1;-13.4415;-0.2173;6.3205;false;2.40
147;acrobat;0;-14.4654;-0.1321;8.2482;false;2.19
147;acrobat;1;-14.8398;-0.1048;8.4975;false;2.19
148;clown;0;-13.3441;-0.1180;6.4481;true;2.40
148;clown;1;-13.4391;-0.2161;6.3255;false;2.40
148;acrobat;0;-14.4644;-0.1321;8.2486;false;2.18
148;acrobat;1;-14.8442;-0.1045;8.4950;true;2.18
149;clown;0;-13.3000;-0.1306;6.3202;true;2.40
149;clown;1;-13.4356;-0.2147;6.3281;false;2.40
149;acrobat;0;-14.4632;-0.1321;8.2491;false;2.17
149;acrobat;1;-14.8301;-0.0548;8.4715;true;2.17
150;clown;0;-13.2750;-0.1617;6.2145;true;2.40
150;clown;1;-13.4316;-0.2134;6.3289;false;2.40
150;acrobat;0;-14.4625;-0.1321;8.2494;false;2.17
150;acrobat;1;-14.7860;-0.0149;8.4124;true;2.17
151;clown;0;-13.2663;-0.2049;6.1641;true;2.40
151;clown;1;-13.4275;-0.2132;6.3274;false;2.40
151;acrobat;0;-14.4625;-0.1321;8.2494;false;2.16
151;acrobat;1;-14.7257;0.0112;8.3254;true;2.16
152;clown;0;-13.2680;-0.2121;6.1630;false;2.40
152;clown;1;-13.4185;-0.2130;6.3234;false;2.40
152;acrobat;0;-14.4631;-0.1321;8.2491;false;2.16
152;acrobat;1;-14.6603;0.0205;8.2195;true;2.16
153;clown;0;-13.2682;-0.2121;6.1631;false;2.40
153;clown;1;-13.3945;-0.2073;6.3171;true;2.40
153;acrobat;0;-14.4639;-0.1321;8.2486;false;2.16
153;acrobat;1;-14.5938;0.0115;8.1075;true;2.16
154;clown;0;-13.2673;-0.2121;6.1632;false;2.40
154;clown;1;-13.4025;-0.1643;6.2774;true;2.40
154;acrobat;0;-14.4647;-0.1321;8.2480;false;2.16
154;acrobat;1;-14.5295;-0.0148;8.0023;true;2.16
155;clown;0;-13.2666;-0.2121;6.1632;false;2.40
155;clown;1;-13.4470;-0.1378;6.1831;true;2.40
155;acrobat;0;-14.4654;-0.1322;8.2475;false;2.15
155;acrobat;1;-14.4742;-0.0553;7.9151;true;2.15
156;clown;0;-13.2644;-0.2120;6.1633;false;2.40
156;clown;1;-13.4934;-0.1328;6.0477;true;2.40
156;acrobat;0;-14.4656;-0.1322;8.2474;false;2.15
156;acrobat;1;-14.4367;-0.1051;7.8559;true;2.15
157;clown;0;-13.2592;-0.2116;6.1635;false;2.40
157;clown;1;-13.5091;-0.1423;5.9085;true;2.40
157;acrobat;0;-14.4653;-0.1322;8.2477;false;2.15
157;acrobat;1;-14.4249;-0.1549;7.8346;false;2.15
158;clown;0;-13.2489;-0.2107;6.1636;true;2.40
158;clown;1;-13.5138;-0.1733;5.8012;true;2.40
158;acrobat;0;-14.4623;-0.1320;8.2495;true;2.15
158;acrobat;1;-14.4267;-0.1550;7.8335;false;2.15
159;clown;0;-13.2494;-0.1684;6.1220;true;2.40
159;clown;1;-13.5205;-0.2175;5.7497;true;2.40
159;acrobat;0;-14.4506;-0.0827;8.2267;true;2.15
159;acrobat;1;-14.4279;-0.1550;7.8328;false;2.15
160;clown;0;-13.2678;-0.1420;6.0164;true;2.40
160;clown;1;-13.5232;-0.2244;5.7479;false;2.40
160;acrobat;0;-14.4225;-0.0424;8.1636;true;2.15
160;acrobat;1;-14.4286;-0.1551;7.8327;false;2.15
161;clown;0;-13.2726;-0.1343;5.8784;true;2.40
161;clown;1;-13.5252;-0.2244;5.7476;false;2.40
161;acrobat;0;-14.3793;-0.0153;8.0739;true;2.15
161;acrobat;1;-14.4285;-0.1551;7.8331;false;2.15
162;clown;0;-13.2696;-0.1491;5.7387;true;2.40
162;clown;1;-13.5256;-0.2244;5.7476;false;2.40
162;acrobat;0;-14.3250;-0.0048;7.9694;true;2.15
162;acrobat;1;-14.4278;-0.1550;7.8337;false;2.15
163;clown;0;-13.2707;-0.1833;5.6267;true;2.40
163;clown;1;-13.5246;-0.2244;5.7476;false;2.40
163;acrobat;0;-14.2681;-0.0124;7.8591;true;2.15
163;acrobat;1;-14.4267;-0.1550;7.8344;false;2.15
164;clown;0;-13.2718;-0.2279;5.5731;true;2.40
164;clown;1;-13.5230;-0.2244;5.7475;false;2.40
164;acrobat;0;-14.2168;-0.0374;7.7532;true;2.15
164;acrobat;1;-14.4255;-0.1549;7.8350;false;2.15
165;clown;0;-13.2709;-0.2350;5.5719;false;2.40
165;clown;1;-13.5227;-0.2245;5.7475;false;2.40
165;acrobat;0;-14.1753;-0.0770;7.6635;true;2.15
165;acrobat;1;-14.4242;-0.1549;7.8355;false;2.15
166;clown;0;-13.2696;-0.2350;5.5718;false;2.40
166;clown;1;-13.5237;-0.2244;5.7476;true;2.40
166;acrobat;0;-14.1467;-0.1262;7.6021;true;2.15
166;acrobat;1;-14.4232;-0.1548;7.8358;false;2.15
167;clown;0;-13.2691;-0.2350;5.5718;false;2.40
167;clown;1;-13.5243;-0.1822;5.7116;true;2.40
167;acrobat;0;-14.1359;-0.1779;7.5798;false;2.15
167;acrobat;1;-14.4226;-0.1549;7.8360;false;2.15
168;clown;0;-13.2700;-0.2350;5.5719;false;2.40
168;clown;1;-13.5252;-0.1530;5.6212;true;2.40
168;acrobat;0;-14.1353;-0.1778;7.5800;false;2.16
168;acrobat;1;-14.4230;-0.1548;7.8359;true;2.16
169;clown;0;-13.2711;-0.2350;5.5719;false;2.40
169;clown;1;-13.5276;-0.1443;5.5024;true;2.40
169;acrobat;0;-14.1338;-0.1777;7.5803;false;2.16
169;acrobat;1;-14.4142;-0.1054;7.8123;true;2.16
170;clown;0;-13.2713;-0.2350;5.5718;false;2.40
170;clown;1;-13.5263;-0.1582;5.3818;true;2.40
170;acrobat;0;-14.1328;-0.1776;7.5805;false;2.16
170;acrobat;1;-14.3901;-0.0646;7.7493;true;2.16
171;clown;0;-13.2696;-0.2349;5.5719;false;2.40
171;clown;1;-13.5232;-0.1917;5.2858;true;2.40
171;acrobat;0;-14.1324;-0.1776;7.5805;false;2.16
171;acrobat;1;-14.3570;-0.0374;7.6575;true;2.16
172;clown;0;-13.2640;-0.2345;5.5722;false;2.40
172;clown;1;-13.5234;-0.2359;5.2396;true;2.40
172;acrobat;0;-14.1325;-0.1776;7.5803;false;2.16
172;acrobat;1;-14.3190;-0.0270;7.5482;true;2.16
173;clown;0;-13.2533;-0.2338;5.5722;true;2.40
173;clown;1;-13.5253;-0.2429;5.2382;false;2.40
173;acrobat;0;-14.1329;-0.1777;7.5801;false;2.16
173;acrobat;1;-14.2774;-0.0349;7.4338;true;2.16
174;clown;0;-13.2538;-0.1911;5.5290;true;2.40
174;clown;1;-13.5276;-0.2429;5.2379;false;2.40
174;acrobat;0;-14.1334;-0.1777;7.5798;false;2.17
174;acrobat;1;-14.2352;-0.0603;7.3264;true;2.17
175;clown;0;-13.2692;-0.1619;5.4200;true;2.40
175;clown;1;-13.5282;-0.2429;5.2379;false;2.40
175;acrobat;0;-14.1338;-0.1778;7.5795;false;2.17
175;acrobat;1;-14.1987;-0.1002;7.2371;true;2.17
176;clown;0;-13.2714;-0.1516;5.2772;true;2.40
176;clown;1;-13.5273;-0.2429;5.2380;false;2.40
176;acrobat;0;-14.1335;-0.1778;7.5796;false;2.17
176;acrobat;1;-14.1746;-0.1498;7.1764;true;2.17
177;clown;0;-13.2667;-0.1603;5.1572;true;1.96
177;clown;1;-13.5255;-0.2429;5.2380;false;1.96
177;acrobat;0;-14.1329;-0.1778;7.5800;false;2.16
177;acrobat;1;-14.1677;-0.1989;7.1553;false;2.16
178;clown;0;-13.2598;-0.1838;5.0534;true;1.97
178;clown;1;-13.5241;-0.2430;5.2382;false;1.97
178;acrobat;0;-14.1286;-0.1775;7.5817;true;2.15
178;acrobat;1;-14.1692;-0.1989;7.1545;false;2.15
179;clown;0;-13.2536;-0.2260;4.9798;true;2.26
179;clown;1;-13.5257;-0.2429;5.2382;false;2.26
179;acrobat;0;-14.1204;-0.1281;7.5575;true;2.15
179;acrobat;1;-14.1703;-0.1990;7.1540;false;2.15
180;clown;0;-13.2440;-0.2596;4.9746;false;2.40
180;clown;1;-13.5328;-0.2423;5.2363;false;2.40
180;acrobat;0;-14.1032;-0.0876;7.4904;true;2.14
180;acrobat;1;-14.1709;-0.1990;7.1538;false;2.14
181;clown;0;-13.2368;-0.2655;4.9842;false;2.40
181;clown;1;-13.5438;-0.2416;5.2313;true;2.40
181;acrobat;0;-14.0753;-0.0600;7.3948;true;2.14
181;acrobat;1;-14.1707;-0.1990;7.1541;false;2.14
182;clown;0;-13.2422;-0.2630;4.9870;false;2.40
182;clown;1;-13.5169;-0.1988;5.1969;true;2.40
182;acrobat;0;-14.0374;-0.0486;7.2833;true;2.14
182;acrobat;1;-14.1700;-0.1990;7.1545;false;2.14
183;clown;0;-13.2514;-0.2583;4.9850;false;2.40
183;clown;1;-13.4436;-0.1679;5.1140;true;2.40
183;acrobat;0;-13.9958;-0.0552;7.1665;true;2.14
183;acrobat;1;-14.1689;-0.1989;7.1550;false;2.14
184;clown;0;-13.2599;-0.2536;4.9791;false;2.40
184;clown;1;-13.3705;-0.1563;4.9952;true;2.40
184;acrobat;0;-13.9578;-0.0791;7.0548;true;2.14
184;acrobat;1;-14.1677;-0.1989;7.1554;false;2.14
185;clown;0;-13.2643;-0.2509;4.9724;false;2.40
185;clown;1;-13.2971;-0.1679;4.8725;true;2.40
185;acrobat;0;-13.9272;-0.1175;6.9599;true;2.14
185;acrobat;1;-14.1666;-0.1989;7.1557;false;2.14
186;clown;0;-13.2650;-0.2506;4.9676;false;2.40
186;clown;1;-13.2287;-0.1978;4.7794;true;2.40
186;acrobat;0;-13.9062;-0.1657;6.8940;true;2.14
186;acrobat;1;-14.1658;-0.1989;7.1559;false;2.14
187;clown;0;-13.2643;-0.2521;4.9630;false;2.40
187;clown;1;-13.1939;-0.2401;4.7368;true;2.40
187;acrobat;0;-13.8972;-0.2178;6.8690;true;2.14
187;acrobat;1;-14.1659;-0.1990;7.1559;false;2.14
188;clown;0;-13.2678;-0.2518;4.9506;true;2.40
188;clown;1;-13.1931;-0.2471;4.7359;false;2.40
188;acrobat;0;-13.8954;-0.2188;6.8695;false;2.14
188;acrobat;1;-14.1669;-0.1989;7.1556;false;2.14
189;clown;0;-13.2349;-0.2059;4.9299;true;2.40
189;clown;1;-13.1921;-0.2471;4.7368;false;2.40
189;acrobat;0;-13.8937;-0.2188;6.8700;false;2.15
189;acrobat;1;-14.1692;-0.1988;7.1549;true;2.15
190;clown;0;-13.1407;-0.1728;4.8977;true;2.40
190;clown;1;-13.1908;-0.2470;4.7380;false;2.40
190;acrobat;0;-13.8929;-0.2189;6.8704;false;2.15
190;acrobat;1;-14.1597;-0.1493;7.1304;true;2.15
191;clown;0;-13.0117;-0.1625;4.8420;true;2.40
191;clown;1;-13.1897;-0.2470;4.7390;false;2.40
191;acrobat;0;-13.8931;-0.2189;6.8705;false;2.15
191;acrobat;1;-14.1315;-0.1082;7.0657;true;2.15
192;clown;0;-12.8996;-0.1662;4.7619;true;2.40
192;clown;1;-13.1892;-0.2470;4.7394;false;2.40
192;acrobat;0;-13.8939;-0.2189;6.8704;false;2.15
192;acrobat;1;-14.0939;-0.0800;6.9708;true;2.15
193;clown;0;-12.8185;-0.1925;4.6947;true;2.40
193;clown;1;-13.1900;-0.2470;4.7387;false;2.40
193;acrobat;0;-13.8952;-0.2188;6.8701;false;2.15
193;acrobat;1;-14.0520;-0.0684;6.8572;true;2.15
194;clown;0;-12.7776;-0.2348;4.6656;true;2.40
194;clown;1;-13.1932;-0.2467;4.7361;false;2.40
194;acrobat;0;-13.8965;-0.2187;6.8696;false;2.16
194;acrobat;1;-14.0064;-0.0748;6.7380;true;2.16
195;clown;0;-12.7749;-0.2417;4.6660;false;2.40
195;clown;1;-13.1993;-0.2463;4.7305;true;2.40
195;acrobat;0;-13.8975;-0.2187;6.8690;false;2.16
195;acrobat;1;-13.9594;-0.0987;6.6264;true;2.16
196;clown;0;-12.7726;-0.2416;4.6676;false;2.40
196;clown;1;-13.1694;-0.2020;4.7003;true;2.40
196;acrobat;0;-13.8983;-0.2187;6.8686;false;2.16
196;acrobat;1;-13.9183;-0.1373;6.5337;true;2.16
197;clown;0;-12.7717;-0.2416;4.6683;false;2.40
197;clown;1;-13.0865;-0.1683;4.6312;true;2.40
197;acrobat;0;-13.8985;-0.2187;6.8685;false;2.16
197;acrobat;1;-13.8908;-0.1861;6.4701;true;2.16
198;clown;0;-12.7721;-0.2416;4.6681;false;2.40
198;clown;1;-12.9890;-0.1527;4.5305;true;2.40
198;acrobat;0;-13.8983;-0.2187;6.8686;false;2.16
198;acrobat;1;-13.8816;-0.2368;6.4471;false;2.16
199;clown;0;-12.7729;-0.2416;4.6673;false;2.40
199;clown;1;-12.8912;-0.1598;4.4267;true;2.40
199;acrobat;0;-13.8965;-0.2187;6.8696;true;2.17
199;acrobat;1;-13.8822;-0.2367;6.4467;false;2.17
200;clown;0;-12.7737;-0.2416;4.6663;false;2.40
200;clown;1;-12.8101;-0.1876;4.3468;true;2.40
200;acrobat;0;-13.8841;-0.1684;6.8462;true;2.17
200;acrobat;1;-13.8834;-0.2366;6.4458;false;2.17
201;clown;0;-12.7738;-0.2417;4.6662;false;2.40
201;clown;1;-12.7715;-0.2291;4.3086;true;2.40
201;acrobat;0;-13.8534;-0.1263;6.7818;true;2.17
201;acrobat;1;-13.8843;-0.2366;6.4451;false;2.17
202;clown;0;-12.7720;-0.2416;4.6682;false;2.40
202;clown;1;-12.7716;-0.2362;4.3066;false;2.40
202;acrobat;0;-13.8065;-0.0973;6.6900;true;2.17
202;acrobat;1;-13.8846;-0.2366;6.4449;false;2.17
203;clown;0;-12.7682;-0.2413;4.6723;true;2.40
203;clown;1;-12.7727;-0.2361;4.3051;false;2.40
203;acrobat;0;-13.7482;-0.0850;6.5829;true;2.18
203;acrobat;1;-13.8844;-0.2366;6.4449;false;2.18
204;clown;0;-12.7398;-0.1969;4.6428;true;2.40
204;clown;1;-12.7733;-0.2362;4.3044;false;2.40
204;acrobat;0;-13.6874;-0.0911;6.4702;true;2.18
204;acrobat;1;-13.8839;-0.2366;6.4451;false;2.18
205;clown;0;-12.6712;-0.1624;4.5658;true;2.40
205;clown;1;-12.7728;-0.2361;4.3051;false;2.40
205;acrobat;0;-13.6325;-0.1150;6.3624;true;2.18
205;acrobat;1;-13.8834;-0.2367;6.4453;false;2.18
206;clown;0;-12.5750;-0.1462;4.4712;true;2.40
206;clown;1;-12.7721;-0.2361;4.3058;false;2.40
206;acrobat;0;-13.5883;-0.1540;6.2722;true;2.18
206;acrobat;1;-13.8830;-0.2367;6.4454;false;2.18
207;clown;0;-12.4780;-0.1527;4.3742;true;2.40
207;clown;1;-12.7718;-0.2362;4.3061;false;2.40
207;acrobat;0;-13.5583;-0.2031;6.2123;true;2.19
207;acrobat;1;-13.8831;-0.2368;6.4453;false;2.19
208;clown;0;-12.4031;-0.1802;4.2945;true;2.40
208;clown;1;-12.7725;-0.2361;4.3055;false;2.40
208;acrobat;0;-13.5479;-0.2491;6.1943;false;2.19
208;acrobat;1;-13.8835;-0.2367;6.4451;false;2.19
209;clown;0;-12.3663;-0.2215;4.2573;true;2.40
209;clown;1;-12.7752;-0.2359;4.3030;false;2.40
209;acrobat;0;-13.5463;-0.2491;6.1948;false;2.19
209;acrobat;1;-13.8871;-0.2365;6.4434;true;2.19
210;clown;0;-12.3641;-0.2285;4.2574;false;2.40
210;clown;1;-12.7807;-0.2355;4.2977;true;2.40
210;acrobat;0;-13.5451;-0.2492;6.1954;false;2.20
210;acrobat;1;-13.8737;-0.1853;6.4204;true;2.20
211;clown;0;-12.3624;-0.2284;4.2587;false;2.40
211;clown;1;-12.7505;-0.1909;4.2683;true;2.40
211;acrobat;0;-13.5446;-0.2492;6.1957;false;2.20
211;acrobat;1;-13.8344;-0.1422;6.3606;true;2.20
212;clown;0;-12.3619;-0.2284;4.2591;false;2.40
212;clown;1;-12.6675;-0.1564;4.2007;true;2.40
212;acrobat;0;-13.5448;-0.2492;6.1958;false;2.20
212;acrobat;1;-13.7806;-0.1120;6.2728;true;2.20
213;clown;0;-12.3625;-0.2284;4.2587;false;2.40
213;clown;1;-12.5686;-0.1398;4.1027;true;2.40
213;acrobat;0;-13.5454;-0.2492;6.1956;false;2.21
213;acrobat;1;-13.7210;-0.0987;6.1672;true;2.21
214;clown;0;-12.3633;-0.2285;4.2579;false;2.40
214;clown;1;-12.4692;-0.1457;4.0017;true;2.40
214;acrobat;0;-13.5463;-0.2491;6.1951;false;2.21
214;acrobat;1;-13.6588;-0.1043;6.0569;true;2.21
215;clown;0;-12.3639;-0.2285;4.2571;false;2.40
215;clown;1;-12.3874;-0.1728;3.9237;true;2.40
215;acrobat;0;-13.5472;-0.2491;6.1946;false;2.21
215;acrobat;1;-13.5985;-0.1284;5.9548;true;2.21
216;clown;0;-12.3636;-0.2285;4.2575;false;2.40
216;clown;1;-12.3487;-0.2139;3.8861;true;2.40
216;acrobat;0;-13.5480;-0.2491;6.1940;false;2.21
216;acrobat;1;-13.5480;-0.1678;5.8720;true;2.21
217;clown;0;-12.3609;-0.2283;4.2604;false;2.40
217;clown;1;-12.3488;-0.2209;3.8839;false;2.40
217;acrobat;0;-13.5484;-0.2491;6.1937;false;2.22
217;acrobat;1;-13.5161;-0.2175;5.8188;true;2.22
218;clown;0;-12.3559;-0.2279;4.2657;true;2.40
218;clown;1;-12.3501;-0.2209;3.8822;false;2.40
218;acrobat;0;-13.5485;-0.2492;6.1936;false;2.22
218;acrobat;1;-13.5084;-0.2577;5.8051;false;2.22
219;clown;0;-12.3272;-0.1833;4.2352;true;2.40
219;clown;1;-12.3508;-0.2209;3.8814;false;2.40
219;acrobat;0;-13.5473;-0.2491;6.1945;true;2.22
219;acrobat;1;-13.5091;-0.2577;5.8045;false;2.22
220;clown;0;-12.2590;-0.1483;4.1547;true;2.40
220;clown;1;-12.3504;-0.2209;3.8819;false;2.40
220;acrobat;0;-13.5328;-0.1971;6.1719;true;2.23
220;acrobat;1;-13.5101;-0.2576;5.8035;false;2.23
221;clown;0;-12.1616;-0.1312;4.0574;true;2.40
221;clown;1;-12.3497;-0.2209;3.8827;false;2.40
221;acrobat;0;-13.4954;-0.1527;6.1107;true;2.23
221;acrobat;1;-13.5107;-0.2576;5.8030;false;2.23
222;clown;0;-12.0624;-0.1368;3.9585;true;2.40
222;clown;1;-12.3493;-0.2209;3.8831;false;2.40
222;acrobat;0;-13.4393;-0.1216;6.0239;true;2.23
222;acrobat;1;-13.5109;-0.2576;5.8029;false;2.23
223;clown;0;-11.9858;-0.1635;3.8773;true;2.40
223;clown;1;-12.3498;-0.2209;3.8827;false;2.40
223;acrobat;0;-13.3718;-0.1080;5.9230;true;2.23
223;acrobat;1;-13.5106;-0.2576;5.8030;false;2.23
224;clown;0;-11.9483;-0.2045;3.8392;true;2.40
224;clown;1;-12.3521;-0.2207;3.8806;false;2.40
224;acrobat;0;-13.3028;-0.1137;5.8173;true;2.24
224;acrobat;1;-13.5102;-0.2576;5.8032;false;2.24
225;clown;0;-11.9462;-0.2115;3.8393;false;2.40
225;clown;1;-12.3570;-0.2203;3.8758;true;2.40
225;acrobat;0;-13.2410;-0.1381;5.7178;true;2.24
225;acrobat;1;-13.5097;-0.2577;5.8034;false;2.24
226;clown;0;-11.9445;-0.2115;3.8405;false;2.40
226;clown;1;-12.3272;-0.1754;3.8467;true;2.40
226;acrobat;0;-13.1920;-0.1782;5.6373;true;2.24
226;acrobat;1;-13.5095;-0.2577;5.8035;false;2.24
227;clown;0;-11.9441;-0.2115;3.8409;false;2.40
227;clown;1;-12.2458;-0.1401;3.7790;true;2.40
227;acrobat;0;-13.1612;-0.2287;5.5884;true;2.25
227;acrobat;1;-13.5099;-0.2577;5.8033;false;2.25
228;clown;0;-11.9447;-0.2115;3.8404;false;2.40
228;clown;1;-12.1482;-0.1226;3.6818;true;2.40
228;acrobat;0;-13.1540;-0.2632;5.5791;false;2.25
228;acrobat;1;-13.5108;-0.2577;5.8028;false;2.25
229;clown;0;-11.9454;-0.2115;3.8397;false;2.40
229;clown;1;-12.0497;-0.1277;3.5820;true;2.40
229;acrobat;0;-13.1526;-0.2632;5.5798;false;2.25
229;acrobat;1;-13.5142;-0.2574;5.8008;true;2.25
230;clown;0;-11.9460;-0.2115;3.8390;false;2.40
230;clown;1;-11.9687;-0.1539;3.5049;true;2.40
230;acrobat;0;-13.1515;-0.2633;5.5803;false;2.25
230;acrobat;1;-13.4981;-0.2045;5.7775;true;2.25
231;clown;0;-11.9457;-0.2115;3.8393;false;2.40
231;clown;1;-11.9304;-0.1947;3.4677;true;2.40
231;acrobat;0;-13.1511;-0.2633;5.5806;false;2.26
231;acrobat;1;-13.4515;-0.1594;5.7175;true;2.26
232;clown;0;-11.9431;-0.2113;3.8422;false;2.40
232;clown;1;-11.9305;-0.2017;3.4655;false;2.40
232;acrobat;0;-13.1514;-0.2633;5.5806;false;2.26
232;acrobat;1;-13.3882;-0.1275;5.6292;true;2.26
233;clown;0;-11.9381;-0.2109;3.8474;true;2.40
233;clown;1;-11.9318;-0.2017;3.4638;false;2.40
233;acrobat;0;-13.1520;-0.2633;5.5803;false;2.26
233;acrobat;1;-13.3178;-0.1134;5.5236;true;2.26
234;clown;0;-11.9095;-0.1660;3.8170;true;2.40
234;clown;1;-11.9325;-0.2017;3.4630;false;2.40
234;acrobat;0;-13.1528;-0.2632;5.5798;false;2.26
234;acrobat;1;-13.2448;-0.1191;5.4144;true;2.26
235;clown;0;-11.8413;-0.1303;3.7367;true;2.40
235;clown;1;-11.9322;-0.2017;3.4635;false;2.40
235;acrobat;0;-13.1535;-0.2632;5.5793;false;2.27
235;acrobat;1;-13.1754;-0.1440;5.3154;true;2.27
236;clown;0;-11.7440;-0.1123;3.6396;true;2.40
236;clown;1;-11.9315;-0.2017;3.4642;false;2.40
236;acrobat;0;-13.1540;-0.2633;5.5789;false;2.27
236;acrobat;1;-13.1197;-0.1848;5.2376;true;2.27
237;clown;0;-11.6449;-0.1169;3.5409;true;2.40
237;clown;1;-11.9311;-0.2017;3.4646;false;2.40
237;acrobat;0;-13.1541;-0.2633;5.5788;false;2.27
237;acrobat;1;-13.0875;-0.2359;5.1916;true;2.27
238;clown;0;-11.5619;-0.1443;3.4603;true;2.50
238;clown;1;-11.9318;-0.2016;3.4639;false;2.50
238;acrobat;0;-13.1537;-0.2633;5.5790;false;2.27
238;acrobat;1;-13.0829;-0.2654;5.1841;false;2.27
239;clown;0;-11.5219;-0.1883;3.4300;true;2.50
239;clown;1;-11.9350;-0.2013;3.4601;false;2.50
239;acrobat;0;-13.1519;-0.2632;5.5805;true;2.26
239;acrobat;1;-13.0836;-0.2653;5.1834;false;2.26
240;clown;0;-11.5167;-0.1957;3.4417;false;2.41
240;clown;1;-11.9395;-0.2009;3.4525;true;2.41
240;acrobat;0;-13.1357;-0.2106;5.5584;true;2.23
240;acrobat;1;-13.0844;-0.2653;5.1826;false;2.23
241;clown;0;-11.5194;-0.1978;3.4471;false;2.40
241;clown;1;-11.8972;-0.1562;3.4425;true;2.40
241;acrobat;0;-13.0948;-0.1655;5.4991;true;2.20
241;acrobat;1;-13.0848;-0.2653;5.1822;false;2.20
242;clown;0;-11.5243;-0.1977;3.4472;false;2.40
242;clown;1;-11.7924;-0.1203;3.4179;true;2.40
242;acrobat;0;-13.0346;-0.1331;5.4170;true;2.17
242;acrobat;1;-13.0848;-0.2653;5.1821;false;2.17
243;clown;0;-11.5287;-0.1964;3.4442;false;2.40
243;clown;1;-11.6653;-0.1026;3.3679;true;2.40
243;acrobat;0;-12.9624;-0.1168;5.3236;true;2.14
243;acrobat;1;-13.0846;-0.2653;5.1823;false;2.14
244;clown;0;-11.5305;-0.1951;3.4409;false;2.40
244;clown;1;-11.5338;-0.1077;3.3176;true;2.40
244;acrobat;0;-12.8877;-0.1181;5.2271;true;2.12
244;acrobat;1;-13.0843;-0.2653;5.1825;false;2.12
245;clown;0;-11.5309;-0.1943;3.4382;false;2.40
245;clown;1;-11.4246;-0.1324;3.2884;true;2.40
245;acrobat;0;-12.8194;-0.1362;5.1356;true;2.10
245;acrobat;1;-13.0840;-0.2653;5.1827;false;2.10
246;clown;0;-11.5302;-0.1931;3.4336;false;2.40
246;clown;1;-11.3725;-0.1727;3.2779;true;2.40
246;acrobat;0;-12.7633;-0.1686;5.0584;true;2.08
246;acrobat;1;-13.0840;-0.2654;5.1827;false;2.08
247;clown;0;-11.5271;-0.1900;3.4213;false;2.40
247;clown;1;-11.3714;-0.1798;3.2794;false;2.40
247;acrobat;0;-12.7241;-0.2113;5.0049;true;2.06
247;acrobat;1;-13.0843;-0.2654;5.1824;false;2.06
248;clown;0;-11.5206;-0.1865;3.4021;true;2.40
248;clown;1;-11.3714;-0.1798;3.2797;false;2.40
248;acrobat;0;-12.7070;-0.2594;4.9834;true;2.04
248;acrobat;1;-13.0853;-0.2653;5.1817;false;2.04
249;clown;0;-11.4824;-0.1419;3.4127;true;2.40
249;clown;1;-11.3715;-0.1798;3.2789;false;2.40
249;acrobat;0;-12.7050;-0.2643;4.9846;false;2.02
249;acrobat;1;-13.0870;-0.2652;5.1804;false;2.02
250;clown;0;-11.3895;-0.1114;3.4601;true;2.40
250;clown;1;-11.3715;-0.1798;3.2781;false;2.40
250;acrobat;0;-12.7036;-0.2645;4.9858;false;2.01
250;acrobat;1;-13.0901;-0.2650;5.1778;true;2.01
251;clown;0;-11.2574;-0.0963;3.5017;true;2.40
251;clown;1;-11.3716;-0.1797;3.2760;false;2.40
251;acrobat;0;-12.7033;-0.2645;4.9863;false;2.00
251;acrobat;1;-13.0743;-0.2175;5.1610;true;2.00
252;clown;0;-11.1220;-0.0978;3.5180;true;2.40
252;clown;1;-11.3718;-0.1794;3.2719;false;2.40
252;acrobat;0;-12.7036;-0.2646;4.9865;false;1.99
252;acrobat;1;-13.0280;-0.1751;5.1191;true;1.99
253;clown;0;-11.0173;-0.1224;3.5250;true;2.40
253;clown;1;-11.3718;-0.1790;3.2645;true;2.40
253;acrobat;0;-12.7044;-0.2645;4.9862;false;1.98
253;acrobat;1;-12.9628;-0.1418;5.0563;true;1.98
254;clown;0;-10.9670;-0.1632;3.5325;true;2.40
254;clown;1;-11.3314;-0.1342;3.2671;true;2.40
254;acrobat;0;-12.7055;-0.2644;4.9855;false;1.97
254;acrobat;1;-12.8882;-0.1207;4.9779;true;1.97
255;clown;0;-10.9653;-0.1701;3.5349;false;2.40
255;clown;1;-11.2285;-0.1001;3.2812;true;2.40
255;acrobat;0;-12.7066;-0.2643;4.9847;false;1.96
255;acrobat;1;-12.8089;-0.1141;4.8925;true;1.96
256;clown;0;-10.9650;-0.1700;3.5366;false;2.40
256;clown;1;-11.0944;-0.0831;3.2837;true;2.40
256;acrobat;0;-12.7075;-0.2642;4.9838;false;1.95
256;acrobat;1;-12.7291;-0.1224;4.8096;true;1.95
257;clown;0;-10.9650;-0.1700;3.5371;false;2.40
257;clown;1;-10.9583;-0.0887;3.2812;true;2.40
257;acrobat;0;-12.7081;-0.2642;4.9830;false;1.95
257;acrobat;1;-12.6552;-0.1446;4.7367;true;1.95
258;clown;0;-10.9650;-0.1700;3.5365;false;2.40
258;clown;1;-10.8493;-0.1155;3.2824;true;2.40
258;acrobat;0;-12.7086;-0.2641;4.9824;false;1.94
258;acrobat;1;-12.5957;-0.1787;4.6788;true;1.94
259;clown;0;-10.9649;-0.1700;3.5353;false;2.40
259;clown;1;-10.7972;-0.1565;3.2835;true;2.40
259;acrobat;0;-12.7089;-0.2641;4.9820;false;1.94
259;acrobat;1;-12.5577;-0.2210;4.6410;true;1.94
260;clown;0;-10.9649;-0.1701;3.5349;false;2.40
260;clown;1;-10.7961;-0.1635;3.2827;false;2.40
260;acrobat;0;-12.7090;-0.2641;4.9818;false;1.94
260;acrobat;1;-12.5464;-0.2605;4.6299;false;1.94
261;clown;0;-10.9649;-0.1701;3.5355;false;2.40
261;clown;1;-10.7960;-0.1635;3.2816;false;2.40
261;acrobat;0;-12.7090;-0.2641;4.9819;true;1.93
261;acrobat;1;-12.5465;-0.2604;4.6297;false;1.93
262;clown;0;-10.9650;-0.1700;3.5371;true;2.40
262;clown;1;-10.7959;-0.1635;3.2807;false;2.40
262;acrobat;0;-12.6926;-0.2179;4.9699;true;1.93
262;acrobat;1;-12.5472;-0.2602;4.6284;false;1.93
263;clown;0;-10.9273;-0.1252;3.5372;true;2.40
263;clown;1;-10.7960;-0.1635;3.2809;false;2.40
263;acrobat;0;-12.6482;-0.1756;4.9372;true;1.93
263;acrobat;1;-12.5478;-0.2601;4.6272;false;1.93
264;clown;0;-10.8326;-0.0894;3.5370;true;2.40
264;clown;1;-10.7960;-0.1635;3.2819;false;2.40
264;acrobat;0;-12.5822;-0.1415;4.8900;true;1.93
264;acrobat;1;-12.5482;-0.2601;4.6264;false;1.93
265;clown;0;-10.7081;-0.0720;3.5394;true;2.40
265;clown;1;-10.7960;-0.1635;3.2821;false;2.40
265;acrobat;0;-12.5013;-0.1188;4.8336;true;1.93
265;acrobat;1;-12.5485;-0.2601;4.6258;false;1.93
266;clown;0;-10.5817;-0.0771;3.5382;true;2.40
266;clown;1;-10.7961;-0.1635;3.2804;false;2.40
266;acrobat;0;-12.4134;-0.1099;4.7717;true;1.93
266;acrobat;1;-12.5486;-0.2600;4.6255;false;1.93
267;clown;0;-10.4811;-0.1035;3.5352;true;2.40
267;clown;1;-10.7962;-0.1633;3.2766;false;2.40
267;acrobat;0;-12.3264;-0.1154;4.7083;true;1.94
267;acrobat;1;-12.5487;-0.2601;4.6253;false;1.94
268;clown;0;-10.4327;-0.1443;3.5353;true;2.40
268;clown;1;-10.7962;-0.1630;3.2699;true;2.40
268;acrobat;0;-12.2476;-0.1349;4.6485;true;1.94
268;acrobat;1;-12.5487;-0.2601;4.6252;false;1.94
269;clown;0;-10.4314;-0.1513;3.5372;false;2.40
269;clown;1;-10.7541;-0.1178;3.2706;true;2.40
269;acrobat;0;-12.1830;-0.1666;4.5990;true;1.94
269;acrobat;1;-12.5489;-0.2601;4.6249;false;1.94
270;clown;0;-10.4311;-0.1512;3.5388;false;2.40
270;clown;1;-10.6476;-0.0825;3.2823;true;2.40
270;acrobat;0;-12.1390;-0.2073;4.5660;true;1.94
270;acrobat;1;-12.5493;-0.2600;4.6244;false;1.94
271;clown;0;-10.4311;-0.1512;3.5390;false;2.40
271;clown;1;-10.5081;-0.0646;3.2837;true;2.40
271;acrobat;0;-12.1223;-0.2524;4.5551;false;1.95
271;acrobat;1;-12.5493;-0.2600;4.6243;false;1.95
272;clown;0;-10.4311;-0.1512;3.5382;false;2.40
272;clown;1;-10.3664;-0.0693;3.2821;true;2.40
272;acrobat;0;-12.1212;-0.2525;4.5564;false;1.95
272;acrobat;1;-12.5518;-0.2597;4.6207;true;1.95
273;clown;0;-10.4310;-0.1513;3.5368;false;2.40
273;clown;1;-10.2532;-0.0953;3.2843;true;2.40
273;acrobat;0;-12.1207;-0.2525;4.5573;false;1.95
273;acrobat;1;-12.5337;-0.2129;4.6103;true;1.95
274;clown;0;-10.4309;-0.1513;3.5358;false;2.40
274;clown;1;-10.1991;-0.1360;3.2852;true;2.40
274;acrobat;0;-12.1205;-0.2526;4.5578;false;1.96
274;acrobat;1;-12.4820;-0.1701;4.5853;true;1.96
275;clown;0;-10.4310;-0.1513;3.5371;false;2.40
275;clown;1;-10.1978;-0.1429;3.2839;false;2.40
275;acrobat;0;-12.1208;-0.2526;4.5578;false;1.96
275;acrobat;1;-12.4071;-0.1354;4.5465;true;1.96
276;clown;0;-10.4312;-0.1511;3.5408;true;2.40
276;clown;1;-10.1975;-0.1429;3.2821;false;2.40
276;acrobat;0;-12.1214;-0.2526;4.5574;false;1.97
276;acrobat;1;-12.3185;-0.1122;4.4960;true;1.97
277;clown;0;-10.3925;-0.1062;3.5407;true;2.40
277;clown;1;-10.1975;-0.1429;3.2811;false;2.40
277;acrobat;0;-12.1219;-0.2525;4.5568;false;1.97
277;acrobat;1;-12.2235;-0.1031;4.4393;true;1.97
278;clown;0;-10.2950;-0.0701;3.5378;true;2.40
278;clown;1;-10.1975;-0.1429;3.2816;false;2.40
278;acrobat;0;-12.1224;-0.2525;4.5561;false;1.98
278;acrobat;1;-12.1284;-0.1093;4.3834;true;1.98
279;clown;0;-10.1672;-0.0522;3.5394;true;2.40
279;clown;1;-10.1976;-0.1429;3.2825;false;2.40
279;acrobat;0;-12.1228;-0.2524;4.5554;false;1.98
279;acrobat;1;-12.0410;-0.1302;4.3340;true;1.98
280;clown;0;-10.0372;-0.0569;3.5391;true;2.40
280;clown;1;-10.1975;-0.1429;3.2829;false;2.40
280;acrobat;0;-12.1231;-0.2524;4.5548;false;1.99
280;acrobat;1;-11.9704;-0.1637;4.2949;true;1.99
281;clown;0;-9.9337;-0.0829;3.5361;true;2.40
281;clown;1;-10.1976;-0.1429;3.2823;false;2.40
281;acrobat;0;-12.1234;-0.2524;4.5542;false;1.99
281;acrobat;1;-11.9256;-0.2065;4.2695;true;1.99
282;clown;0;-9.8841;-0.1235;3.5359;true;2.40
282;clown;1;-10.1977;-0.1428;3.2792;false;2.40
282;acrobat;0;-12.1235;-0.2523;4.5539;false;2.00
282;acrobat;1;-11.9136;-0.2438;4.2628;false;2.00
283;clown;0;-9.8827;-0.1305;3.5375;false;2.40
283;clown;1;-10.1979;-0.1424;3.2725;true;2.40
283;acrobat;0;-12.1236;-0.2523;4.5536;true;2.01
283;acrobat;1;-11.9137;-0.2437;4.2625;false;2.01
284;clown;0;-9.8824;-0.1304;3.5395;false;2.40
284;clown;1;-10.1562;-0.0972;3.2731;true;2.40
284;acrobat;0;-12.1045;-0.2040;4.5450;true;2.01
284;acrobat;1;-11.9141;-0.2436;4.2612;false;2.01
285;clown;0;-9.8824;-0.1304;3.5400;false;2.40
285;clown;1;-10.0512;-0.0612;3.2827;true;2.40
285;acrobat;0;-12.0525;-0.1596;4.5221;true;2.02
285;acrobat;1;-11.9144;-0.2435;4.2602;false;2.02
286;clown;0;-9.8825;-0.1304;3.5393;false;2.40
286;clown;1;-9.9139;-0.0426;3.2832;true;2.40
286;acrobat;0;-11.9757;-0.1240;4.4894;true;2.02
286;acrobat;1;-11.9145;-0.2435;4.2595;false;2.02
287;clown;0;-9.8824;-0.1304;3.5383;false;2.40
287;clown;1;-9.7741;-0.0467;3.2825;true;2.40
287;acrobat;0;-11.8827;-0.1012;4.4503;true;2.03
287;acrobat;1;-11.9146;-0.2435;4.2591;false;2.03
288;clown;0;-9.8823;-0.1305;3.5374;false;2.40
288;clown;1;-9.6627;-0.0722;3.2853;true;2.40
288;acrobat;0;-11.7828;-0.0936;4.4069;true;2.04
288;acrobat;1;-11.9146;-0.2435;4.2590;false;2.04
289;clown;0;-9.8824;-0.1305;3.5378;false;2.40
289;clown;1;-9.6094;-0.1126;3.2861;true;2.40
289;acrobat;0;-11.6857;-0.1021;4.3622;true;2.04
289;acrobat;1;-11.9146;-0.2435;4.2589;false;2.04
290;clown;0;-9.8826;-0.1303;3.5414;false;2.40
290;clown;1;-9.6080;-0.1195;3.2846;false;2.40
290;acrobat;0;-11.6000;-0.1260;4.3212;true;2.05
290;acrobat;1;-11.9146;-0.2435;4.2588;false;2.05
291;clown;0;-9.8828;-0.1299;3.5483;true;2.40
291;clown;1;-9.6077;-0.1195;3.2825;false;2.40
291;acrobat;0;-11.5340;-0.1627;4.2898;true;2.06
291;acrobat;1;-11.9147;-0.2435;4.2586;false;2.06
292;clown;0;-9.8412;-0.0848;3.5471;true;2.40
292;clown;1;-9.6076;-0.1195;3.2814;false;2.40
292;acrobat;0;-11.4965;-0.2084;4.2730;true;2.06
292;acrobat;1;-11.9150;-0.2435;4.2579;false;2.06
293;clown;0;-9.7365;-0.0484;3.5391;true;2.40
293;clown;1;-9.6077;-0.1195;3.2819;false;2.40
293;acrobat;0;-11.4909;-0.2322;4.2720;false;2.07
293;acrobat;1;-11.9155;-0.2434;4.2568;false;2.07
294;clown;0;-9.5994;-0.0297;3.5395;true;2.40
294;clown;1;-9.6077;-0.1195;3.2829;false;2.40
294;acrobat;0;-11.4901;-0.2322;4.2733;false;2.07
294;acrobat;1;-11.9173;-0.2431;4.2528;true;2.07
295;clown;0;-9.4599;-0.0335;3.5399;true;2.40
295;clown;1;-9.6077;-0.1195;3.2834;false;2.40
295;acrobat;0;-11.4898;-0.2323;4.2741;false;2.08
295;acrobat;1;-11.8947;-0.1931;4.2447;true;2.08
296;clown;0;-9.3489;-0.0588;3.5368;true;2.40
296;clown;1;-9.6077;-0.1195;3.2828;false;2.40
296;acrobat;0;-11.4898;-0.2323;4.2745;false;2.09
296;acrobat;1;-11.8321;-0.1475;4.2264;true;2.09
297;clown;0;-9.2956;-0.0991;3.5364;true;2.40
297;clown;1;-9.6079;-0.1194;3.2799;false;2.40
297;acrobat;0;-11.4901;-0.2323;4.2742;false;2.09
297;acrobat;1;-11.7418;-0.1114;4.1967;true;2.09
298;clown;0;-9.2942;-0.1061;3.5379;false;2.40
298;clown;1;-9.6080;-0.1190;3.2735;true;2.40
298;acrobat;0;-11.4905;-0.2322;4.2735;false;2.10
298;acrobat;1;-11.6357;-0.0888;4.1570;true;2.10
299;clown;0;-9.2939;-0.1060;3.5400;false;2.40
299;clown;1;-9.5665;-0.0737;3.2740;true;2.40
299;acrobat;0;-11.4909;-0.2322;4.2728;false;2.10
299;acrobat;1;-11.5231;-0.0828;4.1131;true;2.10
300;clown;0;-9.2939;-0.1060;3.5404;false;2.40
300;clown;1;-9.4618;-0.0372;3.2833;true;2.40
300;acrobat;0;-11.4912;-0.2322;4.2720;false;2.11
300;acrobat;1;-11.4138;-0.0941;4.0722;true;2.11
301;clown;0;-9.2940;-0.1060;3.5398;false;2.40
301;clown;1;-9.3248;-0.0182;3.2836;true;2.40
301;acrobat;0;-11.4914;-0.2321;4.2714;false;2.12
301;acrobat;1;-11.3188;-0.1215;4.0383;true;2.12
302;clown;0;-9.2939;-0.1060;3.5388;false;2.40
302;clown;1;-9.1855;-0.0218;3.2829;true;2.40
302;acrobat;0;-11.4915;-0.2321;4.2709;false;2.12
302;acrobat;1;-11.2501;-0.1618;4.0137;true;2.12
303;clown;0;-9.2939;-0.1061;3.5379;false;2.40
303;clown;1;-9.0743;-0.0469;3.2857;true;2.40
303;acrobat;0;-11.4915;-0.2321;4.2708;false;2.13
303;acrobat;1;-11.2187;-0.2104;4.0017;true;2.13
304;clown;0;-9.2939;-0.1061;3.5383;false;2.40
304;clown;1;-9.0213;-0.0871;3.2865;true;2.40
304;acrobat;0;-11.4915;-0.2321;4.2710;false;2.13
304;acrobat;1;-11.2178;-0.2197;4.0014;false;2.13
305;clown;0;-9.2941;-0.1059;3.5419;false;2.40
305;clown;1;-9.0198;-0.0941;3.2850;false;2.40
305;acrobat;0;-11.4912;-0.2321;4.2721;true;2.14
305;acrobat;1;-11.2179;-0.2197;4.0006;false;2.14
306;clown;0;-9.2943;-0.1056;3.5487;true;2.40
306;clown;1;-9.0195;-0.0940;3.2829;false;2.40
306;acrobat;0;-11.4671;-0.1805;4.2647;true;2.14
306;acrobat;1;-11.2181;-0.2196;3.9993;false;2.14
307;clown;0;-9.2527;-0.0603;3.5474;true;2.40
307;clown;1;-9.0194;-0.0940;3.2818;false;2.40
307;acrobat;0;-11.4026;-0.1334;4.2439;true;2.15
307;acrobat;1;-11.2182;-0.2196;3.9985;false;2.15
308;clown;0;-9.1482;-0.0236;3.5395;true;2.40
308;clown;1;-9.0195;-0.0940;3.2823;false;2.40
308;acrobat;0;-11.3084;-0.0966;4.2158;true;2.16
308;acrobat;1;-11.2182;-0.2196;3.9981;false;2.16
309;clown;0;-9.0112;-0.0045;3.5399;true;2.40
309;clown;1;-9.0196;-0.0940;3.2833;false;2.40
309;acrobat;0;-11.1958;-0.0748;4.1841;true;2.16
309;acrobat;1;-11.2182;-0.2196;3.9981;false;2.16
310;clown;0;-8.8719;-0.0079;3.5403;true;2.40
310;clown;1;-9.0195;-0.0940;3.2838;false;2.40
310;acrobat;0;-11.0774;-0.0707;4.1496;true;2.17
310;acrobat;1;-11.2182;-0.2196;3.9981;false;2.17
311;clown;0;-8.7610;-0.0329;3.5372;true;2.40
311;clown;1;-9.0196;-0.0940;3.2832;false;2.40
311;acrobat;0;-10.9657;-0.0847;4.1143;true;2.17
311;acrobat;1;-11.2182;-0.2196;3.9980;false;2.17
312;clown;0;-8.7078;-0.0730;3.5367;true;2.40
312;clown;1;-9.0197;-0.0939;3.2804;false;2.40
312;acrobat;0;-10.8725;-0.1153;4.0837;true;2.18
312;acrobat;1;-11.2183;-0.2196;3.9977;false;2.18
313;clown;0;-8.7064;-0.0800;3.5383;false;2.40
313;clown;1;-9.0198;-0.0935;3.2741;true;2.40
313;acrobat;0;-10.8090;-0.1587;4.0635;true;2.18
313;acrobat;1;-11.2185;-0.2196;3.9969;false;2.18
314;clown;0;-8.7061;-0.0799;3.5403;false;2.40
314;clown;1;-8.9784;-0.0481;3.2747;true;2.40
314;acrobat;0;-10.7872;-0.2058;4.0577;false;2.19
314;acrobat;1;-11.2187;-0.2195;3.9964;false;2.19
315;clown;0;-8.7061;-0.0799;3.5408;false;2.40
315;clown;1;-8.8739;-0.0113;3.2837;true;2.40
315;acrobat;0;-10.7866;-0.2058;4.0590;false;2.19
315;acrobat;1;-11.2199;-0.2193;3.9925;true;2.19
316;clown;0;-8.7062;-0.0799;3.5402;false;2.40
316;clown;1;-8.7371;0.0081;3.2840;true;2.40
316;acrobat;0;-10.7862;-0.2058;4.0600;false;2.20
316;acrobat;1;-11.1939;-0.1665;3.9863;true;2.20
317;clown;0;-8.7061;-0.0799;3.5392;false;2.40
317;clown;1;-8.5980;0.0050;3.2833;true;2.40
317;acrobat;0;-10.7860;-0.2058;4.0605;false;2.20
317;acrobat;1;-11.1231;-0.1188;3.9732;true;2.20
318;clown;0;-8.7061;-0.0800;3.5383;false;2.40
318;clown;1;-8.4870;-0.0197;3.2860;true;2.40
318;acrobat;0;-10.7862;-0.2059;4.0605;false;2.20
318;acrobat;1;-11.0219;-0.0819;3.9505;true;2.20
319;clown;0;-8.7061;-0.0800;3.5387;false;2.40
319;clown;1;-8.4340;-0.0598;3.2868;true;2.40
319;acrobat;0;-10.7864;-0.2058;4.0600;false;2.21
319;acrobat;1;-10.9039;-0.0608;3.9194;true;2.21
320;clown;0;-8.7063;-0.0798;3.5422;false;2.40
320;clown;1;-8.4326;-0.0667;3.2853;false;2.40
320;acrobat;0;-10.7866;-0.2058;4.0594;false;2.21
320;acrobat;1;-10.7807;-0.0584;3.8861;true;2.21
321;clown;0;-8.7065;-0.0795;3.5488;true;2.40
321;clown;1;-8.4323;-0.0667;3.2832;false;2.40
321;acrobat;0;-10.7868;-0.2058;4.0587;false;2.22
321;acrobat;1;-10.6649;-0.0748;3.8569;true;2.22
322;clown;0;-8.6650;-0.0341;3.5476;true;2.40
322;clown;1;-8.4322;-0.0667;3.2822;false;2.40
322;acrobat;0;-10.7869;-0.2058;4.0581;false;2.22
322;acrobat;1;-10.5700;-0.1082;3.8343;true;2.22
323;clown;0;-8.5606;0.0030;3.5398;true;2.40
323;clown;1;-8.4323;-0.0667;3.2827;false;2.40
323;acrobat;0;-10.7870;-0.2058;4.0577;false;2.23
323;acrobat;1;-10.5097;-0.1543;3.8195;true;2.23
324;clown;0;-8.4240;0.0227;3.5402;true;2.40
324;clown;1;-8.4324;-0.0667;3.2836;false;2.40
324;acrobat;0;-10.7870;-0.2058;4.0575;false;2.23
324;acrobat;1;-10.4951;-0.1927;3.8155;false;2.23
325;clown;0;-8.2850;0.0198;3.5405;true;2.40
325;clown;1;-8.4323;-0.0667;3.2841;false;2.40
325;acrobat;0;-10.7868;-0.2058;4.0586;true;2.23
325;acrobat;1;-10.4951;-0.1926;3.8148;false;2.23
326;clown;0;-8.1742;-0.0048;3.5374;true;2.40
326;clown;1;-8.4324;-0.0667;3.2835;false;2.40
326;acrobat;0;-10.7611;-0.1519;4.0529;true;2.24
326;acrobat;1;-10.4952;-0.1926;3.8135;false;2.24
327;clown;0;-8.1212;-0.0447;3.5370;true;2.40
327;clown;1;-8.4325;-0.0666;3.2808;false;2.40
327;acrobat;0;-10.6925;-0.1031;4.0373;true;2.24
327;acrobat;1;-10.4952;-0.1926;3.8127;false;2.24
328;clown;0;-8.1198;-0.0516;3.5385;false;2.40
328;clown;1;-8.4326;-0.0662;3.2746;true;2.40
328;acrobat;0;-10.5934;-0.0660;4.0169;true;2.25
328;acrobat;1;-10.4952;-0.1926;3.8124;false;2.25
329;clown;0;-8.1195;-0.0516;3.5405;false;2.40
329;clown;1;-8.3913;-0.0207;3.2752;true;2.40
329;acrobat;0;-10.4768;-0.0457;3.9943;true;2.25
329;acrobat;1;-10.4952;-0.1926;3.8125;false;2.25
330;clown;0;-8.1195;-0.0516;3.5410;false;2.40
330;clown;1;-8.2869;0.0164;3.2841;true;2.40
330;acrobat;0;-10.3561;-0.0447;3.9693;true;2.25
330;acrobat;1;-10.4951;-0.1926;3.8127;false;2.25
331;clown;0;-8.1195;-0.0516;3.5404;false;2.40
331;clown;1;-8.1504;0.0362;3.2842;true;2.40
331;acrobat;0;-10.2450;-0.0631;3.9440;true;2.26
331;acrobat;1;-10.4950;-0.1926;3.8128;false;2.26
332;clown;0;-8.1195;-0.0516;3.5395;false;2.40
332;clown;1;-8.0115;0.0335;3.2836;true;2.40
332;acrobat;0;-10.1566;-0.0986;3.9231;true;2.26
332;acrobat;1;-10.4950;-0.1926;3.8129;false;2.26
333;clown;0;-8.1194;-0.0517;3.5386;false;2.40
333;clown;1;-7.9007;0.0091;3.2863;true;2.40
333;acrobat;0;-10.1035;-0.1466;3.9115;true;2.26
333;acrobat;1;-10.4951;-0.1926;3.8124;false;2.26
334;clown;0;-8.1194;-0.0517;3.5389;false;2.40
334;clown;1;-7.8478;-0.0308;3.2871;true;2.40
334;acrobat;0;-10.0939;-0.1777;3.9104;false;2.27
334;acrobat;1;-10.4953;-0.1926;3.8117;false;2.27
335;clown;0;-8.1196;-0.0515;3.5424;false;2.40
335;clown;1;-7.8464;-0.0378;3.2856;false;2.40
335;acrobat;0;-10.0934;-0.1777;3.9117;false;2.27
335;acrobat;1;-10.4961;-0.1924;3.8082;true;2.27
336;clown;0;-8.1198;-0.0512;3.5489;true;2.40
336;clown;1;-7.8461;-0.0377;3.2835;false;2.40
336;acrobat;0;-10.0931;-0.1777;3.9127;false;2.27
336;acrobat;1;-10.4682;-0.1376;3.8037;true;2.27
337;clown;0;-8.0784;-0.0056;3.5477;true;2.40
337;clown;1;-7.8460;-0.0378;3.2824;false;2.40
337;acrobat;0;-10.0931;-0.1777;3.9131;false;2.28
337;acrobat;1;-10.3933;-0.0881;3.7944;true;2.28
338;clown;0;-7.9742;0.0317;3.5401;true;2.40
338;clown;1;-7.8461;-0.0377;3.2829;false;2.40
338;acrobat;0;-10.0932;-0.1777;3.9129;false;2.28
338;acrobat;1;-10.2867;-0.0507;3.7772;true;2.28
339;clown;0;-7.8378;0.0518;3.5405;true;2.40
339;clown;1;-7.8462;-0.0377;3.2839;false;2.40
339;acrobat;0;-10.0934;-0.1777;3.9123;false;2.28
339;acrobat;1;-10.1631;-0.0304;3.7534;true;2.28
340;clown;0;-7.6990;0.0492;3.5408;true;2.40
340;clown;1;-7.8461;-0.0377;3.2843;false;2.40
340;acrobat;0;-10.0935;-0.1777;3.9117;false;2.29
340;acrobat;1;-10.0358;-0.0302;3.7291;true;2.29
341;clown;0;-7.5884;0.0250;3.5377;true;2.40
341;clown;1;-7.8462;-0.0377;3.2838;false;2.40
341;acrobat;0;-10.0936;-0.1777;3.9111;false;2.29
341;acrobat;1;-9.9189;-0.0500;3.7091;true;2.29
342;clown;0;-7.5355;-0.0149;3.5372;true;2.40
342;clown;1;-7.8463;-0.0376;3.2811;false;2.40
342;acrobat;0;-10.0936;-0.1777;3.9108;false;2.29
342;acrobat;1;-9.8274;-0.0871;3.6942;true;2.29
343;clown;0;-7.5340;-0.0218;3.5387;false;2.40
343;clown;1;-7.8464;-0.0373;3.2750;true;2.40
343;acrobat;0;-10.0936;-0.1777;3.9108;false;2.29
343;acrobat;1;-9.7760;-0.1365;3.6851;true;2.29
344;clown;0;-7.5337;-0.0218;3.5407;false;2.40
344;clown;1;-7.8051;0.0084;3.2756;true;2.40
344;acrobat;0;-10.0936;-0.1777;3.9112;false;2.30
344;acrobat;1;-9.7697;-0.1615;3.6835;false;2.30
345;clown;0;-7.5337;-0.0218;3.5412;false;2.40
345;clown;1;-7.7009;0.0458;3.2843;true;2.40
345;acrobat;0;-10.0934;-0.1776;3.9133;true;2.30
345;acrobat;1;-9.7697;-0.1615;3.6826;false;2.30
346;clown;0;-7.5338;-0.0218;3.5406;false;2.40
346;clown;1;-7.5646;0.0659;3.2845;true;2.40
346;acrobat;0;-10.0650;-0.1221;3.9085;true;2.30
346;acrobat;1;-9.7697;-0.1614;3.6813;false;2.30
347;clown;0;-7.5338;-0.0218;3.5397;false;2.40
347;clown;1;-7.4258;0.0636;3.2838;true;2.40
347;acrobat;0;-9.9895;-0.0719;3.8946;true;2.30
347;acrobat;1;-9.7697;-0.1614;3.6806;false;2.30
348;clown;0;-7.5337;-0.0218;3.5389;false;2.40
348;clown;1;-7.3152;0.0394;3.2865;true;2.40
348;acrobat;0;-9.8813;-0.0342;3.8779;true;2.31
348;acrobat;1;-9.7697;-0.1614;3.6806;false;2.31
349;clown;0;-7.5337;-0.0218;3.5392;false;2.40
349;clown;1;-7.2624;-0.0004;3.2873;true;2.40
349;acrobat;0;-9.7550;-0.0143;3.8608;true;2.31
349;acrobat;1;-9.7696;-0.1614;3.6808;false;2.31
350;clown;0;-7.5339;-0.0217;3.5425;false;2.40
350;clown;1;-7.2610;-0.0073;3.2858;false;2.40
350;acrobat;0;-9.6258;-0.0150;3.8417;true;2.31
350;acrobat;1;-9.7696;-0.1614;3.6810;false;2.31
351;clown;0;-7.5341;-0.0213;3.5491;true;2.40
351;clown;1;-7.2607;-0.0073;3.2837;false;2.40
351;acrobat;0;-9.5092;-0.0359;3.8221;true;2.31
351;acrobat;1;-9.7695;-0.1615;3.6811;false;2.31
352;clown;0;-7.4927;0.0243;3.5478;true;2.40
352;clown;1;-7.2606;-0.0073;3.2826;false;2.40
352;acrobat;0;-9.4196;-0.0742;3.8065;true;2.31
352;acrobat;1;-9.7695;-0.1615;3.6810;false;2.31
353;clown;0;-7.3886;0.0619;3.5403;true;2.40
353;clown;1;-7.2607;-0.0073;3.2831;false;2.40
353;acrobat;0;-9.3716;-0.1247;3.7992;true;2.32
353;acrobat;1;-9.7697;-0.1614;3.6803;false;2.32
354;clown;0;-7.2524;0.0822;3.5407;true;2.40
354;clown;1;-7.2607;-0.0073;3.2841;false;2.40
354;acrobat;0;-9.3671;-0.1450;3.7995;false;2.32
354;acrobat;1;-9.7700;-0.1614;3.6789;false;2.32
355;clown;0;-7.1137;0.0800;3.5409;true;2.40
355;clown;1;-7.2607;-0.0073;3.2845;false;2.40
355;acrobat;0;-9.3668;-0.1450;3.8008;false;2.32
355;acrobat;1;-9.7706;-0.1612;3.6750;true;2.32
356;clown;0;-7.0033;0.0560;3.5378;true;2.40
356;clown;1;-7.2607;-0.0073;3.2840;false;2.40
356;acrobat;0;-9.3665;-0.1450;3.8018;false;2.32
356;acrobat;1;-9.7407;-0.1051;3.6717;true;2.32
357;clown;0;-6.9504;0.0163;3.5374;true;2.40
357;clown;1;-7.2608;-0.0071;3.2813;false;2.40
357;acrobat;0;-9.3665;-0.1450;3.8021;false;2.32
357;acrobat;1;-9.6605;-0.0547;3.6664;true;2.32
358;clown;0;-6.9490;0.0093;3.5389;false;2.40
358;clown;1;-7.2610;-0.0068;3.2754;true;2.40
358;acrobat;0;-9.3666;-0.1450;3.8018;false;2.33
358;acrobat;1;-9.5470;-0.0170;3.6540;true;2.33
359;clown;0;-6.9487;0.0094;3.5409;false;2.40
359;clown;1;-7.2197;0.0389;3.2760;true;2.40
359;acrobat;0;-9.3667;-0.1450;3.8012;false;2.33
359;acrobat;1;-9.4159;0.0026;3.6355;true;2.33
360;clown;0;-6.9487;0.0094;3.5414;false;2.40
360;clown;1;-7.1156;0.0764;3.2845;true;2.40
360;acrobat;0;-9.3668;-0.1450;3.8006;false;2.33
360;acrobat;1;-9.2822;0.0013;3.6170;true;2.33
361;clown;0;-6.9487;0.0094;3.5408;false;2.40
361;clown;1;-6.9794;0.0968;3.2846;true;2.40
361;acrobat;0;-9.3669;-0.1450;3.8002;false;2.33
361;acrobat;1;-9.1615;-0.0206;3.6028;true;2.33
362;clown;0;-6.9487;0.0094;3.5399;false;2.40
362;clown;1;-6.8408;0.0947;3.2839;true;2.40
362;acrobat;0;-9.3669;-0.1450;3.8001;false;2.33
362;acrobat;1;-9.0702;-0.0600;3.5927;true;2.33
363;clown;0;-6.9486;0.0093;3.5390;false;2.40
363;clown;1;-6.7303;0.0707;3.2866;true;2.40
363;acrobat;0;-9.3668;-0.1450;3.8004;false;2.33
363;acrobat;1;-9.0237;-0.1115;3.5865;true;2.33
364;clown;0;-6.9486;0.0093;3.5393;false;2.40
364;clown;1;-6.6775;0.0310;3.2874;true;2.40
364;acrobat;0;-9.3668;-0.1450;3.8014;false;2.34
364;acrobat;1;-9.0208;-0.1280;3.5856;false;2.34
365;clown;0;-6.9489;0.0095;3.5426;false;2.40
365;clown;1;-6.6761;0.0240;3.2859;false;2.40
365;acrobat;0;-9.3666;-0.1449;3.8042;true;2.34
365;acrobat;1;-9.0207;-0.1279;3.5846;false;2.34
366;clown;0;-6.9490;0.0098;3.5491;true;2.40
366;clown;1;-6.6758;0.0241;3.2838;false;2.40
366;acrobat;0;-9.3364;-0.0883;3.8004;true;2.34
366;acrobat;1;-9.0207;-0.1279;3.5834;false;2.34
367;clown;0;-6.9077;0.0555;3.5479;true;2.40
367;clown;1;-6.6757;0.0241;3.2828;false;2.40
367;acrobat;0;-9.2565;-0.0375;3.7881;true;2.34
367;acrobat;1;-9.0207;-0.1279;3.5828;false;2.34
368;clown;0;-6.8038;0.0933;3.5404;true;2.40
368;clown;1;-6.6758;0.0241;3.2833;false;2.40
368;acrobat;0;-9.1424;0.0005;3.7746;true;2.34
368;acrobat;1;-9.0207;-0.1279;3.5829;false;2.34
369;clown;0;-6.6676;0.1139;3.5408;true;2.40
369;clown;1;-6.6758;0.0241;3.2842;false;2.40
369;acrobat;0;-9.0100;0.0200;3.7621;true;2.34
369;acrobat;1;-9.0206;-0.1279;3.5832;false;2.34
370;clown;0;-6.5291;0.1120;3.5410;true;2.40
370;clown;1;-6.6758;0.0241;3.2846;false;2.40
370;acrobat;0;-8.8755;0.0183;3.7480;true;2.35
370;acrobat;1;-9.0206;-0.1279;3.5834;false;2.35
371;clown;0;-6.4188;0.0881;3.5379;true;2.40
371;clown;1;-6.6758;0.0241;3.2841;false;2.40
371;acrobat;0;-8.7554;-0.0042;3.7328;true;2.35
371;acrobat;1;-9.0206;-0.1279;3.5835;false;2.35
372;clown;0;-6.3660;0.0485;3.5375;true;2.40
372;clown;1;-6.6759;0.0242;3.2815;false;2.40
372;acrobat;0;-8.6655;-0.0444;3.7211;true;2.35
372;acrobat;1;-9.0206;-0.1279;3.5832;false;2.35
373;clown;0;-6.3646;0.0416;3.5389;false;2.40
373;clown;1;-6.6761;0.0245;3.2756;true;2.40
373;acrobat;0;-8.6213;-0.0964;3.7166;true;2.35
373;acrobat;1;-9.0208;-0.1279;3.5823;false;2.35
374;clown;0;-6.3643;0.0416;3.5409;false;2.40
374;clown;1;-6.6349;0.0704;3.2762;true;2.40
374;acrobat;0;-8.6191;-0.1101;3.7173;false;2.35
374;acrobat;1;-9.0210;-0.1278;3.5806;false;2.35
375;clown;0;-6.3642;0.0416;3.5414;false;2.40
375;clown;1;-6.5309;0.1082;3.2846;true;2.40
375;acrobat;0;-8.6187;-0.1101;3.7185;false;2.35
375;acrobat;1;-9.0215;-0.1277;3.5765;true;2.35
376;clown;0;-6.3643;0.0416;3.5409;false;2.40
376;clown;1;-6.3948;0.1289;3.2847;true;2.40
376;acrobat;0;-8.6185;-0.1101;3.7195;false;2.35
376;acrobat;1;-8.9904;-0.0707;3.5742;true;2.35
377;clown;0;-6.3643;0.0416;3.5400;false;2.40
377;clown;1;-6.2564;0.1271;3.2840;true;2.40
377;acrobat;0;-8.6185;-0.1101;3.7198;false;2.35
377;acrobat;1;-8.9071;-0.0196;3.5720;true;2.35
378;clown;0;-6.3642;0.0416;3.5391;false;2.40
378;clown;1;-6.1460;0.1034;3.2866;true;2.40
378;acrobat;0;-8.6186;-0.1101;3.7195;false;2.35
378;acrobat;1;-8.7895;0.0186;3.5636;true;2.35
379;clown;0;-6.3642;0.0416;3.5394;false;2.40
379;clown;1;-6.0933;0.0638;3.2874;true;2.40
379;acrobat;0;-8.6187;-0.1101;3.7189;false;2.36
379;acrobat;1;-8.6542;0.0381;3.5494;true;2.36
380;clown;0;-6.3644;0.0418;3.5427;false;2.40
380;clown;1;-6.0919;0.0569;3.2860;false;2.40
380;acrobat;0;-8.6188;-0.1101;3.7183;false;2.36
380;acrobat;1;-8.5168;0.0362;3.5356;true;2.36
381;clown;0;-6.3646;0.0421;3.5491;true;2.40
381;clown;1;-6.0916;0.0569;3.2839;false;2.40
381;acrobat;0;-8.6188;-0.1101;3.7180;false;2.36
381;acrobat;1;-8.3942;0.0133;3.5258;true;2.36
382;clown;0;-6.3233;0.0878;3.5479;true;2.40
382;clown;1;-6.0915;0.0569;3.2828;false;2.40
382;acrobat;0;-8.6188;-0.1101;3.7181;false;2.36
382;acrobat;1;-8.3033;-0.0274;3.5190;true;2.36
383;clown;0;-6.2194;0.1258;3.5405;true;2.40
383;clown;1;-6.0916;0.0569;3.2833;false;2.40
383;acrobat;0;-8.6188;-0.1101;3.7187;false;2.36
383;acrobat;1;-8.2602;-0.0799;3.5147;true;2.36
384;clown;0;-6.0834;0.1466;3.5408;true;2.40
384;clown;1;-6.0916;0.0569;3.2843;false;2.40
384;acrobat;0;-8.6187;-0.1100;3.7200;false;2.36
384;acrobat;1;-8.2588;-0.0913;3.5140;false;2.36
385;clown;0;-5.9450;0.1448;3.5410;true;2.40
385;clown;1;-6.0916;0.0569;3.2847;false;2.40
385;acrobat;0;-8.6186;-0.1099;3.7233;true;2.36
385;acrobat;1;-8.2587;-0.0912;3.5129;false;2.36
386;clown;0;-5.8348;0.1211;3.5379;true;2.40
386;clown;1;-6.0916;0.0569;3.2841;false;2.40
386;acrobat;0;-8.5873;-0.0527;3.7203;true;2.36
386;acrobat;1;-8.2586;-0.0912;3.5117;false;2.36
387;clown;0;-5.7820;0.0816;3.5375;true;2.40
387;clown;1;-6.0918;0.0570;3.2816;false;2.40
387;acrobat;0;-8.5047;-0.0011;3.7094;true;2.36
387;acrobat;1;-8.2586;-0.0912;3.5112;false;2.36
388;clown;0;-5.7805;0.0747;3.5390;false;2.40
388;clown;1;-6.0919;0.0573;3.2758;true;2.40
388;acrobat;0;-8.3870;0.0373;3.6986;true;2.36
388;acrobat;1;-8.2586;-0.0912;3.5114;false;2.36
389;clown;0;-5.7802;0.0747;3.5410;false;2.40
389;clown;1;-6.0507;0.1032;3.2764;true;2.40
389;acrobat;0;-8.2510;0.0568;3.6897;true;2.36
389;acrobat;1;-8.2586;-0.0912;3.5117;false;2.36
390;clown;0;-5.7802;0.0747;3.5415;false;2.40
390;clown;1;-5.9468;0.1411;3.2847;true;2.40
390;acrobat;0;-8.1135;0.0548;3.6795;true;2.37
390;acrobat;1;-8.2585;-0.0912;3.5120;false;2.37
391;clown;0;-5.7803;0.0747;3.5409;false;2.40
391;clown;1;-5.8108;0.1620;3.2847;true;2.40
391;acrobat;0;-7.9916;0.0316;3.6679;true;2.37
391;acrobat;1;-8.2585;-0.0912;3.5121;false;2.37
392;clown;0;-5.7803;0.0747;3.5400;false;2.40
392;clown;1;-5.6725;0.1603;3.2840;true;2.40
392;acrobat;0;-7.9019;-0.0094;3.6590;true;2.37
392;acrobat;1;-8.2585;-0.0912;3.5117;false;2.37
393;clown;0;-5.7802;0.0747;3.5392;false;2.40
393;clown;1;-5.5622;0.1367;3.2867;true;2.40
393;acrobat;0;-7.8604;-0.0622;3.6562;true;2.37
393;acrobat;1;-8.2587;-0.0912;3.5107;false;2.37
394;clown;0;-5.7802;0.0747;3.5395;false;2.40
394;clown;1;-5.5095;0.0972;3.2875;true;2.40
394;acrobat;0;-7.8591;-0.0719;3.6570;false;2.37
394;acrobat;1;-8.2589;-0.0911;3.5088;false;2.37
395;clown;0;-5.7804;0.0748;3.5427;false;2.40
395;clown;1;-5.5081;0.0903;3.2860;false;2.40
395;acrobat;0;-7.8588;-0.0719;3.6582;false;2.37
395;acrobat;1;-8.2593;-0.0910;3.5047;true;2.37
396;clown;0;-5.7805;0.0751;3.5491;true;2.40
396;clown;1;-5.5078;0.0903;3.2839;false;2.40
396;acrobat;0;-7.8586;-0.0719;3.6592;false;2.37
396;acrobat;1;-8.2274;-0.0335;3.5031;true;2.37
397;clown;0;-5.7393;0.1209;3.5479;true;2.40
397;clown;1;-5.5077;0.0903;3.2829;false;2.40
397;acrobat;0;-7.8586;-0.0719;3.6595;false;2.37
397;acrobat;1;-8.1425;0.0182;3.5032;true;2.37
398;clown;0;-5.6355;0.1590;3.5405;true;2.40
398;clown;1;-5.5078;0.0903;3.2834;false;2.40
398;acrobat;0;-7.8587;-0.0719;3.6591;false;2.37
398;acrobat;1;-8.0224;0.0567;3.4978;true;2.37
399;clown;0;-5.4995;0.1799;3.5409;true;2.40
399;clown;1;-5.5078;0.0903;3.2843;false;2.40
399;acrobat;0;-7.8588;-0.0719;3.6585;false;2.37
399;acrobat;1;-7.8845;0.0764;3.4869;true;2.37
400;clown;0;-5.3612;0.1782;3.5410;true;2.40
400;clown;1;-5.5078;0.0903;3.2847;false;2.40
400;acrobat;0;-7.8588;-0.0719;3.6581;false;2.37
400;acrobat;1;-7.7452;0.0742;3.4766;true;2.37
401;clown;0;-5.2511;0.1546;3.5379;true;2.40
401;clown;1;-5.5079;0.0903;3.2842;false;2.40
401;acrobat;0;-7.8588;-0.0719;3.6579;false;2.37
401;acrobat;1;-7.6216;0.0507;3.4701;true;2.37
402;clown;0;-5.1983;0.1152;3.5375;true;2.40
402;clown;1;-5.5080;0.0905;3.2816;false;2.40
402;acrobat;0;-7.8588;-0.0719;3.6580;false;2.37
402;acrobat;1;-7.5312;0.0094;3.4657;true;2.37
403;clown;0;-5.1969;0.1082;3.5390;false;2.40
403;clown;1;-5.5081;0.0908;3.2758;true;2.40
403;acrobat;0;-7.8588;-0.0718;3.6588;false;2.37
403;acrobat;1;-7.4905;-0.0437;3.4625;true;2.37
404;clown;0;-5.1966;0.1083;3.5409;false;2.40
404;clown;1;-5.4669;0.1367;3.2764;true;2.40
404;acrobat;0;-7.8588;-0.0718;3.6604;false;2.38
404;acrobat;1;-7.4897;-0.0519;3.4619;false;2.38
405;clown;0;-5.1965;0.1083;3.5415;false;2.40
405;clown;1;-5.3631;0.1747;3.2847;true;2.40
405;acrobat;0;-7.8587;-0.0717;3.6639;true;2.38
405;acrobat;1;-7.4895;-0.0519;3.4607;false;2.38
406;clown;0;-5.1966;0.1083;3.5409;false;2.40
406;clown;1;-5.2272;0.1957;3.2847;true;2.40
406;acrobat;0;-7.8268;-0.0140;3.6616;true;2.38
406;acrobat;1;-7.4894;-0.0519;3.4596;false;2.38
407;clown;0;-5.1966;0.1083;3.5400;false;2.40
407;clown;1;-5.0889;0.1941;3.2840;true;2.40
407;acrobat;0;-7.7425;0.0379;3.6519;true;2.38
407;acrobat;1;-7.4894;-0.0519;3.4592;false;2.38
408;clown;0;-5.1965;0.1082;3.5392;false;2.40
408;clown;1;-4.9787;0.1706;3.2867;true;2.40
408;acrobat;0;-7.6227;0.0766;3.6432;true;2.38
408;acrobat;1;-7.4894;-0.0519;3.4594;false;2.38
409;clown;0;-5.1965;0.1082;3.5395;false;2.40
409;clown;1;-4.9260;0.1311;3.2875;true;2.40
409;acrobat;0;-7.4845;0.0963;3.6372;true;2.38
409;acrobat;1;-7.4894;-0.0519;3.4598;false;2.38
410;clown;0;-5.1967;0.1084;3.5427;false;2.40
410;clown;1;-4.9246;0.1242;3.2860;false;2.40
410;acrobat;0;-7.3452;0.0940;3.6299;true;2.38
410;acrobat;1;-7.4894;-0.0519;3.4601;false;2.38
411;clown;0;-5.1969;0.1087;3.5491;true;2.40
411;clown;1;-4.9243;0.1242;3.2839;false;2.40
411;acrobat;0;-7.2222;0.0704;3.6209;true;2.38
411;acrobat;1;-7.4894;-0.0519;3.4601;false;2.38
412;clown;0;-5.1556;0.1545;3.5479;true;2.40
412;clown;1;-4.9242;0.1242;3.2829;false;2.40
412;acrobat;0;-7.1326;0.0289;3.6140;true;2.38
412;acrobat;1;-7.4894;-0.0519;3.4597;false;2.38
413;clown;0;-5.0519;0.1927;3.5405;true;2.40
413;clown;1;-4.9243;0.1242;3.2834;false;2.40
413;acrobat;0;-7.0929;-0.0244;3.6123;true;2.38
413;acrobat;1;-7.4895;-0.0518;3.4586;false;2.38
414;clown;0;-4.9160;0.2137;3.5409;true;2.40
414;clown;1;-4.9243;0.1242;3.2843;false;2.40
414;acrobat;0;-7.0922;-0.0316;3.6131;false;2.38
414;acrobat;1;-7.4897;-0.0517;3.4567;false;2.38
415;clown;0;-4.7777;0.2122;3.5410;true;2.40
415;clown;1;-4.9243;0.1242;3.2847;false;2.40
415;acrobat;0;-7.0919;-0.0316;3.6143;false;2.38
415;acrobat;1;-7.4900;-0.0516;3.4525;true;2.38
416;clown;0;-4.6676;0.1887;3.5379;true;2.40
416;clown;1;-4.9244;0.1242;3.2842;false;2.40
416;acrobat;0;-7.0917;-0.0316;3.6153;false;2.38
416;acrobat;1;-7.4577;0.0062;3.4515;true;2.38
417;clown;0;-4.6149;0.1493;3.5375;true;2.40
417;clown;1;-4.9245;0.1244;3.2816;false;2.40
417;acrobat;0;-7.0917;-0.0316;3.6156;false;2.38
417;acrobat;1;-7.3718;0.0583;3.4533;true;2.38
418;clown;0;-4.6135;0.1424;3.5390;false;2.40
418;clown;1;-4.9246;0.1247;3.2759;true;2.40
418;acrobat;0;-7.0918;-0.0316;3.6152;false;2.38
418;acrobat;1;-7.2504;0.0971;3.4501;true;2.38
419;clown;0;-4.6132;0.1424;3.5409;false;2.40
419;clown;1;-4.8834;0.1706;3.2765;true;2.40
419;acrobat;0;-7.0919;-0.0316;3.6147;false;2.38
419;acrobat;1;-7.1110;0.1169;3.4417;true;2.38
420;clown;0;-4.6131;0.1424;3.5415;false;2.40
420;clown;1;-4.7796;0.2086;3.2847;true;2.40
420;acrobat;0;-7.0919;-0.0316;3.6142;false;2.38
420;acrobat;1;-6.9705;0.1146;3.4341;true;2.38
421;clown;0;-4.6132;0.1424;3.5401;false;1.96
421;clown;1;-4.6695;0.2275;3.2840;true;1.96
421;acrobat;0;-7.0919;-0.0316;3.6141;false;2.36
421;acrobat;1;-6.8473;0.0912;3.4299;true;2.36
422;clown;0;-4.6134;0.1423;3.5388;false;1.97
422;clown;1;-4.5548;0.2307;3.2752;true;1.97
422;acrobat;0;-7.0919;-0.0316;3.6144;false;2.34
422;acrobat;1;-6.7582;0.0505;3.4271;true;2.34
423;clown;0;-4.6137;0.1422;3.5381;false;2.26
423;clown;1;-4.4411;0.2124;3.2654;true;2.26
423;acrobat;0;-7.0919;-0.0316;3.6152;false;2.32
423;acrobat;1;-6.7178;-0.0012;3.4246;true;2.32
424;clown;0;-4.6133;0.1424;3.5405;false;2.40
424;clown;1;-4.3708;0.1710;3.2657;true;2.40
424;acrobat;0;-7.0919;-0.0315;3.6167;false;2.30
424;acrobat;1;-6.7167;-0.0105;3.4236;false;2.30
425;clown;0;-4.6103;0.1431;3.5477;false;2.40
425;clown;1;-4.3686;0.1378;3.2602;false;2.40
425;acrobat;0;-7.0918;-0.0314;3.6202;true;2.28
425;acrobat;1;-6.7166;-0.0105;3.4222;false;2.28
426;clown;0;-4.6031;0.1438;3.5595;true;2.40
426;clown;1;-4.3757;0.1307;3.2454;false;2.40
426;acrobat;0;-7.0627;0.0237;3.6177;true;2.27
426;acrobat;1;-6.7165;-0.0105;3.4210;false;2.27
427;clown;0;-4.5701;0.1892;3.5312;true;2.40
427;clown;1;-4.3751;0.1359;3.2526;false;2.40
427;acrobat;0;-6.9860;0.0738;3.6077;true;2.25
427;acrobat;1;-6.7165;-0.0105;3.4206;false;2.25
428;clown;0;-4.4930;0.2259;3.4514;true;2.40
428;clown;1;-4.3691;0.1421;3.2617;false;2.40
428;acrobat;0;-6.8768;0.1125;3.5980;true;2.24
428;acrobat;1;-6.7166;-0.0105;3.4209;false;2.24
429;clown;0;-4.3805;0.2458;3.3668;true;2.40
429;clown;1;-4.3596;0.1470;3.2686;false;2.40
429;acrobat;0;-6.7497;0.1350;3.5904;true;2.22
429;acrobat;1;-6.7166;-0.0105;3.4214;false;2.22
430;clown;0;-4.2627;0.2427;3.2851;true;2.40
430;clown;1;-4.3513;0.1491;3.2715;false;2.40
430;acrobat;0;-6.6190;0.1385;3.5817;true;2.21
430;acrobat;1;-6.7166;-0.0105;3.4219;false;2.21
431;clown;0;-4.1727;0.2188;3.2129;true;2.40
431;clown;1;-4.3468;0.1489;3.2721;false;2.40
431;acrobat;0;-6.4989;0.1233;3.5707;true;2.20
431;acrobat;1;-6.7165;-0.0105;3.4222;false;2.20
432;clown;0;-4.1312;0.1794;3.1767;true;2.40
432;clown;1;-4.3432;0.1467;3.2714;true;2.40
432;acrobat;0;-6.4027;0.0912;3.5607;true;2.19
432;acrobat;1;-6.7165;-0.0105;3.4224;false;2.19
433;clown;0;-4.1306;0.1724;3.1756;false;2.40
433;clown;1;-4.3369;0.1883;3.2325;true;2.40
433;acrobat;0;-6.3427;0.0467;3.5554;true;2.18
433;acrobat;1;-6.7165;-0.0105;3.4221;false;2.18
434;clown;0;-4.1313;0.1724;3.1749;false;2.40
434;clown;1;-4.3059;0.2285;3.1442;true;2.40
434;acrobat;0;-6.3288;0.0104;3.5542;false;2.18
434;acrobat;1;-6.7166;-0.0104;3.4219;false;2.18
435;clown;0;-4.1321;0.1724;3.1740;false;2.40
435;clown;1;-4.2527;0.2487;3.0248;true;2.40
435;acrobat;0;-6.3286;0.0105;3.5546;false;2.17
435;acrobat;1;-6.7170;-0.0104;3.4198;true;2.17
436;clown;0;-4.1330;0.1724;3.1729;false;2.40
436;clown;1;-4.1811;0.2509;2.9140;true;2.40
436;acrobat;0;-6.3280;0.0106;3.5561;false;2.16
436;acrobat;1;-6.6919;0.0422;3.4156;true;2.16
437;clown;0;-4.1336;0.1723;3.1721;false;2.40
437;clown;1;-4.1217;0.2291;2.8335;true;2.40
437;acrobat;0;-6.3276;0.0107;3.5572;false;2.16
437;acrobat;1;-6.6243;0.0908;3.4062;true;2.16
438;clown;0;-4.1332;0.1723;3.1726;false;2.40
438;clown;1;-4.0963;0.1885;2.7939;true;2.40
438;acrobat;0;-6.3272;0.0107;3.5580;false;2.15
438;acrobat;1;-6.5275;0.1293;3.3902;true;2.15
439;clown;0;-4.1306;0.1726;3.1758;false;2.40
439;clown;1;-4.0968;0.1816;2.7912;false;2.40
439;acrobat;0;-6.3271;0.0107;3.5584;false;2.15
439;acrobat;1;-6.4137;0.1533;3.3684;true;2.15
440;clown;0;-4.1254;0.1730;3.1815;true;2.40
440;clown;1;-4.0984;0.1817;2.7889;false;2.40
440;acrobat;0;-6.3270;0.0108;3.5586;false;2.15
440;acrobat;1;-6.2944;0.1599;3.3453;true;2.15
441;clown;0;-4.0963;0.2180;3.1516;true;2.40
441;clown;1;-4.0994;0.1817;2.7875;false;2.40
441;acrobat;0;-6.3269;0.0107;3.5588;false;2.14
441;acrobat;1;-6.1810;0.1485;3.3248;true;2.14
442;clown;0;-4.0276;0.2537;3.0716;true;2.40
442;clown;1;-4.0993;0.1817;2.7878;false;2.40
442;acrobat;0;-6.3268;0.0107;3.5590;false;2.14
442;acrobat;1;-6.0855;0.1207;3.3087;true;2.14
443;clown;0;-3.9292;0.2717;2.9757;true;2.40
443;clown;1;-4.0986;0.1817;2.7887;false;2.40
443;acrobat;0;-6.3267;0.0108;3.5596;false;2.14
443;acrobat;1;-6.0198;0.0798;3.2973;true;2.14
444;clown;0;-3.8286;0.2671;2.8786;true;2.40
444;clown;1;-4.0979;0.1817;2.7893;false;2.40
444;acrobat;0;-6.3267;0.0108;3.5595;false;2.14
444;acrobat;1;-5.9956;0.0309;3.2919;false;2.14
445;clown;0;-3.7511;0.2413;2.7985;true;2.40
445;clown;1;-4.0978;0.1817;2.7895;false;2.40
445;acrobat;0;-6.3258;0.0110;3.5636;true;2.14
445;acrobat;1;-5.9958;0.0308;3.2903;false;2.14
446;clown;0;-3.7136;0.2007;2.7607;true;2.40
446;clown;1;-4.0990;0.1818;2.7884;false;2.40
446;acrobat;0;-6.3024;0.0629;3.5557;true;2.14
446;acrobat;1;-5.9960;0.0308;3.2894;false;2.14
447;clown;0;-3.7116;0.1937;2.7607;false;2.40
447;clown;1;-4.1025;0.1820;2.7852;true;2.40
447;acrobat;0;-6.2403;0.1107;3.5317;true;2.14
447;acrobat;1;-5.9963;0.0307;3.2890;false;2.14
448;clown;0;-3.7102;0.1937;2.7618;false;2.40
448;clown;1;-4.0736;0.2271;2.7567;true;2.40
448;acrobat;0;-6.1496;0.1490;3.5003;true;2.14
448;acrobat;1;-5.9965;0.0307;3.2893;false;2.14
449;clown;0;-3.7099;0.1937;2.7620;false;2.40
449;clown;1;-3.9973;0.2632;2.6884;true;2.40
449;acrobat;0;-6.0410;0.1731;3.4672;true;2.14
449;acrobat;1;-5.9965;0.0308;3.2899;false;2.14
450;clown;0;-3.7095;0.1937;2.7626;false;2.50
450;clown;1;-3.8978;0.2817;2.5903;true;2.50
450;acrobat;0;-5.9256;0.1800;3.4331;true;2.15
450;acrobat;1;-5.9963;0.0308;3.2907;false;2.15
451;clown;0;-3.7094;0.1937;2.7631;false;2.50
451;clown;1;-3.7935;0.2745;2.4996;true;2.50
451;acrobat;0;-5.8155;0.1687;3.3990;true;2.17
451;acrobat;1;-5.9961;0.0309;3.2914;false;2.17
452;clown;0;-3.7094;0.1937;2.7637;false;2.41
452;clown;1;-3.7181;0.2411;2.4408;true;2.41
452;acrobat;0;-5.7230;0.1404;3.3692;true;2.17
452;acrobat;1;-5.9959;0.0309;3.2920;false;2.17
453;clown;0;-3.7095;0.1936;2.7642;false;2.40
453;clown;1;-3.6912;0.1948;2.4173;true;2.40
453;acrobat;0;-5.6593;0.0985;3.3491;true;2.18
453;acrobat;1;-5.9957;0.0309;3.2925;false;2.18
454;clown;0;-3.7100;0.1937;2.7632;false;2.40
454;clown;1;-3.6928;0.1907;2.4210;false;2.40
454;acrobat;0;-5.6364;0.0500;3.3422;false;2.18
454;acrobat;1;-5.9956;0.0309;3.2927;false;2.18
455;clown;0;-3.7106;0.1938;2.7605;true;2.40
455;clown;1;-3.6951;0.1939;2.4140;false;2.40
455;acrobat;0;-5.6360;0.0501;3.3429;false;2.19
455;acrobat;1;-5.9955;0.0309;3.2928;true;2.19
456;clown;0;-3.6732;0.2391;2.7584;true;2.40
456;clown;1;-3.6951;0.2009;2.3937;false;2.40
456;acrobat;0;-5.6353;0.0502;3.3442;false;2.19
456;acrobat;1;-5.9724;0.0841;3.2847;true;2.19
457;clown;0;-3.5786;0.2760;2.7554;true;2.40
457;clown;1;-3.6912;0.2054;2.3728;false;2.40
457;acrobat;0;-5.6349;0.0502;3.3450;false;2.20
457;acrobat;1;-5.9107;0.1331;3.2627;true;2.20
458;clown;0;-3.4555;0.2952;2.7460;true;2.40
458;clown;1;-3.6765;0.2132;2.3589;true;2.40
458;acrobat;0;-5.6347;0.0502;3.3454;false;2.20
458;acrobat;1;-5.8219;0.1716;3.2296;true;2.20
459;clown;0;-3.3324;0.2915;2.7311;true;2.40
459;clown;1;-3.6497;0.2479;2.3818;true;2.40
459;acrobat;0;-5.6347;0.0502;3.3454;false;2.20
459;acrobat;1;-5.7168;0.1946;3.1906;true;2.20
460;clown;0;-3.2330;0.2661;2.7228;true;2.40
460;clown;1;-3.5553;0.2808;2.4237;true;2.40
460;acrobat;0;-5.6347;0.0502;3.3452;false;2.21
460;acrobat;1;-5.6061;0.1992;3.1522;true;2.21
461;clown;0;-3.1833;0.2265;2.7235;true;2.40
461;clown;1;-3.4234;0.2993;2.4522;true;2.40
461;acrobat;0;-5.6347;0.0502;3.3450;false;2.21
461;acrobat;1;-5.5016;0.1849;3.1189;true;2.21
462;clown;0;-3.1815;0.2196;2.7251;false;2.40
462;clown;1;-3.2918;0.2984;2.4640;true;2.40
462;acrobat;0;-5.6347;0.0502;3.3448;false;2.22
462;acrobat;1;-5.4161;0.1533;3.0923;true;2.22
463;clown;0;-3.1813;0.2196;2.7271;false;2.40
463;clown;1;-3.1871;0.2738;2.4718;true;2.40
463;acrobat;0;-5.6347;0.0502;3.3448;false;2.22
463;acrobat;1;-5.3616;0.1086;3.0744;true;2.22
464;clown;0;-3.1813;0.2196;2.7286;false;2.40
464;clown;1;-3.1367;0.2334;2.4779;true;2.40
464;acrobat;0;-5.6347;0.0502;3.3447;false;2.22
464;acrobat;1;-5.3478;0.0694;3.0695;false;2.22
465;clown;0;-3.1814;0.2196;2.7291;false;2.40
465;clown;1;-3.1356;0.2263;2.4786;false;2.40
465;acrobat;0;-5.6342;0.0503;3.3473;true;2.23
465;acrobat;1;-5.3479;0.0695;3.0687;false;2.23
466;clown;0;-3.1814;0.2196;2.7289;false;2.40
466;clown;1;-3.1355;0.2264;2.4791;false;2.40
466;acrobat;0;-5.6090;0.1044;3.3397;true;2.23
466;acrobat;1;-5.3479;0.0695;3.0674;false;2.23
467;clown;0;-3.1814;0.2196;2.7282;false;2.40
467;clown;1;-3.1355;0.2264;2.4794;false;2.40
467;acrobat;0;-5.5420;0.1541;3.3181;true;2.24
467;acrobat;1;-5.3480;0.0696;3.0665;false;2.24
468;clown;0;-3.1814;0.2196;2.7272;false;2.40
468;clown;1;-3.1355;0.2264;2.4795;false;2.40
468;acrobat;0;-5.4449;0.1927;3.2899;true;2.24
468;acrobat;1;-5.3480;0.0696;3.0661;false;2.24
469;clown;0;-3.1814;0.2197;2.7260;false;2.40
469;clown;1;-3.1355;0.2264;2.4797;false;2.40
469;acrobat;0;-5.3302;0.2151;3.2595;true;2.24
469;acrobat;1;-5.3480;0.0696;3.0661;false;2.24
470;clown;0;-3.1814;0.2197;2.7248;true;2.40
470;clown;1;-3.1355;0.2264;2.4799;false;2.40
470;acrobat;0;-5.2111;0.2182;3.2280;true;2.25
470;acrobat;1;-5.3479;0.0696;3.0662;false;2.25
471;clown;0;-3.1430;0.2656;2.7249;true;2.40
471;clown;1;-3.1355;0.2264;2.4799;false;2.40
471;acrobat;0;-5.1012;0.2018;3.1972;true;2.25
471;acrobat;1;-5.3479;0.0696;3.0663;false;2.25
472;clown;0;-3.0465;0.3038;2.7290;true;2.40
472;clown;1;-3.1280;0.2349;2.4768;false;2.40
472;acrobat;0;-5.0133;0.1680;3.1718;true;2.25
472;acrobat;1;-5.3478;0.0695;3.0664;false;2.25
473;clown;0;-2.9195;0.3245;2.7340;true;2.40
473;clown;1;-3.1075;0.2566;2.4711;true;2.40
473;acrobat;0;-4.9600;0.1212;3.1571;true;2.26
473;acrobat;1;-5.3479;0.0696;3.0660;false;2.26
474;clown;0;-2.7910;0.3229;2.7322;true;2.40
474;clown;1;-3.0925;0.2724;2.4658;true;2.40
474;acrobat;0;-4.9499;0.0893;3.1553;false;2.26
474;acrobat;1;-5.3481;0.0696;3.0655;false;2.26
475;clown;0;-2.6886;0.2993;2.7300;true;2.40
475;clown;1;-2.9846;0.3106;2.4784;true;2.40
475;acrobat;0;-4.9494;0.0893;3.1565;false;2.27
475;acrobat;1;-5.3490;0.0697;3.0622;true;2.27
476;clown;0;-2.6390;0.2598;2.7320;true;2.40
476;clown;1;-2.8425;0.3312;2.4816;true;2.40
476;acrobat;0;-4.9491;0.0892;3.1575;false;2.27
476;acrobat;1;-5.3216;0.1248;3.0573;true;2.27
477;clown;0;-2.6377;0.2529;2.7331;false;2.40
477;clown;1;-2.6985;0.3295;2.4777;true;2.40
477;acrobat;0;-4.9491;0.0892;3.1578;false;2.27
477;acrobat;1;-5.2481;0.1750;3.0462;true;2.27
478;clown;0;-2.6377;0.2529;2.7335;false;2.40
478;clown;1;-2.5832;0.3059;2.4776;true;2.40
478;acrobat;0;-4.9492;0.0892;3.1576;false;2.28
478;acrobat;1;-5.1437;0.2138;3.0266;true;2.28
479;clown;0;-2.6377;0.2529;2.7329;false;2.40
479;clown;1;-2.5281;0.2664;2.4783;true;2.40
479;acrobat;0;-4.9494;0.0893;3.1570;false;2.28
479;acrobat;1;-5.0225;0.2357;3.0003;true;2.28
480;clown;0;-2.6377;0.2529;2.7323;false;2.40
480;clown;1;-2.5269;0.2594;2.4777;false;2.40
480;acrobat;0;-4.9496;0.0893;3.1564;false;2.28
480;acrobat;1;-4.8975;0.2376;2.9735;true;2.28
481;clown;0;-2.6377;0.2529;2.7320;false;2.40
481;clown;1;-2.5268;0.2594;2.4769;false;2.40
481;acrobat;0;-4.9496;0.0893;3.1559;false;2.28
481;acrobat;1;-4.7825;0.2195;2.9510;true;2.28
482;clown;0;-2.6377;0.2529;2.7322;false;2.40
482;clown;1;-2.5268;0.2594;2.4762;false;2.40
482;acrobat;0;-4.9497;0.0893;3.1556;false;2.29
482;acrobat;1;-4.6923;0.1838;2.9341;true;2.29
483;clown;0;-2.6377;0.2529;2.7331;false;2.40
483;clown;1;-2.5268;0.2594;2.4757;false;2.40
483;acrobat;0;-4.9497;0.0893;3.1556;false;2.29
483;acrobat;1;-4.6412;0.1352;2.9238;true;2.29
484;clown;0;-2.6378;0.2529;2.7348;true;2.40
484;clown;1;-2.5268;0.2594;2.4756;false;2.40
484;acrobat;0;-4.9496;0.0893;3.1559;false;2.29
484;acrobat;1;-4.6346;0.1095;2.9221;false;2.29
485;clown;0;-2.5995;0.2986;2.7344;true;2.40
485;clown;1;-2.5268;0.2594;2.4767;false;2.40
485;acrobat;0;-4.9494;0.0893;3.1578;true;2.30
485;acrobat;1;-4.6346;0.1095;2.9212;false;2.30
486;clown;0;-2.5033;0.3364;2.7336;true;2.40
486;clown;1;-2.5268;0.2594;2.4768;false;2.40
486;acrobat;0;-4.9214;0.1451;3.1526;true;2.30
486;acrobat;1;-4.6346;0.1096;2.9199;false;2.30
487;clown;0;-2.3769;0.3565;2.7355;true;2.40
487;clown;1;-2.5246;0.2623;2.4737;false;2.40
487;acrobat;0;-4.8471;0.1961;3.1375;true;2.30
487;acrobat;1;-4.6346;0.1096;2.9192;false;2.30
488;clown;0;-2.2487;0.3542;2.7335;true;2.40
488;clown;1;-2.5143;0.2738;2.4684;true;2.40
488;acrobat;0;-4.7404;0.2351;3.1190;true;2.30
488;acrobat;1;-4.6346;0.1096;2.9191;false;2.30
489;clown;0;-2.1465;0.3300;2.7303;true;2.40
489;clown;1;-2.4857;0.3057;2.4684;true;2.40
489;acrobat;0;-4.6157;0.2565;3.0994;true;2.31
489;acrobat;1;-4.6346;0.1096;2.9192;false;2.31
490;clown;0;-2.0972;0.2903;2.7314;true;2.40
490;clown;1;-2.3813;0.3434;2.4780;true;2.40
490;acrobat;0;-4.4882;0.2575;3.0779;true;2.31
490;acrobat;1;-4.6345;0.1096;2.9194;false;2.31
491;clown;0;-2.0959;0.2833;2.7327;false;2.40
491;clown;1;-2.2447;0.3640;2.4795;true;2.40
491;acrobat;0;-4.3729;0.2381;3.0561;true;2.31
491;acrobat;1;-4.6345;0.1096;2.9195;false;2.31
492;clown;0;-2.0958;0.2833;2.7333;false;2.40
492;clown;1;-2.1059;0.3622;2.4769;true;2.40
492;acrobat;0;-4.2844;0.2009;3.0389;true;2.31
492;acrobat;1;-4.6345;0.1096;2.9193;false;2.31
493;clown;0;-2.0958;0.2833;2.7329;false;2.40
493;clown;1;-1.9949;0.3385;2.4780;true;2.40
493;acrobat;0;-4.2367;0.1510;3.0307;true;2.32
493;acrobat;1;-4.6347;0.1096;2.9186;false;2.32
494;clown;0;-2.0957;0.2833;2.7317;false;2.40
494;clown;1;-1.9418;0.2989;2.4788;true;2.40
494;acrobat;0;-4.2321;0.1305;3.0308;false;2.32
494;acrobat;1;-4.6350;0.1096;2.9173;false;2.32
495;clown;0;-2.0957;0.2833;2.7311;false;2.40
495;clown;1;-1.9406;0.2919;2.4779;false;2.40
495;acrobat;0;-4.2317;0.1305;3.0321;false;2.32
495;acrobat;1;-4.6357;0.1098;2.9135;true;2.32
496;clown;0;-2.0957;0.2833;2.7314;false;2.40
496;clown;1;-1.9405;0.2919;2.4767;false;2.40
496;acrobat;0;-4.2314;0.1305;3.0330;false;2.32
496;acrobat;1;-4.6060;0.1662;2.9099;true;2.32
497;clown;0;-2.0958;0.2833;2.7323;false;1.93
497;clown;1;-1.9406;0.2919;2.4774;false;1.93
497;acrobat;0;-4.2317;0.1305;3.0322;false;1.99
497;acrobat;1;-4.5404;0.2107;2.9049;true;1.99
498;clown;0;-2.0958;0.2833;2.7332;true;1.43
498;clown;1;-1.9406;0.2919;2.4777;false;1.43
498;acrobat;0;-4.2321;0.1305;3.0311;false;2.17
498;acrobat;1;-4.4397;0.2496;2.8927;true;2.17
499;clown;0;-2.0875;0.3048;2.7345;true;0.94
499;clown;1;-1.9406;0.2919;2.4776;false;0.94
499;acrobat;0;-4.2324;0.1305;3.0304;false;2.40
499;acrobat;1;-4.3108;0.2753;2.8659;true;2.40
500;clown;0;-2.0642;0.3258;2.7360;true;0.47
500;clown;1;-1.9406;0.2919;2.4770;false;0.47
500;acrobat;0;-4.2325;0.1305;3.0303;false;2.40
500;acrobat;1;-4.1809;0.2771;2.8321;true;2.40
501;clown;0;-2.0289;0.3454;2.7408;true;0.24
501;clown;1;-1.9408;0.2919;2.4780;true;0.24
501;acrobat;0;-4.2324;0.1305;3.0308;false;2.40
501;acrobat;1;-4.0635;0.2542;2.8060;true;2.40
502;clown;0;-1.9803;0.3614;2.7418;true;0.63
502;clown;1;-1.9377;0.3132;2.4745;true;0.63
502;acrobat;0;-4.2319;0.1305;3.0317;false;2.40
502;acrobat;1;-3.9726;0.2123;2.7947;true;2.40
503;clown;0;-1.9388;0.3746;2.7632;true;1.11
503;clown;1;-1.9310;0.3335;2.4737;true;1.11
503;acrobat;0;-4.2307;0.1306;3.0335;false;2.40
503;acrobat;1;-3.9244;0.1597;2.7946;true;2.40
504;clown;0;-1.8838;0.3594;2.7548;true;1.60
504;clown;1;-1.9176;0.3592;2.4757;true;1.60
504;acrobat;0;-4.2290;0.1308;3.0359;false;2.40
504;acrobat;1;-3.9258;0.1373;2.7902;false;2.40
505;clown;0;-1.8709;0.2974;2.7727;true;1.68
505;clown;1;-1.9017;0.3792;2.4812;true;1.68
505;acrobat;0;-4.2250;0.1310;3.0408;true;2.40
505;acrobat;1;-3.9282;0.1372;2.7889;false;2.40
506;clown;0;-1.9278;0.2790;2.7365;true;1.54
506;clown;1;-1.8897;0.3895;2.4878;true;1.54
506;acrobat;0;-4.2012;0.1891;3.0173;true;2.40
506;acrobat;1;-3.9230;0.1411;2.7944;false;2.40
507;clown;0;-1.9557;0.2648;2.6856;true;1.40
507;clown;1;-1.8809;0.3909;2.4925;true;1.40
507;acrobat;0;-4.1416;0.2407;2.9512;true;2.40
507;acrobat;1;-3.9152;0.1454;2.8007;false;2.40
508;clown;0;-1.9570;0.2580;2.6431;true;1.28
508;clown;1;-1.8761;0.3858;2.4941;true;1.28
508;acrobat;0;-4.0521;0.2788;2.8643;true;2.40
508;acrobat;1;-3.9051;0.1490;2.8058;false;2.40
509;clown;0;-1.9446;0.2565;2.6174;true;1.16
509;clown;1;-1.8760;0.3767;2.4916;true;1.16
509;acrobat;0;-3.9394;0.2975;2.7673;true;2.50
509;acrobat;1;-3.8961;0.1512;2.8082;false;2.50
510;clown;0;-1.9268;0.2397;2.6058;true;1.02
510;clown;1;-1.8804;0.3652;2.4847;true;1.02
510;acrobat;0;-3.8248;0.2912;2.6746;true;2.50
510;acrobat;1;-3.8914;0.1519;2.8094;false;2.50
511;clown;0;-1.9096;0.2434;2.6046;true;0.89
511;clown;1;-1.8858;0.3484;2.4776;true;0.89
511;acrobat;0;-3.7312;0.2618;2.5991;true;2.41
511;acrobat;1;-3.8905;0.1521;2.8100;false;2.41
512;clown;0;-1.9011;0.2649;2.6112;true;0.76
512;clown;1;-1.8970;0.3257;2.4699;true;0.76
512;acrobat;0;-3.6711;0.2143;2.5456;true;2.40
512;acrobat;1;-3.8905;0.1521;2.8103;false;2.40
513;clown;0;-1.9019;0.2805;2.6199;true;0.72
513;clown;1;-1.9072;0.3213;2.4811;true;0.72
513;acrobat;0;-3.6523;0.1586;2.5292;false;2.40
513;acrobat;1;-3.8929;0.1517;2.8087;false;2.40
514;clown;0;-1.9125;0.2934;2.6293;true;0.72
514;clown;1;-1.9106;0.3352;2.4903;true;0.72
514;acrobat;0;-3.6544;0.1570;2.5346;false;2.40
514;acrobat;1;-3.8866;0.1529;2.8146;true;2.40
515;clown;0;-1.9329;0.2970;2.6391;true;0.72
515;clown;1;-1.9200;0.3419;2.4988;true;0.72
515;acrobat;0;-3.6579;0.1587;2.5309;false;2.40
515;acrobat;1;-3.8655;0.2101;2.7988;true;2.40
516;clown;0;-1.9877;0.3260;2.6072;true;0.72
516;clown;1;-1.9320;0.3596;2.5290;true;0.72
516;acrobat;0;-3.6598;0.1614;2.5239;false;2.40
516;acrobat;1;-3.8094;0.2584;2.7522;true;2.40
517;clown;0;-2.0726;0.3509;2.5808;true;0.72
517;clown;1;-1.9582;0.3708;2.5675;true;0.72
517;acrobat;0;-3.6594;0.1641;2.5156;false;2.40
517;acrobat;1;-3.7224;0.2915;2.6893;true;2.40
518;clown;0;-2.1588;0.3663;2.5739;true;0.72
518;clown;1;-1.9956;0.3774;2.6075;true;0.72
518;acrobat;0;-3.6570;0.1661;2.5078;false;2.40
518;acrobat;1;-3.6126;0.3080;2.6294;true;2.40
519;clown;0;-2.2483;0.3695;2.5718;true;0.22
519;clown;1;-2.0408;0.3817;2.6429;true;0.22
519;acrobat;0;-3.6540;0.1673;2.5017;false;2.40
519;acrobat;1;-3.4972;0.3066;2.5840;true;2.40
520;clown;0;-2.3275;0.3633;2.5692;true;0.00
520;clown;1;-2.0914;0.3806;2.6745;true;0.00
520;acrobat;0;-3.6515;0.1679;2.4973;false;2.40
520;acrobat;1;-3.3963;0.2843;2.5523;true;2.40
521;clown;0;-2.3911;0.3477;2.5574;true;0.00
521;clown;1;-2.1458;0.3746;2.7026;true;0.00
521;acrobat;0;-3.6497;0.1683;2.4935;false;2.40
521;acrobat;1;-3.3261;0.2422;2.5302;true;2.40
522;clown;0;-2.4348;0.3273;2.5406;true;0.00
522;clown;1;-2.1993;0.3664;2.7213;true;0.00
522;acrobat;0;-3.6479;0.1688;2.4889;true;2.40
522;acrobat;1;-3.2984;0.1876;2.5203;true;2.40
523;clown;0;-2.4545;0.3062;2.5309;true;0.00
523;clown;1;-2.2476;0.3550;2.7340;true;0.00
523;acrobat;0;-3.6221;0.2261;2.5042;true;2.40
523;acrobat;1;-3.2983;0.1846;2.5199;false;2.40
524;clown;0;-2.4551;0.3019;2.5315;true;0.00
524;clown;1;-2.2863;0.3393;2.7446;true;0.00
524;acrobat;0;-3.5484;0.2755;2.5405;true;2.40
524;acrobat;1;-3.2983;0.1846;2.5197;false;2.40
525;clown;0;-2.4509;0.3228;2.5321;true;0.00
525;clown;1;-2.3135;0.3217;2.7505;true;0.00
525;acrobat;0;-3.4394;0.3107;2.5859;true;2.40
525;acrobat;1;-3.2983;0.1846;2.5198;false;2.40
526;clown;0;-2.4392;0.3424;2.5323;true;0.00
526;clown;1;-2.3260;0.3020;2.7525;true;0.00
526;acrobat;0;-3.3097;0.3287;2.6245;true;2.40
526;acrobat;1;-3.2983;0.1846;2.5203;false;2.40
527;clown;0;-2.4214;0.3595;2.5321;true;0.00
527;clown;1;-2.3265;0.2979;2.7525;true;0.00
527;acrobat;0;-3.1787;0.3268;2.6499;true;2.40
527;acrobat;1;-3.2983;0.1846;2.5208;false;2.40
528;clown;0;-2.3989;0.3733;2.5312;true;0.00
528;clown;1;-2.3235;0.3185;2.7541;true;0.00
528;acrobat;0;-3.0653;0.3030;2.6670;true;2.40
528;acrobat;1;-3.2982;0.1845;2.5214;false;2.40
529;clown;0;-2.3729;0.3829;2.5298;true;0.00
529;clown;1;-2.3155;0.3380;2.7564;true;0.00
529;acrobat;0;-2.9853;0.2600;2.6807;true;2.40
529;acrobat;1;-3.2981;0.1845;2.5219;false;2.40
530;clown;0;-2.3449;0.3878;2.5277;true;0.00
530;clown;1;-2.3037;0.3553;2.7591;true;0.00
530;acrobat;0;-2.9529;0.2053;2.6883;true;2.40
530;acrobat;1;-3.2981;0.1845;2.5219;false;2.40
531;clown;0;-2.3161;0.3877;2.5248;true;0.00
531;clown;1;-2.2888;0.3695;2.7616;true;0.00
531;acrobat;0;-2.9526;0.2024;2.6892;false;2.40
531;acrobat;1;-3.2983;0.1845;2.5208;false;2.40
532;clown;0;-2.2879;0.3826;2.5216;true;0.00
532;clown;1;-2.2718;0.3797;2.7636;true;0.00
532;acrobat;0;-2.9524;0.2024;2.6904;false;2.40
532;acrobat;1;-3.2984;0.1846;2.5182;true;2.40
533;clown;0;-2.2616;0.3727;2.5182;true;0.00
533;clown;1;-2.2534;0.3853;2.7648;true;0.00
533;acrobat;0;-2.9522;0.2024;2.6915;false;2.40
533;acrobat;1;-3.2676;0.2428;2.5186;true;2.40
534;clown;0;-2.2385;0.3587;2.5151;true;0.00
534;clown;1;-2.2345;0.3859;2.7652;true;0.00
534;acrobat;0;-2.9522;0.2024;2.6919;false;2.40
534;acrobat;1;-3.1860;0.2952;2.5210;true;2.40
535;clown;0;-2.2199;0.3413;2.5125;true;0.00
535;clown;1;-2.2159;0.3814;2.7649;true;0.00
535;acrobat;0;-2.9522;0.2024;2.6916;false;2.40
535;acrobat;1;-3.0708;0.3338;2.5204;true;2.40
536;clown;0;-2.2070;0.3216;2.5108;true;0.00
536;clown;1;-2.1986;0.3720;2.7643;true;0.00
536;acrobat;0;-2.9522;0.2024;2.6912;false;2.40
536;acrobat;1;-2.9385;0.3528;2.5176;true;2.40
537;clown;0;-2.2013;0.3006;2.5101;true;0.00
537;clown;1;-2.1833;0.3583;2.7636;true;0.00
537;acrobat;0;-2.9522;0.2024;2.6908;false;2.40
537;acrobat;1;-2.8057;0.3495;2.5165;true;2.40
538;clown;0;-2.2011;0.2963;2.5101;false;0.00
538;clown;1;-2.1709;0.3411;2.7633;true;0.00
538;acrobat;0;-2.9522;0.2024;2.6907;false;2.40
538;acrobat;1;-2.6893;0.3246;2.5179;true;2.40
539;clown;0;-2.2011;0.2963;2.5101;false;0.00
539;clown;1;-2.1624;0.3215;2.7631;true;0.00
539;acrobat;0;-2.9522;0.2024;2.6910;false;2.40
539;acrobat;1;-2.6061;0.2818;2.5189;true;2.40
540;clown;0;-2.2011;0.2963;2.5101;false;0.00
540;clown;1;-2.1585;0.3006;2.7630;true;0.00
540;acrobat;0;-2.9523;0.2024;2.6919;false;2.40
540;acrobat;1;-2.5722;0.2275;2.5181;true;2.40
541;clown;0;-2.2011;0.2963;2.5101;false;0.00
541;clown;1;-2.1584;0.2963;2.7630;false;0.00
541;acrobat;0;-2.9524;0.2025;2.6938;false;2.40
541;acrobat;1;-2.5719;0.2245;2.5174;false;2.40
542;clown;0;-2.2011;0.2963;2.5101;false;0.00
542;clown;1;-2.1584;0.2963;2.7630;false;0.00
542;acrobat;0;-2.9525;0.2026;2.6976;true;2.40
542;acrobat;1;-2.5717;0.2245;2.5163;false;2.40
543;clown;0;-2.2011;0.2963;2.5101;false;0.00
543;clown;1;-2.1584;0.2963;2.7630;false;0.00
543;acrobat;0;-2.9197;0.2609;2.6970;true;2.40
543;acrobat;1;-2.5716;0.2245;2.5153;false;2.40
544;clown;0;-2.2011;0.2963;2.5101;false;0.00
544;clown;1;-2.1584;0.2963;2.7630;false;0.00
544;acrobat;0;-2.8331;0.3137;2.6916;true;2.40
544;acrobat;1;-2.5716;0.2245;2.5150;false;2.40
545;clown;0;-2.2011;0.2963;2.5101;false;0.00
545;clown;1;-2.1584;0.2963;2.7630;false;0.00
545;acrobat;0;-2.7107;0.3529;2.6895;true;2.40
545;acrobat;1;-2.5716;0.2245;2.5154;false;2.40
546;clown;0;-2.2011;0.2963;2.5101;false;0.00
546;clown;1;-2.1584;0.2963;2.7630;false;0.00
546;acrobat;0;-2.5702;0.3726;2.6913;true;2.40
546;acrobat;1;-2.5717;0.2245;2.5159;false;2.40
547;clown;0;-2.2011;0.2963;2.5101;false;0.00
547;clown;1;-2.1584;0.2963;2.7630;false;0.00
547;acrobat;0;-2.4291;0.3700;2.6918;true;2.40
547;acrobat;1;-2.5717;0.2245;2.5162;false;2.40
548;clown;0;-2.2011;0.2963;2.5101;false;0.00
548;clown;1;-2.1584;0.2963;2.7630;false;0.00
548;acrobat;0;-2.3056;0.3457;2.6897;true;2.40
548;acrobat;1;-2.5717;0.2245;2.5161;false;2.40
549;clown;0;-2.2011;0.2963;2.5101;false;0.00
549;clown;1;-2.1584;0.2963;2.7630;false;0.00
549;acrobat;0;-2.2172;0.3034;2.6881;true;2.40
549;acrobat;1;-2.5717;0.2245;2.5157;false;2.40
550;clown;0;-2.2011;0.2963;2.5101;false;0.00
550;clown;1;-2.1584;0.2963;2.7630;false;0.00
550;acrobat;0;-2.1811;0.2492;2.6888;true;2.40
550;acrobat;1;-2.5717;0.2246;2.5146;false;2.40
551;clown;0;-2.2011;0.2963;2.5101;false;0.00
551;clown;1;-2.1584;0.2963;2.7630;false;0.00
551;acrobat;0;-2.1808;0.2462;2.6895;false;2.40
551;acrobat;1;-2.5718;0.2246;2.5124;false;2.40
552;clown;0;-2.2011;0.2963;2.5101;false;0.00
552;clown;1;-2.1584;0.2963;2.7630;false;0.00
552;acrobat;0;-2.1806;0.2462;2.6907;false;2.40
552;acrobat;1;-2.5719;0.2247;2.5082;true;2.40
553;clown;0;-2.2011;0.2963;2.5101;false;0.00
553;clown;1;-2.1584;0.2963;2.7630;false;0.00
553;acrobat;0;-2.1805;0.2462;2.6918;false;2.40
553;acrobat;1;-2.5388;0.2831;2.5088;true;2.40
554;clown;0;-2.2011;0.2963;2.5101;false;0.00
554;clown;1;-2.1584;0.2963;2.7630;false;0.00
554;acrobat;0;-2.1805;0.2462;2.6921;false;2.40
554;acrobat;1;-2.4512;0.3357;2.5149;true;2.40
555;clown;0;-2.2011;0.2963;2.5101;false;0.00
555;clown;1;-2.1584;0.2963;2.7630;false;0.00
555;acrobat;0;-2.1805;0.2462;2.6917;false;2.40
555;acrobat;1;-2.3274;0.3748;2.5175;true;2.40
556;clown;0;-2.2011;0.2963;2.5101;false;0.00
556;clown;1;-2.1584;0.2963;2.7630;false;0.00
556;acrobat;0;-2.1806;0.2462;2.6912;false;2.40
556;acrobat;1;-2.1853;0.3944;2.5158;true;2.40
557;clown;0;-2.2011;0.2963;2.5101;false;0.00
557;clown;1;-2.1584;0.2963;2.7630;false;0.00
557;acrobat;0;-2.1806;0.2462;2.6909;false;2.40
557;acrobat;1;-2.0426;0.3918;2.5150;true;2.40
558;clown;0;-2.2011;0.2963;2.5101;false;0.00
558;clown;1;-2.1584;0.2963;2.7630;false;0.00
558;acrobat;0;-2.1806;0.2462;2.6909;false;2.40
558;acrobat;1;-1.9177;0.3674;2.5170;true;2.40
559;clown;0;-2.2011;0.2963;2.5101;false;0.00
559;clown;1;-2.1584;0.2963;2.7630;false;0.00
559;acrobat;0;-2.1806;0.2462;2.6913;false;2.40
559;acrobat;1;-1.8283;0.3250;2.5187;true;2.40
560;clown;0;-2.2011;0.2963;2.5101;false;0.00
560;clown;1;-2.1584;0.2963;2.7630;false;0.00
560;acrobat;0;-2.1806;0.2463;2.6920;false;1.96
560;acrobat;1;-1.7945;0.2809;2.5204;true;1.96
561;clown;0;-2.2011;0.2963;2.5101;false;0.00
561;clown;1;-2.1584;0.2963;2.7630;false;0.00
561;acrobat;0;-2.1807;0.2463;2.6919;false;1.72
561;acrobat;1;-1.7947;0.2670;2.5245;false;1.72
562;clown;0;-2.2011;0.2963;2.5101;false;0.00
562;clown;1;-2.1584;0.2963;2.7630;false;0.00
562;acrobat;0;-2.1810;0.2463;2.6928;true;1.75
562;acrobat;1;-1.7987;0.2662;2.5281;false;1.75
563;clown;0;-2.2011;0.2963;2.5101;false;0.00
563;clown;1;-2.1584;0.2963;2.7630;false;0.00
563;acrobat;0;-2.1680;0.2885;2.6981;true;1.74
563;acrobat;1;-1.8019;0.2657;2.5277;false;1.74
564;clown;0;-2.2011;0.2963;2.5101;false;0.00
564;clown;1;-2.1584;0.2963;2.7630;false;0.00
564;acrobat;0;-2.1321;0.3271;2.7142;true;1.70
564;acrobat;1;-1.8031;0.2657;2.5249;false;1.70
565;clown;0;-2.2011;0.2963;2.5101;false;0.00
565;clown;1;-2.1584;0.2963;2.7630;false;0.00
565;acrobat;0;-2.0757;0.3627;2.7470;true;1.80
565;acrobat;1;-1.8017;0.2662;2.5210;false;1.80
566;clown;0;-2.2011;0.2963;2.5101;false;0.00
566;clown;1;-2.1584;0.2963;2.7630;false;0.00
566;acrobat;0;-2.0070;0.3951;2.8076;true;2.02
566;acrobat;1;-1.7977;0.2670;2.5176;false;2.02
567;clown;0;-2.2011;0.2963;2.5101;false;0.00
567;clown;1;-2.1584;0.2963;2.7630;false;0.00
567;acrobat;0;-1.9383;0.4142;2.8922;true;2.33
567;acrobat;1;-1.7915;0.2678;2.5156;false;2.33
568;clown;0;-2.2011;0.2963;2.5101;false;0.00
568;clown;1;-2.1584;0.2963;2.7630;false;0.00
568;acrobat;0;-1.8715;0.3974;2.9562;true;2.40
568;acrobat;1;-1.7832;0.2685;2.5162;false;2.40
569;clown;0;-2.2011;0.2963;2.5101;false;0.00
569;clown;1;-2.1584;0.2963;2.7630;false;0.00
569;acrobat;0;-1.8006;0.3488;2.9846;true;2.40
569;acrobat;1;-1.7747;0.2687;2.5192;true;2.40
570;clown;0;-2.2011;0.2963;2.5101;false;0.00
570;clown;1;-2.1584;0.2963;2.7630;false;0.00
570;acrobat;0;-1.7819;0.2745;3.0314;true;2.40
570;acrobat;1;-1.7986;0.3258;2.5436;true;2.40
571;clown;0;-2.2011;0.2963;2.5101;false;0.00
571;clown;1;-2.1584;0.2963;2.7630;false;0.00
571;acrobat;0;-1.8013;0.2670;3.0489;true;2.40
571;acrobat;1;-1.8505;0.3745;2.6120;true;2.40
572;clown;0;-2.2011;0.2963;2.5101;false;0.00
572;clown;1;-2.1584;0.2963;2.7630;false;0.00
572;acrobat;0;-1.8367;0.2514;3.0417;true;2.40
572;acrobat;1;-1.9133;0.4091;2.7105;true;2.40
573;clown;0;-2.2011;0.2963;2.5101;false;0.00
573;clown;1;-2.1584;0.2963;2.7630;false;0.00
573;acrobat;0;-1.8625;0.2537;3.0396;true;2.40
573;acrobat;1;-1.9724;0.4231;2.8268;true;2.40
574;clown;0;-2.2011;0.2963;2.5101;false;0.00
574;clown;1;-2.1584;0.2963;2.7630;false;0.00
574;acrobat;0;-1.9210;0.2846;3.0233;true;2.40
574;acrobat;1;-2.0336;0.4140;2.9446;true;2.40
575;clown;0;-2.2011;0.2963;2.5101;false;0.00
575;clown;1;-2.1584;0.2963;2.7630;false;0.00
575;acrobat;0;-2.0129;0.3442;3.0359;true;2.40
575;acrobat;1;-2.0961;0.3849;3.0454;true;2.40
576;clown;0;-2.2011;0.2963;2.5101;false;0.00
576;clown;1;-2.1584;0.2963;2.7630;false;0.00
576;acrobat;0;-2.0990;0.3949;3.0799;true;2.40
576;acrobat;1;-2.1462;0.3400;3.1150;true;2.40
577;clown;0;-2.2011;0.2963;2.5101;false;0.00
577;clown;1;-2.1584;0.2963;2.7630;false;0.00
577;acrobat;0;-2.2196;0.4040;3.1302;true;2.40
577;acrobat;1;-2.1686;0.2850;3.1421;true;2.40
578;clown;0;-2.2011;0.2963;2.5101;false;0.00
578;clown;1;-2.1584;0.2963;2.7630;false;0.00
578;acrobat;0;-2.3237;0.3834;3.1722;true;2.40
578;acrobat;1;-2.1693;0.2821;3.1421;false;2.40
579;clown;0;-2.2011;0.2963;2.5101;false;0.00
579;clown;1;-2.1584;0.2963;2.7630;false;0.00
579;acrobat;0;-2.3967;0.3380;3.1971;true;2.40
579;acrobat;1;-2.1706;0.2823;3.1414;false;2.40
580;clown;0;-2.2011;0.2963;2.5101;false;0.00
580;clown;1;-2.1584;0.2963;2.7630;false;0.00
580;acrobat;0;-2.4286;0.2812;3.2044;true;2.40
580;acrobat;1;-2.1721;0.2823;3.1406;false;2.40
581;clown;0;-2.2011;0.2963;2.5101;false;0.00
581;clown;1;-2.1584;0.2963;2.7630;false;0.00
581;acrobat;0;-2.4337;0.2782;3.2011;false;2.50
581;acrobat;1;-2.1747;0.2823;3.1389;false;2.50
582;clown;0;-2.2011;0.2963;2.5101;false;0.00
582;clown;1;-2.1584;0.2963;2.7630;false;0.00
582;acrobat;0;-2.4391;0.2774;3.1950;false;2.50
582;acrobat;1;-2.1763;0.2823;3.1373;false;2.50
583;clown;0;-2.2011;0.2963;2.5101;false;0.00
583;clown;1;-2.1584;0.2963;2.7630;false;0.00
583;acrobat;0;-2.4427;0.2758;3.1870;false;2.41
583;acrobat;1;-2.1762;0.2822;3.1367;false;2.41
584;clown;0;-2.2011;0.2963;2.5101;false;0.00
584;clown;1;-2.1584;0.2963;2.7630;false;0.00
584;acrobat;0;-2.4436;0.2740;3.1795;false;2.40
584;acrobat;1;-2.1752;0.2823;3.1375;true;2.40
585;clown;0;-2.2011;0.2963;2.5101;false;0.00
585;clown;1;-2.1584;0.2963;2.7630;false;0.00
585;acrobat;0;-2.4403;0.2736;3.1779;false;2.40
585;acrobat;1;-2.2016;0.3377;3.1440;true;2.40
586;clown;0;-2.2011;0.2963;2.5101;false;0.00
586;clown;1;-2.1584;0.2963;2.7630;false;0.00
586;acrobat;0;-2.4363;0.2742;3.1803;false;2.40
586;acrobat;1;-2.2714;0.3830;3.1620;true;2.40
587;clown;0;-2.2011;0.2963;2.5101;false;0.00
587;clown;1;-2.1584;0.2963;2.7630;false;0.00
587;acrobat;0;-2.4332;0.2754;3.1852;false;2.40
587;acrobat;1;-2.3694;0.4108;3.1909;true;2.40
588;clown;0;-2.2011;0.2963;2.5101;false;0.00
588;clown;1;-2.1584;0.2963;2.7630;false;0.00
588;acrobat;0;-2.4315;0.2766;3.1910;false;2.40
588;acrobat;1;-2.4835;0.4171;3.2235;true;2.40
589;clown;0;-2.2011;0.2963;2.5101;false;0.00
589;clown;1;-2.1584;0.2963;2.7630;false;0.00
589;acrobat;0;-2.4311;0.2775;3.1965;false;2.40
589;acrobat;1;-2.6012;0.4018;3.2498;true;2.40
590;clown;0;-2.2011;0.2963;2.5101;false;0.00
590;clown;1;-2.1584;0.2963;2.7630;false;0.00
590;acrobat;0;-2.4314;0.2781;3.2012;false;2.40
590;acrobat;1;-2.7058;0.3672;3.2664;true;2.40
591;clown;0;-2.2011;0.2963;2.5101;false;0.00
591;clown;1;-2.1584;0.2963;2.7630;false;0.00
591;acrobat;0;-2.4319;0.2785;3.2052;false;2.40
591;acrobat;1;-2.7806;0.3177;3.2758;true;2.40
592;clown;0;-2.2011;0.2963;2.5101;false;0.00
592;clown;1;-2.1584;0.2963;2.7630;false;0.00
592;acrobat;0;-2.4327;0.2789;3.2098;true;2.40
592;acrobat;1;-2.8107;0.2605;3.2793;true;2.40
593;clown;0;-2.2011;0.2963;2.5101;false;0.00
593;clown;1;-2.1584;0.2963;2.7630;false;0.00
593;acrobat;0;-2.4647;0.3336;3.2039;true;2.40
593;acrobat;1;-2.8109;0.2575;3.2792;false;2.40
594;clown;0;-2.2011;0.2963;2.5101;false;0.00
594;clown;1;-2.1584;0.2963;2.7630;false;0.00
594;acrobat;0;-2.5493;0.3763;3.1849;true;2.40
594;acrobat;1;-2.8109;0.2575;3.2787;false;2.40
595;clown;0;-2.2011;0.2963;2.5101;false;0.00
595;clown;1;-2.1584;0.2963;2.7630;false;0.00
595;acrobat;0;-2.6701;0.4013;3.1600;true;2.40
595;acrobat;1;-2.8108;0.2575;3.2778;false;2.40
596;clown;0;-2.2011;0.2963;2.5101;false;0.00
596;clown;1;-2.1584;0.2963;2.7630;false;0.00
596;acrobat;0;-2.8104;0.4057;3.1400;true;2.40
596;acrobat;1;-2.8109;0.2575;3.2765;false;2.40
597;clown;0;-2.2011;0.2963;2.5101;false;0.00
597;clown;1;-2.1584;0.2963;2.7630;false;0.00
597;acrobat;0;-2.9511;0.3890;3.1302;true;2.40
597;acrobat;1;-2.8110;0.2575;3.2751;false;2.40
598;clown;0;-2.2011;0.2963;2.5101;false;0.00
598;clown;1;-2.1584;0.2963;2.7630;false;0.00
598;acrobat;0;-3.0733;0.3521;3.1262;true;2.40
598;acrobat;1;-2.8112;0.2575;3.2738;false;2.40
599;clown;0;-2.2011;0.2963;2.5101;false;0.00
599;clown;1;-2.1584;0.2963;2.7630;false;0.00
599;acrobat;0;-3.1602;0.3003;3.1221;true;2.40
599;acrobat;1;-2.8113;0.2575;3.2730;false;2.40
600;clown;0;-2.2011;0.2963;2.5101;false;0.00
600;clown;1;-2.1584;0.2963;2.7630;false;0.00
600;acrobat;0;-3.1958;0.2422;3.1182;true;2.40
600;acrobat;1;-2.8112;0.2575;3.2736;false;2.40
601;clown;0;-2.2011;0.2963;2.5101;false;0.00
601;clown;1;-2.1584;0.2963;2.7630;false;0.00
601;acrobat;0;-3.1963;0.2392;3.1167;false;2.40
601;acrobat;1;-2.8110;0.2575;3.2757;false;2.40
602;clown;0;-2.2011;0.2963;2.5101;false;0.00
602;clown;1;-2.1584;0.2963;2.7630;false;0.00
602;acrobat;0;-3.1967;0.2393;3.1147;false;2.40
602;acrobat;1;-2.8106;0.2577;3.2798;true;2.40
603;clown;0;-2.2011;0.2963;2.5101;false;0.00
603;clown;1;-2.1584;0.2963;2.7630;false;0.00
603;acrobat;0;-3.1969;0.2393;3.1131;false;2.40
603;acrobat;1;-2.8436;0.3125;3.2804;true;2.40
604;clown;0;-2.2011;0.2963;2.5101;false;0.00
604;clown;1;-2.1584;0.2963;2.7630;false;0.00
604;acrobat;0;-3.1969;0.2392;3.1126;false;2.40
604;acrobat;1;-2.9312;0.3556;3.2772;true;2.40
605;clown;0;-2.2011;0.2963;2.5101;false;0.00
605;clown;1;-2.1584;0.2963;2.7630;false;0.00
605;acrobat;0;-3.1968;0.2393;3.1131;false;2.40
605;acrobat;1;-3.0547;0.3813;3.2783;true;2.40
606;clown;0;-2.2011;0.2963;2.5101;false;0.00
606;clown;1;-2.1584;0.2963;2.7630;false;0.00
606;acrobat;0;-3.1967;0.2393;3.1142;false;2.40
606;acrobat;1;-3.1964;0.3856;3.2839;true;2.40
607;clown;0;-2.2011;0.2963;2.5101;false;0.00
607;clown;1;-2.1584;0.2963;2.7630;false;0.00
607;acrobat;0;-3.1967;0.2393;3.1154;false;2.40
607;acrobat;1;-3.3388;0.3674;3.2872;true;2.40
608;clown;0;-2.2011;0.2963;2.5101;false;0.00
608;clown;1;-2.1584;0.2963;2.7630;false;0.00
608;acrobat;0;-3.1968;0.2392;3.1163;false;2.40
608;acrobat;1;-3.4635;0.3295;3.2865;true;2.40
609;clown;0;-2.2011;0.2963;2.5101;false;0.00
609;clown;1;-2.1584;0.2963;2.7630;false;0.00
609;acrobat;0;-3.1969;0.2392;3.1166;false;2.40
609;acrobat;1;-3.5527;0.2773;3.2855;true;2.40
610;clown;0;-2.2010;0.2963;2.5109;false;0.58
610;clown;1;-2.1582;0.2963;2.7639;false;0.58
610;acrobat;0;-3.1968;0.2392;3.1153;false;2.40
610;acrobat;1;-3.5890;0.2192;3.2866;true;2.40
611;clown;0;-2.2008;0.2963;2.5113;false;0.72
611;clown;1;-2.1580;0.2963;2.7645;false;0.72
611;acrobat;0;-3.1966;0.2394;3.1125;true;2.40
611;acrobat;1;-3.5893;0.2162;3.2877;false;2.40
612;clown;0;-2.2007;0.2963;2.5115;false;0.72
612;clown;1;-2.1579;0.2963;2.7649;false;0.72
612;acrobat;0;-3.2290;0.2940;3.1124;true;2.40
612;acrobat;1;-3.5896;0.2162;3.2892;false;2.40
613;clown;0;-2.2007;0.2963;2.5117;false;0.72
613;clown;1;-2.1577;0.2963;2.7652;false;0.72
613;acrobat;0;-3.3147;0.3369;3.1163;true;2.40
613;acrobat;1;-3.5896;0.2162;3.2900;false;2.40
614;clown;0;-2.2006;0.2963;2.5117;false;0.72
614;clown;1;-2.1576;0.2963;2.7654;false;0.72
614;acrobat;0;-3.4357;0.3622;3.1170;true;2.40
614;acrobat;1;-3.5896;0.2162;3.2899;false;2.40
615;clown;0;-2.2006;0.2963;2.5117;false;0.72
615;clown;1;-2.1576;0.2963;2.7656;false;0.72
615;acrobat;0;-3.5746;0.3660;3.1140;true;2.40
615;acrobat;1;-3.5895;0.2162;3.2891;false;2.40
616;clown;0;-2.2006;0.2963;2.5117;false;0.72
616;clown;1;-2.1576;0.2963;2.7656;false;0.72
616;acrobat;0;-3.7141;0.3474;3.1129;true;2.40
616;acrobat;1;-3.5896;0.2162;3.2880;false;2.40
617;clown;0;-2.2006;0.2963;2.5116;false;0.72
617;clown;1;-2.1575;0.2963;2.7657;false;0.72
617;acrobat;0;-3.8363;0.3090;3.1150;true;2.40
617;acrobat;1;-3.5897;0.2162;3.2868;false;2.40
618;clown;0;-2.2007;0.2963;2.5116;false;0.72
618;clown;1;-2.1575;0.2963;2.7657;false;0.72
618;acrobat;0;-3.9237;0.2565;3.1168;true;2.40
618;acrobat;1;-3.5898;0.2161;3.2860;false;2.40
619;clown;0;-2.2007;0.2963;2.5115;false;0.72
619;clown;1;-2.1576;0.2962;2.7656;false;0.72
619;acrobat;0;-3.9593;0.1983;3.1163;true;2.40
619;acrobat;1;-3.5897;0.2161;3.2865;false;2.40
620;clown;0;-2.2008;0.2963;2.5112;false;0.72
620;clown;1;-2.1576;0.2963;2.7654;false;0.72
620;acrobat;0;-3.9596;0.1953;3.1151;false;2.40
620;acrobat;1;-3.5896;0.2162;3.2887;false;2.40
621;clown;0;-2.2008;0.2963;2.5110;false;0.72
621;clown;1;-2.1577;0.2963;2.7652;false;0.72
621;acrobat;0;-3.9599;0.1953;3.1134;false;2.40
621;acrobat;1;-3.5893;0.2164;3.2930;true;2.40
622;clown;0;-2.2010;0.2963;2.5106;false;0.75
622;clown;1;-2.1578;0.2963;2.7648;false;0.75
622;acrobat;0;-3.9601;0.1953;3.1121;false;2.40
622;acrobat;1;-3.6223;0.2710;3.2931;true;2.40
623;clown;0;-2.2011;0.2963;2.5102;true;0.81
623;clown;1;-2.1580;0.2963;2.7644;false;0.81
623;acrobat;0;-3.9600;0.1953;3.1119;false;2.40
623;acrobat;1;-3.7097;0.3138;3.2881;true;2.40
624;clown;0;-2.2086;0.3172;2.5124;true;0.87
624;clown;1;-2.1582;0.2963;2.7637;false;0.87
624;acrobat;0;-3.9599;0.1953;3.1126;false;2.40
624;acrobat;1;-3.8331;0.3390;3.2866;true;2.40
625;clown;0;-2.2293;0.3366;2.5193;true;0.93
625;clown;1;-2.1584;0.2963;2.7630;false;0.93
625;acrobat;0;-3.9599;0.1953;3.1136;false;2.40
625;acrobat;1;-3.9747;0.3426;3.2893;true;2.40
626;clown;0;-2.2608;0.3535;2.5298;true;0.98
626;clown;1;-2.1586;0.2963;2.7626;false;0.98
626;acrobat;0;-3.9599;0.1953;3.1147;false;2.40
626;acrobat;1;-4.1170;0.3239;3.2901;true;2.40
627;clown;0;-2.3011;0.3670;2.5426;true;1.04
627;clown;1;-2.1585;0.2963;2.7628;false;1.04
627;acrobat;0;-3.9600;0.1952;3.1154;false;2.40
627;acrobat;1;-4.2415;0.2854;3.2876;true;2.40
628;clown;0;-2.3477;0.3762;2.5568;true;1.09
628;clown;1;-2.1581;0.2963;2.7640;false;1.09
628;acrobat;0;-3.9600;0.1952;3.1152;false;2.40
628;acrobat;1;-4.3305;0.2329;3.2857;true;2.40
629;clown;0;-2.3991;0.3807;2.5725;true;1.14
629;clown;1;-2.1572;0.2964;2.7665;true;1.14
629;acrobat;0;-3.9599;0.1953;3.1134;false;2.40
629;acrobat;1;-4.3669;0.1746;3.2863;true;2.40
630;clown;0;-2.4539;0.3799;2.5898;true;1.19
630;clown;1;-2.1667;0.3184;2.7718;true;1.19
630;acrobat;0;-3.9597;0.1955;3.1100;true;2.40
630;acrobat;1;-4.3673;0.1716;3.2875;false;2.40
631;clown;0;-2.5092;0.3733;2.6081;true;1.23
631;clown;1;-2.1965;0.3393;2.7801;true;1.23
631;acrobat;0;-3.9926;0.2501;3.1098;true;2.40
631;acrobat;1;-4.3675;0.1716;3.2891;false;2.40
632;clown;0;-2.5614;0.3605;2.6258;true;1.27
632;clown;1;-2.2448;0.3572;2.7912;true;1.27
632;acrobat;0;-4.0797;0.2927;3.1150;true;2.40
632;acrobat;1;-4.3676;0.1716;3.2900;false;2.40
633;clown;0;-2.6067;0.3420;2.6408;true;1.32
633;clown;1;-2.3078;0.3704;2.8066;true;1.32
633;acrobat;0;-4.2026;0.3179;3.1167;true;2.40
633;acrobat;1;-4.3675;0.1716;3.2899;false;2.40
634;clown;0;-2.6402;0.3189;2.6513;true;1.36
634;clown;1;-2.3808;0.3776;2.8277;true;1.36
634;acrobat;0;-4.3437;0.3215;3.1139;true;2.40
634;acrobat;1;-4.3675;0.1716;3.2892;false;2.40
635;clown;0;-2.6560;0.2927;2.6557;true;1.40
635;clown;1;-2.4591;0.3775;2.8527;true;1.40
635;acrobat;0;-4.4854;0.3027;3.1127;true;2.40
635;acrobat;1;-4.3675;0.1716;3.2880;false;2.40
636;clown;0;-2.6568;0.2874;2.6543;false;1.43
636;clown;1;-2.5382;0.3692;2.8773;true;1.43
636;acrobat;0;-4.6096;0.2641;3.1147;true;2.40
636;acrobat;1;-4.3676;0.1716;3.2868;false;2.40
637;clown;0;-2.6568;0.2873;2.6534;false;1.47
637;clown;1;-2.6118;0.3531;2.8977;true;1.47
637;acrobat;0;-4.6983;0.2115;3.1166;true;2.40
637;acrobat;1;-4.3677;0.1715;3.2860;false;2.40
638;clown;0;-2.6567;0.2873;2.6531;false;1.51
638;clown;1;-2.6719;0.3300;2.9131;true;1.51
638;acrobat;0;-4.7345;0.1532;3.1161;true;2.40
638;acrobat;1;-4.3677;0.1715;3.2864;false;2.40
639;clown;0;-2.6566;0.2874;2.6532;false;1.54
639;clown;1;-2.7096;0.3020;2.9226;true;1.54
639;acrobat;0;-4.7348;0.1502;3.1149;false;2.40
639;acrobat;1;-4.3675;0.1716;3.2885;false;2.40
640;clown;0;-2.6565;0.2874;2.6535;false;1.57
640;clown;1;-2.7179;0.2818;2.9245;false;1.57
640;acrobat;0;-4.7351;0.1502;3.1133;false;2.40
640;acrobat;1;-4.3673;0.1718;3.2927;true;2.40
641;clown;0;-2.6564;0.2875;2.6545;false;1.60
641;clown;1;-2.7179;0.2819;2.9247;false;1.60
641;acrobat;0;-4.7352;0.1502;3.1121;false;2.40
641;acrobat;1;-4.4002;0.2264;3.2927;true;2.40
642;clown;0;-2.6562;0.2875;2.6556;false;1.63
642;clown;1;-2.7178;0.2819;2.9253;false;1.63
642;acrobat;0;-4.7352;0.1502;3.1118;false;2.40
642;acrobat;1;-4.4874;0.2691;3.2879;true;2.40
643;clown;0;-2.6560;0.2875;2.6567;false;1.66
643;clown;1;-2.7177;0.2820;2.9260;false;1.66
643;acrobat;0;-4.7351;0.1502;3.1125;false;2.40
643;acrobat;1;-4.6104;0.2942;3.2866;true;2.40
644;clown;0;-2.6559;0.2875;2.6576;false;1.69
644;clown;1;-2.7176;0.2820;2.9269;false;1.69
644;acrobat;0;-4.7351;0.1502;3.1136;false;2.40
644;acrobat;1;-4.7517;0.2977;3.2893;true;2.40
645;clown;0;-2.6558;0.2876;2.6582;true;1.72
645;clown;1;-2.7175;0.2820;2.9278;false;1.72
645;acrobat;0;-4.7351;0.1502;3.1146;false;2.40
645;acrobat;1;-4.8935;0.2789;3.2900;true;2.40
646;clown;0;-2.6760;0.3188;2.6619;true;1.74
646;clown;1;-2.7174;0.2821;2.9286;false;1.74
646;acrobat;0;-4.7352;0.1502;3.1153;false;2.40
646;acrobat;1;-5.0177;0.2403;3.2875;true;2.40
647;clown;0;-2.7308;0.3442;2.6705;true;1.77
647;clown;1;-2.7173;0.2821;2.9290;false;1.77
647;acrobat;0;-4.7352;0.1502;3.1151;false;2.40
647;acrobat;1;-5.1066;0.1877;3.2856;true;2.40
648;clown;0;-2.8109;0.3600;2.6810;true;1.79
648;clown;1;-2.7171;0.2821;2.9302;false;1.79
648;acrobat;0;-4.7351;0.1502;3.1133;false;2.40
648;acrobat;1;-5.1429;0.1294;3.2863;true;2.40
649;clown;0;-2.9055;0.3635;2.6943;true;1.81
649;clown;1;-2.7166;0.2822;2.9330;false;1.81
649;acrobat;0;-4.7349;0.1504;3.1099;true;2.40
649;acrobat;1;-5.1432;0.1264;3.2874;false;2.40
650;clown;0;-3.0022;0.3539;2.7118;true;1.84
650;clown;1;-2.7156;0.2826;2.9384;false;1.84
650;acrobat;0;-4.7678;0.2050;3.1097;true;2.40
650;acrobat;1;-5.1434;0.1264;3.2890;false;2.40
651;clown;0;-3.0884;0.3319;2.7303;true;1.86
651;clown;1;-2.7144;0.2831;2.9466;true;1.86
651;acrobat;0;-4.8550;0.2477;3.1148;true;2.40
651;acrobat;1;-5.1435;0.1264;3.2900;false;2.40
652;clown;0;-3.1526;0.3003;2.7431;true;1.88
652;clown;1;-2.7403;0.3171;2.9539;true;1.88
652;acrobat;0;-4.9780;0.2728;3.1166;true;2.40
652;acrobat;1;-5.1435;0.1264;3.2899;false;2.40
653;clown;0;-3.1813;0.2642;2.7471;true;1.90
653;clown;1;-2.8126;0.3418;2.9526;true;1.90
653;acrobat;0;-5.1192;0.2763;3.1139;true;2.40
653;acrobat;1;-5.1434;0.1264;3.2891;false;2.40
654;clown;0;-3.1821;0.2605;2.7455;false;1.92
654;clown;1;-2.9156;0.3546;2.9567;true;1.92
654;acrobat;0;-5.2610;0.2575;3.1126;true;2.40
654;acrobat;1;-5.1434;0.1264;3.2879;false;2.40
655;clown;0;-3.1823;0.2605;2.7443;false;1.93
655;clown;1;-3.0311;0.3543;2.9745;true;1.93
655;acrobat;0;-5.3853;0.2189;3.1146;true;2.40
655;acrobat;1;-5.1435;0.1264;3.2867;false;2.40
656;clown;0;-3.1822;0.2604;2.7440;false;1.95
656;clown;1;-3.1449;0.3391;2.9949;true;1.95
656;acrobat;0;-5.4741;0.1663;3.1165;true;2.40
656;acrobat;1;-5.1436;0.1263;3.2859;false;2.40
657;clown;0;-3.1821;0.2605;2.7447;false;1.97
657;clown;1;-3.2415;0.3108;3.0095;true;1.97
657;acrobat;0;-5.5104;0.1080;3.1161;true;2.40
657;acrobat;1;-5.1436;0.1263;3.2863;false;2.40
658;clown;0;-3.1819;0.2605;2.7460;false;1.98
658;clown;1;-3.3027;0.2743;3.0179;true;1.98
658;acrobat;0;-5.5107;0.1050;3.1149;false;2.40
658;acrobat;1;-5.1434;0.1264;3.2884;false;2.40
659;clown;0;-3.1819;0.2605;2.7471;false;2.00
659;clown;1;-3.3147;0.2504;3.0199;false;2.00
659;acrobat;0;-5.5109;0.1050;3.1133;false;2.40
659;acrobat;1;-5.1432;0.1266;3.2926;true;2.40
660;clown;0;-3.1818;0.2605;2.7473;false;2.01
660;clown;1;-3.3147;0.2504;3.0209;false;2.01
660;acrobat;0;-5.5111;0.1050;3.1120;false;2.40
660;acrobat;1;-5.1761;0.1812;3.2927;true;2.40
661;clown;0;-3.1819;0.2605;2.7467;true;2.03
661;clown;1;-3.3146;0.2504;3.0221;false;2.03
661;acrobat;0;-5.5110;0.1050;3.1118;false;2.40
661;acrobat;1;-5.2633;0.2239;3.2879;true;2.40
662;clown;0;-3.2084;0.2965;2.7498;true;2.04
662;clown;1;-3.3146;0.2505;3.0230;false;2.04
662;acrobat;0;-5.5109;0.1050;3.1125;false;2.40
662;acrobat;1;-5.3863;0.2490;3.2865;true;2.40
663;clown;0;-3.2776;0.3233;2.7585;true;2.06
663;clown;1;-3.3146;0.2505;3.0227;false;2.06
663;acrobat;0;-5.5109;0.1050;3.1135;false;2.40
663;acrobat;1;-5.5275;0.2526;3.2892;true;2.40
664;clown;0;-3.3741;0.3358;2.7688;true;2.07
664;clown;1;-3.3147;0.2504;3.0221;false;2.07
664;acrobat;0;-5.5109;0.1050;3.1146;false;2.40
664;acrobat;1;-5.6694;0.2338;3.2900;true;2.40
665;clown;0;-3.4810;0.3312;2.7819;true;2.08
665;clown;1;-3.3148;0.2504;3.0218;false;2.08
665;acrobat;0;-5.5110;0.1050;3.1153;false;2.40
665;acrobat;1;-5.7935;0.1952;3.2875;true;2.40
666;clown;0;-3.5805;0.3101;2.7978;true;2.09
666;clown;1;-3.3147;0.2504;3.0228;false;2.09
666;acrobat;0;-5.5110;0.1050;3.1150;false;2.40
666;acrobat;1;-5.8824;0.1426;3.2855;true;2.40
667;clown;0;-3.6557;0.2759;2.8100;true;2.11
667;clown;1;-3.3140;0.2507;3.0266;false;2.11
667;acrobat;0;-5.5109;0.1050;3.1132;false;2.40
667;acrobat;1;-5.9187;0.0843;3.2862;true;2.40
668;clown;0;-3.6893;0.2358;2.8139;true;2.12
668;clown;1;-3.3128;0.2514;3.0347;true;2.12
668;acrobat;0;-5.5107;0.1052;3.1098;true;2.40
668;acrobat;1;-5.9190;0.0813;3.2874;false;2.40
669;clown;0;-3.6902;0.2318;2.8119;false;2.13
669;clown;1;-3.3454;0.2889;3.0412;true;2.13
669;acrobat;0;-5.5436;0.1598;3.1096;true;2.40
669;acrobat;1;-5.9192;0.0813;3.2890;false;2.40
670;clown;0;-3.6906;0.2318;2.8102;false;2.14
670;clown;1;-3.4324;0.3142;3.0390;true;2.14
670;acrobat;0;-5.6308;0.2025;3.1148;true;2.40
670;acrobat;1;-5.9193;0.0813;3.2899;false;2.40
671;clown;0;-3.6905;0.2318;2.8099;false;2.15
671;clown;1;-3.5502;0.3245;3.0480;true;2.15
671;acrobat;0;-5.7538;0.2277;3.1166;true;2.40
671;acrobat;1;-5.9192;0.0813;3.2898;false;2.40
672;clown;0;-3.6903;0.2318;2.8108;false;2.16
672;clown;1;-3.6770;0.3167;3.0653;true;2.16
672;acrobat;0;-5.8950;0.2314;3.1138;true;2.40
672;acrobat;1;-5.9192;0.0813;3.2891;false;2.40
673;clown;0;-3.6902;0.2318;2.8125;false;2.17
673;clown;1;-3.7927;0.2914;3.0783;true;2.17
673;acrobat;0;-6.0367;0.2127;3.1126;true;2.40
673;acrobat;1;-5.9192;0.0813;3.2879;false;2.40
674;clown;0;-3.6901;0.2318;2.8142;false;2.17
674;clown;1;-3.8744;0.2537;3.0857;true;2.17
674;acrobat;0;-6.1610;0.1742;3.1146;true;2.40
674;acrobat;1;-5.9193;0.0813;3.2867;false;2.40
675;clown;0;-3.6901;0.2317;2.8143;false;2.18
675;clown;1;-3.9000;0.2178;3.0887;false;2.18
675;acrobat;0;-6.2498;0.1217;3.1165;true;2.40
675;acrobat;1;-5.9194;0.0812;3.2859;false;2.40
676;clown;0;-3.6902;0.2319;2.8114;true;2.19
676;clown;1;-3.9001;0.2179;3.0905;false;2.19
676;acrobat;0;-6.2860;0.0634;3.1161;true;2.40
676;acrobat;1;-5.9194;0.0812;3.2863;false;2.40
677;clown;0;-3.7223;0.2702;2.8139;true;2.20
677;clown;1;-3.9001;0.2180;3.0922;false;2.20
677;acrobat;0;-6.2863;0.0604;3.1149;false;2.40
677;acrobat;1;-5.9192;0.0813;3.2883;false;2.40
678;clown;0;-3.8046;0.2970;2.8245;true;2.21
678;clown;1;-3.9001;0.2180;3.0924;false;2.21
678;acrobat;0;-6.2866;0.0604;3.1133;false;2.40
678;acrobat;1;-5.9190;0.0815;3.2925;true;2.40
679;clown;0;-3.9165;0.3068;2.8339;true;2.21
679;clown;1;-3.9002;0.2180;3.0916;false;2.21
679;acrobat;0;-6.2867;0.0604;3.1120;false;2.40
679;acrobat;1;-5.9519;0.1361;3.2926;true;2.40
680;clown;0;-4.0363;0.2969;2.8451;true;2.22
680;clown;1;-3.9004;0.2179;3.0904;false;2.22
680;acrobat;0;-6.2867;0.0604;3.1118;false;2.40
680;acrobat;1;-6.0390;0.1789;3.2878;true;2.40
681;clown;0;-4.1414;0.2692;2.8586;true;2.23
681;clown;1;-3.9006;0.2178;3.0897;false;2.23
681;acrobat;0;-6.2866;0.0604;3.1124;false;2.40
681;acrobat;1;-6.1620;0.2043;3.2865;true;2.40
682;clown;0;-4.2102;0.2295;2.8675;true;2.23
682;clown;1;-3.9003;0.2179;3.0912;false;2.23
682;acrobat;0;-6.2866;0.0604;3.1135;false;2.40
682;acrobat;1;-6.3032;0.2080;3.2892;true;2.40
683;clown;0;-4.2256;0.2012;2.8677;false;2.24
683;clown;1;-3.8994;0.2184;3.0975;false;2.24
683;acrobat;0;-6.2866;0.0604;3.1146;false;2.40
683;acrobat;1;-6.4449;0.1894;3.2900;true;2.40
684;clown;0;-4.2262;0.2012;2.8651;false;2.25
684;clown;1;-3.8983;0.2193;3.1081;true;2.25
684;acrobat;0;-6.2867;0.0603;3.1152;false;2.40
684;acrobat;1;-6.5691;0.1510;3.2875;true;2.40
685;clown;0;-4.2266;0.2011;2.8633;false;2.25
685;clown;1;-3.9358;0.2583;3.1121;true;2.25
685;acrobat;0;-6.2867;0.0603;3.1150;false;2.40
685;acrobat;1;-6.6579;0.0985;3.2855;true;2.40
686;clown;0;-4.2264;0.2011;2.8634;false;2.26
686;clown;1;-4.0333;0.2834;3.1064;true;2.26
686;acrobat;0;-6.2866;0.0604;3.1132;false;2.40
686;acrobat;1;-6.6941;0.0402;3.2862;true;2.40
687;clown;0;-4.2261;0.2012;2.8648;false;2.26
687;clown;1;-4.1626;0.2914;3.1145;true;2.26
687;acrobat;0;-6.2864;0.0606;3.1098;true;2.40
687;acrobat;1;-6.6945;0.0373;3.2874;false;2.40
688;clown;0;-4.2260;0.2012;2.8665;false;2.27
688;clown;1;-4.2987;0.2790;3.1285;true;2.27
688;acrobat;0;-6.3193;0.1152;3.1096;true;2.40
688;acrobat;1;-6.6947;0.0373;3.2890;false;2.40
689;clown;0;-4.2260;0.2011;2.8676;false;2.27
689;clown;1;-4.4163;0.2485;3.1366;true;2.27
689;acrobat;0;-6.4064;0.1580;3.1148;true;2.40
689;acrobat;1;-6.6948;0.0373;3.2899;false;2.40
690;clown;0;-4.2260;0.2012;2.8663;false;2.28
690;clown;1;-4.4885;0.2066;3.1410;true;2.28
690;acrobat;0;-6.5294;0.1834;3.1166;true;2.40
690;acrobat;1;-6.6947;0.0373;3.2898;false;2.40
691;clown;0;-4.2262;0.2016;2.8606;false;2.28
691;clown;1;-4.4997;0.1838;3.1432;false;2.28
691;acrobat;0;-6.6705;0.1873;3.1139;true;2.40
691;acrobat;1;-6.6947;0.0373;3.2891;false;2.40
692;clown;0;-4.2269;0.2022;2.8511;true;2.29
692;clown;1;-4.4998;0.1839;3.1455;false;2.29
692;acrobat;0;-6.8122;0.1687;3.1126;true;2.40
692;acrobat;1;-6.6947;0.0373;3.2879;false;2.40
693;clown;0;-4.2661;0.2417;2.8540;true;2.29
693;clown;1;-4.4999;0.1839;3.1473;false;2.29
693;acrobat;0;-6.9364;0.1304;3.1147;true;2.40
693;acrobat;1;-6.6948;0.0372;3.2867;false;2.40
694;clown;0;-4.3650;0.2669;2.8751;true;2.29
694;clown;1;-4.4998;0.1839;3.1471;false;2.29
694;acrobat;0;-7.0252;0.0780;3.1166;true;2.40
694;acrobat;1;-6.6949;0.0372;3.2859;false;2.40
695;clown;0;-4.4982;0.2740;2.8872;true;2.30
695;clown;1;-4.4999;0.1839;3.1458;false;2.30
695;acrobat;0;-7.0614;0.0197;3.1161;true;2.40
695;acrobat;1;-6.6949;0.0372;3.2863;false;2.40
696;clown;0;-4.6379;0.2600;2.8964;true;2.30
696;clown;1;-4.5000;0.1838;3.1446;false;2.30
696;acrobat;0;-7.0617;0.0167;3.1149;false;2.40
696;acrobat;1;-6.6947;0.0373;3.2884;false;2.40
697;clown;0;-4.7556;0.2278;2.9089;true;2.30
697;clown;1;-4.5001;0.1838;3.1444;false;2.30
697;acrobat;0;-7.0620;0.0167;3.1133;false;2.40
697;acrobat;1;-6.6945;0.0375;3.2925;true;2.40
698;clown;0;-4.8243;0.1848;2.9158;true;2.31
698;clown;1;-4.4996;0.1840;3.1478;false;2.31
698;acrobat;0;-7.0621;0.0167;3.1121;false;2.40
698;acrobat;1;-6.7274;0.0921;3.2926;true;2.40
699;clown;0;-4.8324;0.1660;2.9147;false;2.31
699;clown;1;-4.4987;0.1848;3.1569;true;2.31
699;acrobat;0;-7.0621;0.0167;3.1118;false;2.40
699;acrobat;1;-6.8145;0.1351;3.2879;true;2.40
700;clown;0;-4.8329;0.1660;2.9123;false;2.31
700;clown;1;-4.5372;0.2248;3.1603;true;2.31
700;acrobat;0;-7.0620;0.0167;3.1125;false;2.40
700;acrobat;1;-6.9374;0.1606;3.2866;true;2.40
701;clown;0;-4.8330;0.1660;2.9114;false;2.32
701;clown;1;-4.6363;0.2502;3.1555;true;2.32
701;acrobat;0;-7.0619;0.0167;3.1135;false;2.40
701;acrobat;1;-7.0785;0.1645;3.2892;true;2.40
702;clown;0;-4.8328;0.1660;2.9122;false;2.32
702;clown;1;-4.7668;0.2572;3.1630;true;2.32
702;acrobat;0;-7.0620;0.0167;3.1146;false;2.40
702;acrobat;1;-7.2202;0.1461;3.2900;true;2.40
703;clown;0;-4.8327;0.1660;2.9139;false;2.32
703;clown;1;-4.9022;0.2427;3.1741;true;2.32
703;acrobat;0;-7.0621;0.0167;3.1152;false;2.40
703;acrobat;1;-7.3443;0.1079;3.2875;true;2.40
704;clown;0;-4.8327;0.1660;2.9155;false;2.33
704;clown;1;-5.0155;0.2098;3.1794;true;2.33
704;acrobat;0;-7.0621;0.0167;3.1150;false;2.40
704;acrobat;1;-7.4331;0.0555;3.2856;true;2.40
705;clown;0;-4.8327;0.1659;2.9157;false;2.33
705;clown;1;-5.0791;0.1662;3.1823;true;2.33
705;acrobat;0;-7.0619;0.0167;3.1132;false;2.40
705;acrobat;1;-7.4693;-0.0027;3.2863;true;2.40
706;clown;0;-4.8327;0.1661;2.9116;false;2.33
706;clown;1;-5.0848;0.1501;3.1841;false;2.33
706;acrobat;0;-7.0617;0.0169;3.1098;true;2.40
706;acrobat;1;-7.4697;-0.0057;3.2875;false;2.40
707;clown;0;-4.8330;0.1667;2.9037;true;2.33
707;clown;1;-5.0850;0.1502;3.1865;false;2.33
707;acrobat;0;-7.0946;0.0716;3.1097;true;2.40
707;acrobat;1;-7.4699;-0.0057;3.2890;false;2.40
708;clown;0;-4.8724;0.2068;2.9064;true;2.34
708;clown;1;-5.0850;0.1502;3.1880;false;2.34
708;acrobat;0;-7.1817;0.1146;3.1148;true;2.40
708;acrobat;1;-7.4700;-0.0057;3.2900;false;2.40
709;clown;0;-4.9718;0.2326;2.9215;true;2.34
709;clown;1;-5.0850;0.1502;3.1875;false;2.34
709;acrobat;0;-7.3046;0.1403;3.1166;true;2.40
709;acrobat;1;-7.4699;-0.0057;3.2899;false;2.40
710;clown;0;-5.1041;0.2391;2.9292;true;2.34
710;clown;1;-5.0850;0.1502;3.1861;false;2.34
710;acrobat;0;-7.4456;0.1444;3.1139;true;2.40
710;acrobat;1;-7.4699;-0.0057;3.2891;false;2.40
711;clown;0;-5.2411;0.2237;2.9365;true;2.34
711;clown;1;-5.0851;0.1501;3.1850;false;2.34
711;acrobat;0;-7.5872;0.1262;3.1127;true;2.40
711;acrobat;1;-7.4699;-0.0057;3.2880;false;2.40
712;clown;0;-5.3538;0.1898;2.9468;true;2.34
712;clown;1;-5.0851;0.1501;3.1854;false;2.34
712;acrobat;0;-7.7113;0.0881;3.1148;true;2.40
712;acrobat;1;-7.4700;-0.0057;3.2868;false;2.40
713;clown;0;-5.4151;0.1457;2.9515;true;2.35
713;clown;1;-5.0846;0.1504;3.1900;false;2.35
713;acrobat;0;-7.8001;0.0359;3.1167;true;2.40
713;acrobat;1;-7.4701;-0.0058;3.2860;false;2.40
714;clown;0;-5.4197;0.1319;2.9498;false;2.35
714;clown;1;-5.0838;0.1513;3.2005;true;2.35
714;acrobat;0;-7.8363;-0.0223;3.1162;true;2.40
714;acrobat;1;-7.4701;-0.0058;3.2864;false;2.40
715;clown;0;-5.4201;0.1319;2.9474;false;2.35
715;clown;1;-5.1243;0.1918;3.2031;true;2.35
715;acrobat;0;-7.8366;-0.0253;3.1150;false;2.40
715;acrobat;1;-7.4699;-0.0057;3.2885;false;2.40
716;clown;0;-5.4202;0.1319;2.9467;false;2.35
716;clown;1;-5.2278;0.2170;3.1948;true;2.35
716;acrobat;0;-7.8368;-0.0252;3.1134;false;2.40
716;acrobat;1;-7.4697;-0.0055;3.2926;true;2.40
717;clown;0;-5.4200;0.1319;2.9477;false;2.35
717;clown;1;-5.3634;0.2230;3.2001;true;2.35
717;acrobat;0;-7.8370;-0.0253;3.1122;false;2.40
717;acrobat;1;-7.5026;0.0493;3.2926;true;2.40
718;clown;0;-5.4199;0.1319;2.9494;false;2.35
718;clown;1;-5.5030;0.2072;3.2092;true;2.35
718;acrobat;0;-7.8369;-0.0253;3.1120;false;2.40
718;acrobat;1;-7.5895;0.0925;3.2879;true;2.40
719;clown;0;-5.4199;0.1318;2.9510;false;2.36
719;clown;1;-5.6177;0.1727;3.2126;true;2.36
719;acrobat;0;-7.8368;-0.0252;3.1126;false;2.40
719;acrobat;1;-7.7124;0.1184;3.2867;true;2.40
720;clown;0;-5.4200;0.1318;2.9505;false;2.36
720;clown;1;-5.6783;0.1282;3.2144;true;2.36
720;acrobat;0;-7.8368;-0.0252;3.1137;false;2.40
720;acrobat;1;-7.8533;0.1228;3.2894;true;2.40
721;clown;0;-5.4199;0.1321;2.9453;false;2.36
721;clown;1;-5.6819;0.1158;3.2163;false;2.36
721;acrobat;0;-7.8368;-0.0253;3.1147;false;2.40
721;acrobat;1;-7.9949;0.1048;3.2901;true;2.40
722;clown;0;-5.4201;0.1328;2.9362;true;2.36
722;clown;1;-5.6821;0.1159;3.2188;false;2.36
722;acrobat;0;-7.8369;-0.0253;3.1153;false;2.40
722;acrobat;1;-8.1189;0.0669;3.2877;true;2.40
723;clown;0;-5.4611;0.1732;2.9388;true;2.36
723;clown;1;-5.6822;0.1159;3.2202;false;2.36
723;acrobat;0;-7.8369;-0.0253;3.1150;false;2.40
723;acrobat;1;-8.2076;0.0149;3.2858;true;2.40
724;clown;0;-5.5640;0.1988;2.9547;true;2.36
724;clown;1;-5.6821;0.1159;3.2195;false;2.36
724;acrobat;0;-7.8368;-0.0252;3.1132;false;2.40
724;acrobat;1;-8.2438;-0.0432;3.2865;true;2.40
725;clown;0;-5.7004;0.2047;2.9612;true;2.36
725;clown;1;-5.6821;0.1159;3.2180;false;2.36
725;acrobat;0;-7.8366;-0.0251;3.1099;true;2.40
725;acrobat;1;-8.2441;-0.0462;3.2876;false;2.40
726;clown;0;-5.8406;0.1883;2.9669;true;2.37
726;clown;1;-5.6822;0.1158;3.2170;false;2.37
726;acrobat;0;-7.8694;0.0298;3.1098;true;2.40
726;acrobat;1;-8.2443;-0.0462;3.2892;false;2.40
727;clown;0;-5.9544;0.1534;2.9758;true;2.37
727;clown;1;-5.6821;0.1158;3.2177;false;2.37
727;acrobat;0;-7.9564;0.0731;3.1150;true;2.40
727;acrobat;1;-8.2444;-0.0462;3.2901;false;2.40
728;clown;0;-6.0134;0.1087;2.9794;true;2.37
728;clown;1;-5.6816;0.1162;3.2229;false;2.37
728;acrobat;0;-8.0793;0.0991;3.1167;true;2.40
728;acrobat;1;-8.2444;-0.0462;3.2900;false;2.40
729;clown;0;-6.0166;0.0975;2.9775;false;2.37
729;clown;1;-5.6810;0.1172;3.2341;true;2.37
729;acrobat;0;-8.2201;0.1037;3.1141;true;2.40
729;acrobat;1;-8.2443;-0.0462;3.2893;false;2.40
730;clown;0;-6.0171;0.0975;2.9751;false;2.37
730;clown;1;-5.7226;0.1579;3.2362;true;2.37
730;acrobat;0;-8.3616;0.0859;3.1129;true;2.40
730;acrobat;1;-8.2444;-0.0462;3.2882;false;2.40
731;clown;0;-6.0171;0.0975;2.9745;false;2.37
731;clown;1;-5.8284;0.1829;3.2255;true;2.37
731;acrobat;0;-8.4647;0.0562;3.1178;true;1.96
731;acrobat;1;-8.2445;-0.0462;3.2874;false;1.96
732;clown;0;-6.0169;0.0975;2.9756;false;2.35
732;clown;1;-5.9658;0.1886;3.2291;true;2.35
732;acrobat;0;-8.5439;0.0151;3.1261;true;1.97
732;acrobat;1;-8.2448;-0.0463;3.2866;false;1.97
733;clown;0;-6.0169;0.0975;2.9774;false;2.33
733;clown;1;-6.1052;0.1727;3.2367;true;2.33
733;acrobat;0;-8.5933;-0.0407;3.1320;true;2.26
733;acrobat;1;-8.2452;-0.0463;3.2860;false;2.26
734;clown;0;-6.0169;0.0974;2.9788;false;2.30
734;clown;1;-6.2189;0.1391;3.2391;true;2.30
734;acrobat;0;-8.5952;-0.0698;3.1362;false;2.40
734;acrobat;1;-8.2455;-0.0463;3.2859;false;2.40
735;clown;0;-6.0169;0.0974;2.9781;false;2.28
735;clown;1;-6.2806;0.0962;3.2408;true;2.28
735;acrobat;0;-8.5921;-0.0703;3.1370;false;2.40
735;acrobat;1;-8.2452;-0.0463;3.2873;true;2.40
736;clown;0;-6.0169;0.0978;2.9727;false;2.26
736;clown;1;-6.2856;0.0815;3.2435;false;2.26
736;acrobat;0;-8.5937;-0.0691;3.1324;false;2.40
736;acrobat;1;-8.2697;0.0086;3.3031;true;2.40
737;clown;0;-6.0173;0.0985;2.9636;true;2.25
737;clown;1;-6.2858;0.0814;3.2466;false;2.25
737;acrobat;0;-8.5972;-0.0679;3.1275;false;2.40
737;acrobat;1;-8.3348;0.0522;3.3439;true;2.40
738;clown;0;-6.0541;0.1371;2.9662;true;2.23
738;clown;1;-6.2857;0.0813;3.2481;false;2.23
738;acrobat;0;-8.6013;-0.0668;3.1229;false;2.40
738;acrobat;1;-8.4263;0.0783;3.4029;true;2.40
739;clown;0;-6.1464;0.1625;2.9849;true;2.22
739;clown;1;-6.2855;0.0813;3.2475;false;2.22
739;acrobat;0;-8.6055;-0.0659;3.1187;false;2.40
739;acrobat;1;-8.5302;0.0832;3.4727;true;2.40
740;clown;0;-6.2704;0.1712;2.9963;true;2.20
740;clown;1;-6.2854;0.0814;3.2457;false;2.20
740;acrobat;0;-8.6101;-0.0650;3.1145;false;2.40
740;acrobat;1;-8.6334;0.0657;3.5441;true;2.40
741;clown;0;-6.4018;0.1607;3.0054;true;2.19
741;clown;1;-6.2855;0.0815;3.2439;false;2.19
741;acrobat;0;-8.6158;-0.0639;3.1096;false;2.40
741;acrobat;1;-8.7233;0.0284;3.6083;true;2.40
742;clown;0;-6.5163;0.1330;3.0184;true;2.18
742;clown;1;-6.2857;0.0815;3.2428;false;2.18
742;acrobat;0;-8.6243;-0.0625;3.1029;true;2.40
742;acrobat;1;-8.7869;-0.0228;3.6569;true;2.40
743;clown;0;-6.5917;0.0940;3.0282;true;2.17
743;clown;1;-6.2856;0.0815;3.2434;false;2.17
743;acrobat;0;-8.6402;-0.0077;3.1324;true;2.40
743;acrobat;1;-8.8116;-0.0804;3.6792;true;2.40
744;clown;0;-6.6106;0.0633;3.0304;false;2.16
744;clown;1;-6.2848;0.0817;3.2473;false;2.16
744;acrobat;0;-8.6797;0.0334;3.2156;true;2.40
744;acrobat;1;-8.8108;-0.0833;3.6810;false;2.40
745;clown;0;-6.6110;0.0635;3.0292;false;2.15
745;clown;1;-6.2836;0.0821;3.2544;true;2.15
745;acrobat;0;-8.7477;0.0590;3.3238;true;2.40
745;acrobat;1;-8.8098;-0.0833;3.6828;false;2.40
746;clown;0;-6.6118;0.0637;3.0269;false;2.14
746;clown;1;-6.3172;0.1195;3.2612;true;2.14
746;acrobat;0;-8.8369;0.0664;3.4356;true;2.40
746;acrobat;1;-8.8090;-0.0833;3.6837;false;2.40
747;clown;0;-6.6121;0.0637;3.0260;false;2.14
747;clown;1;-6.4059;0.1449;3.2663;true;2.14
747;acrobat;0;-8.9316;0.0518;3.5418;true;2.40
747;acrobat;1;-8.8087;-0.0833;3.6839;false;2.40
748;clown;0;-6.6122;0.0637;3.0262;false;2.13
748;clown;1;-6.5240;0.1549;3.2849;true;2.13
748;acrobat;0;-9.0145;0.0161;3.6357;true;2.40
748;acrobat;1;-8.8089;-0.0833;3.6836;false;2.40
749;clown;0;-6.6123;0.0636;3.0266;false;2.13
749;clown;1;-6.6510;0.1468;3.3097;true;2.13
749;acrobat;0;-9.0725;-0.0346;3.7047;true;2.40
749;acrobat;1;-8.8096;-0.0833;3.6829;false;2.40
750;clown;0;-6.6124;0.0636;3.0263;false;2.12
750;clown;1;-6.7669;0.1222;3.3286;true;2.12
750;acrobat;0;-9.0959;-0.0922;3.7328;true;2.40
750;acrobat;1;-8.8103;-0.0833;3.6823;false;2.40
751;clown;0;-6.6129;0.0638;3.0233;false;2.12
751;clown;1;-6.8500;0.0857;3.3412;true;2.12
751;acrobat;0;-9.0964;-0.0953;3.7325;false;2.40
751;acrobat;1;-8.8107;-0.0833;3.6819;false;2.40
752;clown;0;-6.6147;0.0648;3.0147;false;2.11
752;clown;1;-6.8797;0.0472;3.3481;false;2.11
752;acrobat;0;-9.0970;-0.0953;3.7320;false;2.40
752;acrobat;1;-8.8108;-0.0833;3.6819;false;2.40
753;clown;0;-6.6183;0.0663;3.0013;true;2.11
753;clown;1;-6.8793;0.0471;3.3515;false;2.11
753;acrobat;0;-9.0976;-0.0953;3.7315;false;2.40
753;acrobat;1;-8.8104;-0.0833;3.6822;true;2.40
754;clown;0;-6.6513;0.1034;3.0085;true;2.11
754;clown;1;-6.8790;0.0469;3.3535;false;2.11
754;acrobat;0;-9.0978;-0.0953;3.7313;false;2.40
754;acrobat;1;-8.8312;-0.0280;3.7033;true;2.40
755;clown;0;-6.7304;0.1277;3.0485;true;2.11
755;clown;1;-6.8786;0.0468;3.3538;false;2.11
755;acrobat;0;-9.0973;-0.0953;3.7317;false;2.40
755;acrobat;1;-8.8857;0.0167;3.7591;true;2.40
756;clown;0;-6.8426;0.1379;3.0887;true;2.11
756;clown;1;-6.8784;0.0469;3.3526;false;2.11
756;acrobat;0;-9.0967;-0.0953;3.7323;false;2.40
756;acrobat;1;-8.9618;0.0444;3.8394;true;2.40
757;clown;0;-6.9674;0.1312;3.1212;true;2.11
757;clown;1;-6.8786;0.0471;3.3508;false;2.11
757;acrobat;0;-9.0962;-0.0953;3.7328;false;2.40
757;acrobat;1;-9.0497;0.0508;3.9314;true;2.40
758;clown;0;-7.0815;0.1079;3.1528;true;2.11
758;clown;1;-6.8791;0.0472;3.3488;false;2.11
758;acrobat;0;-9.0962;-0.0953;3.7329;false;2.40
758;acrobat;1;-9.1401;0.0349;4.0212;true;2.40
759;clown;0;-7.1641;0.0722;3.1780;true;2.11
759;clown;1;-6.8797;0.0472;3.3472;false;2.11
759;acrobat;0;-9.0968;-0.0953;3.7322;false;2.40
759;acrobat;1;-9.2206;-0.0011;4.0982;true;2.40
760;clown;0;-7.1967;0.0317;3.1876;true;2.11
760;clown;1;-6.8798;0.0472;3.3468;false;2.11
760;acrobat;0;-9.0982;-0.0952;3.7306;false;2.40
760;acrobat;1;-9.2775;-0.0518;4.1542;true;2.40
761;clown;0;-7.1970;0.0314;3.1872;false;2.11
761;clown;1;-6.8792;0.0473;3.3483;false;2.11
761;acrobat;0;-9.1003;-0.0950;3.7282;true;2.40
761;acrobat;1;-9.2999;-0.1094;4.1780;true;2.40
762;clown;0;-7.1976;0.0315;3.1858;false;2.11
762;clown;1;-6.8779;0.0474;3.3518;true;2.11
762;acrobat;0;-9.1234;-0.0398;3.7521;true;2.40
762;acrobat;1;-9.2992;-0.1123;4.1792;false;2.40
763;clown;0;-7.1984;0.0316;3.1842;false;2.11
763;clown;1;-6.9089;0.0842;3.3629;true;2.11
763;acrobat;0;-9.1814;0.0046;3.8184;true;2.40
763;acrobat;1;-9.2984;-0.1123;4.1803;false;2.40
764;clown;0;-7.1986;0.0316;3.1839;false;2.11
764;clown;1;-6.9906;0.1104;3.3872;true;2.11
764;acrobat;0;-9.2674;0.0322;3.9079;true;2.40
764;acrobat;1;-9.2980;-0.1123;4.1808;false;2.40
765;clown;0;-7.1986;0.0316;3.1842;false;2.11
765;clown;1;-7.0995;0.1212;3.4284;true;2.11
765;acrobat;0;-9.3701;0.0388;4.0063;true;2.40
765;acrobat;1;-9.2981;-0.1123;4.1807;false;2.40
766;clown;0;-7.1987;0.0316;3.1840;false;2.12
766;clown;1;-7.2182;0.1140;3.4741;true;2.12
766;acrobat;0;-9.4726;0.0228;4.1058;true;2.40
766;acrobat;1;-9.2987;-0.1123;4.1801;false;2.40
767;clown;0;-7.1992;0.0316;3.1825;false;2.12
767;clown;1;-7.3287;0.0904;3.5108;true;2.12
767;acrobat;0;-9.5603;-0.0132;4.1952;true;2.40
767;acrobat;1;-9.2996;-0.1123;4.1793;false;2.40
768;clown;0;-7.2009;0.0321;3.1776;false;2.12
768;clown;1;-7.4091;0.0544;3.5367;true;2.12
768;acrobat;0;-9.6226;-0.0639;4.2597;true;2.40
768;acrobat;1;-9.3005;-0.1124;4.1785;false;2.40
769;clown;0;-7.2051;0.0334;3.1669;true;2.12
769;clown;1;-7.4391;0.0145;3.5486;false;2.12
769;acrobat;0;-9.6486;-0.1215;4.2853;true;2.40
769;acrobat;1;-9.3010;-0.1124;4.1782;false;2.40
770;clown;0;-7.2366;0.0709;3.1781;true;2.13
770;clown;1;-7.4385;0.0145;3.5512;false;2.13
770;acrobat;0;-9.6495;-0.1245;4.2847;false;2.40
770;acrobat;1;-9.3003;-0.1124;4.1787;false;2.40
771;clown;0;-7.3108;0.0959;3.2251;true;2.13
771;clown;1;-7.4379;0.0144;3.5528;false;2.13
771;acrobat;0;-9.6506;-0.1245;4.2839;false;2.40
771;acrobat;1;-9.2985;-0.1123;4.1803;true;2.40
772;clown;0;-7.4173;0.1064;3.2768;true;2.13
772;clown;1;-7.4375;0.0143;3.5530;false;2.13
772;acrobat;0;-9.6514;-0.1245;4.2832;false;2.40
772;acrobat;1;-9.3204;-0.0570;4.2020;true;2.40
773;clown;0;-7.5361;0.0994;3.3238;true;2.14
773;clown;1;-7.4376;0.0144;3.5521;false;2.14
773;acrobat;0;-9.6526;-0.1245;4.2819;false;2.50
773;acrobat;1;-9.3827;-0.0103;4.2612;true;2.50
774;clown;0;-7.6442;0.0750;3.3688;true;2.15
774;clown;1;-7.4381;0.0145;3.5506;false;2.15
774;acrobat;0;-9.6528;-0.1246;4.2810;false;2.50
774;acrobat;1;-9.4699;0.0177;4.3455;true;2.50
775;clown;0;-7.7205;0.0380;3.4026;true;2.16
775;clown;1;-7.4389;0.0145;3.5489;false;2.16
775;acrobat;0;-9.6524;-0.1246;4.2806;false;2.41
775;acrobat;1;-9.5680;0.0222;4.4327;true;2.41
776;clown;0;-7.7461;0.0010;3.4135;false;2.17
776;clown;1;-7.4394;0.0145;3.5480;false;2.17
776;acrobat;0;-9.6518;-0.1246;4.2808;false;2.40
776;acrobat;1;-9.6648;0.0016;4.5091;true;2.40
777;clown;0;-7.7470;0.0011;3.4121;false;2.17
777;clown;1;-7.4391;0.0145;3.5487;true;2.17
777;acrobat;0;-9.6512;-0.1246;4.2814;false;2.40
777;acrobat;1;-9.7408;-0.0422;4.5736;true;2.40
778;clown;0;-7.7480;0.0012;3.4104;false;2.17
778;clown;1;-7.4673;0.0526;3.5618;true;2.17
778;acrobat;0;-9.6509;-0.1245;4.2823;false;2.40
778;acrobat;1;-9.7870;-0.0981;4.6251;true;2.40
779;clown;0;-7.7483;0.0012;3.4099;false;2.17
779;clown;1;-7.5401;0.0797;3.5945;true;2.17
779;acrobat;0;-9.6507;-0.1245;4.2828;false;2.40
779;acrobat;1;-9.8024;-0.1537;4.6469;false;2.40
780;clown;0;-7.7481;0.0012;3.4104;false;2.17
780;clown;1;-7.6379;0.0904;3.6413;true;2.17
780;acrobat;0;-9.6505;-0.1245;4.2838;true;2.40
780;acrobat;1;-9.8023;-0.1515;4.6505;false;2.40
781;clown;0;-7.7478;0.0011;3.4113;false;2.18
781;clown;1;-7.7446;0.0823;3.6891;true;2.18
781;acrobat;0;-9.6810;-0.0693;4.2853;true;2.40
781;acrobat;1;-9.8043;-0.1464;4.6637;false;2.40
782;clown;0;-7.7476;0.0010;3.4120;false;2.18
782;clown;1;-7.8412;0.0568;3.7275;true;2.18
782;acrobat;0;-9.7615;-0.0246;4.2888;true;2.40
782;acrobat;1;-9.8076;-0.1423;4.6769;false;2.40
783;clown;0;-7.7480;0.0010;3.4111;false;2.18
783;clown;1;-7.9072;0.0188;3.7534;true;2.18
783;acrobat;0;-9.8755;0.0029;4.2937;true;2.40
783;acrobat;1;-9.8116;-0.1392;4.6893;false;2.40
784;clown;0;-7.7495;0.0014;3.4064;false;2.18
784;clown;1;-7.9255;-0.0141;3.7613;false;2.18
784;acrobat;0;-10.0063;0.0092;4.3010;true;2.40
784;acrobat;1;-9.8163;-0.1369;4.7010;false;2.40
785;clown;0;-7.7527;0.0022;3.3979;true;2.19
785;clown;1;-7.9252;-0.0139;3.7630;false;2.19
785;acrobat;0;-10.1368;-0.0069;4.3111;true;2.40
785;acrobat;1;-9.8218;-0.1355;4.7127;true;2.40
786;clown;0;-7.7858;0.0405;3.4097;true;2.19
786;clown;1;-7.9248;-0.0138;3.7654;false;2.19
786;acrobat;0;-10.2509;-0.0432;4.3203;true;2.40
786;acrobat;1;-9.8442;-0.0832;4.6841;true;2.40
787;clown;0;-7.8659;0.0664;3.4529;true;2.19
787;clown;1;-7.9247;-0.0138;3.7661;false;2.19
787;acrobat;0;-10.3336;-0.0940;4.3239;true;2.40
787;acrobat;1;-9.9218;-0.0448;4.6362;true;2.40
788;clown;0;-7.9789;0.0765;3.4995;true;2.19
788;clown;1;-7.9249;-0.0138;3.7657;false;2.19
788;acrobat;0;-10.3680;-0.1515;4.3227;true;2.40
788;acrobat;1;-10.0382;-0.0193;4.5903;true;2.40
789;clown;0;-8.1019;0.0674;3.5441;true;2.20
789;clown;1;-7.9252;-0.0138;3.7649;false;2.20
789;acrobat;0;-10.3685;-0.1544;4.3213;false;2.40
789;acrobat;1;-10.1722;-0.0100;4.5537;true;2.40
790;clown;0;-8.2101;0.0407;3.5865;true;2.20
790;clown;1;-7.9255;-0.0139;3.7646;false;2.20
790;acrobat;0;-10.3687;-0.1544;4.3202;false;2.40
790;acrobat;1;-10.3056;-0.0205;4.5320;true;2.40
791;clown;0;-8.2825;0.0021;3.6154;true;2.20
791;clown;1;-7.9247;-0.0138;3.7665;false;2.20
791;acrobat;0;-10.3686;-0.1544;4.3198;false;2.40
791;acrobat;1;-10.4224;-0.0533;4.5141;true;2.40
792;clown;0;-8.3015;-0.0286;3.6207;false;2.21
792;clown;1;-7.9221;-0.0131;3.7735;false;2.21
792;acrobat;0;-10.3686;-0.1544;4.3201;false;2.40
792;acrobat;1;-10.5063;-0.1029;4.4989;true;2.40
793;clown;0;-8.3028;-0.0287;3.6180;false;2.21
793;clown;1;-7.9185;-0.0119;3.7852;true;2.21
793;acrobat;0;-10.3687;-0.1544;4.3207;false;2.40
793;acrobat;1;-10.5403;-0.1603;4.4920;true;2.40
794;clown;0;-8.3035;-0.0288;3.6163;false;2.21
794;clown;1;-7.9532;0.0268;3.7967;true;2.21
794;acrobat;0;-10.3687;-0.1544;4.3212;false;2.40
794;acrobat;1;-10.5404;-0.1633;4.4924;false;2.40
795;clown;0;-8.3032;-0.0288;3.6164;false;2.22
795;clown;1;-8.0478;0.0521;3.8083;true;2.22
795;acrobat;0;-10.3687;-0.1544;4.3216;false;2.40
795;acrobat;1;-10.5405;-0.1633;4.4929;false;2.40
796;clown;0;-8.3024;-0.0287;3.6178;false;2.22
796;clown;1;-8.1706;0.0616;3.8394;true;2.22
796;acrobat;0;-10.3687;-0.1544;4.3217;false;2.40
796;acrobat;1;-10.5405;-0.1633;4.4934;false;2.40
797;clown;0;-8.3018;-0.0286;3.6196;false;2.22
797;clown;1;-8.2990;0.0517;3.8801;true;2.22
797;acrobat;0;-10.3687;-0.1544;4.3214;true;2.40
797;acrobat;1;-10.5405;-0.1633;4.4940;false;2.40
798;clown;0;-8.3014;-0.0286;3.6212;false;2.22
798;clown;1;-8.4127;0.0239;3.9125;true;2.22
798;acrobat;0;-10.3971;-0.0992;4.3213;true;2.40
798;acrobat;1;-10.5405;-0.1633;4.4938;false;2.40
799;clown;0;-8.3013;-0.0286;3.6216;false;2.23
799;clown;1;-8.4869;-0.0158;3.9325;true;2.23
799;acrobat;0;-10.4722;-0.0546;4.3203;true;2.40
799;acrobat;1;-10.5405;-0.1633;4.4931;false;2.40
800;clown;0;-8.3018;-0.0285;3.6189;false;2.23
800;clown;1;-8.5026;-0.0437;3.9375;false;2.23
800;acrobat;0;-10.5785;-0.0270;4.3179;true;2.40
800;acrobat;1;-10.5405;-0.1633;4.4923;false;2.40
801;clown;0;-8.3032;-0.0282;3.6132;true;2.23
801;clown;1;-8.5024;-0.0435;3.9393;false;2.23
801;acrobat;0;-10.7008;-0.0208;4.3163;true;2.40
801;acrobat;1;-10.5405;-0.1633;4.4922;false;2.40
802;clown;0;-8.3386;0.0107;3.6223;true;2.24
802;clown;1;-8.5021;-0.0435;3.9413;false;2.24
802;acrobat;0;-10.8232;-0.0368;4.3178;true;2.40
802;acrobat;1;-10.5404;-0.1633;4.4933;false;2.40
803;clown;0;-8.4275;0.0373;3.6530;true;2.24
803;clown;1;-8.5021;-0.0435;3.9415;false;2.24
803;acrobat;0;-10.9302;-0.0730;4.3206;true;2.40
803;acrobat;1;-10.5403;-0.1632;4.4957;false;2.40
804;clown;0;-8.5494;0.0465;3.6839;true;2.24
804;clown;1;-8.5023;-0.0435;3.9408;false;2.24
804;acrobat;0;-11.0071;-0.1238;4.3214;true;2.40
804;acrobat;1;-10.5401;-0.1630;4.4990;true;2.40
805;clown;0;-8.6792;0.0355;3.7158;true;2.25
805;clown;1;-8.5026;-0.0435;3.9400;false;2.25
805;acrobat;0;-11.0386;-0.1814;4.3200;true;2.40
805;acrobat;1;-10.5733;-0.1079;4.4979;true;2.40
806;clown;0;-8.7904;0.0067;3.7480;true;2.25
806;clown;1;-8.5027;-0.0436;3.9400;false;2.25
806;acrobat;0;-11.0389;-0.1844;4.3189;false;2.40
806;acrobat;1;-10.6612;-0.0640;4.4913;true;2.40
807;clown;0;-8.8607;-0.0339;3.7682;true;2.25
807;clown;1;-8.5017;-0.0434;3.9432;false;2.25
807;acrobat;0;-11.0391;-0.1844;4.3178;false;2.40
807;acrobat;1;-10.7853;-0.0370;4.4880;true;2.40
808;clown;0;-8.8741;-0.0590;3.7698;false;2.26
808;clown;1;-8.4993;-0.0425;3.9518;true;2.26
808;acrobat;0;-11.0391;-0.1844;4.3174;false;2.40
808;acrobat;1;-10.9273;-0.0311;4.4908;true;2.40
809;clown;0;-8.8751;-0.0590;3.7675;false;2.26
809;clown;1;-8.5346;-0.0030;3.9609;true;2.26
809;acrobat;0;-11.0391;-0.1844;4.3179;false;2.40
809;acrobat;1;-11.0700;-0.0477;4.4933;true;2.40
810;clown;0;-8.8753;-0.0590;3.7664;false;2.26
810;clown;1;-8.6282;0.0232;3.9709;true;2.26
810;acrobat;0;-11.0391;-0.1844;4.3189;false;2.40
810;acrobat;1;-11.1953;-0.0843;4.4924;true;2.40
811;clown;0;-8.8750;-0.0590;3.7669;false;2.26
811;clown;1;-8.7504;0.0323;3.9964;true;2.26
811;acrobat;0;-11.0392;-0.1844;4.3202;false;2.40
811;acrobat;1;-11.2849;-0.1354;4.4909;true;2.40
812;clown;0;-8.8745;-0.0590;3.7682;false;2.27
812;clown;1;-8.8780;0.0211;4.0278;true;2.27
812;acrobat;0;-11.0393;-0.1845;4.3212;false;2.40
812;acrobat;1;-11.3213;-0.1932;4.4911;true;2.40
813;clown;0;-8.8742;-0.0590;3.7700;false;2.27
813;clown;1;-8.9886;-0.0083;4.0513;true;2.27
813;acrobat;0;-11.0393;-0.1845;4.3212;false;2.40
813;acrobat;1;-11.3215;-0.1962;4.4921;false;2.40
814;clown;0;-8.8741;-0.0590;3.7712;false;2.27
814;clown;1;-9.0566;-0.0495;4.0651;true;2.27
814;acrobat;0;-11.0392;-0.1845;4.3199;true;2.40
814;acrobat;1;-11.3217;-0.1962;4.4933;false;2.40
815;clown;0;-8.8742;-0.0590;3.7699;false;2.27
815;clown;1;-9.0669;-0.0721;4.0680;false;2.27
815;acrobat;0;-11.0684;-0.1291;4.3200;true;2.40
815;acrobat;1;-11.3218;-0.1962;4.4942;false;2.40
816;clown;0;-8.8749;-0.0588;3.7657;true;2.28
816;clown;1;-9.0667;-0.0720;4.0699;false;2.28
816;acrobat;0;-11.1456;-0.0842;4.3205;true;2.40
816;acrobat;1;-11.3217;-0.1962;4.4943;false;2.40
817;clown;0;-8.9106;-0.0191;3.7726;true;2.28
817;clown;1;-9.0666;-0.0720;4.0715;false;2.28
817;acrobat;0;-11.2547;-0.0562;4.3191;true;2.40
817;acrobat;1;-11.3217;-0.1962;4.4937;false;2.40
818;clown;0;-9.0006;0.0081;3.7947;true;2.28
818;clown;1;-9.0666;-0.0720;4.0715;false;2.28
818;acrobat;0;-11.3802;-0.0494;4.3170;true;2.40
818;acrobat;1;-11.3217;-0.1962;4.4929;false;2.40
819;clown;0;-9.1223;0.0170;3.8169;true;2.28
819;clown;1;-9.0668;-0.0720;4.0706;false;2.28
819;acrobat;0;-11.5061;-0.0650;4.3174;true;2.40
819;acrobat;1;-11.3217;-0.1962;4.4921;false;2.40
820;clown;0;-9.2499;0.0050;3.8413;true;2.29
820;clown;1;-9.0671;-0.0721;4.0698;false;2.29
820;acrobat;0;-11.6163;-0.1007;4.3199;true;2.40
820;acrobat;1;-11.3218;-0.1962;4.4916;false;2.40
821;clown;0;-9.3574;-0.0253;3.8661;true;2.29
821;clown;1;-9.0670;-0.0721;4.0701;false;2.29
821;acrobat;0;-11.6952;-0.1513;4.3213;true;2.40
821;acrobat;1;-11.3218;-0.1962;4.4920;false;2.40
822;clown;0;-9.4216;-0.0670;3.8802;true;2.29
822;clown;1;-9.0661;-0.0718;4.0740;false;2.29
822;acrobat;0;-11.7274;-0.2087;4.3205;true;2.40
822;acrobat;1;-11.3217;-0.1962;4.4937;false;2.40
823;clown;0;-9.4305;-0.0872;3.8800;false;2.29
823;clown;1;-9.0641;-0.0709;4.0836;true;2.29
823;acrobat;0;-11.7277;-0.2117;4.3194;false;2.40
823;acrobat;1;-11.3215;-0.1960;4.4968;true;2.40
824;clown;0;-9.4313;-0.0872;3.8776;false;2.30
824;clown;1;-9.1015;-0.0309;4.0909;true;2.30
824;acrobat;0;-11.7280;-0.2117;4.3179;false;2.40
824;acrobat;1;-11.3542;-0.1407;4.4968;true;2.40
825;clown;0;-9.4314;-0.0873;3.8767;false;2.30
825;clown;1;-9.1996;-0.0047;4.0956;true;2.30
825;acrobat;0;-11.7281;-0.2117;4.3170;false;2.40
825;acrobat;1;-11.4408;-0.0962;4.4919;true;2.40
826;clown;0;-9.4311;-0.0872;3.8773;false;2.30
826;clown;1;-9.3276;0.0037;4.1157;true;2.30
826;acrobat;0;-11.7280;-0.2117;4.3170;false;2.40
826;acrobat;1;-11.5632;-0.0684;4.4903;true;2.40
827;clown;0;-9.4308;-0.0872;3.8789;false;2.30
827;clown;1;-9.4603;-0.0088;4.1410;true;2.30
827;acrobat;0;-11.7280;-0.2117;4.3177;false;2.40
827;acrobat;1;-11.7035;-0.0618;4.4930;true;2.40
828;clown;0;-9.4306;-0.0872;3.8806;false;2.30
828;clown;1;-9.5730;-0.0399;4.1587;true;2.30
828;acrobat;0;-11.7280;-0.2117;4.3187;false;2.40
828;acrobat;1;-11.8444;-0.0776;4.4942;true;2.40
829;clown;0;-9.4305;-0.0873;3.8814;false;2.31
829;clown;1;-9.6383;-0.0822;4.1685;true;2.31
829;acrobat;0;-11.7281;-0.2117;4.3198;false;2.40
829;acrobat;1;-11.9679;-0.1135;4.4922;true;2.40
830;clown;0;-9.4308;-0.0872;3.8790;false;2.31
830;clown;1;-9.6454;-0.1006;4.1708;false;2.31
830;acrobat;0;-11.7282;-0.2118;4.3205;false;2.40
830;acrobat;1;-12.0562;-0.1642;4.4904;true;2.40
831;clown;0;-9.4314;-0.0869;3.8733;true;2.31
831;clown;1;-9.6454;-0.1005;4.1729;false;2.31
831;acrobat;0;-11.7282;-0.2118;4.3201;false;2.40
831;acrobat;1;-12.0922;-0.2218;4.4909;true;2.40
832;clown;0;-9.4691;-0.0466;3.8792;true;2.31
832;clown;1;-9.6453;-0.1005;4.1744;false;2.31
832;acrobat;0;-11.7280;-0.2117;4.3182;false;2.40
832;acrobat;1;-12.0926;-0.2248;4.4920;false;2.40
833;clown;0;-9.5638;-0.0195;3.8999;true;2.32
833;clown;1;-9.6453;-0.1005;4.1742;false;2.32
833;acrobat;0;-11.7278;-0.2115;4.3142;true;2.40
833;acrobat;1;-12.0928;-0.2248;4.4935;false;2.40
834;clown;0;-9.6911;-0.0111;3.9179;true;2.32
834;clown;1;-9.6455;-0.1005;4.1731;false;2.32
834;acrobat;0;-11.7605;-0.1562;4.3144;true;2.40
834;acrobat;1;-12.0929;-0.2248;4.4947;false;2.40
835;clown;0;-9.8235;-0.0242;3.9374;true;2.32
835;clown;1;-9.6457;-0.1006;4.1723;false;2.32
835;acrobat;0;-11.8469;-0.1114;4.3189;true;2.40
835;acrobat;1;-12.0929;-0.2248;4.4949;false;2.40
836;clown;0;-9.9334;-0.0557;3.9577;true;2.32
836;clown;1;-9.6456;-0.1006;4.1728;false;2.32
836;acrobat;0;-11.9690;-0.0833;4.3202;true;2.40
836;acrobat;1;-12.0928;-0.2248;4.4943;false;2.40
837;clown;0;-9.9957;-0.0984;3.9683;true;2.32
837;clown;1;-9.6447;-0.1003;4.1772;false;2.32
837;acrobat;0;-12.1092;-0.0764;4.3178;true;2.40
837;acrobat;1;-12.0928;-0.2248;4.4934;false;2.40
838;clown;0;-10.0021;-0.1150;3.9673;false;2.32
838;clown;1;-9.6431;-0.0994;4.1872;true;2.32
838;acrobat;0;-12.2500;-0.0918;4.3171;true;2.40
838;acrobat;1;-12.0928;-0.2248;4.4925;false;2.40
839;clown;0;-10.0027;-0.1150;3.9649;false;2.33
839;clown;1;-9.6822;-0.0588;4.1930;true;2.33
839;acrobat;0;-12.3732;-0.1274;4.3196;true;2.40
839;acrobat;1;-12.0929;-0.2248;4.4920;false;2.40
840;clown;0;-10.0028;-0.1150;3.9641;false;2.33
840;clown;1;-9.7836;-0.0323;4.1934;true;2.33
840;acrobat;0;-12.4613;-0.1779;4.3214;true;2.40
840;acrobat;1;-12.0929;-0.2248;4.4923;false;2.40
841;clown;0;-10.0025;-0.1150;3.9649;false;2.33
841;clown;1;-9.9156;-0.0240;4.2090;true;2.33
841;acrobat;0;-12.4974;-0.2354;4.3207;true;2.40
841;acrobat;1;-12.0927;-0.2247;4.4939;false;2.40
842;clown;0;-10.0023;-0.1149;3.9665;false;2.33
842;clown;1;-10.0519;-0.0372;4.2293;true;2.33
842;acrobat;0;-12.4977;-0.2383;4.3197;false;2.40
842;acrobat;1;-12.0926;-0.2246;4.4970;true;2.40
843;clown;0;-10.0022;-0.1150;3.9682;false;2.33
843;clown;1;-10.1657;-0.0692;4.2423;true;2.33
843;acrobat;0;-12.4979;-0.2383;4.3182;false;2.40
843;acrobat;1;-12.1252;-0.1692;4.4969;true;2.40
844;clown;0;-10.0022;-0.1150;3.9685;false;2.33
844;clown;1;-10.2286;-0.1122;4.2493;true;2.33
844;acrobat;0;-12.4980;-0.2383;4.3173;false;2.40
844;acrobat;1;-12.2117;-0.1242;4.4921;true;2.40
845;clown;0;-10.0024;-0.1149;3.9652;false;2.34
845;clown;1;-10.2336;-0.1273;4.2513;false;2.34
845;acrobat;0;-12.4980;-0.2383;4.3173;false;2.40
845;acrobat;1;-12.3337;-0.0958;4.4906;true;2.40
846;clown;0;-10.0029;-0.1144;3.9585;true;2.34
846;clown;1;-10.2337;-0.1272;4.2535;false;2.34
846;acrobat;0;-12.4979;-0.2383;4.3180;false;2.40
846;acrobat;1;-12.4737;-0.0885;4.4933;true;2.40
847;clown;0;-10.0421;-0.0738;3.9635;true;2.34
847;clown;1;-10.2337;-0.1272;4.2549;false;2.34
847;acrobat;0;-12.4979;-0.2383;4.3190;false;2.40
847;acrobat;1;-12.6144;-0.1037;4.4944;true;2.40
848;clown;0;-10.1404;-0.0464;3.9828;true;2.34
848;clown;1;-10.2337;-0.1272;4.2545;false;2.34
848;acrobat;0;-12.4979;-0.2384;4.3199;false;1.96
848;acrobat;1;-12.7175;-0.1313;4.4962;true;1.96
849;clown;0;-10.2706;-0.0381;3.9974;true;2.32
849;clown;1;-10.2338;-0.1272;4.2534;false;2.32
849;acrobat;0;-12.4978;-0.2384;4.3205;false;1.97
849;acrobat;1;-12.7991;-0.1702;4.5009;true;1.97
850;clown;0;-10.4043;-0.0511;4.0125;true;2.30
850;clown;1;-10.2339;-0.1273;4.2526;false;2.30
850;acrobat;0;-12.4977;-0.2384;4.3200;false;2.26
850;acrobat;1;-12.8516;-0.2242;4.5067;true;2.26
851;clown;0;-10.5142;-0.0820;4.0294;true;2.28
851;clown;1;-10.2339;-0.1273;4.2531;false;2.28
851;acrobat;0;-12.4978;-0.2383;4.3187;false;2.40
851;acrobat;1;-12.8535;-0.2542;4.5146;false;2.40
852;clown;0;-10.5767;-0.1235;4.0386;true;2.27
852;clown;1;-10.2332;-0.1270;4.2571;false;2.27
852;acrobat;0;-12.4986;-0.2382;4.3160;true;2.40
852;acrobat;1;-12.8474;-0.2567;4.5202;false;2.40
853;clown;0;-10.5835;-0.1410;4.0385;false;2.25
853;clown;1;-10.2318;-0.1262;4.2660;true;2.25
853;acrobat;0;-12.5249;-0.1828;4.3338;true;2.40
853;acrobat;1;-12.8442;-0.2570;4.5187;false;2.40
854;clown;0;-10.5842;-0.1409;4.0364;false;2.24
854;clown;1;-10.2680;-0.0868;4.2718;true;2.24
854;acrobat;0;-12.5944;-0.1373;4.3805;true;2.40
854;acrobat;1;-12.8431;-0.2562;4.5145;false;2.40
855;clown;0;-10.5844;-0.1409;4.0356;false;2.23
855;clown;1;-10.3620;-0.0603;4.2726;true;2.23
855;acrobat;0;-12.6960;-0.1089;4.4391;true;2.40
855;acrobat;1;-12.8445;-0.2546;4.5090;false;2.40
856;clown;0;-10.5843;-0.1409;4.0362;false;2.22
856;clown;1;-10.4855;-0.0501;4.2869;true;2.22
856;acrobat;0;-12.8145;-0.1021;4.5048;true;2.40
856;acrobat;1;-12.8478;-0.2530;4.5041;false;2.40
857;clown;0;-10.5842;-0.1410;4.0375;false;2.21
857;clown;1;-10.6150;-0.0593;4.3078;true;2.21
857;acrobat;0;-12.9308;-0.1170;4.5780;true;2.40
857;acrobat;1;-12.8518;-0.2517;4.5004;false;2.40
858;clown;0;-10.5841;-0.1411;4.0388;false;2.20
858;clown;1;-10.7285;-0.0860;4.3233;true;2.20
858;acrobat;0;-13.0283;-0.1511;4.6488;true;2.40
858;acrobat;1;-12.8558;-0.2507;4.4975;false;2.40
859;clown;0;-10.5841;-0.1412;4.0388;false;2.19
859;clown;1;-10.8028;-0.1243;4.3327;true;2.19
859;acrobat;0;-13.0961;-0.2004;4.7012;true;2.40
859;acrobat;1;-12.8598;-0.2499;4.4951;false;2.40
860;clown;0;-10.5846;-0.1409;4.0347;false;2.18
860;clown;1;-10.8194;-0.1528;4.3373;false;2.18
860;acrobat;0;-13.1233;-0.2576;4.7222;true;2.40
860;acrobat;1;-12.8645;-0.2492;4.4924;false;2.40
861;clown;0;-10.5860;-0.1401;4.0262;true;2.18
861;clown;1;-10.8191;-0.1530;4.3406;false;2.18
861;acrobat;0;-13.1238;-0.2606;4.7220;false;2.40
861;acrobat;1;-12.8709;-0.2484;4.4889;true;2.40
862;clown;0;-10.6193;-0.1017;4.0328;true;2.17
862;clown;1;-10.8187;-0.1531;4.3421;false;2.17
862;acrobat;0;-13.1238;-0.2606;4.7219;false;2.40
862;acrobat;1;-12.8878;-0.1928;4.5163;true;2.40
863;clown;0;-10.7019;-0.0748;4.0617;true;2.17
863;clown;1;-10.8184;-0.1531;4.3416;false;2.17
863;acrobat;0;-13.1236;-0.2606;4.7221;false;2.40
863;acrobat;1;-12.9240;-0.1486;4.5948;true;2.40
864;clown;0;-10.8156;-0.0630;4.0903;true;2.16
864;clown;1;-10.8184;-0.1530;4.3398;false;2.16
864;acrobat;0;-13.1230;-0.2606;4.7226;false;2.40
864;acrobat;1;-12.9798;-0.1214;4.7052;true;2.40
865;clown;0;-10.9385;-0.0697;4.1170;true;2.16
865;clown;1;-10.8187;-0.1528;4.3379;false;2.16
865;acrobat;0;-13.1223;-0.2606;4.7233;false;2.40
865;acrobat;1;-13.0551;-0.1134;4.8257;true;2.40
866;clown;0;-11.0477;-0.0937;4.1447;true;2.15
866;clown;1;-10.8192;-0.1528;4.3361;false;2.15
866;acrobat;0;-13.1218;-0.2606;4.7240;false;2.40
866;acrobat;1;-13.1404;-0.1255;4.9376;true;2.40
867;clown;0;-11.1229;-0.1301;4.1652;true;2.15
867;clown;1;-10.8196;-0.1528;4.3350;false;2.15
867;acrobat;0;-13.1214;-0.2606;4.7244;false;2.40
867;acrobat;1;-13.2184;-0.1583;5.0304;true;2.40
868;clown;0;-11.1460;-0.1647;4.1715;false;2.15
868;clown;1;-10.8194;-0.1528;4.3356;false;2.15
868;acrobat;0;-13.1215;-0.2607;4.7243;false;2.40
868;acrobat;1;-13.2725;-0.2076;5.0972;true;2.40
869;clown;0;-11.1465;-0.1646;4.1703;false;2.15
869;clown;1;-10.8183;-0.1527;4.3384;true;2.15
869;acrobat;0;-13.1224;-0.2606;4.7233;false;2.40
869;acrobat;1;-13.2929;-0.2647;5.1261;true;2.40
870;clown;0;-11.1474;-0.1644;4.1684;false;2.15
870;clown;1;-10.8496;-0.1147;4.3488;true;2.15
870;acrobat;0;-13.1242;-0.2605;4.7212;true;2.40
870;acrobat;1;-13.2923;-0.2676;5.1272;false;2.40
871;clown;0;-11.1478;-0.1644;4.1677;false;2.14
871;clown;1;-10.9313;-0.0870;4.3720;true;2.14
871;acrobat;0;-13.1471;-0.2046;4.7439;true;2.40
871;acrobat;1;-13.2913;-0.2676;5.1287;false;2.40
872;clown;0;-11.1479;-0.1644;4.1679;false;2.14
872;clown;1;-11.0402;-0.0749;4.4098;true;2.14
872;acrobat;0;-13.2050;-0.1583;4.8065;true;2.40
872;acrobat;1;-13.2907;-0.2676;5.1295;false;2.40
873;clown;0;-11.1478;-0.1645;4.1684;false;2.14
873;clown;1;-11.1583;-0.0810;4.4507;true;2.14
873;acrobat;0;-13.2904;-0.1281;4.8913;true;2.40
873;acrobat;1;-13.2906;-0.2676;5.1295;false;2.40
874;clown;0;-11.1479;-0.1646;4.1685;false;2.14
874;clown;1;-11.2664;-0.1040;4.4833;true;2.14
874;acrobat;0;-13.3910;-0.1188;4.9859;true;2.40
874;acrobat;1;-13.2909;-0.2676;5.1291;false;2.40
875;clown;0;-11.1485;-0.1644;4.1664;false;2.14
875;clown;1;-11.3431;-0.1396;4.5057;true;2.14
875;acrobat;0;-13.4909;-0.1319;5.0822;true;2.40
875;acrobat;1;-13.2915;-0.2676;5.1285;false;2.40
876;clown;0;-11.1506;-0.1637;4.1596;false;2.14
876;clown;1;-11.3681;-0.1759;4.5153;false;2.14
876;acrobat;0;-13.5763;-0.1654;5.1688;true;2.40
876;acrobat;1;-13.2923;-0.2676;5.1279;false;2.40
877;clown;0;-11.1549;-0.1625;4.1483;true;2.14
877;clown;1;-11.3675;-0.1760;4.5183;false;2.14
877;acrobat;0;-13.6370;-0.2143;5.2310;true;2.40
877;acrobat;1;-13.2928;-0.2677;5.1275;false;2.40
878;clown;0;-11.1873;-0.1244;4.1596;true;2.15
878;clown;1;-11.3670;-0.1762;4.5202;false;2.15
878;acrobat;0;-13.6625;-0.2712;5.2556;true;2.40
878;acrobat;1;-13.2928;-0.2677;5.1275;false;2.40
879;clown;0;-11.2642;-0.0981;4.2063;true;2.15
879;clown;1;-11.3666;-0.1762;4.5204;false;2.15
879;acrobat;0;-13.6634;-0.2742;5.2551;false;2.40
879;acrobat;1;-13.2917;-0.2676;5.1285;false;2.40
880;clown;0;-11.3741;-0.0862;4.2566;true;2.15
880;clown;1;-11.3666;-0.1761;4.5192;false;2.15
880;acrobat;0;-13.6645;-0.2742;5.2543;false;2.40
880;acrobat;1;-13.2892;-0.2675;5.1307;true;2.40
881;clown;0;-11.4958;-0.0921;4.3023;true;2.15
881;clown;1;-11.3671;-0.1760;4.5175;false;2.15
881;acrobat;0;-13.6653;-0.2742;5.2536;false;2.40
881;acrobat;1;-13.3121;-0.2115;5.1532;true;2.40
882;clown;0;-11.6050;-0.1153;4.3460;true;2.15
882;clown;1;-11.3678;-0.1760;4.5158;false;2.15
882;acrobat;0;-13.6654;-0.2742;5.2535;false;2.40
882;acrobat;1;-13.3747;-0.1648;5.2106;true;2.40
883;clown;0;-11.6811;-0.1513;4.3784;true;2.15
883;clown;1;-11.3683;-0.1759;4.5146;false;2.15
883;acrobat;0;-13.6650;-0.2742;5.2538;false;2.40
883;acrobat;1;-13.4600;-0.1342;5.2949;true;2.40
884;clown;0;-11.7056;-0.1871;4.3887;false;2.16
884;clown;1;-11.3682;-0.1759;4.5149;false;2.16
884;acrobat;0;-13.6644;-0.2742;5.2544;false;2.40
884;acrobat;1;-13.5558;-0.1244;5.3939;true;2.40
885;clown;0;-11.7063;-0.1870;4.3875;false;2.16
885;clown;1;-11.3670;-0.1759;4.5173;true;2.16
885;acrobat;0;-13.6639;-0.2742;5.2549;false;2.40
885;acrobat;1;-13.6534;-0.1369;5.4919;true;2.40
886;clown;0;-11.7073;-0.1869;4.3859;false;2.16
886;clown;1;-11.3967;-0.1376;4.5312;true;2.16
886;acrobat;0;-13.6637;-0.2742;5.2551;false;2.40
886;acrobat;1;-13.7407;-0.1700;5.5758;true;2.40
887;clown;0;-11.7077;-0.1868;4.3854;false;2.16
887;clown;1;-11.4746;-0.1095;4.5640;true;2.16
887;acrobat;0;-13.6640;-0.2742;5.2548;false;2.40
887;acrobat;1;-13.8031;-0.2186;5.6358;true;2.40
888;clown;0;-11.7076;-0.1869;4.3857;false;2.17
888;clown;1;-11.5780;-0.0973;4.6139;true;2.17
888;acrobat;0;-13.6650;-0.2742;5.2537;false;2.40
888;acrobat;1;-13.8276;-0.2753;5.6614;true;2.40
889;clown;0;-11.7074;-0.1869;4.3863;false;2.17
889;clown;1;-11.6900;-0.1036;4.6672;true;2.17
889;acrobat;0;-13.6669;-0.2740;5.2516;true;2.40
889;acrobat;1;-13.8272;-0.2783;5.6622;false;2.40
890;clown;0;-11.7074;-0.1870;4.3866;false;2.17
890;clown;1;-11.7922;-0.1273;4.7111;true;2.17
890;acrobat;0;-13.6897;-0.2178;5.2746;true;2.40
890;acrobat;1;-13.8263;-0.2783;5.6634;false;2.40
891;clown;0;-11.7081;-0.1869;4.3849;false;2.17
891;clown;1;-11.8630;-0.1638;4.7410;true;2.17
891;acrobat;0;-13.7472;-0.1708;5.3386;true;2.40
891;acrobat;1;-13.8258;-0.2783;5.6641;false;2.40
892;clown;0;-11.7106;-0.1863;4.3790;false;2.18
892;clown;1;-11.8831;-0.1974;4.7517;false;2.18
892;acrobat;0;-13.8320;-0.1396;5.4253;true;2.40
892;acrobat;1;-13.8258;-0.2783;5.6641;false;2.40
893;clown;0;-11.7155;-0.1853;4.3690;true;2.18
893;clown;1;-11.8822;-0.1974;4.7544;false;2.18
893;acrobat;0;-13.9322;-0.1290;5.5219;true;2.40
893;acrobat;1;-13.8261;-0.2783;5.6637;false;2.40
894;clown;0;-11.7475;-0.1464;4.3843;true;2.18
894;clown;1;-11.8815;-0.1975;4.7562;false;2.18
894;acrobat;0;-14.0318;-0.1408;5.6199;true;2.40
894;acrobat;1;-13.8267;-0.2783;5.6631;false;2.40
895;clown;0;-11.8221;-0.1193;4.4386;true;2.19
895;clown;1;-11.8813;-0.1976;4.7562;false;2.19
895;acrobat;0;-14.1172;-0.1732;5.7077;true;2.40
895;acrobat;1;-13.8273;-0.2783;5.6626;false;2.40
896;clown;0;-11.9295;-0.1071;4.4994;true;2.19
896;clown;1;-11.8815;-0.1975;4.7550;false;2.19
896;acrobat;0;-14.1779;-0.2214;5.7708;true;2.40
896;acrobat;1;-13.8278;-0.2783;5.6622;false;2.40
897;clown;0;-12.0480;-0.1136;4.5578;true;2.19
897;clown;1;-11.8822;-0.1974;4.7535;false;2.19
897;acrobat;0;-14.2035;-0.2779;5.7957;true;2.40
897;acrobat;1;-13.8275;-0.2783;5.6624;false;2.40
898;clown;0;-12.1520;-0.1380;4.6125;true;2.19
898;clown;1;-11.8830;-0.1974;4.7521;false;2.19
898;acrobat;0;-14.2044;-0.2809;5.7952;false;2.40
898;acrobat;1;-13.8263;-0.2783;5.6635;false;2.40
899;clown;0;-12.2213;-0.1752;4.6505;true;2.20
899;clown;1;-11.8834;-0.1974;4.7514;false;2.20
899;acrobat;0;-14.2055;-0.2809;5.7944;false;2.40
899;acrobat;1;-13.8235;-0.2781;5.6660;true;2.40
900;clown;0;-12.2393;-0.2061;4.6598;false;2.20
900;clown;1;-11.8827;-0.1974;4.7525;false;2.20
900;acrobat;0;-14.2064;-0.2809;5.7937;false;2.40
900;acrobat;1;-13.8467;-0.2218;5.6885;true;2.40
901;clown;0;-12.2403;-0.2060;4.6585;false;2.20
901;clown;1;-11.8804;-0.1972;4.7562;true;2.20
901;acrobat;0;-14.2065;-0.2809;5.7936;false;2.40
901;acrobat;1;-13.9101;-0.1742;5.7459;true;2.40
902;clown;0;-12.2415;-0.2059;4.6570;false;2.21
902;clown;1;-11.9107;-0.1579;4.7734;true;2.21
902;acrobat;0;-14.2061;-0.2809;5.7939;false;2.40
902;acrobat;1;-13.9963;-0.1423;5.8303;true;2.40
903;clown;0;-12.2417;-0.2059;4.6567;false;2.21
903;clown;1;-11.9908;-0.1291;4.8132;true;2.21
903;acrobat;0;-14.2056;-0.2809;5.7944;false;2.40
903;acrobat;1;-14.0928;-0.1310;5.9297;true;2.40
904;clown;0;-12.2415;-0.2059;4.6572;false;2.21
904;clown;1;-12.0951;-0.1166;4.8737;true;2.21
904;acrobat;0;-14.2052;-0.2809;5.7949;false;2.40
904;acrobat;1;-14.1908;-0.1420;6.0283;true;2.40
905;clown;0;-12.2412;-0.2060;4.6579;false;2.22
905;clown;1;-12.2064;-0.1235;4.9385;true;2.22
905;acrobat;0;-14.2050;-0.2809;5.7951;false;2.40
905;acrobat;1;-14.2786;-0.1737;6.1128;true;2.40
906;clown;0;-12.2411;-0.2060;4.6581;false;2.22
906;clown;1;-12.3063;-0.1485;4.9916;true;2.22
906;acrobat;0;-14.2052;-0.2809;5.7948;false;2.40
906;acrobat;1;-14.3415;-0.2214;6.1731;true;2.40
907;clown;0;-12.2421;-0.2059;4.6561;false;2.22
907;clown;1;-12.3718;-0.1862;5.0263;true;2.22
907;acrobat;0;-14.2061;-0.2808;5.7938;false;2.40
907;acrobat;1;-14.3662;-0.2777;6.1988;true;2.40
908;clown;0;-12.2453;-0.2053;4.6502;false;2.23
908;clown;1;-12.3855;-0.2143;5.0358;false;2.23
908;acrobat;0;-14.2079;-0.2807;5.7918;true;2.40
908;acrobat;1;-14.3657;-0.2807;6.1996;false;2.40
909;clown;0;-12.2511;-0.2044;4.6405;true;2.23
909;clown;1;-12.3844;-0.2143;5.0384;false;2.23
909;acrobat;0;-14.2305;-0.2242;5.8148;true;2.40
909;acrobat;1;-14.3649;-0.2807;6.2008;false;2.40
910;clown;0;-12.2833;-0.1646;4.6595;true;2.23
910;clown;1;-12.3837;-0.2144;5.0400;false;2.23
910;acrobat;0;-14.2878;-0.1762;5.8781;true;2.40
910;acrobat;1;-14.3644;-0.2807;6.2014;false;2.40
911;clown;0;-12.3569;-0.1369;4.7224;true;2.23
911;clown;1;-12.3835;-0.2144;5.0398;false;2.23
911;acrobat;0;-14.3721;-0.1436;5.9641;true;2.40
911;acrobat;1;-14.3644;-0.2807;6.2014;false;2.40
912;clown;0;-12.4643;-0.1250;4.7933;true;2.24
912;clown;1;-12.3840;-0.2144;5.0385;false;2.24
912;acrobat;0;-14.4717;-0.1315;6.0600;true;2.40
912;acrobat;1;-14.3647;-0.2807;6.2010;false;2.40
913;clown;0;-12.5816;-0.1325;4.8626;true;2.24
913;clown;1;-12.3848;-0.2143;5.0371;false;2.24
913;acrobat;0;-14.5706;-0.1417;6.1574;true;2.40
913;acrobat;1;-14.3652;-0.2807;6.2005;false;2.40
914;clown;0;-12.6820;-0.1585;4.9259;true;2.24
914;clown;1;-12.3856;-0.2143;5.0359;false;2.24
914;acrobat;0;-14.6553;-0.1727;6.2446;true;2.40
914;acrobat;1;-14.3658;-0.2807;6.2000;false;2.40
915;clown;0;-12.7452;-0.1972;4.9670;true;2.24
915;clown;1;-12.3857;-0.2143;5.0359;false;2.24
915;acrobat;0;-14.7157;-0.2199;6.3072;true;2.40
915;acrobat;1;-14.3662;-0.2808;6.1997;false;2.40
916;clown;0;-12.7578;-0.2227;4.9741;false;2.25
916;clown;1;-12.3840;-0.2142;5.0382;false;2.25
916;acrobat;0;-14.7411;-0.2761;6.3319;true;2.40
916;acrobat;1;-14.3659;-0.2808;6.1999;false;2.40
917;clown;0;-12.7590;-0.2226;4.9727;false;2.25
917;clown;1;-12.3806;-0.2139;5.0432;true;2.25
917;acrobat;0;-14.7420;-0.2791;6.3315;false;2.40
917;acrobat;1;-14.3647;-0.2807;6.2010;false;2.40
918;clown;0;-12.7602;-0.2226;4.9713;false;2.25
918;clown;1;-12.4116;-0.1738;5.0634;true;2.25
918;acrobat;0;-14.7431;-0.2790;6.3307;false;2.40
918;acrobat;1;-14.3620;-0.2805;6.2034;true;2.40
919;clown;0;-12.7603;-0.2226;4.9712;false;2.26
919;clown;1;-12.4952;-0.1447;5.1088;true;2.26
919;acrobat;0;-14.7439;-0.2791;6.3300;false;2.40
919;acrobat;1;-14.3852;-0.2238;6.2258;true;2.40
920;clown;0;-12.7599;-0.2226;4.9718;false;2.26
920;clown;1;-12.6013;-0.1325;5.1785;true;2.26
920;acrobat;0;-14.7441;-0.2791;6.3298;false;2.40
920;acrobat;1;-14.4483;-0.1753;6.2829;true;2.40
921;clown;0;-12.7595;-0.2227;4.9725;false;2.26
921;clown;1;-12.7129;-0.1405;5.2530;true;2.26
921;acrobat;0;-14.7437;-0.2791;6.3301;false;2.40
921;acrobat;1;-14.5342;-0.1421;6.3670;true;2.40
922;clown;0;-12.7595;-0.2227;4.9726;false;2.26
922;clown;1;-12.8113;-0.1670;5.3136;true;2.26
922;acrobat;0;-14.7432;-0.2790;6.3306;false;2.40
922;acrobat;1;-14.6303;-0.1293;6.4658;true;2.40
923;clown;0;-12.7608;-0.2225;4.9703;false;2.27
923;clown;1;-12.8721;-0.2062;5.3512;true;2.27
923;acrobat;0;-14.7428;-0.2791;6.3310;false;2.40
923;acrobat;1;-14.7280;-0.1388;6.5640;true;2.40
924;clown;0;-12.7646;-0.2219;4.9643;true;2.27
924;clown;1;-12.8810;-0.2292;5.3590;false;2.27
924;acrobat;0;-14.7426;-0.2791;6.3312;false;2.40
924;acrobat;1;-14.8154;-0.1691;6.6480;true;2.40
925;clown;0;-12.7950;-0.1812;4.9845;true;2.27
925;clown;1;-12.8800;-0.2292;5.3611;false;2.27
925;acrobat;0;-14.7429;-0.2791;6.3309;false;2.40
925;acrobat;1;-14.8780;-0.2159;6.7081;true;2.40
926;clown;0;-12.8670;-0.1519;5.0451;true;2.27
926;clown;1;-12.8794;-0.2292;5.3620;false;2.27
926;acrobat;0;-14.7438;-0.2790;6.3299;false;2.40
926;acrobat;1;-14.9026;-0.2718;6.7337;true;2.40
927;clown;0;-12.9691;-0.1392;5.1167;true;2.27
927;clown;1;-12.8795;-0.2292;5.3615;false;2.27
927;acrobat;0;-14.7454;-0.2789;6.3281;true;2.40
927;acrobat;1;-14.9022;-0.2748;6.7345;false;2.40
928;clown;0;-13.0782;-0.1469;5.1893;true;2.28
928;clown;1;-12.8802;-0.2292;5.3604;false;2.28
928;acrobat;0;-14.7679;-0.2220;6.3510;true;2.40
928;acrobat;1;-14.9014;-0.2748;6.7356;false;2.40
929;clown;0;-13.1695;-0.1734;5.2542;true;2.28
929;clown;1;-12.8812;-0.2292;5.3592;false;2.28
929;acrobat;0;-14.8250;-0.1731;6.4139;true;2.40
929;acrobat;1;-14.9009;-0.2748;6.7362;false;2.40
930;clown;0;-13.2243;-0.2128;5.2939;true;2.28
930;clown;1;-12.8818;-0.2293;5.3584;false;2.28
930;acrobat;0;-14.9091;-0.1392;6.4994;true;2.40
930;acrobat;1;-14.9008;-0.2748;6.7362;false;2.40
931;clown;0;-13.2326;-0.2340;5.2987;false;2.28
931;clown;1;-12.8809;-0.2292;5.3595;false;2.28
931;acrobat;0;-15.0082;-0.1256;6.5949;true;2.40
931;acrobat;1;-14.9012;-0.2748;6.7359;false;2.40
932;clown;0;-13.2339;-0.2339;5.2974;false;2.28
932;clown;1;-12.8783;-0.2290;5.3628;true;2.28
932;acrobat;0;-15.1066;-0.1343;6.6918;true;2.40
932;acrobat;1;-14.9016;-0.2748;6.7354;false;2.40
933;clown;0;-13.2349;-0.2339;5.2962;false;2.29
933;clown;1;-12.9078;-0.1880;5.3842;true;2.29
933;acrobat;0;-15.1910;-0.1640;6.7786;true;2.40
933;acrobat;1;-14.9021;-0.2748;6.7350;false;2.40
934;clown;0;-13.2349;-0.2339;5.2963;false;2.29
934;clown;1;-12.9854;-0.1577;5.4350;true;2.29
934;acrobat;0;-15.2512;-0.2102;6.8409;true;2.40
934;acrobat;1;-14.9025;-0.2748;6.7348;false;2.40
935;clown;0;-13.2344;-0.2339;5.2970;false;2.29
935;clown;1;-13.0848;-0.1449;5.5085;true;2.29
935;acrobat;0;-15.2765;-0.2660;6.8656;true;2.40
935;acrobat;1;-14.9023;-0.2748;6.7349;false;2.40
936;clown;0;-13.2340;-0.2339;5.2976;false;2.29
936;clown;1;-13.1895;-0.1528;5.5849;true;2.29
936;acrobat;0;-15.2773;-0.2690;6.8651;false;2.40
936;acrobat;1;-14.9011;-0.2748;6.7360;false;2.40
937;clown;0;-13.2341;-0.2339;5.2975;false;2.29
937;clown;1;-13.2803;-0.1797;5.6464;true;2.29
937;acrobat;0;-15.2784;-0.2690;6.8643;false;2.40
937;acrobat;1;-14.8985;-0.2746;6.7383;true;2.40
938;clown;0;-13.2357;-0.2338;5.2950;false;2.30
938;clown;1;-13.3336;-0.2194;5.6833;true;2.30
938;acrobat;0;-15.2792;-0.2690;6.8637;false;2.40
938;acrobat;1;-14.9216;-0.2176;6.7605;true;2.40
939;clown;0;-13.2399;-0.2332;5.2889;true;2.30
939;clown;1;-13.3392;-0.2388;5.6895;false;2.30
939;acrobat;0;-15.2794;-0.2690;6.8635;false;2.40
939;acrobat;1;-14.9844;-0.1681;6.8174;true;2.40
940;clown;0;-13.2704;-0.1918;5.3113;true;2.30
940;clown;1;-13.3381;-0.2388;5.6915;false;2.30
940;acrobat;0;-15.2790;-0.2690;6.8638;false;2.40
940;acrobat;1;-15.0698;-0.1336;6.9010;true;2.40
941;clown;0;-13.3419;-0.1619;5.3769;true;2.30
941;clown;1;-13.3376;-0.2388;5.6922;false;2.30
941;acrobat;0;-15.2785;-0.2690;6.8642;false;2.40
941;acrobat;1;-15.1656;-0.1193;6.9994;true;2.40
942;clown;0;-13.4438;-0.1490;5.4545;true;2.30
942;clown;1;-13.3379;-0.2388;5.6916;false;2.30
942;acrobat;0;-15.2782;-0.2690;6.8646;false;2.40
942;acrobat;1;-15.2629;-0.1273;7.0970;true;2.40
943;clown;0;-13.5518;-0.1570;5.5331;true;2.30
943;clown;1;-13.3386;-0.2387;5.6906;false;2.30
943;acrobat;0;-15.2781;-0.2690;6.8647;false;2.40
943;acrobat;1;-15.3499;-0.1564;7.1806;true;2.40
944;clown;0;-13.6407;-0.1842;5.6022;true;2.31
944;clown;1;-13.3396;-0.2388;5.6895;false;2.31
944;acrobat;0;-15.2783;-0.2690;6.8644;false;2.40
944;acrobat;1;-15.4122;-0.2022;7.2405;true;2.40
945;clown;0;-13.6919;-0.2242;5.6424;true;2.31
945;clown;1;-13.3400;-0.2388;5.6890;false;2.31
945;acrobat;0;-15.2792;-0.2689;6.8635;false;2.40
945;acrobat;1;-15.4367;-0.2577;7.2659;true;2.40
946;clown;0;-13.6982;-0.2421;5.6459;false;2.31
946;clown;1;-13.3387;-0.2387;5.6905;false;2.31
946;acrobat;0;-15.2807;-0.2688;6.8618;true;2.40
946;acrobat;1;-15.4363;-0.2607;7.2667;false;2.40
947;clown;0;-13.6996;-0.2421;5.6445;false;2.31
947;clown;1;-13.3354;-0.2385;5.6944;true;2.31
947;acrobat;0;-15.3049;-0.2093;6.8866;true;2.50
947;acrobat;1;-15.4340;-0.2607;7.2696;false;2.50
948;clown;0;-13.7005;-0.2421;5.6435;false;2.31
948;clown;1;-13.3652;-0.1969;5.7172;true;2.31
948;acrobat;0;-15.3662;-0.1581;6.9533;true;2.50
948;acrobat;1;-15.4316;-0.2609;7.2713;false;2.50
949;clown;0;-13.7004;-0.2421;5.6437;false;2.29
949;clown;1;-13.4432;-0.1660;5.7711;true;2.29
949;acrobat;0;-15.4493;-0.1246;7.0414;true;2.41
949;acrobat;1;-15.4298;-0.2611;7.2713;false;2.41
950;clown;0;-13.6998;-0.2421;5.6444;false;2.27
950;clown;1;-13.5404;-0.1525;5.8481;true;2.27
950;acrobat;0;-15.5373;-0.1125;7.1421;true;2.40
950;acrobat;1;-15.4290;-0.2612;7.2705;false;2.40
951;clown;0;-13.6994;-0.2421;5.6450;false;2.24
951;clown;1;-13.6406;-0.1591;5.9280;true;2.24
951;acrobat;0;-15.6167;-0.1260;7.2395;true;2.40
951;acrobat;1;-15.4290;-0.2612;7.2696;false;2.40
952;clown;0;-13.6996;-0.2421;5.6448;false;2.21
952;clown;1;-13.7275;-0.1834;5.9928;true;2.21
952;acrobat;0;-15.6868;-0.1630;7.3151;true;2.40
952;acrobat;1;-15.4294;-0.2611;7.2690;false;2.40
953;clown;0;-13.7012;-0.2420;5.6426;false;2.18
953;clown;1;-13.7810;-0.2199;6.0335;true;2.18
953;acrobat;0;-15.7452;-0.2127;7.3620;true;2.40
953;acrobat;1;-15.4300;-0.2611;7.2686;false;2.40
954;clown;0;-13.7052;-0.2415;5.6375;true;2.16
954;clown;1;-13.7893;-0.2440;6.0430;false;2.16
954;acrobat;0;-15.7720;-0.2647;7.3794;false;2.40
954;acrobat;1;-15.4297;-0.2611;7.2684;false;2.40
955;clown;0;-13.7302;-0.2025;5.6585;true;2.13
955;clown;1;-13.7880;-0.2441;6.0448;false;2.13
955;acrobat;0;-15.7775;-0.2617;7.3811;false;2.40
955;acrobat;1;-15.4332;-0.2608;7.2682;true;2.40
956;clown;0;-13.7870;-0.1727;5.7201;true;2.11
956;clown;1;-13.7872;-0.2442;6.0454;false;2.11
956;acrobat;0;-15.7935;-0.2557;7.3863;false;2.40
956;acrobat;1;-15.4311;-0.2031;7.2968;true;2.40
957;clown;0;-13.8693;-0.1564;5.7962;true;2.09
957;clown;1;-13.7872;-0.2442;6.0449;false;2.09
957;acrobat;0;-15.8093;-0.2514;7.3938;false;2.40
957;acrobat;1;-15.4239;-0.1521;7.3727;true;2.40
958;clown;0;-13.9607;-0.1568;5.8749;true;2.07
958;clown;1;-13.7876;-0.2441;6.0440;false;2.07
958;acrobat;0;-15.8212;-0.2460;7.4074;false;2.40
958;acrobat;1;-15.4162;-0.1152;7.4803;true;2.40
959;clown;0;-14.0420;-0.1736;5.9495;true;2.06
959;clown;1;-13.7884;-0.2440;6.0430;false;2.06
959;acrobat;0;-15.8179;-0.2278;7.4182;true;2.40
959;acrobat;1;-15.4125;-0.0979;7.6036;true;2.40
960;clown;0;-14.1007;-0.2037;6.0059;true;2.04
960;clown;1;-13.7895;-0.2439;6.0420;false;2.04
960;acrobat;0;-15.8082;-0.1919;7.4269;true;2.40
960;acrobat;1;-15.4133;-0.1026;7.7264;true;2.40
961;clown;0;-14.1267;-0.2408;6.0307;true;2.03
961;clown;1;-13.7903;-0.2439;6.0413;false;2.03
961;acrobat;0;-15.7502;-0.1483;7.4933;true;2.40
961;acrobat;1;-15.4140;-0.1292;7.8336;true;2.40
962;clown;0;-14.1267;-0.2454;6.0312;false;2.01
962;clown;1;-13.7906;-0.2439;6.0411;false;2.01
962;acrobat;0;-15.7002;-0.1140;7.6011;true;2.40
962;acrobat;1;-15.4111;-0.1732;7.9111;true;2.40
963;clown;0;-14.1275;-0.2453;6.0306;false;2.00
963;clown;1;-13.7901;-0.2439;6.0415;true;2.00
963;acrobat;0;-15.6611;-0.0940;7.7264;true;2.40
963;acrobat;1;-15.4079;-0.2279;7.9431;true;2.40
964;clown;0;-14.1291;-0.2451;6.0295;false;1.99
964;clown;1;-13.8080;-0.2072;6.0624;true;1.99
964;acrobat;0;-15.6300;-0.0951;7.8512;true;2.40
964;acrobat;1;-15.4074;-0.2309;7.9433;false;2.40
965;clown;0;-14.1300;-0.2451;6.0289;false;1.98
965;clown;1;-13.8550;-0.1771;6.1161;true;1.98
965;acrobat;0;-15.6070;-0.1187;7.9600;true;2.40
965;acrobat;1;-15.4068;-0.2309;7.9434;false;2.40
966;clown;0;-14.1305;-0.2450;6.0286;false;1.98
966;clown;1;-13.9176;-0.1587;6.1923;true;1.98
966;acrobat;0;-15.5881;-0.1617;8.0380;true;2.40
966;acrobat;1;-15.4065;-0.2309;7.9434;false;2.40
