quadro;trecho;quem;pe;x;y;z;no_ar;vel
1;largada;clown;0;-10.5000;-0.1429;3.5283;false;0.00
1;largada;clown;1;-10.5000;-0.1429;3.2717;false;0.00
1;largada;acrobat;0;-11.8000;-0.2239;3.9878;false;0.00
1;largada;acrobat;1;-11.8000;-0.2239;3.8123;false;0.00
2;largada;clown;0;-10.5000;-0.1429;3.5283;false;0.50
2;largada;clown;1;-10.5000;-0.1429;3.2718;false;0.50
2;largada;acrobat;0;-11.8000;-0.2239;3.9878;false;0.00
2;largada;acrobat;1;-11.8000;-0.2239;3.8123;false;0.00
3;largada;clown;0;-10.5000;-0.1429;3.5283;false;1.00
3;largada;clown;1;-10.5000;-0.1429;3.2718;false;1.00
3;largada;acrobat;0;-11.8000;-0.2239;3.9872;false;0.56
3;largada;acrobat;1;-11.8001;-0.2239;3.8116;false;0.56
4;largada;clown;0;-10.5000;-0.1429;3.5283;false;1.50
4;largada;clown;1;-10.5000;-0.1429;3.2718;false;1.50
4;largada;acrobat;0;-11.8001;-0.2239;3.9868;false;0.72
4;largada;acrobat;1;-11.8001;-0.2239;3.8111;false;0.72
5;largada;clown;0;-10.5000;-0.1429;3.5283;false;2.00
5;largada;clown;1;-10.5000;-0.1429;3.2718;false;2.00
5;largada;acrobat;0;-11.8002;-0.2239;3.9866;false;0.72
5;largada;acrobat;1;-11.8003;-0.2239;3.8108;false;0.72
6;largada;clown;0;-10.5000;-0.1429;3.5283;false;2.40
6;largada;clown;1;-10.5000;-0.1429;3.2718;false;2.40
6;largada;acrobat;0;-11.8002;-0.2239;3.9865;false;0.72
6;largada;acrobat;1;-11.8004;-0.2239;3.8105;false;0.72
7;largada;clown;0;-10.5000;-0.1429;3.5283;false;2.40
7;largada;clown;1;-10.5000;-0.1429;3.2718;false;2.40
7;largada;acrobat;0;-11.8003;-0.2239;3.9865;false;0.72
7;largada;acrobat;1;-11.8004;-0.2239;3.8103;false;0.72
8;largada;clown;0;-10.5000;-0.1429;3.5282;true;2.40
8;largada;clown;1;-10.5000;-0.1429;3.2717;false;2.40
8;largada;acrobat;0;-11.8003;-0.2239;3.9865;false;0.72
8;largada;acrobat;1;-11.8005;-0.2239;3.8101;false;0.72
9;largada;clown;0;-10.4638;-0.0988;3.5282;true;2.40
9;largada;clown;1;-10.5000;-0.1429;3.2710;false;2.40
9;largada;acrobat;0;-11.8003;-0.2239;3.9865;false;0.72
9;largada;acrobat;1;-11.8006;-0.2239;3.8100;false;0.72
10;largada;clown;0;-10.3727;-0.0648;3.5298;true;2.40
10;largada;clown;1;-10.4922;-0.1351;3.2668;true;2.40
10;largada;acrobat;0;-11.8003;-0.2239;3.9865;false;0.72
10;largada;acrobat;1;-11.8006;-0.2239;3.8099;false;0.72
11;largada;clown;0;-10.2530;-0.0498;3.5312;true;2.40
11;largada;clown;1;-10.4583;-0.0983;3.2636;true;2.40
11;largada;acrobat;0;-11.8003;-0.2239;3.9865;false;0.72
11;largada;acrobat;1;-11.8006;-0.2239;3.8099;false;0.72
12;largada;clown;0;-10.1317;-0.0573;3.5282;true;2.40
12;largada;clown;1;-10.3532;-0.0641;3.2723;true;2.40
12;largada;acrobat;0;-11.8003;-0.2239;3.9865;false;0.72
12;largada;acrobat;1;-11.8007;-0.2239;3.8098;false;0.72
13;largada;clown;0;-10.0346;-0.0856;3.5268;true;2.40
13;largada;clown;1;-10.2152;-0.0483;3.2750;true;2.40
13;largada;acrobat;0;-11.8003;-0.2239;3.9866;false;0.72
13;largada;acrobat;1;-11.8006;-0.2239;3.8099;false;0.72
14;largada;clown;0;-9.9880;-0.1273;3.5279;true;2.40
14;largada;clown;1;-10.0753;-0.0551;3.2722;true;2.40
14;largada;acrobat;0;-11.8003;-0.2239;3.9866;false;0.72
14;largada;acrobat;1;-11.8006;-0.2239;3.8100;false;0.72
15;largada;clown;0;-9.9870;-0.1343;3.5287;false;2.40
15;largada;clown;1;-9.9632;-0.0827;3.2724;true;2.40
15;largada;acrobat;0;-11.8003;-0.2239;3.9867;false;0.74
15;largada;acrobat;1;-11.8006;-0.2239;3.8100;false;0.74
16;largada;clown;0;-9.9870;-0.1343;3.5286;false;2.40
16;largada;clown;1;-9.9096;-0.1242;3.2732;true;2.40
16;largada;acrobat;0;-11.8003;-0.2239;3.9868;false;0.80
16;largada;acrobat;1;-11.8006;-0.2239;3.8101;false;0.80
17;largada;clown;0;-9.9869;-0.1343;3.5280;false;2.40
17;largada;clown;1;-9.9084;-0.1312;3.2727;false;2.40
17;largada;acrobat;0;-11.8002;-0.2239;3.9869;false;0.86
17;largada;acrobat;1;-11.8006;-0.2239;3.8102;false;0.86
18;largada;clown;0;-9.9869;-0.1344;3.5276;false;2.40
18;largada;clown;1;-9.9084;-0.1312;3.2721;false;2.40
18;largada;acrobat;0;-11.8002;-0.2239;3.9869;false;0.92
18;largada;acrobat;1;-11.8005;-0.2239;3.8104;false;0.92
19;largada;clown;0;-9.9869;-0.1344;3.5274;false;2.40
19;largada;clown;1;-9.9084;-0.1312;3.2716;false;2.40
19;largada;acrobat;0;-11.8002;-0.2239;3.9871;false;0.98
19;largada;acrobat;1;-11.8005;-0.2239;3.8105;false;0.98
20;largada;clown;0;-9.9869;-0.1344;3.5276;false;2.40
20;largada;clown;1;-9.9084;-0.1312;3.2712;false;2.40
20;largada;acrobat;0;-11.8001;-0.2239;3.9872;false;1.03
20;largada;acrobat;1;-11.8004;-0.2239;3.8107;false;1.03
21;largada;clown;0;-9.9870;-0.1343;3.5284;true;2.40
21;largada;clown;1;-9.9084;-0.1312;3.2711;false;2.40
21;largada;acrobat;0;-11.8001;-0.2239;3.9874;true;1.08
21;largada;acrobat;1;-11.8003;-0.2239;3.8110;false;1.08
22;largada;clown;0;-9.9509;-0.0894;3.5285;true;2.40
22;largada;clown;1;-9.9084;-0.1312;3.2719;false;2.40
22;largada;acrobat;0;-11.7902;-0.1887;3.9848;true;1.13
22;largada;acrobat;1;-11.8002;-0.2239;3.8116;false;1.13
23;largada;clown;0;-9.8603;-0.0533;3.5293;true;2.40
23;largada;clown;1;-9.9084;-0.1312;3.2717;false;2.40
23;largada;acrobat;0;-11.7625;-0.1552;3.9775;true;1.18
23;largada;acrobat;1;-11.8000;-0.2239;3.8122;false;1.18
24;largada;clown;0;-9.7413;-0.0354;3.5310;true;2.40
24;largada;clown;1;-9.9084;-0.1312;3.2682;false;2.40
24;largada;acrobat;0;-11.7202;-0.1254;3.9666;true;1.23
24;largada;acrobat;1;-11.7999;-0.2239;3.8126;false;1.23
25;largada;clown;0;-9.6205;-0.0401;3.5286;true;2.40
25;largada;clown;1;-9.8990;-0.1208;3.2627;true;2.40
25;largada;acrobat;0;-11.6663;-0.1009;3.9532;true;1.27
25;largada;acrobat;1;-11.7999;-0.2239;3.8124;false;1.27
26;largada;clown;0;-9.5243;-0.0661;3.5258;true;2.40
26;largada;clown;1;-9.8671;-0.0855;3.2630;true;2.40
26;largada;acrobat;0;-11.6041;-0.0831;3.9380;true;1.31
26;largada;acrobat;1;-11.8002;-0.2239;3.8116;false;1.31
27;largada;clown;0;-9.4778;-0.1067;3.5269;true;2.40
27;largada;clown;1;-9.7623;-0.0493;3.2732;true;2.40
27;largada;acrobat;0;-11.5369;-0.0729;3.9212;true;1.35
27;largada;acrobat;1;-11.7963;-0.2168;3.8090;false;1.35
28;largada;clown;0;-9.4766;-0.1137;3.5283;false;2.40
28;largada;clown;1;-9.6251;-0.0306;3.2751;true;2.40
28;largada;acrobat;0;-11.4679;-0.0711;3.9032;true;1.39
28;largada;acrobat;1;-11.7907;-0.2076;3.8055;true;1.39
29;largada;clown;0;-9.4765;-0.1137;3.5290;false;2.40
29;largada;clown;1;-9.4857;-0.0344;3.2725;true;2.40
29;largada;acrobat;0;-11.4005;-0.0775;3.8849;true;1.43
29;largada;acrobat;1;-11.7895;-0.1885;3.8037;true;1.43
30;largada;clown;0;-9.4765;-0.1137;3.5285;false;2.40
30;largada;clown;1;-9.3742;-0.0596;3.2738;true;2.40
30;largada;acrobat;0;-11.3375;-0.0921;3.8674;true;1.47
30;largada;acrobat;1;-11.7550;-0.1547;3.7976;true;1.47
31;largada;clown;0;-9.4764;-0.1137;3.5272;false;2.40
31;largada;clown;1;-9.3210;-0.0999;3.2746;true;2.40
31;largada;acrobat;0;-11.2808;-0.1144;3.8521;true;1.50
31;largada;acrobat;1;-11.7009;-0.1239;3.7877;true;1.50
32;largada;clown;0;-9.4764;-0.1137;3.5266;false;2.40
32;largada;clown;1;-9.3198;-0.1069;3.2737;false;2.40
32;largada;acrobat;0;-11.2344;-0.1436;3.8402;true;1.54
32;largada;acrobat;1;-11.6306;-0.0981;3.7732;true;1.54
33;largada;clown;0;-9.4764;-0.1137;3.5269;false;2.40
33;largada;clown;1;-9.3197;-0.1069;3.2725;false;2.40
33;largada;acrobat;0;-11.2031;-0.1782;3.8327;true;1.57
33;largada;acrobat;1;-11.5484;-0.0793;3.7540;true;1.57
34;largada;clown;0;-9.4765;-0.1137;3.5283;true;2.40
34;largada;clown;1;-9.3196;-0.1069;3.2714;false;2.40
34;largada;acrobat;0;-11.1920;-0.2148;3.8306;false;1.60
34;largada;acrobat;1;-11.4586;-0.0693;3.7309;true;1.60
35;largada;clown;0;-9.4405;-0.0686;3.5286;true;2.40
35;largada;clown;1;-9.3196;-0.1069;3.2714;false;2.40
35;largada;acrobat;0;-11.1918;-0.2148;3.8313;false;1.63
35;largada;acrobat;1;-11.3655;-0.0694;3.7064;true;1.63
36;largada;clown;0;-9.3501;-0.0322;3.5286;true;2.40
36;largada;clown;1;-9.3197;-0.1069;3.2723;false;2.40
36;largada;acrobat;0;-11.1918;-0.2148;3.8319;false;1.66
36;largada;acrobat;1;-11.2740;-0.0800;3.6842;true;1.66
37;reto;clown;0;-9.2313;-0.0140;3.5303;true;2.40
37;reto;clown;1;-9.3197;-0.1069;3.2727;false;2.40
37;reto;acrobat;0;-11.1918;-0.2148;3.8323;false;1.69
37;reto;acrobat;1;-11.1903;-0.1009;3.6654;true;1.69
38;reto;clown;0;-9.1106;-0.0183;3.5289;true;2.40
38;reto;clown;1;-9.3197;-0.1069;3.2715;false;2.40
38;reto;acrobat;0;-11.1919;-0.2148;3.8324;false;1.71
38;reto;acrobat;1;-11.1215;-0.1310;3.6507;true;1.71
39;reto;clown;0;-9.0146;-0.0440;3.5261;true;2.40
39;reto;clown;1;-9.3198;-0.1068;3.2685;false;2.40
39;reto;acrobat;0;-11.1919;-0.2148;3.8323;false;1.74
39;reto;acrobat;1;-11.0748;-0.1683;3.6404;true;1.74
40;reto;clown;0;-8.9684;-0.0845;3.5261;true;2.40
40;reto;clown;1;-9.3199;-0.1065;3.2630;true;2.40
40;reto;acrobat;0;-11.1919;-0.2148;3.8323;false;1.76
40;reto;acrobat;1;-11.0576;-0.2097;3.6365;false;1.76
41;reto;clown;0;-8.9671;-0.0915;3.5279;false;2.40
41;reto;clown;1;-9.2785;-0.0610;3.2638;true;2.40
41;reto;acrobat;0;-11.1920;-0.2148;3.8318;false;1.79
41;reto;acrobat;1;-11.0576;-0.2097;3.6363;false;1.79
42;reto;clown;0;-8.9668;-0.0914;3.5295;false;2.40
42;reto;clown;1;-9.1738;-0.0245;3.2734;true;2.40
42;reto;acrobat;0;-11.1920;-0.2148;3.8313;false;1.81
42;reto;acrobat;1;-11.0577;-0.2096;3.6360;false;1.81
43;reto;clown;0;-8.9668;-0.0914;3.5296;false;2.40
43;reto;clown;1;-9.0369;-0.0054;3.2740;true;2.40
43;reto;acrobat;0;-11.1921;-0.2148;3.8308;false;1.83
43;reto;acrobat;1;-11.0577;-0.2096;3.6357;false;1.83
44;reto;clown;0;-8.9668;-0.0914;3.5288;false;2.40
44;reto;clown;1;-8.8977;-0.0088;3.2727;true;2.40
44;reto;acrobat;0;-11.1921;-0.2147;3.8304;false;1.85
44;reto;acrobat;1;-11.0577;-0.2096;3.6353;false;1.85
45;reto;clown;0;-8.9667;-0.0915;3.5275;false;2.40
45;reto;clown;1;-8.7865;-0.0338;3.2750;true;2.40
45;reto;acrobat;0;-11.1921;-0.2147;3.8301;false;1.87
45;reto;acrobat;1;-11.0578;-0.2096;3.6348;false;1.87
46;reto;clown;0;-8.9666;-0.0915;3.5265;false;2.40
46;reto;clown;1;-8.7334;-0.0740;3.2758;true;2.40
46;reto;acrobat;0;-11.1921;-0.2147;3.8300;true;1.89
46;reto;acrobat;1;-11.0578;-0.2096;3.6343;false;1.89
47;reto;clown;0;-8.9668;-0.0915;3.5278;false;2.40
47;reto;clown;1;-8.7321;-0.0809;3.2745;false;2.40
47;reto;acrobat;0;-11.1738;-0.1687;3.8276;true;1.91
47;reto;acrobat;1;-11.0578;-0.2096;3.6339;false;1.91
48;reto;clown;0;-8.9670;-0.0913;3.5316;true;2.40
48;reto;clown;1;-8.7318;-0.0809;3.2727;false;2.40
48;reto;acrobat;0;-11.1235;-0.1255;3.8215;true;1.93
48;reto;acrobat;1;-11.0578;-0.2096;3.6337;false;1.93
49;reto;clown;0;-8.9283;-0.0460;3.5314;true;2.40
49;reto;clown;1;-8.7317;-0.0809;3.2717;false;2.40
49;reto;acrobat;0;-11.0482;-0.0897;3.8130;true;1.95
49;reto;acrobat;1;-11.0579;-0.2096;3.6334;false;1.95
50;reto;clown;0;-8.8309;-0.0092;3.5284;true;2.40
50;reto;clown;1;-8.7318;-0.0809;3.2722;false;2.40
50;reto;acrobat;0;-10.9556;-0.0651;3.8028;true;1.96
50;reto;acrobat;1;-11.0579;-0.2096;3.6327;false;1.96
51;reto;clown;0;-8.7033;0.0099;3.5299;true;2.40
51;reto;clown;1;-8.7318;-0.0809;3.2731;false;2.40
51;reto;acrobat;0;-10.8541;-0.0544;3.7902;true;1.98
51;reto;acrobat;1;-11.0581;-0.2095;3.6314;false;1.98
52;reto;clown;0;-8.5734;0.0063;3.5296;true;2.40
52;reto;clown;1;-8.7318;-0.0809;3.2735;false;2.40
52;reto;acrobat;0;-10.7526;-0.0591;3.7754;true;2.00
52;reto;acrobat;1;-11.0584;-0.2095;3.6292;false;2.00
53;reto;clown;0;-8.4701;-0.0188;3.5266;true;2.40
53;reto;clown;1;-8.7319;-0.0809;3.2729;false;2.40
53;reto;acrobat;0;-10.6601;-0.0789;3.7605;true;2.01
53;reto;acrobat;1;-11.0586;-0.2094;3.6262;false;2.01
54;reto;clown;0;-8.4205;-0.0590;3.5264;true;2.40
54;reto;clown;1;-8.7320;-0.0807;3.2701;false;2.40
54;reto;acrobat;0;-10.5852;-0.1122;3.7493;true;2.03
54;reto;acrobat;1;-11.0569;-0.2064;3.6235;true;2.03
55;reto;clown;0;-8.4191;-0.0660;3.5279;false;2.40
55;reto;clown;1;-8.7321;-0.0804;3.2639;true;2.40
55;reto;acrobat;0;-10.5374;-0.1554;3.7431;true;2.04
55;reto;acrobat;1;-11.0354;-0.1600;3.6229;true;2.04
56;reto;clown;0;-8.4188;-0.0659;3.5299;false;2.40
56;reto;clown;1;-8.6907;-0.0349;3.2645;true;2.40
56;reto;acrobat;0;-10.5254;-0.1912;3.7426;false;2.05
56;reto;acrobat;1;-10.9701;-0.1146;3.6215;true;2.05
57;reto;clown;0;-8.4188;-0.0659;3.5304;false;2.40
57;reto;clown;1;-8.5863;0.0020;3.2734;true;2.40
57;reto;acrobat;0;-10.5251;-0.1912;3.7435;false;2.06
57;reto;acrobat;1;-10.8743;-0.0779;3.6159;true;2.06
58;reto;clown;0;-8.4189;-0.0659;3.5298;false;2.40
58;reto;clown;1;-8.4496;0.0216;3.2736;true;2.40
58;reto;acrobat;0;-10.5250;-0.1912;3.7442;false;2.08
58;reto;acrobat;1;-10.7599;-0.0541;3.6030;true;2.08
59;reto;clown;0;-8.4189;-0.0659;3.5288;false;2.40
59;reto;clown;1;-8.3106;0.0187;3.2729;true;2.40
59;reto;acrobat;0;-10.5249;-0.1912;3.7445;false;2.09
59;reto;acrobat;1;-10.6376;-0.0462;3.5862;true;2.09
60;reto;clown;0;-8.4188;-0.0660;3.5280;false;2.40
60;reto;clown;1;-8.1997;-0.0059;3.2756;true;2.40
60;reto;acrobat;0;-10.5250;-0.1912;3.7444;false;2.10
60;reto;acrobat;1;-10.5180;-0.0555;3.5708;true;2.10
61;reto;clown;0;-8.4188;-0.0660;3.5283;false;2.40
61;reto;clown;1;-8.1468;-0.0459;3.2765;true;2.40
61;reto;acrobat;0;-10.5251;-0.1912;3.7441;false;2.11
61;reto;acrobat;1;-10.4132;-0.0811;3.5590;true;2.11
62;reto;clown;0;-8.4190;-0.0658;3.5318;false;2.40
62;reto;clown;1;-8.1453;-0.0528;3.2750;false;2.40
62;reto;acrobat;0;-10.5251;-0.1912;3.7434;false;2.12
62;reto;acrobat;1;-10.3356;-0.1201;3.5509;true;2.12
63;reto;clown;0;-8.4192;-0.0655;3.5384;true;2.40
63;reto;clown;1;-8.1450;-0.0528;3.2729;false;2.40
63;reto;acrobat;0;-10.5251;-0.1912;3.7427;false;2.13
63;reto;acrobat;1;-10.2977;-0.1681;3.5463;true;2.13
64;reto;clown;0;-8.3777;-0.0200;3.5372;true;2.40
64;reto;clown;1;-8.1449;-0.0528;3.2718;false;2.40
64;reto;acrobat;0;-10.5251;-0.1912;3.7423;false;2.14
64;reto;acrobat;1;-10.2959;-0.1811;3.5458;false;2.14
65;reto;clown;0;-8.2735;0.0172;3.5295;true;2.40
65;reto;clown;1;-8.1450;-0.0528;3.2723;false;2.40
65;reto;acrobat;0;-10.5251;-0.1912;3.7424;false;2.15
65;reto;acrobat;1;-10.2959;-0.1810;3.5452;false;2.15
66;reto;clown;0;-8.1369;0.0370;3.5299;true;2.40
66;reto;clown;1;-8.1451;-0.0528;3.2733;false;2.40
66;reto;acrobat;0;-10.5251;-0.1912;3.7428;true;2.16
66;reto;acrobat;1;-10.2959;-0.1810;3.5445;false;2.16
67;reto;clown;0;-7.9980;0.0343;3.5302;true;2.40
67;reto;clown;1;-8.1450;-0.0528;3.2737;false;2.40
67;reto;acrobat;0;-10.5020;-0.1390;3.7405;true;2.17
67;reto;acrobat;1;-10.2959;-0.1810;3.5438;false;2.17
68;reto;clown;0;-7.8873;0.0099;3.5270;true;2.40
68;reto;clown;1;-8.1451;-0.0528;3.2731;false;2.40
68;reto;acrobat;0;-10.4398;-0.0913;3.7344;true;2.18
68;reto;acrobat;1;-10.2959;-0.1810;3.5436;false;2.18
69;reto;clown;0;-7.8343;-0.0300;3.5266;true;2.40
69;reto;clown;1;-8.1452;-0.0527;3.2704;false;2.40
69;reto;acrobat;0;-10.3494;-0.0544;3.7269;true;2.18
69;reto;acrobat;1;-10.2959;-0.1810;3.5437;false;2.18
70;reto;clown;0;-7.8329;-0.0370;3.5281;false;2.40
70;reto;clown;1;-8.1453;-0.0523;3.2643;true;2.40
70;reto;acrobat;0;-10.2421;-0.0330;3.7183;true;2.19
70;reto;acrobat;1;-10.2959;-0.1810;3.5439;false;2.19
71;reto;clown;0;-7.8326;-0.0369;3.5301;false;2.40
71;reto;clown;1;-8.1040;-0.0067;3.2650;true;2.40
71;reto;acrobat;0;-10.1295;-0.0298;3.7076;true;2.20
71;reto;acrobat;1;-10.2959;-0.1810;3.5439;false;2.20
72;reto;clown;0;-7.8326;-0.0369;3.5306;false;2.40
72;reto;clown;1;-7.9997;0.0305;3.2737;true;2.40
72;reto;acrobat;0;-10.0238;-0.0453;3.6956;true;2.21
72;reto;acrobat;1;-10.2959;-0.1810;3.5435;false;2.21
73;reto;clown;0;-7.8326;-0.0369;3.5300;false;2.40
73;reto;clown;1;-7.8633;0.0505;3.2738;true;2.40
73;reto;acrobat;0;-9.9366;-0.0777;3.6852;true;2.21
73;reto;acrobat;1;-10.2960;-0.1810;3.5428;false;2.21
74;reto;clown;0;-7.8326;-0.0369;3.5291;false;2.40
74;reto;clown;1;-7.7245;0.0480;3.2732;true;2.40
74;reto;acrobat;0;-9.8794;-0.1230;3.6795;true;2.22
74;reto;acrobat;1;-10.2962;-0.1809;3.5416;false;2.22
75;reto;clown;0;-7.8325;-0.0370;3.5282;false;2.40
75;reto;clown;1;-7.6138;0.0237;3.2759;true;2.40
75;reto;acrobat;0;-9.8637;-0.1644;3.6787;false;2.23
75;reto;acrobat;1;-10.2964;-0.1809;3.5403;false;2.23
76;reto;clown;0;-7.8326;-0.0370;3.5286;false;2.40
76;reto;clown;1;-7.5609;-0.0161;3.2767;true;2.40
76;reto;acrobat;0;-9.8633;-0.1643;3.6798;false;2.23
76;reto;acrobat;1;-10.2968;-0.1807;3.5361;true;2.23
77;reto;clown;0;-7.8328;-0.0368;3.5320;false;2.40
77;reto;clown;1;-7.5595;-0.0231;3.2752;false;2.40
77;reto;acrobat;0;-9.8631;-0.1643;3.6810;false;2.24
77;reto;acrobat;1;-10.2681;-0.1267;3.5340;true;2.24
78;reto;clown;0;-7.8329;-0.0365;3.5385;true;2.40
78;reto;clown;1;-7.5592;-0.0230;3.2731;false;2.40
78;reto;acrobat;0;-9.8630;-0.1644;3.6816;false;2.24
78;reto;acrobat;1;-10.1907;-0.0777;3.5334;true;2.24
79;reto;clown;0;-7.7915;0.0091;3.5373;true;2.40
79;reto;clown;1;-7.5591;-0.0231;3.2720;false;2.40
79;reto;acrobat;0;-9.8630;-0.1644;3.6816;false;2.25
79;reto;acrobat;1;-10.0796;-0.0403;3.5280;true;2.25
80;reto;clown;0;-7.6874;0.0465;3.5297;true;2.40
80;reto;clown;1;-7.5592;-0.0230;3.2725;false;2.40
80;reto;acrobat;0;-9.8631;-0.1643;3.6812;false;2.25
80;reto;acrobat;1;-9.9499;-0.0192;3.5162;true;2.25
81;reto;clown;0;-7.5510;0.0667;3.5301;true;2.40
81;reto;clown;1;-7.5593;-0.0230;3.2735;false;2.40
81;reto;acrobat;0;-9.8632;-0.1643;3.6806;false;2.26
81;reto;acrobat;1;-9.8154;-0.0177;3.5034;true;2.26
82;reto;clown;0;-7.4123;0.0642;3.5303;true;2.40
82;reto;clown;1;-7.5592;-0.0230;3.2739;false;2.40
82;reto;acrobat;0;-9.8632;-0.1643;3.6801;false;2.26
82;reto;acrobat;1;-9.6910;-0.0358;3.4938;true;2.26
83;reto;clown;0;-7.3017;0.0400;3.5272;true;2.40
83;reto;clown;1;-7.5593;-0.0230;3.2734;false;2.40
83;reto;acrobat;0;-9.8632;-0.1644;3.6797;false;2.27
83;reto;acrobat;1;-9.5918;-0.0712;3.4874;true;2.27
84;reto;clown;0;-7.2488;0.0003;3.5268;true;2.40
84;reto;clown;1;-7.5594;-0.0229;3.2707;false;2.40
84;reto;acrobat;0;-9.8632;-0.1644;3.6796;false;2.27
84;reto;acrobat;1;-9.5331;-0.1193;3.4829;true;2.27
85;reto;clown;0;-7.2474;-0.0067;3.5283;false;2.40
85;reto;clown;1;-7.5595;-0.0226;3.2647;true;2.40
85;reto;acrobat;0;-9.8632;-0.1644;3.6799;false;2.28
85;reto;acrobat;1;-9.5235;-0.1493;3.4816;false;2.28
86;reto;clown;0;-7.2471;-0.0067;3.5303;false;2.40
86;reto;clown;1;-7.5182;0.0231;3.2653;true;2.40
86;reto;acrobat;0;-9.8632;-0.1643;3.6821;true;2.28
86;reto;acrobat;1;-9.5234;-0.1493;3.4806;false;2.28
87;reto;clown;0;-7.2471;-0.0067;3.5308;false;2.40
87;reto;clown;1;-7.4141;0.0606;3.2739;true;2.40
87;reto;acrobat;0;-9.8352;-0.1092;3.6797;true;2.29
87;reto;acrobat;1;-9.5233;-0.1493;3.4794;false;2.29
88;reto;clown;0;-7.2471;-0.0067;3.5302;false;2.40
88;reto;clown;1;-7.2778;0.0809;3.2740;true;2.40
88;reto;acrobat;0;-9.7607;-0.0594;3.6721;true;2.29
88;reto;acrobat;1;-9.5232;-0.1493;3.4788;false;2.29
89;reto;clown;0;-7.2471;-0.0067;3.5293;false;2.40
89;reto;clown;1;-7.1392;0.0787;3.2733;true;2.40
89;reto;acrobat;0;-9.6540;-0.0219;3.6643;true;2.29
89;reto;acrobat;1;-9.5232;-0.1493;3.4788;false;2.29
90;reto;clown;0;-7.2470;-0.0067;3.5285;false;2.40
90;reto;clown;1;-7.0286;0.0547;3.2760;true;2.40
90;reto;acrobat;0;-9.5292;-0.0020;3.6575;true;2.30
90;reto;acrobat;1;-9.5232;-0.1493;3.4791;false;2.30
91;reto;clown;0;-7.2470;-0.0067;3.5287;false;2.40
91;reto;clown;1;-6.9758;0.0149;3.2768;true;2.40
91;reto;acrobat;0;-9.4011;-0.0023;3.6493;true;2.30
91;reto;acrobat;1;-9.5232;-0.1493;3.4794;false;2.30
92;reto;clown;0;-7.2472;-0.0065;3.5321;false;2.40
92;reto;clown;1;-6.9744;0.0080;3.2753;false;2.40
92;reto;acrobat;0;-9.2846;-0.0228;3.6394;true;2.30
92;reto;acrobat;1;-9.5231;-0.1493;3.4797;false;2.30
93;reto;clown;0;-7.2474;-0.0062;3.5386;true;2.40
93;reto;clown;1;-6.9741;0.0080;3.2733;false;2.40
93;reto;acrobat;0;-9.1945;-0.0608;3.6313;true;2.31
93;reto;acrobat;1;-9.5231;-0.1493;3.4797;false;2.31
94;reto;clown;0;-7.2061;0.0394;3.5374;true;2.40
94;reto;clown;1;-6.9740;0.0080;3.2722;false;2.40
94;reto;acrobat;0;-9.1450;-0.1109;3.6278;true;2.31
94;reto;acrobat;1;-9.5232;-0.1493;3.4793;false;2.31
95;reto;clown;0;-7.1020;0.0772;3.5299;true;2.40
95;reto;clown;1;-6.9741;0.0080;3.2727;false;2.40
95;reto;acrobat;0;-9.1398;-0.1332;3.6282;false;2.31
95;reto;acrobat;1;-9.5233;-0.1493;3.4783;false;2.31
96;reto;clown;0;-6.9658;0.0976;3.5302;true;2.40
96;reto;clown;1;-6.9741;0.0080;3.2736;false;2.40
96;reto;acrobat;0;-9.1395;-0.1332;3.6294;false;2.32
96;reto;acrobat;1;-9.5237;-0.1491;3.4749;true;2.32
97;reto;clown;0;-6.8273;0.0955;3.5305;true;2.40
97;reto;clown;1;-6.9741;0.0080;3.2740;false;2.40
97;reto;acrobat;0;-9.1393;-0.1332;3.6305;false;2.32
97;reto;acrobat;1;-9.4940;-0.0932;3.4737;true;2.32
98;reto;clown;0;-6.7169;0.0716;3.5274;true;2.40
98;reto;clown;1;-6.9742;0.0081;3.2735;false;2.40
98;reto;acrobat;0;-9.1393;-0.1332;3.6309;false;2.32
98;reto;acrobat;1;-9.4149;-0.0428;3.4731;true;2.32
99;reto;clown;0;-6.6640;0.0319;3.5270;true;2.40
99;reto;clown;1;-6.9743;0.0082;3.2709;false;2.40
99;reto;acrobat;0;-9.1394;-0.1332;3.6307;false;2.32
99;reto;acrobat;1;-9.3025;-0.0050;3.4681;true;2.32
100;reto;clown;0;-6.6626;0.0250;3.5284;false;2.40
100;reto;clown;1;-6.9744;0.0085;3.2650;true;2.40
100;reto;acrobat;0;-9.1394;-0.1332;3.6302;false;2.33
100;reto;acrobat;1;-9.1722;0.0147;3.4586;true;2.33
101;reto;clown;0;-6.6623;0.0250;3.5304;false;2.40
101;reto;clown;1;-6.9332;0.0543;3.2656;true;2.40
101;reto;acrobat;0;-9.1395;-0.1332;3.6297;false;2.33
101;reto;acrobat;1;-9.0391;0.0135;3.4497;true;2.33
102;reto;clown;0;-6.6623;0.0250;3.5309;false;2.40
102;reto;clown;1;-6.8292;0.0920;3.2741;true;2.40
102;reto;acrobat;0;-9.1394;-0.1332;3.6293;false;2.33
102;reto;acrobat;1;-8.9191;-0.0083;3.4441;true;2.33
103;reto;clown;0;-6.6623;0.0250;3.5303;false;2.40
103;reto;clown;1;-6.6930;0.1126;3.2742;true;2.40
103;reto;acrobat;0;-9.1394;-0.1332;3.6292;false;2.33
103;reto;acrobat;1;-8.8280;-0.0476;3.4403;true;2.33
104;reto;clown;0;-6.6623;0.0250;3.5294;false;2.40
104;reto;clown;1;-6.5546;0.1106;3.2735;true;2.40
104;reto;acrobat;0;-9.1394;-0.1332;3.6297;false;2.33
104;reto;acrobat;1;-8.7813;-0.0990;3.4374;true;2.33
105;reto;clown;0;-6.6622;0.0250;3.5286;false;2.40
105;reto;clown;1;-6.4442;0.0868;3.2761;true;2.40
105;reto;acrobat;0;-9.1395;-0.1332;3.6307;false;2.34
105;reto;acrobat;1;-8.7783;-0.1159;3.4366;false;2.34
106;reto;clown;0;-6.6622;0.0250;3.5289;false;2.40
106;reto;clown;1;-6.3914;0.0472;3.2769;true;2.40
106;reto;acrobat;0;-9.1394;-0.1331;3.6338;true;2.34
106;reto;acrobat;1;-8.7781;-0.1159;3.4355;false;2.34
107;reto;clown;0;-6.6624;0.0251;3.5322;false;2.40
107;reto;clown;1;-6.3900;0.0402;3.2754;false;2.40
107;reto;acrobat;0;-9.1090;-0.0765;3.6318;true;2.34
107;reto;acrobat;1;-8.7780;-0.1158;3.4343;false;2.34
108;reto;clown;0;-6.6626;0.0254;3.5386;true;2.40
108;reto;clown;1;-6.3897;0.0403;3.2734;false;2.40
108;reto;acrobat;0;-9.0284;-0.0255;3.6238;true;2.34
108;reto;acrobat;1;-8.7780;-0.1158;3.4339;false;2.34
109;reto;clown;0;-6.6213;0.0712;3.5374;true;2.40
109;reto;clown;1;-6.3896;0.0402;3.2723;false;2.40
109;reto;acrobat;0;-8.9135;0.0125;3.6167;true;2.34
109;reto;acrobat;1;-8.7780;-0.1158;3.4340;false;2.34
110;reto;clown;0;-6.5174;0.1091;3.5300;true;2.40
110;reto;clown;1;-6.3897;0.0402;3.2728;false;2.40
110;reto;acrobat;0;-8.7804;0.0321;3.6118;true;2.35
110;reto;acrobat;1;-8.7780;-0.1158;3.4344;false;2.35
111;reto;clown;0;-6.3814;0.1298;3.5303;true;2.40
111;reto;clown;1;-6.3897;0.0403;3.2737;false;2.40
111;reto;acrobat;0;-8.6452;0.0303;3.6057;true;2.35
111;reto;acrobat;1;-8.7780;-0.1159;3.4347;false;2.35
112;reto;clown;0;-6.2429;0.1279;3.5305;true;2.40
112;reto;clown;1;-6.3897;0.0402;3.2741;false;2.40
112;reto;acrobat;0;-8.5244;0.0078;3.5977;true;2.35
112;reto;acrobat;1;-8.7779;-0.1159;3.4349;false;2.35
113;reto;clown;0;-6.1327;0.1042;3.5274;true;2.40
113;reto;clown;1;-6.3897;0.0403;3.2736;false;2.40
113;reto;acrobat;0;-8.4342;-0.0325;3.5913;true;2.35
113;reto;acrobat;1;-8.7780;-0.1159;3.4347;false;2.35
114;reto;clown;0;-6.0798;0.0646;3.5270;true;2.40
114;reto;clown;1;-6.3899;0.0404;3.2711;false;2.40
114;reto;acrobat;0;-8.3902;-0.0846;3.5894;true;2.35
114;reto;acrobat;1;-8.7780;-0.1158;3.4339;false;2.35
115;reto;clown;0;-6.0784;0.0577;3.5285;false;2.40
115;reto;clown;1;-6.3900;0.0407;3.2652;true;2.40
115;reto;acrobat;0;-8.3881;-0.0978;3.5901;false;2.35
115;reto;acrobat;1;-8.7782;-0.1158;3.4323;false;2.35
116;reto;clown;0;-6.0781;0.0577;3.5305;false;2.40
116;reto;clown;1;-6.3488;0.0865;3.2658;true;2.40
116;reto;acrobat;0;-8.3879;-0.0978;3.5913;false;2.36
116;reto;acrobat;1;-8.7785;-0.1156;3.4285;true;2.36
117;reto;clown;0;-6.0781;0.0577;3.5310;false;2.40
117;reto;clown;1;-6.2448;0.1244;3.2742;true;2.40
117;reto;acrobat;0;-8.3877;-0.0978;3.5924;false;2.36
117;reto;acrobat;1;-8.7472;-0.0586;3.4277;true;2.36
118;reto;clown;0;-6.0782;0.0577;3.5304;false;2.40
118;reto;clown;1;-6.1088;0.1452;3.2742;true;2.40
118;reto;acrobat;0;-8.3877;-0.0978;3.5927;false;2.36
118;reto;acrobat;1;-8.6640;-0.0073;3.4293;true;2.36
119;reto;clown;0;-6.0781;0.0577;3.5295;false;2.40
119;reto;clown;1;-5.9705;0.1434;3.2735;true;2.40
119;reto;acrobat;0;-8.3878;-0.0978;3.5924;false;2.36
119;reto;acrobat;1;-8.5461;0.0309;3.4264;true;2.36
120;reto;clown;0;-6.0781;0.0576;3.5287;false;2.40
120;reto;clown;1;-5.8601;0.1197;3.2762;true;2.40
120;reto;acrobat;0;-8.3878;-0.0978;3.5919;false;2.36
120;reto;acrobat;1;-8.4101;0.0504;3.4189;true;2.36
121;reto;clown;0;-6.0781;0.0576;3.5290;false;2.40
121;reto;clown;1;-5.8074;0.0802;3.2770;true;2.40
121;reto;acrobat;0;-8.3878;-0.0978;3.5914;false;2.36
121;reto;acrobat;1;-8.2724;0.0483;3.4121;true;2.36
122;reto;clown;0;-6.0783;0.0578;3.5322;false;2.40
122;reto;clown;1;-5.8060;0.0732;3.2755;false;2.40
122;reto;acrobat;0;-8.3878;-0.0978;3.5912;false;2.36
122;reto;acrobat;1;-8.1498;0.0251;3.4086;true;2.36
123;reto;clown;0;-6.0784;0.0581;3.5387;true;2.40
123;reto;clown;1;-5.8057;0.0733;3.2734;false;2.40
123;reto;acrobat;0;-8.3878;-0.0978;3.5913;false;2.36
123;reto;acrobat;1;-8.0591;-0.0158;3.4064;true;2.36
124;reto;clown;0;-6.0372;0.1039;3.5374;true;2.40
124;reto;clown;1;-5.8056;0.0733;3.2724;false;2.40
124;reto;acrobat;0;-8.3878;-0.0978;3.5920;false;2.36
124;reto;acrobat;1;-8.0168;-0.0685;3.4042;true;2.36
125;reto;clown;0;-5.9333;0.1419;3.5300;true;2.40
125;reto;clown;1;-5.8057;0.0733;3.2729;false;2.40
125;reto;acrobat;0;-8.3879;-0.0977;3.5935;false;2.37
125;reto;acrobat;1;-8.0155;-0.0790;3.4034;false;2.37
126;reto;clown;0;-5.7974;0.1628;3.5304;true;2.40
126;reto;clown;1;-5.8057;0.0733;3.2738;false;2.40
126;reto;acrobat;0;-8.3878;-0.0976;3.5970;true;2.37
126;reto;acrobat;1;-8.0154;-0.0789;3.4023;false;2.37
127;reto;clown;0;-5.6590;0.1611;3.5306;true;2.40
127;reto;clown;1;-5.8057;0.0733;3.2742;false;2.40
127;reto;acrobat;0;-8.3563;-0.0402;3.5953;true;2.37
127;reto;acrobat;1;-8.0152;-0.0789;3.4012;false;2.37
128;reto;clown;0;-5.5488;0.1375;3.5275;true;2.40
128;reto;clown;1;-5.8057;0.0733;3.2737;false;2.40
128;reto;acrobat;0;-8.2726;0.0114;3.5875;true;2.37
128;reto;acrobat;1;-8.0152;-0.0789;3.4008;false;2.37
129;reto;clown;0;-5.4961;0.0980;3.5270;true;2.40
129;reto;clown;1;-5.8059;0.0734;3.2711;false;2.40
129;reto;acrobat;0;-8.1538;0.0498;3.5814;true;2.37
129;reto;acrobat;1;-8.0153;-0.0789;3.4010;false;2.37
130;reto;clown;0;-5.4947;0.0911;3.5285;false;2.40
130;reto;clown;1;-5.8060;0.0737;3.2653;true;2.40
130;reto;acrobat;0;-8.0166;0.0693;3.5782;true;2.37
130;reto;acrobat;1;-8.0152;-0.0789;3.4014;false;2.37
131;reto;clown;0;-5.4943;0.0911;3.5305;false;2.40
131;reto;clown;1;-5.7648;0.1196;3.2659;true;2.40
131;reto;acrobat;0;-7.8780;0.0671;3.5739;true;2.37
131;reto;acrobat;1;-8.0152;-0.0789;3.4017;false;2.37
132;reto;clown;0;-5.4943;0.0911;3.5310;false;2.40
132;reto;clown;1;-5.6609;0.1575;3.2742;true;2.40
132;reto;acrobat;0;-7.7553;0.0436;3.5674;true;2.37
132;reto;acrobat;1;-8.0152;-0.0789;3.4018;false;2.37
133;reto;clown;0;-5.4944;0.0911;3.5304;false;2.40
133;reto;clown;1;-5.5250;0.1784;3.2742;true;2.40
133;reto;acrobat;0;-7.6654;0.0023;3.5624;true;2.37
133;reto;acrobat;1;-8.0152;-0.0789;3.4015;false;2.37
134;reto;clown;0;-5.4944;0.0911;3.5295;false;2.40
134;reto;clown;1;-5.3867;0.1768;3.2735;true;2.40
134;reto;acrobat;0;-7.6246;-0.0508;3.5614;true;2.37
134;reto;acrobat;1;-8.0153;-0.0789;3.4005;false;2.37
135;reto;clown;0;-5.4943;0.0911;3.5287;false;2.40
135;reto;clown;1;-5.2764;0.1532;3.2762;true;2.40
135;reto;acrobat;0;-7.6236;-0.0593;3.5621;false;2.37
135;reto;acrobat;1;-8.0155;-0.0788;3.3987;false;2.37
136;reto;clown;0;-5.4943;0.0911;3.5290;false;2.40
136;reto;clown;1;-5.2237;0.1137;3.2770;true;2.40
136;reto;acrobat;0;-7.6233;-0.0593;3.5633;false;2.38
136;reto;acrobat;1;-8.0157;-0.0787;3.3947;true;2.38
137;reto;clown;0;-5.4945;0.0912;3.5322;false;2.40
137;reto;clown;1;-5.2223;0.1068;3.2755;false;2.40
137;reto;acrobat;0;-7.6232;-0.0593;3.5644;false;2.38
137;reto;acrobat;1;-7.9837;-0.0211;3.3943;true;2.38
138;reto;clown;0;-5.4946;0.0915;3.5386;true;2.40
138;reto;clown;1;-5.2220;0.1068;3.2735;false;2.40
138;reto;acrobat;0;-7.6232;-0.0593;3.5647;false;2.38
138;reto;acrobat;1;-7.8984;0.0308;3.3972;true;2.38
139;reto;clown;0;-5.4534;0.1374;3.5374;true;2.40
139;reto;clown;1;-5.2219;0.1068;3.2724;false;2.40
139;reto;acrobat;0;-7.6232;-0.0593;3.5644;false;2.38
139;reto;acrobat;1;-7.7779;0.0694;3.3959;true;2.38
140;reto;clown;0;-5.3496;0.1755;3.5300;true;2.40
140;reto;clown;1;-5.2220;0.1068;3.2729;false;2.40
140;reto;acrobat;0;-7.6233;-0.0593;3.5638;false;2.38
140;reto;acrobat;1;-7.6394;0.0890;3.3900;true;2.38
141;reto;clown;0;-5.2137;0.1964;3.5304;true;2.40
141;reto;clown;1;-5.2220;0.1068;3.2738;false;2.40
141;reto;acrobat;0;-7.6233;-0.0593;3.5634;false;2.38
141;reto;acrobat;1;-7.4995;0.0867;3.3848;true;2.38
142;reto;clown;0;-5.0754;0.1949;3.5306;true;2.40
142;reto;clown;1;-5.2220;0.1068;3.2742;false;2.40
142;reto;acrobat;0;-7.6233;-0.0593;3.5633;false;2.38
142;reto;acrobat;1;-7.3759;0.0631;3.3828;true;2.38
143;reto;clown;0;-4.9653;0.1714;3.5275;true;2.40
143;reto;clown;1;-5.2220;0.1068;3.2737;false;2.40
143;reto;acrobat;0;-7.6233;-0.0593;3.5635;false;2.38
143;reto;acrobat;1;-7.2857;0.0215;3.3817;true;2.38
144;reto;clown;0;-4.9125;0.1319;3.5270;true;2.40
144;reto;clown;1;-5.2222;0.1069;3.2711;false;2.40
144;reto;acrobat;0;-7.6233;-0.0593;3.5644;false;2.38
144;reto;acrobat;1;-7.2458;-0.0318;3.3800;true;2.38
145;reto;clown;0;-4.9111;0.1250;3.5285;false;2.40
145;reto;clown;1;-5.2223;0.1072;3.2654;true;2.40
145;reto;acrobat;0;-7.6234;-0.0592;3.5661;false;2.38
145;reto;acrobat;1;-7.2451;-0.0390;3.3793;false;2.38
146;reto;clown;0;-4.9108;0.1250;3.5305;false;2.40
146;reto;clown;1;-5.1811;0.1532;3.2660;true;2.40
146;reto;acrobat;0;-7.6233;-0.0591;3.5699;true;2.38
146;reto;acrobat;1;-7.2450;-0.0390;3.3781;false;2.38
147;reto;clown;0;-4.9108;0.1250;3.5310;false;2.40
147;reto;clown;1;-5.0773;0.1912;3.2742;true;2.40
147;reto;acrobat;0;-7.5912;-0.0013;3.5685;true;2.38
147;reto;acrobat;1;-7.2448;-0.0390;3.3770;false;2.38
148;reto;clown;0;-4.9109;0.1250;3.5304;false;2.40
148;reto;clown;1;-4.9414;0.2122;3.2742;true;2.40
148;reto;acrobat;0;-7.5059;0.0508;3.5610;true;2.38
148;reto;acrobat;1;-7.2448;-0.0390;3.3767;false;2.38
149;reto;clown;0;-4.9108;0.1250;3.5295;false;2.40
149;reto;clown;1;-4.8031;0.2107;3.2735;true;2.40
149;reto;acrobat;0;-7.3851;0.0896;3.5557;true;2.38
149;reto;acrobat;1;-7.2449;-0.0390;3.3769;false;2.38
150;reto;clown;0;-4.9108;0.1250;3.5287;false;2.40
150;reto;clown;1;-4.6929;0.1872;3.2762;true;2.40
150;reto;acrobat;0;-7.2460;0.1093;3.5538;true;2.38
150;reto;acrobat;1;-7.2449;-0.0390;3.3774;false;2.38
151;reto;clown;0;-4.9108;0.1250;3.5290;false;2.40
151;reto;clown;1;-4.6403;0.1478;3.2769;true;2.40
151;reto;acrobat;0;-7.1059;0.1070;3.5508;true;2.38
151;reto;acrobat;1;-7.2449;-0.0390;3.3777;false;2.38
152;reto;clown;0;-4.9110;0.1251;3.5322;false;2.40
152;reto;clown;1;-4.6389;0.1408;3.2755;false;2.40
152;reto;acrobat;0;-6.9824;0.0833;3.5455;true;2.38
152;reto;acrobat;1;-7.2448;-0.0390;3.3777;false;2.38
153;reto;clown;0;-4.9111;0.1254;3.5386;true;2.40
153;reto;clown;1;-4.6385;0.1409;3.2734;false;2.40
153;reto;acrobat;0;-6.8927;0.0416;3.5415;true;2.38
153;reto;acrobat;1;-7.2449;-0.0390;3.3773;false;2.38
154;reto;clown;0;-4.8699;0.1713;3.5374;true;2.40
154;reto;clown;1;-4.6384;0.1409;3.2724;false;2.40
154;reto;acrobat;0;-6.8537;-0.0120;3.5410;true;2.38
154;reto;acrobat;1;-7.2450;-0.0390;3.3763;false;2.38
155;reto;clown;0;-4.7661;0.2094;3.5300;true;2.40
155;reto;clown;1;-4.6385;0.1409;3.2729;false;2.40
155;reto;acrobat;0;-6.8531;-0.0182;3.5417;false;2.39
155;reto;acrobat;1;-7.2451;-0.0389;3.3743;false;2.39
156;reto;clown;0;-4.6303;0.2304;3.5303;true;2.40
156;reto;clown;1;-4.6386;0.1409;3.2738;false;2.40
156;reto;acrobat;0;-6.8529;-0.0181;3.5429;false;2.39
156;reto;acrobat;1;-7.2453;-0.0388;3.3702;true;2.39
157;reto;clown;0;-4.4920;0.2289;3.5305;true;2.40
157;reto;clown;1;-4.6386;0.1409;3.2742;false;2.40
157;reto;acrobat;0;-6.8528;-0.0181;3.5440;false;2.39
157;reto;acrobat;1;-7.2128;0.0192;3.3701;true;2.39
158;reto;clown;0;-4.3819;0.2054;3.5274;true;2.40
158;reto;clown;1;-4.6386;0.1409;3.2737;false;2.40
158;reto;acrobat;0;-6.8527;-0.0181;3.5442;false;2.39
158;reto;acrobat;1;-7.1266;0.0715;3.3740;true;2.39
159;reto;clown;0;-4.3291;0.1660;3.5270;true;2.40
159;reto;clown;1;-4.6387;0.1410;3.2711;false;2.40
159;reto;acrobat;0;-6.8528;-0.0181;3.5439;false;2.39
159;reto;acrobat;1;-7.0048;0.1104;3.3738;true;2.39
160;reto;clown;0;-4.3277;0.1591;3.5284;false;2.40
160;reto;clown;1;-4.6389;0.1413;3.2654;true;2.40
160;reto;acrobat;0;-6.8529;-0.0181;3.5434;false;2.39
160;reto;acrobat;1;-6.8648;0.1302;3.3690;true;2.39
161;reto;clown;0;-4.3274;0.1591;3.5304;false;2.40
161;reto;clown;1;-4.5977;0.1872;3.2660;true;2.40
161;reto;acrobat;0;-6.8529;-0.0181;3.5430;false;2.39
161;reto;acrobat;1;-6.7239;0.1279;3.3651;true;2.39
162;reto;clown;0;-4.3274;0.1591;3.5309;false;2.40
162;reto;clown;1;-4.4938;0.2253;3.2742;true;2.40
162;reto;acrobat;0;-6.8528;-0.0181;3.5429;false;2.39
162;reto;acrobat;1;-6.5998;0.1040;3.3642;true;2.39
163;reto;clown;0;-4.3275;0.1591;3.5304;false;2.40
163;reto;clown;1;-4.3580;0.2463;3.2742;true;2.40
163;reto;acrobat;0;-6.8529;-0.0181;3.5432;false;2.39
163;reto;acrobat;1;-6.5101;0.0622;3.3638;true;2.39
164;reto;clown;0;-4.3274;0.1591;3.5295;false;2.40
164;reto;clown;1;-4.2198;0.2448;3.2735;true;2.40
164;reto;acrobat;0;-6.8529;-0.0181;3.5442;false;2.39
164;reto;acrobat;1;-6.4717;0.0085;3.3624;true;2.39
165;reto;clown;0;-4.3274;0.1591;3.5287;false;2.40
165;reto;clown;1;-4.1095;0.2213;3.2761;true;2.40
165;reto;acrobat;0;-6.8530;-0.0180;3.5461;false;2.39
165;reto;acrobat;1;-6.4712;0.0031;3.3617;false;2.39
166;reto;clown;0;-4.3274;0.1590;3.5289;false;2.40
166;reto;clown;1;-4.0569;0.1819;3.2769;true;2.40
166;reto;acrobat;0;-6.8530;-0.0179;3.5499;true;2.39
166;reto;acrobat;1;-6.4710;0.0032;3.3606;false;2.39
167;reto;clown;0;-4.3276;0.1592;3.5322;false;2.40
167;reto;clown;1;-4.0555;0.1750;3.2754;false;2.40
167;reto;acrobat;0;-6.8205;0.0401;3.5487;true;2.39
167;reto;acrobat;1;-6.4709;0.0032;3.3595;false;2.39
168;reto;clown;0;-4.3277;0.1595;3.5386;true;2.40
168;reto;clown;1;-4.0552;0.1750;3.2734;false;2.40
168;reto;acrobat;0;-6.7344;0.0926;3.5416;true;2.39
168;reto;acrobat;1;-6.4709;0.0032;3.3592;false;2.39
169;reto;clown;0;-4.2865;0.2054;3.5373;true;2.40
169;reto;clown;1;-4.0551;0.1750;3.2723;false;2.40
169;reto;acrobat;0;-6.6125;0.1317;3.5370;true;2.39
169;reto;acrobat;1;-6.4709;0.0032;3.3594;false;2.39
170;reto;clown;0;-4.1828;0.2435;3.5300;true;2.40
170;reto;clown;1;-4.0552;0.1750;3.2728;false;2.40
170;reto;acrobat;0;-6.4723;0.1515;3.5360;true;2.39
170;reto;acrobat;1;-6.4709;0.0032;3.3599;false;2.39
171;reto;clown;0;-4.0469;0.2645;3.5303;true;2.40
171;reto;clown;1;-4.0552;0.1750;3.2737;false;2.40
171;reto;acrobat;0;-6.3313;0.1492;3.5340;true;2.39
171;reto;acrobat;1;-6.4709;0.0032;3.3602;false;2.39
172;reto;clown;0;-3.9086;0.2630;3.5305;true;2.40
172;reto;clown;1;-4.0552;0.1750;3.2741;false;2.40
172;reto;acrobat;0;-6.2073;0.1253;3.5296;true;2.39
172;reto;acrobat;1;-6.4709;0.0032;3.3602;false;2.39
173;reto;clown;0;-3.7985;0.2396;3.5274;true;2.40
173;reto;clown;1;-4.0552;0.1750;3.2736;false;2.40
173;reto;acrobat;0;-6.1179;0.0834;3.5262;true;2.39
173;reto;acrobat;1;-6.4709;0.0032;3.3598;false;2.39
174;reto;clown;0;-3.7458;0.2001;3.5269;true;2.40
174;reto;clown;1;-4.0554;0.1751;3.2711;false;2.40
174;reto;acrobat;0;-6.0801;0.0296;3.5261;true;2.39
174;reto;acrobat;1;-6.4710;0.0032;3.3587;false;2.39
175;reto;clown;0;-3.7444;0.1932;3.5284;false;2.40
175;reto;clown;1;-4.0555;0.1754;3.2653;true;2.40
175;reto;acrobat;0;-6.0796;0.0248;3.5269;false;2.39
175;reto;acrobat;1;-6.4711;0.0033;3.3567;false;2.39
176;reto;clown;0;-3.7441;0.1932;3.5304;false;2.40
176;reto;clown;1;-4.0143;0.2213;3.2659;true;2.40
176;reto;acrobat;0;-6.0794;0.0248;3.5281;false;2.39
176;reto;acrobat;1;-6.4713;0.0034;3.3526;true;2.39
177;reto;clown;0;-3.7441;0.1932;3.5309;false;2.40
177;reto;clown;1;-3.9105;0.2594;3.2742;true;2.40
177;reto;acrobat;0;-6.0793;0.0248;3.5291;false;2.39
177;reto;acrobat;1;-6.4386;0.0616;3.3527;true;2.39
178;reto;clown;0;-3.7441;0.1932;3.5303;false;2.40
178;reto;clown;1;-3.7746;0.2804;3.2741;true;2.40
178;reto;acrobat;0;-6.0793;0.0248;3.5293;false;2.39
178;reto;acrobat;1;-6.3519;0.1142;3.3572;true;2.39
179;reto;clown;0;-3.7441;0.1932;3.5294;false;2.40
179;reto;clown;1;-3.6363;0.2788;3.2734;true;2.40
179;reto;acrobat;0;-6.0793;0.0248;3.5290;false;2.39
179;reto;acrobat;1;-6.2293;0.1534;3.3578;true;2.39
180;reto;clown;0;-3.7440;0.1932;3.5286;false;2.40
180;reto;clown;1;-3.5261;0.2553;3.2761;true;2.40
180;reto;acrobat;0;-6.0794;0.0248;3.5285;false;2.39
180;reto;acrobat;1;-6.0886;0.1733;3.3538;true;2.39
181;reto;clown;0;-3.7440;0.1932;3.5289;false;2.40
181;reto;clown;1;-3.4734;0.2159;3.2769;true;2.40
181;reto;acrobat;0;-6.0794;0.0248;3.5282;false;2.39
181;reto;acrobat;1;-5.9471;0.1710;3.3508;true;2.39
182;reto;clown;0;-3.7442;0.1933;3.5322;false;2.40
182;reto;clown;1;-3.4720;0.2089;3.2754;false;2.40
182;reto;acrobat;0;-6.0794;0.0248;3.5281;false;2.39
182;reto;acrobat;1;-5.8228;0.1471;3.3507;true;2.39
183;reto;clown;0;-3.7444;0.1936;3.5386;true;2.40
183;reto;clown;1;-3.4717;0.2090;3.2733;false;2.40
183;reto;acrobat;0;-6.0794;0.0248;3.5285;false;2.39
183;reto;acrobat;1;-5.7334;0.1052;3.3509;true;2.39
184;reto;clown;0;-3.7031;0.2395;3.5374;true;2.40
184;reto;clown;1;-3.4716;0.2089;3.2723;false;2.40
184;reto;acrobat;0;-6.0794;0.0249;3.5295;false;2.39
184;reto;acrobat;1;-5.6959;0.0513;3.3496;true;2.39
185;reto;clown;0;-3.5993;0.2775;3.5299;true;2.40
185;reto;clown;1;-3.4717;0.2090;3.2728;false;2.40
185;reto;acrobat;0;-6.0795;0.0249;3.5314;false;2.39
185;reto;acrobat;1;-5.6956;0.0470;3.3490;false;2.39
186;reto;clown;0;-3.4634;0.2985;3.5303;true;2.40
186;reto;clown;1;-3.4718;0.2090;3.2737;false;2.40
186;reto;acrobat;0;-6.0795;0.0250;3.5354;true;2.39
186;reto;acrobat;1;-5.6954;0.0471;3.3478;false;2.39
187;reto;clown;0;-3.3251;0.2969;3.5304;true;2.40
187;reto;clown;1;-3.4717;0.2090;3.2741;false;2.40
187;reto;acrobat;0;-6.0468;0.0833;3.5344;true;2.40
187;reto;acrobat;1;-5.6952;0.0471;3.3467;false;2.40
188;reto;clown;0;-3.2149;0.2734;3.5273;true;2.40
188;reto;clown;1;-3.4718;0.2090;3.2736;false;2.40
188;reto;acrobat;0;-5.9601;0.1360;3.5274;true;2.40
188;reto;acrobat;1;-5.6952;0.0471;3.3464;false;2.40
189;reto;clown;0;-3.1622;0.2339;3.5269;true;2.40
189;reto;clown;1;-3.4719;0.2091;3.2710;false;2.40
189;reto;acrobat;0;-5.8375;0.1753;3.5234;true;2.40
189;reto;acrobat;1;-5.6953;0.0471;3.3467;false;2.40
190;reto;clown;0;-3.1608;0.2270;3.5283;false;2.40
190;reto;clown;1;-3.4720;0.2094;3.2652;true;2.40
190;reto;acrobat;0;-5.6967;0.1953;3.5231;true;2.40
190;reto;acrobat;1;-5.6953;0.0471;3.3472;false;2.40
191;reto;clown;0;-3.1605;0.2270;3.5303;false;2.40
191;reto;clown;1;-3.4308;0.2553;3.2658;true;2.40
191;reto;acrobat;0;-5.5551;0.1931;3.5218;true;2.40
191;reto;acrobat;1;-5.6953;0.0471;3.3475;false;2.40
192;reto;clown;0;-3.1604;0.2270;3.5308;false;2.40
192;reto;clown;1;-3.3269;0.2932;3.2741;true;2.40
192;reto;acrobat;0;-5.4310;0.1692;3.5181;true;2.40
192;reto;acrobat;1;-5.6953;0.0471;3.3475;false;2.40
193;reto;clown;0;-3.1605;0.2270;3.5303;false;2.40
193;reto;clown;1;-3.1910;0.3141;3.2741;true;2.40
193;reto;acrobat;0;-5.3419;0.1271;3.5152;true;2.40
193;reto;acrobat;1;-5.6953;0.0471;3.3470;false;2.40
194;reto;clown;0;-3.1605;0.2270;3.5294;false;2.40
194;reto;clown;1;-3.0527;0.3124;3.2734;true;2.40
194;reto;acrobat;0;-5.3048;0.0732;3.5153;true;2.40
194;reto;acrobat;1;-5.6954;0.0471;3.3460;false;2.40
195;reto;clown;0;-3.1604;0.2269;3.5286;false;2.40
195;reto;clown;1;-2.9424;0.2889;3.2760;true;2.40
195;reto;acrobat;0;-5.3045;0.0694;3.5160;false;2.40
195;reto;acrobat;1;-5.6955;0.0472;3.3439;false;2.40
196;reto;clown;0;-3.1604;0.2269;3.5288;false;2.40
196;reto;clown;1;-2.8897;0.2494;3.2768;true;2.40
196;reto;acrobat;0;-5.3043;0.0694;3.5172;false;2.40
196;reto;acrobat;1;-5.6956;0.0473;3.3398;true;2.40
197;reto;clown;0;-3.1606;0.2271;3.5321;false;2.40
197;reto;clown;1;-2.8883;0.2424;3.2753;false;2.40
197;reto;acrobat;0;-5.3041;0.0694;3.5182;false;2.40
197;reto;acrobat;1;-5.6628;0.1056;3.3400;true;2.40
198;reto;clown;0;-3.1608;0.2274;3.5386;true;2.40
198;reto;clown;1;-2.8880;0.2425;3.2733;false;2.40
198;reto;acrobat;0;-5.3041;0.0694;3.5185;false;2.40
198;reto;acrobat;1;-5.5756;0.1584;3.3449;true;2.40
199;reto;clown;0;-3.1195;0.2732;3.5373;true;2.40
199;reto;clown;1;-2.8879;0.2424;3.2722;false;2.40
199;reto;acrobat;0;-5.3042;0.0694;3.5182;false;2.40
199;reto;acrobat;1;-5.4525;0.1978;3.3461;true;2.40
200;reto;clown;0;-3.0156;0.3112;3.5299;true;2.40
200;reto;clown;1;-2.8880;0.2424;3.2727;false;2.40
200;reto;acrobat;0;-5.3042;0.0694;3.5177;false;2.40
200;reto;acrobat;1;-5.3112;0.2178;3.3427;true;2.40
201;reto;clown;0;-2.8796;0.3319;3.5302;true;2.40
201;reto;clown;1;-2.8880;0.2425;3.2736;false;2.40
201;reto;acrobat;0;-5.3042;0.0694;3.5174;false;2.40
201;reto;acrobat;1;-5.1693;0.2155;3.3404;true;2.40
202;reto;clown;0;-2.7412;0.3302;3.5304;true;2.40
202;reto;clown;1;-2.8880;0.2424;3.2740;false;2.40
202;reto;acrobat;0;-5.3042;0.0694;3.5173;false;2.40
202;reto;acrobat;1;-5.0449;0.1915;3.3409;true;2.40
203;reto;clown;0;-2.6310;0.3065;3.5273;true;2.40
203;reto;clown;1;-2.8880;0.2425;3.2735;false;2.40
203;reto;acrobat;0;-5.3042;0.0694;3.5177;false;2.40
203;reto;acrobat;1;-4.9557;0.1494;3.3414;true;2.40
204;reto;clown;0;-2.5782;0.2670;3.5268;true;2.40
204;reto;clown;1;-2.8882;0.2426;3.2709;false;2.40
204;reto;acrobat;0;-5.3043;0.0695;3.5188;false;2.40
204;reto;acrobat;1;-4.9190;0.0953;3.3404;true;2.40
205;reto;clown;0;-2.5768;0.2601;3.5283;false;2.40
205;reto;clown;1;-2.8883;0.2429;3.2651;true;2.40
205;reto;acrobat;0;-5.3044;0.0695;3.5208;false;2.40
205;reto;acrobat;1;-4.9187;0.0920;3.3397;false;2.40
206;reto;clown;0;-2.5765;0.2601;3.5303;false;2.40
206;reto;clown;1;-2.8471;0.2887;3.2657;true;2.40
206;reto;acrobat;0;-5.3044;0.0696;3.5248;true;2.40
206;reto;acrobat;1;-4.9186;0.0920;3.3385;false;2.40
207;reto;clown;0;-2.5765;0.2601;3.5308;false;2.40
207;reto;clown;1;-2.7431;0.3265;3.2740;true;2.40
207;reto;acrobat;0;-5.2715;0.1281;3.5239;true;2.40
207;reto;acrobat;1;-4.9184;0.0920;3.3375;false;2.40
208;reto;clown;0;-2.5766;0.2601;3.5302;false;2.40
208;reto;clown;1;-2.6071;0.3473;3.2740;true;2.40
208;reto;acrobat;0;-5.1844;0.1809;3.5172;true;2.40
208;reto;acrobat;1;-4.9184;0.0920;3.3372;false;2.40
209;reto;clown;0;-2.5765;0.2601;3.5293;false;2.40
209;reto;clown;1;-2.4687;0.3455;3.2733;true;2.40
209;reto;acrobat;0;-5.0612;0.2203;3.5135;true;2.40
209;reto;acrobat;1;-4.9185;0.0920;3.3375;false;2.40
210;reto;clown;0;-2.5764;0.2601;3.5285;false;2.40
210;reto;clown;1;-2.3583;0.3218;3.2760;true;2.40
210;reto;acrobat;0;-4.9198;0.2403;3.5138;true;2.40
210;reto;acrobat;1;-4.9185;0.0920;3.3379;false;2.40
211;reto;clown;0;-2.5765;0.2600;3.5288;false;2.40
211;reto;clown;1;-2.3056;0.2822;3.2767;true;2.40
211;reto;acrobat;0;-4.7779;0.2380;3.5130;true;2.40
211;reto;acrobat;1;-4.9185;0.0920;3.3382;false;2.40
212;reto;clown;0;-2.5767;0.2602;3.5321;false;2.40
212;reto;clown;1;-2.3042;0.2753;3.2753;false;2.40
212;reto;acrobat;0;-4.6535;0.2140;3.5097;true;2.40
212;reto;acrobat;1;-4.9185;0.0920;3.3382;false;2.40
213;reto;clown;0;-2.5768;0.2605;3.5386;true;2.40
213;reto;clown;1;-2.3039;0.2753;3.2732;false;2.40
213;reto;acrobat;0;-4.5646;0.1718;3.5071;true;2.40
213;reto;acrobat;1;-4.9185;0.0920;3.3378;false;2.40
214;reto;clown;0;-2.5355;0.3062;3.5374;true;2.40
214;reto;clown;1;-2.3038;0.2753;3.2721;false;2.40
214;reto;acrobat;0;-4.5282;0.1177;3.5074;true;2.40
214;reto;acrobat;1;-4.9186;0.0920;3.3367;false;2.40
215;reto;clown;0;-2.4316;0.3441;3.5298;true;2.40
215;reto;clown;1;-2.3039;0.2753;3.2726;false;2.40
215;reto;acrobat;0;-4.5280;0.1147;3.5082;false;2.40
215;reto;acrobat;1;-4.9187;0.0921;3.3346;false;2.40
216;reto;clown;0;-2.2955;0.3647;3.5301;true;2.40
216;reto;clown;1;-2.3039;0.2753;3.2736;false;2.40
216;reto;acrobat;0;-4.5277;0.1147;3.5093;false;2.40
216;reto;acrobat;1;-4.9188;0.0922;3.3304;true;2.40
217;reto;clown;0;-2.1570;0.3628;3.5303;true;2.40
217;reto;clown;1;-2.3039;0.2753;3.2740;false;2.40
217;reto;acrobat;0;-4.5276;0.1147;3.5104;false;2.40
217;reto;acrobat;1;-4.8858;0.1507;3.3308;true;2.40
218;reto;clown;0;-2.0467;0.3390;3.5272;true;2.40
218;reto;clown;1;-2.3039;0.2753;3.2735;false;2.40
218;reto;acrobat;0;-4.5276;0.1147;3.5106;false;2.40
218;reto;acrobat;1;-4.7984;0.2035;3.3360;true;2.40
219;reto;clown;0;-1.9938;0.2994;3.5268;true;2.40
219;reto;clown;1;-2.3041;0.2754;3.2709;false;2.40
219;reto;acrobat;0;-4.5277;0.1147;3.5103;false;2.40
219;reto;acrobat;1;-4.6750;0.2430;3.3376;true;2.40
220;reto;clown;0;-1.9924;0.2924;3.5282;false;2.40
220;reto;clown;1;-2.3042;0.2758;3.2650;true;2.40
220;reto;acrobat;0;-4.5277;0.1147;3.5098;false;2.40
220;reto;acrobat;1;-4.5334;0.2630;3.3347;true;2.40
221;reto;clown;0;-1.9921;0.2925;3.5302;false;2.40
221;reto;clown;1;-2.2629;0.3215;3.2656;true;2.40
221;reto;acrobat;0;-4.5277;0.1147;3.5095;false;2.40
221;reto;acrobat;1;-4.3912;0.2607;3.3328;true;2.40
222;reto;clown;0;-1.9921;0.2925;3.5308;false;2.40
222;reto;clown;1;-2.1589;0.3592;3.2740;true;2.40
222;reto;acrobat;0;-4.5277;0.1147;3.5095;false;2.40
222;reto;acrobat;1;-4.2666;0.2367;3.3337;true;2.40
223;reto;clown;0;-1.9922;0.2925;3.5302;false;2.40
223;reto;clown;1;-2.0227;0.3798;3.2740;true;2.40
223;reto;acrobat;0;-4.5277;0.1147;3.5099;false;2.40
223;reto;acrobat;1;-4.1776;0.1945;3.3346;true;2.40
224;reto;clown;0;-1.9921;0.2925;3.5293;false;2.40
224;reto;clown;1;-1.8842;0.3778;3.2733;true;2.40
224;reto;acrobat;0;-4.5277;0.1147;3.5110;false;2.40
224;reto;acrobat;1;-4.1412;0.1405;3.3336;true;2.40
225;reto;clown;0;-1.9921;0.2924;3.5284;false;2.40
225;reto;clown;1;-1.7738;0.3539;3.2759;true;2.40
225;reto;acrobat;0;-4.5278;0.1148;3.5130;false;2.40
225;reto;acrobat;1;-4.1409;0.1375;3.3329;false;2.40
226;reto;clown;0;-1.9921;0.2924;3.5287;false;2.40
226;reto;clown;1;-1.7210;0.3143;3.2767;true;2.40
226;reto;acrobat;0;-4.5279;0.1149;3.5171;true;2.40
226;reto;acrobat;1;-4.1407;0.1375;3.3318;false;2.40
227;reto;clown;0;-1.9923;0.2926;3.5321;false;2.40
227;reto;clown;1;-1.7196;0.3073;3.2752;false;2.40
227;reto;acrobat;0;-4.4949;0.1733;3.5163;true;2.40
227;reto;acrobat;1;-4.1406;0.1375;3.3307;false;2.40
228;reto;clown;0;-1.9924;0.2929;3.5386;true;2.40
228;reto;clown;1;-1.7193;0.3074;3.2731;false;2.40
228;reto;acrobat;0;-4.4076;0.2262;3.5097;true;2.40
228;reto;acrobat;1;-4.1406;0.1375;3.3304;false;2.40
229;reto;clown;0;-1.9511;0.3386;3.5374;true;2.40
229;reto;clown;1;-1.7192;0.3074;3.2721;false;2.40
229;reto;acrobat;0;-4.2843;0.2657;3.5063;true;2.40
229;reto;acrobat;1;-4.1407;0.1375;3.3307;false;2.40
230;reto;clown;0;-1.8471;0.3762;3.5298;true;2.40
230;reto;clown;1;-1.7193;0.3074;3.2726;false;2.40
230;reto;acrobat;0;-4.1427;0.2857;3.5069;true;2.40
230;reto;acrobat;1;-4.1407;0.1375;3.3312;false;2.40
231;reto;clown;0;-1.7108;0.3966;3.5301;true;2.40
231;reto;clown;1;-1.7194;0.3074;3.2735;false;2.40
231;reto;acrobat;0;-4.0006;0.2834;3.5065;true;2.40
231;reto;acrobat;1;-4.1407;0.1375;3.3315;false;2.40
232;reto;clown;0;-1.5722;0.3944;3.5303;true;2.40
232;reto;clown;1;-1.7193;0.3074;3.2740;false;2.40
232;reto;acrobat;0;-3.8761;0.2594;3.5036;true;2.40
232;reto;acrobat;1;-4.1407;0.1375;3.3315;false;2.40
233;reto;clown;0;-1.4618;0.3704;3.5272;true;2.40
233;reto;clown;1;-1.7194;0.3074;3.2734;false;2.40
233;reto;acrobat;0;-3.7871;0.2172;3.5013;true;2.40
233;reto;acrobat;1;-4.1407;0.1375;3.3310;false;2.40
234;reto;clown;0;-1.4089;0.3307;3.5268;true;2.40
234;reto;clown;1;-1.7195;0.3075;3.2708;false;2.40
234;reto;acrobat;0;-3.7507;0.1632;3.5017;true;2.40
234;reto;acrobat;1;-4.1408;0.1375;3.3299;false;2.40
235;reto;clown;0;-1.4075;0.3238;3.5282;false;2.40
235;reto;clown;1;-1.7196;0.3078;3.2648;true;2.40
235;reto;acrobat;0;-3.7504;0.1602;3.5024;false;2.40
235;reto;acrobat;1;-4.1409;0.1376;3.3279;false;2.40
236;reto;clown;0;-1.4072;0.3238;3.5302;false;2.40
236;reto;clown;1;-1.6783;0.3535;3.2654;true;2.40
236;reto;acrobat;0;-3.7502;0.1602;3.5036;false;2.40
236;reto;acrobat;1;-4.1410;0.1377;3.3237;true;2.40
237;reto;clown;0;-1.4072;0.3238;3.5307;false;2.40
237;reto;clown;1;-1.5742;0.3909;3.2739;true;2.40
237;reto;acrobat;0;-3.7501;0.1602;3.5046;false;2.40
237;reto;acrobat;1;-4.1080;0.1962;3.3241;true;2.40
238;reto;clown;0;-1.4073;0.3238;3.5302;false;2.40
238;reto;clown;1;-1.4379;0.4112;3.2740;true;2.40
238;reto;acrobat;0;-3.7501;0.1602;3.5049;false;2.40
238;reto;acrobat;1;-4.0205;0.2490;3.3296;true;2.40
239;reto;clown;0;-1.4072;0.3238;3.5292;false;2.40
239;reto;clown;1;-1.2992;0.4088;3.2732;true;2.40
239;reto;acrobat;0;-3.7501;0.1602;3.5046;false;2.40
239;reto;acrobat;1;-3.8970;0.2884;3.3314;true;2.40
240;reto;clown;0;-1.4071;0.3237;3.5284;false;2.40
240;reto;clown;1;-1.1886;0.3847;3.2759;true;2.40
240;reto;acrobat;0;-3.7502;0.1602;3.5041;false;2.40
240;reto;acrobat;1;-3.7553;0.3084;3.3288;true;2.40
241;reto;clown;0;-1.4072;0.3237;3.5287;false;2.40
241;reto;clown;1;-1.1358;0.3450;3.2767;true;2.40
241;reto;acrobat;0;-3.7502;0.1602;3.5038;false;2.40
241;reto;acrobat;1;-3.6131;0.3061;3.3273;true;2.40
242;reto;clown;0;-1.4074;0.3239;3.5321;false;2.40
242;reto;clown;1;-1.1344;0.3381;3.2752;false;2.40
242;reto;acrobat;0;-3.7502;0.1602;3.5038;false;2.40
242;reto;acrobat;1;-3.4885;0.2820;3.3285;true;2.40
243;reto;clown;0;-1.4075;0.3242;3.5387;true;2.40
243;reto;clown;1;-1.1341;0.3381;3.2731;false;2.40
243;reto;acrobat;0;-3.7502;0.1602;3.5042;false;2.40
243;reto;acrobat;1;-3.3993;0.2398;3.3296;true;2.40
244;reto;clown;0;-1.3661;0.3698;3.5375;true;2.40
244;reto;clown;1;-1.1340;0.3381;3.2720;false;2.40
244;reto;acrobat;0;-3.7502;0.1602;3.5053;false;2.40
244;reto;acrobat;1;-3.3630;0.1857;3.3287;true;2.40
245;reto;clown;0;-1.2620;0.4072;3.5298;true;2.40
245;reto;clown;1;-1.1341;0.3381;3.2725;false;2.40
245;reto;acrobat;0;-3.7503;0.1603;3.5073;false;2.40
245;reto;acrobat;1;-3.3627;0.1827;3.3280;false;2.40
246;reto;clown;0;-1.1256;0.4273;3.5301;true;2.40
246;reto;clown;1;-1.1341;0.3381;3.2735;false;2.40
246;reto;acrobat;0;-3.7504;0.1604;3.5115;true;2.40
246;reto;acrobat;1;-3.3625;0.1828;3.3268;false;2.40
247;reto;clown;0;-0.9868;0.4248;3.5303;true;2.40
247;reto;clown;1;-1.1341;0.3381;3.2739;false;2.40
247;reto;acrobat;0;-3.7174;0.2188;3.5107;true;2.40
247;reto;acrobat;1;-3.3624;0.1828;3.3258;false;2.40
248;reto;clown;0;-0.8763;0.4005;3.5272;true;2.40
248;reto;clown;1;-1.1341;0.3381;3.2734;false;2.40
248;reto;acrobat;0;-3.6301;0.2716;3.5042;true;2.40
248;reto;acrobat;1;-3.3624;0.1828;3.3255;false;2.40
249;reto;clown;0;-0.8233;0.3607;3.5267;true;2.40
249;reto;clown;1;-1.1343;0.3382;3.2707;false;2.40
249;reto;acrobat;0;-3.5066;0.3110;3.5010;true;2.40
249;reto;acrobat;1;-3.3624;0.1828;3.3258;false;2.40
250;reto;clown;0;-0.8219;0.3538;3.5282;false;2.40
250;reto;clown;1;-1.1344;0.3385;3.2646;true;2.40
250;reto;acrobat;0;-3.3650;0.3309;3.5020;true;2.40
250;reto;acrobat;1;-3.3624;0.1828;3.3263;false;2.40
251;reto;clown;0;-0.8216;0.3538;3.5302;false;2.40
251;reto;clown;1;-1.0931;0.3841;3.2652;true;2.40
251;reto;acrobat;0;-3.2227;0.3286;3.5019;true;2.40
251;reto;acrobat;1;-3.3624;0.1828;3.3266;false;2.40
252;reto;clown;0;-0.8216;0.3538;3.5308;false;2.40
252;reto;clown;1;-0.9888;0.4213;3.2739;true;2.40
252;reto;acrobat;0;-3.0982;0.3045;3.4992;true;2.40
252;reto;acrobat;1;-3.3624;0.1828;3.3266;false;2.40
253;reto;clown;0;-0.8217;0.3538;3.5301;false;2.40
253;reto;clown;1;-0.8523;0.4412;3.2740;true;2.40
253;reto;acrobat;0;-3.0091;0.2622;3.4971;true;2.40
253;reto;acrobat;1;-3.3624;0.1828;3.3262;false;2.40
254;reto;clown;0;-0.8216;0.3538;3.5292;false;2.40
254;reto;clown;1;-0.7134;0.4385;3.2732;true;2.40
254;reto;acrobat;0;-2.9727;0.2081;3.4975;true;2.40
254;reto;acrobat;1;-3.3625;0.1828;3.3251;false;2.40
255;reto;clown;0;-0.8215;0.3538;3.5283;false;2.40
255;reto;clown;1;-0.6027;0.4141;3.2759;true;2.40
255;reto;acrobat;0;-2.9724;0.2051;3.4983;false;2.40
255;reto;acrobat;1;-3.3626;0.1829;3.3230;false;2.40
256;reto;clown;0;-0.8216;0.3538;3.5287;false;2.40
256;reto;clown;1;-0.5498;0.3742;3.2767;true;2.40
256;reto;acrobat;0;-2.9722;0.2051;3.4994;false;2.40
256;reto;acrobat;1;-3.3627;0.1830;3.3188;true;2.40
257;reto;clown;0;-0.8218;0.3540;3.5322;false;2.40
257;reto;clown;1;-0.5484;0.3673;3.2752;false;2.40
257;reto;acrobat;0;-2.9721;0.2051;3.5005;false;2.40
257;reto;acrobat;1;-3.3297;0.2414;3.3193;true;2.40
258;reto;clown;0;-0.8219;0.3543;3.5389;true;2.40
258;reto;clown;1;-0.5481;0.3673;3.2731;false;2.40
258;reto;acrobat;0;-2.9721;0.2051;3.5007;false;2.40
258;reto;acrobat;1;-3.2423;0.2941;3.3249;true;2.40
259;reto;clown;0;-0.7805;0.3997;3.5376;true;2.40
259;reto;clown;1;-0.5480;0.3673;3.2720;false;2.40
259;reto;acrobat;0;-2.9721;0.2051;3.5004;false;2.40
259;reto;acrobat;1;-3.1187;0.3335;3.3270;true;2.40
260;reto;clown;0;-0.6762;0.4369;3.5298;true;2.40
260;reto;clown;1;-0.5481;0.3673;3.2725;false;2.40
260;reto;acrobat;0;-2.9722;0.2051;3.4999;false;2.40
260;reto;acrobat;1;-2.9770;0.3533;3.3246;true;2.40
261;reto;clown;0;-0.5396;0.4566;3.5301;true;2.40
261;reto;clown;1;-0.5481;0.3673;3.2735;false;2.40
261;reto;acrobat;0;-2.9722;0.2051;3.4996;false;2.40
261;reto;acrobat;1;-2.8347;0.3509;3.3233;true;2.40
262;reto;clown;0;-0.4006;0.4538;3.5304;true;2.40
262;reto;clown;1;-0.5481;0.3673;3.2740;false;2.40
262;reto;acrobat;0;-2.9722;0.2051;3.4996;false;2.40
262;reto;acrobat;1;-2.7100;0.3267;3.3248;true;2.40
263;reto;clown;0;-0.2900;0.4292;3.5272;true;2.40
263;reto;clown;1;-0.5481;0.3673;3.2734;false;2.40
263;reto;acrobat;0;-2.9722;0.2051;3.5000;false;2.40
263;reto;acrobat;1;-2.6208;0.2845;3.3260;true;2.40
264;reto;clown;0;-0.2369;0.3893;3.5268;true;2.40
264;reto;clown;1;-0.5483;0.3675;3.2706;false;2.40
264;reto;acrobat;0;-2.9722;0.2052;3.5011;false;2.40
264;reto;acrobat;1;-2.5844;0.2303;3.3252;true;2.40
265;reto;clown;0;-0.2355;0.3824;3.5283;false;2.40
265;reto;clown;1;-0.5484;0.3678;3.2644;true;2.40
265;reto;acrobat;0;-2.9723;0.2053;3.5032;false;2.40
265;reto;acrobat;1;-2.5842;0.2274;3.3245;false;2.40
266;reto;clown;0;-0.2352;0.3824;3.5303;false;2.40
266;reto;clown;1;-0.5070;0.4133;3.2650;true;2.40
266;reto;acrobat;0;-2.9724;0.2054;3.5073;true;2.40
266;reto;acrobat;1;-2.5840;0.2274;3.3233;false;2.40
267;reto;clown;0;-0.2352;0.3824;3.5308;false;2.40
267;reto;clown;1;-0.4025;0.4501;3.2739;true;2.40
267;reto;acrobat;0;-2.9394;0.2637;3.5066;true;2.40
267;reto;acrobat;1;-2.5838;0.2274;3.3223;false;2.40
268;reto;clown;0;-0.2353;0.3824;3.5302;false;2.40
268;reto;clown;1;-0.2658;0.4697;3.2740;true;2.40
268;reto;acrobat;0;-2.8520;0.3164;3.5003;true;2.40
268;reto;acrobat;1;-2.5838;0.2274;3.3220;false;2.40
269;reto;clown;0;-0.2352;0.3824;3.5292;false;2.40
269;reto;clown;1;-0.1268;0.4666;3.2733;true;2.40
269;reto;acrobat;0;-2.7284;0.3556;3.4972;true;2.40
269;reto;acrobat;1;-2.5839;0.2274;3.3223;false;2.40
270;reto;clown;0;-0.2352;0.3824;3.5284;false;2.40
270;reto;clown;1;-0.0159;0.4419;3.2760;true;2.40
270;reto;acrobat;0;-2.5867;0.3754;3.4984;true;2.40
270;reto;acrobat;1;-2.5839;0.2274;3.3228;false;2.40
271;reto;clown;0;-0.2352;0.3823;3.5287;false;2.40
271;reto;clown;1;0.0371;0.4019;3.2768;true;2.40
271;reto;acrobat;0;-2.4444;0.3728;3.4985;true;2.40
271;reto;acrobat;1;-2.5839;0.2274;3.3231;false;2.40
272;reto;clown;0;-0.2354;0.3825;3.5323;false;2.40
272;reto;clown;1;0.0385;0.3950;3.2752;false;2.40
272;reto;acrobat;0;-2.3197;0.3485;3.4960;true;2.40
272;reto;acrobat;1;-2.5839;0.2274;3.3231;false;2.40
273;reto;clown;0;-0.2356;0.3829;3.5391;true;2.40
273;reto;clown;1;0.0388;0.3950;3.2731;false;2.40
273;reto;acrobat;0;-2.2306;0.3062;3.4941;true;2.40
273;reto;acrobat;1;-2.5839;0.2274;3.3227;false;2.40
274;reto;clown;0;-0.1940;0.4282;3.5378;true;2.40
274;reto;clown;1;0.0389;0.3950;3.2721;false;2.40
274;reto;acrobat;0;-2.1942;0.2520;3.4946;true;2.40
274;reto;acrobat;1;-2.5840;0.2274;3.3216;false;2.40
275;reto;clown;0;-0.0896;0.4650;3.5299;true;2.40
275;reto;clown;1;0.0388;0.3950;3.2726;false;2.40
275;reto;acrobat;0;-2.1939;0.2490;3.4953;false;2.40
275;reto;acrobat;1;-2.5841;0.2275;3.3195;false;2.40
276;reto;clown;0;0.0473;0.4843;3.5302;true;2.40
276;reto;clown;1;0.0388;0.3950;3.2736;false;2.40
276;reto;acrobat;0;-2.1937;0.2490;3.4965;false;2.40
276;reto;acrobat;1;-2.5842;0.2276;3.3153;true;2.40
277;reto;clown;0;0.1865;0.4811;3.5305;true;2.40
277;reto;clown;1;0.0388;0.3950;3.2740;false;2.40
277;reto;acrobat;0;-2.1935;0.2490;3.4975;false;2.40
277;reto;acrobat;1;-2.5512;0.2859;3.3158;true;2.40
278;reto;clown;0;0.2973;0.4562;3.5273;true;2.40
278;reto;clown;1;0.0388;0.3950;3.2735;false;2.40
278;reto;acrobat;0;-2.1935;0.2490;3.4978;false;2.40
278;reto;acrobat;1;-2.4636;0.3385;3.3216;true;2.40
279;reto;clown;0;0.3504;0.4162;3.5269;true;2.40
279;reto;clown;1;0.0386;0.3951;3.2706;false;2.40
279;reto;acrobat;0;-2.1936;0.2490;3.4975;false;2.40
279;reto;acrobat;1;-2.3399;0.3776;3.3238;true;2.40
280;reto;clown;0;0.3519;0.4092;3.5284;false;2.40
280;reto;clown;1;0.0385;0.3955;3.2643;true;2.40
280;reto;acrobat;0;-2.1936;0.2490;3.4970;false;2.40
280;reto;acrobat;1;-2.1981;0.3972;3.3216;true;2.40
281;reto;clown;0;0.3522;0.4092;3.5304;false;2.40
281;reto;clown;1;0.0800;0.4408;3.2648;true;2.40
281;reto;acrobat;0;-2.1936;0.2490;3.4967;false;2.40
281;reto;acrobat;1;-2.0556;0.3945;3.3205;true;2.40
282;reto;clown;0;0.3522;0.4092;3.5309;false;2.40
282;reto;clown;1;0.1846;0.4773;3.2739;true;2.40
282;reto;acrobat;0;-2.1936;0.2490;3.4966;false;2.40
282;reto;acrobat;1;-1.9309;0.3701;3.3221;true;2.40
283;reto;clown;0;0.3521;0.4092;3.5303;false;2.40
283;reto;clown;1;0.3216;0.4964;3.2741;true;2.40
283;reto;acrobat;0;-2.1936;0.2490;3.4971;false;2.40
283;reto;acrobat;1;-1.8416;0.3276;3.3235;true;2.40
284;reto;clown;0;0.3521;0.4092;3.5293;false;2.40
284;reto;clown;1;0.4609;0.4929;3.2733;true;2.40
284;reto;acrobat;0;-2.1937;0.2491;3.4982;false;2.40
284;reto;acrobat;1;-1.8052;0.2734;3.3227;true;2.40
285;reto;clown;0;0.3522;0.4092;3.5284;false;2.40
285;reto;clown;1;0.5720;0.4679;3.2761;true;2.40
285;reto;acrobat;0;-2.1938;0.2492;3.5002;false;2.40
285;reto;acrobat;1;-1.8049;0.2704;3.3220;false;2.40
286;reto;clown;0;0.3522;0.4092;3.5288;false;2.40
286;reto;clown;1;0.6250;0.4277;3.2769;true;2.40
286;reto;acrobat;0;-2.1938;0.2493;3.5044;true;2.40
286;reto;acrobat;1;-1.8047;0.2704;3.3208;false;2.40
287;reto;clown;0;0.3520;0.4094;3.5325;false;2.40
287;reto;clown;1;0.6264;0.4208;3.2753;false;2.40
287;reto;acrobat;0;-2.1608;0.3076;3.5038;true;2.40
287;reto;acrobat;1;-1.8046;0.2704;3.3198;false;2.40
288;reto;clown;0;0.3518;0.4097;3.5394;true;2.40
288;reto;clown;1;0.6268;0.4208;3.2732;false;2.40
288;reto;acrobat;0;-2.0733;0.3601;3.4975;true;2.40
288;reto;acrobat;1;-1.8046;0.2704;3.3195;false;2.40
289;reto;clown;0;0.3934;0.4549;3.5381;true;2.40
289;reto;clown;1;0.6269;0.4208;3.2721;false;2.40
289;reto;acrobat;0;-1.9496;0.3990;3.4945;true;2.40
289;reto;acrobat;1;-1.8046;0.2704;3.3198;false;2.40
290;reto;clown;0;0.4981;0.4913;3.5300;true;2.40
290;reto;clown;1;0.6267;0.4208;3.2727;false;2.40
290;reto;acrobat;0;-1.8077;0.4185;3.4959;true;2.40
290;reto;acrobat;1;-1.8047;0.2704;3.3203;false;2.40
291;reto;clown;0;0.6352;0.5101;3.5303;true;2.40
291;reto;clown;1;0.6267;0.4208;3.2737;false;2.40
291;reto;acrobat;0;-1.6652;0.4156;3.4962;true;2.40
291;reto;acrobat;1;-1.8046;0.2704;3.3207;false;2.40
292;reto;clown;0;0.7746;0.5063;3.5306;true;2.40
292;reto;clown;1;0.6267;0.4208;3.2742;false;2.40
292;reto;acrobat;0;-1.5404;0.3911;3.4938;true;2.40
292;reto;acrobat;1;-1.8046;0.2704;3.3207;false;2.40
293;reto;clown;0;0.8857;0.4810;3.5274;true;2.40
293;reto;clown;1;0.6267;0.4208;3.2736;false;2.40
293;reto;acrobat;0;-1.4512;0.3485;3.4919;true;2.40
293;reto;acrobat;1;-1.8047;0.2704;3.3202;false;2.40
294;reto;clown;0;0.9389;0.4407;3.5270;true;2.40
294;reto;clown;1;0.6265;0.4210;3.2707;false;2.40
294;reto;acrobat;0;-1.4147;0.2943;3.4925;true;2.40
294;reto;acrobat;1;-1.8047;0.2705;3.3191;false;2.40
295;reto;clown;0;0.9403;0.4338;3.5286;false;2.40
295;reto;clown;1;0.6264;0.4213;3.2642;true;2.40
295;reto;acrobat;0;-1.4145;0.2913;3.4932;false;2.40
295;reto;acrobat;1;-1.8048;0.2705;3.3170;false;2.40
296;reto;clown;0;0.9406;0.4338;3.5306;false;2.40
296;reto;clown;1;0.6680;0.4665;3.2647;true;2.40
296;reto;acrobat;0;-1.4143;0.2913;3.4945;false;2.40
296;reto;acrobat;1;-1.8049;0.2707;3.3128;true;2.40
297;reto;clown;0;0.9406;0.4338;3.5311;false;2.40
297;reto;clown;1;0.7728;0.5026;3.2740;true;2.40
297;reto;acrobat;0;-1.4141;0.2913;3.4955;false;2.40
297;reto;acrobat;1;-1.7718;0.3289;3.3133;true;2.40
298;reto;clown;0;0.9406;0.4338;3.5304;false;2.40
298;reto;clown;1;0.9100;0.5213;3.2743;true;2.40
298;reto;acrobat;0;-1.4141;0.2913;3.4958;false;2.40
298;reto;acrobat;1;-1.6842;0.3813;3.3192;true;2.40
299;reto;clown;0;0.9406;0.4338;3.5294;false;2.40
299;reto;clown;1;1.0495;0.5173;3.2735;true;2.40
299;reto;acrobat;0;-1.4142;0.2913;3.4954;false;2.40
299;reto;acrobat;1;-1.5604;0.4201;3.3216;true;2.40
300;reto;clown;0;0.9407;0.4338;3.5285;false;2.40
300;reto;clown;1;1.1608;0.4919;3.2762;true;2.40
300;reto;acrobat;0;-1.4142;0.2913;3.4949;false;2.40
300;reto;acrobat;1;-1.4183;0.4394;3.3196;true;2.40
301;reto;clown;0;0.9407;0.4338;3.5289;false;2.40
301;reto;clown;1;1.2139;0.4515;3.2771;true;2.40
301;reto;acrobat;0;-1.4142;0.2913;3.4946;false;2.40
301;reto;acrobat;1;-1.2757;0.4363;3.3185;true;2.40
302;reto;clown;0;0.9404;0.4340;3.5327;false;2.40
302;reto;clown;1;1.2153;0.4445;3.2755;false;2.40
302;reto;acrobat;0;-1.4142;0.2913;3.4946;false;2.40
302;reto;acrobat;1;-1.1508;0.4116;3.3203;true;2.40
303;reto;clown;0;0.9403;0.4343;3.5397;true;2.40
303;reto;clown;1;1.2157;0.4446;3.2733;false;2.40
303;reto;acrobat;0;-1.4142;0.2913;3.4950;false;2.40
303;reto;acrobat;1;-1.0614;0.3690;3.3218;true;2.40
304;reto;clown;0;0.9820;0.4793;3.5385;true;2.40
304;reto;clown;1;1.2158;0.4445;3.2722;false;2.40
304;reto;acrobat;0;-1.4143;0.2914;3.4961;false;2.40
304;reto;acrobat;1;-1.0250;0.3147;3.3210;true;2.40
305;reto;clown;0;1.0868;0.5153;3.5302;true;2.40
305;reto;clown;1;1.2157;0.4445;3.2728;false;2.40
305;reto;acrobat;0;-1.4144;0.2914;3.4982;false;2.40
305;reto;acrobat;1;-1.0247;0.3117;3.3203;false;2.40
306;reto;clown;0;1.2242;0.5336;3.5305;true;2.40
306;reto;clown;1;1.2156;0.4446;3.2738;false;2.40
306;reto;acrobat;0;-1.4144;0.2916;3.5024;true;2.40
306;reto;acrobat;1;-1.0245;0.3117;3.3191;false;2.40
307;reto;clown;0;1.3639;0.5293;3.5308;true;2.40
307;reto;clown;1;1.2156;0.4445;3.2743;false;2.40
307;reto;acrobat;0;-1.3813;0.3498;3.5018;true;2.40
307;reto;acrobat;1;-1.0244;0.3117;3.3180;false;2.40
308;reto;clown;0;1.4752;0.5036;3.5276;true;2.40
308;reto;clown;1;1.2156;0.4446;3.2738;false;2.40
308;reto;acrobat;0;-1.2937;0.4020;3.4955;true;2.40
308;reto;acrobat;1;-1.0244;0.3117;3.3178;false;2.40
309;reto;clown;0;1.5285;0.4631;3.5272;true;2.40
309;reto;clown;1;1.2155;0.4447;3.2707;false;2.40
309;reto;acrobat;0;-1.1698;0.4406;3.4927;true;2.40
309;reto;acrobat;1;-1.0244;0.3117;3.3181;false;2.40
310;reto;clown;0;1.5299;0.4562;3.5288;false;2.40
310;reto;clown;1;1.2153;0.4451;3.2641;true;2.40
310;reto;acrobat;0;-1.0276;0.4597;3.4942;true;2.40
310;reto;acrobat;1;-1.0244;0.3117;3.3186;false;2.40
311;reto;clown;0;1.5302;0.4562;3.5308;false;2.40
311;reto;clown;1;1.2569;0.4902;3.2645;true;2.40
311;reto;acrobat;0;-0.8849;0.4565;3.4946;true;2.40
311;reto;acrobat;1;-1.0244;0.3117;3.3190;false;2.40
312;reto;clown;0;1.5302;0.4562;3.5313;false;2.40
312;reto;clown;1;1.3620;0.5259;3.2741;true;2.40
312;reto;acrobat;0;-0.7599;0.4316;3.4924;true;2.40
312;reto;acrobat;1;-1.0244;0.3117;3.3190;false;2.40
313;reto;clown;0;1.5302;0.4562;3.5306;false;2.40
313;reto;clown;1;1.4994;0.5440;3.2745;true;2.40
313;reto;acrobat;0;-0.6705;0.3888;3.4905;true;2.40
313;reto;acrobat;1;-1.0244;0.3117;3.3186;false;2.40
314;reto;clown;0;1.5302;0.4562;3.5295;false;2.40
314;reto;clown;1;1.6392;0.5395;3.2737;true;2.40
314;reto;acrobat;0;-0.6340;0.3345;3.4911;true;2.40
314;reto;acrobat;1;-1.0245;0.3118;3.3174;false;2.40
315;reto;clown;0;1.5303;0.4561;3.5286;false;2.40
315;reto;clown;1;1.7507;0.5137;3.2765;true;2.40
315;reto;acrobat;0;-0.6337;0.3315;3.4919;false;2.40
315;reto;acrobat;1;-1.0246;0.3119;3.3153;false;2.40
316;reto;clown;0;1.5303;0.4561;3.5291;false;2.40
316;reto;clown;1;1.8039;0.4731;3.2773;true;2.40
316;reto;acrobat;0;-0.6335;0.3315;3.4931;false;2.40
316;reto;acrobat;1;-1.0247;0.3120;3.3110;true;2.40
317;reto;clown;0;1.5300;0.4564;3.5331;false;2.40
317;reto;clown;1;1.8053;0.4662;3.2757;false;2.40
317;reto;acrobat;0;-0.6334;0.3315;3.4941;false;2.40
317;reto;acrobat;1;-0.9916;0.3701;3.3115;true;2.40
318;reto;clown;0;1.5299;0.4568;3.5404;true;2.40
318;reto;clown;1;1.8057;0.4662;3.2734;false;2.40
318;reto;acrobat;0;-0.6334;0.3315;3.4944;false;2.40
318;reto;acrobat;1;-0.9037;0.4222;3.3176;true;2.40
319;reto;clown;0;1.5717;0.5014;3.5392;true;2.40
319;reto;clown;1;1.8058;0.4662;3.2723;false;2.40
319;reto;acrobat;0;-0.6334;0.3315;3.4941;false;2.40
319;reto;acrobat;1;-0.7797;0.4605;3.3201;true;2.40
320;reto;clown;0;1.6771;0.5365;3.5305;true;2.40
320;reto;clown;1;1.8056;0.4662;3.2730;false;2.40
320;reto;acrobat;0;-0.6335;0.3315;3.4935;false;2.40
320;reto;acrobat;1;-0.6374;0.4793;3.3182;true;2.40
321;reto;clown;0;1.8150;0.5536;3.5307;true;2.40
321;reto;clown;1;1.8056;0.4662;3.2741;false;2.40
321;reto;acrobat;0;-0.6334;0.3315;3.4932;false;2.40
321;reto;acrobat;1;-0.4945;0.4758;3.3172;true;2.40
322;reto;clown;0;1.9553;0.5481;3.5312;true;2.40
322;reto;clown;1;1.8056;0.4662;3.2746;false;2.40
322;reto;acrobat;0;-0.6334;0.3315;3.4931;false;2.40
322;reto;acrobat;1;-0.3693;0.4506;3.3191;true;2.40
323;reto;clown;0;2.0671;0.5214;3.5279;true;2.40
323;reto;clown;1;1.8056;0.4662;3.2740;false;2.40
323;reto;acrobat;0;-0.6335;0.3315;3.4935;false;2.40
323;reto;acrobat;1;-0.2798;0.4077;3.3207;true;2.40
324;reto;clown;0;2.1207;0.4805;3.5275;true;2.40
324;reto;clown;1;1.8054;0.4664;3.2707;false;2.40
324;reto;acrobat;0;-0.6335;0.3315;3.4947;false;2.40
324;reto;acrobat;1;-0.2432;0.3533;3.3200;true;2.40
325;reto;clown;0;2.1221;0.4735;3.5291;false;2.40
325;reto;clown;1;1.8053;0.4668;3.2635;true;2.40
325;reto;acrobat;0;-0.6336;0.3316;3.4968;false;2.40
325;reto;acrobat;1;-0.2430;0.3503;3.3192;false;2.40
326;reto;clown;0;2.1224;0.4735;3.5312;false;2.40
326;reto;clown;1;1.8471;0.5114;3.2640;true;2.40
326;reto;acrobat;0;-0.6337;0.3317;3.5011;true;2.40
326;reto;acrobat;1;-0.2428;0.3503;3.3180;false;2.40
327;reto;clown;0;2.1224;0.4735;3.5317;false;2.40
327;reto;clown;1;1.9527;0.5459;3.2743;true;2.40
327;reto;acrobat;0;-0.6005;0.3898;3.5005;true;2.40
327;reto;acrobat;1;-0.2426;0.3503;3.3169;false;2.40
328;reto;clown;0;2.1223;0.4735;3.5309;false;2.40
328;reto;clown;1;2.0909;0.5626;3.2748;true;2.40
328;reto;acrobat;0;-0.5127;0.4417;3.4943;true;2.40
328;reto;acrobat;1;-0.2426;0.3503;3.3167;false;2.40
329;reto;clown;0;2.1224;0.4735;3.5298;false;2.40
329;reto;clown;1;2.2314;0.5566;3.2740;true;2.40
329;reto;acrobat;0;-0.3885;0.4798;3.4915;true;2.40
329;reto;acrobat;1;-0.2427;0.3503;3.3170;false;2.40
330;reto;clown;0;2.1225;0.4735;3.5289;false;2.40
330;reto;clown;1;2.3435;0.5295;3.2769;true;2.40
330;reto;acrobat;0;-0.2461;0.4984;3.4931;true;2.40
330;reto;acrobat;1;-0.2427;0.3503;3.3175;false;2.40
331;reto;clown;0;2.1224;0.4735;3.5294;false;2.40
331;reto;clown;1;2.3970;0.4884;3.2777;true;2.40
331;reto;acrobat;0;-0.1030;0.4945;3.4937;true;2.40
331;reto;acrobat;1;-0.2427;0.3503;3.3179;false;2.40
332;reto;clown;0;2.1222;0.4737;3.5334;false;2.40
332;reto;clown;1;2.3985;0.4814;3.2761;false;2.40
332;reto;acrobat;0;0.0222;0.4692;3.4915;true;2.40
332;reto;acrobat;1;-0.2427;0.3503;3.3179;false;2.40
333;reto;clown;0;2.1220;0.4741;3.5408;true;2.40
333;reto;clown;1;2.3988;0.4814;3.2739;false;2.40
333;reto;acrobat;0;0.1118;0.4260;3.4897;true;2.40
333;reto;acrobat;1;-0.2427;0.3503;3.3175;false;2.40
334;reto;clown;0;2.1639;0.5187;3.5395;true;2.40
334;reto;clown;1;2.3989;0.4814;3.2728;false;2.40
334;reto;acrobat;0;0.1484;0.3715;3.4903;true;2.40
334;reto;acrobat;1;-0.2428;0.3503;3.3164;false;2.40
335;reto;clown;0;2.2693;0.5535;3.5308;true;2.40
335;reto;clown;1;2.3988;0.4814;3.2734;false;2.40
335;reto;acrobat;0;0.1487;0.3686;3.4911;false;2.40
335;reto;acrobat;1;-0.2429;0.3504;3.3142;false;2.40
336;reto;clown;0;2.4074;0.5704;3.5312;true;2.40
336;reto;clown;1;2.3987;0.4814;3.2745;false;2.40
336;reto;acrobat;0;0.1489;0.3686;3.4923;false;2.40
336;reto;acrobat;1;-0.2430;0.3505;3.3099;true;2.40
337;freio;clown;0;2.5199;0.5677;3.5320;true;1.90
337;freio;clown;1;2.3988;0.4814;3.2749;false;1.90
337;freio;acrobat;0;0.1490;0.3686;3.4934;false;2.40
337;freio;acrobat;1;-0.2098;0.4086;3.3103;true;2.40
338;freio;clown;0;2.5948;0.5568;3.5305;true;1.40
338;freio;clown;1;2.3988;0.4814;3.2749;false;1.40
338;freio;acrobat;0;0.1490;0.3686;3.4936;false;2.40
338;freio;acrobat;1;-0.1218;0.4603;3.3165;true;2.40
339;freio;clown;0;2.6451;0.5433;3.5287;true;0.90
339;freio;clown;1;2.3988;0.4814;3.2748;false;0.90
339;freio;acrobat;0;0.1490;0.3686;3.4933;false;2.35
339;freio;acrobat;1;-0.0004;0.4976;3.3192;true;2.35
340;freio;clown;0;2.6836;0.5262;3.5274;true;0.40
340;freio;clown;1;2.3988;0.4814;3.2750;false;0.40
340;freio;acrobat;0;0.1489;0.3686;3.4928;false;2.27
340;freio;acrobat;1;0.1341;0.5159;3.3175;true;2.27
341;freio;clown;0;2.7077;0.5067;3.5276;true;0.00
341;freio;clown;1;2.3988;0.4814;3.2752;true;0.00
341;freio;acrobat;0;0.1490;0.3686;3.4924;false;2.18
341;freio;acrobat;1;0.2652;0.5147;3.3164;true;2.18
342;freio;clown;0;2.7144;0.4896;3.5281;true;0.00
342;freio;clown;1;2.4020;0.5026;3.2762;true;0.00
342;freio;acrobat;0;0.1490;0.3686;3.4923;false;2.10
342;freio;acrobat;1;0.3799;0.4964;3.3178;true;2.10
343;freio;clown;0;2.7125;0.5108;3.5283;true;0.00
343;freio;clown;1;2.4108;0.5232;3.2764;true;0.00
343;freio;acrobat;0;0.1490;0.3686;3.4924;false;2.01
343;freio;acrobat;1;0.4682;0.4650;3.3196;true;2.01
344;freio;clown;0;2.7070;0.5310;3.5286;true;0.00
344;freio;clown;1;2.4243;0.5418;3.2768;true;0.00
344;freio;acrobat;0;0.1489;0.3686;3.4930;false;1.94
344;freio;acrobat;1;0.5232;0.4252;3.3200;true;1.94
345;freio;clown;0;2.6986;0.5491;3.5291;true;0.00
345;freio;clown;1;2.4413;0.5575;3.2768;true;0.00
345;freio;acrobat;0;0.1489;0.3686;3.4933;false;1.86
345;freio;acrobat;1;0.5400;0.3860;3.3196;false;1.86
346;freio;clown;0;2.6879;0.5641;3.5297;true;0.00
346;freio;clown;1;2.4610;0.5693;3.2764;true;0.00
346;freio;acrobat;0;0.1488;0.3687;3.4956;true;1.79
346;freio;acrobat;1;0.5402;0.3860;3.3188;false;1.79
347;freio;clown;0;2.6754;0.5750;3.5304;true;0.00
347;freio;clown;1;2.4823;0.5766;3.2759;true;0.00
347;freio;acrobat;0;0.1653;0.4104;3.4957;true;1.72
347;freio;acrobat;1;0.5403;0.3861;3.3178;false;1.72
348;freio;clown;0;2.6619;0.5814;3.5309;true;0.00
348;freio;clown;1;2.5042;0.5789;3.2754;true;0.00
348;freio;acrobat;0;0.2084;0.4486;3.4935;true;1.65
348;freio;acrobat;1;0.5404;0.3861;3.3171;false;1.65
349;freio;clown;0;2.6479;0.5828;3.5312;true;0.00
349;freio;clown;1;2.5257;0.5762;3.2750;true;0.00
349;freio;acrobat;0;0.2699;0.4809;3.4911;true;1.59
349;freio;acrobat;1;0.5405;0.3861;3.3167;false;1.59
350;freio;clown;0;2.6342;0.5791;3.5314;true;0.00
350;freio;clown;1;2.5458;0.5687;3.2749;true;0.00
350;freio;acrobat;0;0.3426;0.5061;3.4901;true;1.53
350;freio;acrobat;1;0.5405;0.3861;3.3166;false;1.53
351;freio;clown;0;2.6215;0.5707;3.5314;true;0.00
351;freio;clown;1;2.5635;0.5567;3.2749;true;0.00
351;freio;acrobat;0;0.4211;0.5232;3.4908;true;1.47
351;freio;acrobat;1;0.5405;0.3861;3.3167;false;1.47
352;freio;clown;0;2.6102;0.5579;3.5314;true;0.00
352;freio;clown;1;2.5777;0.5409;3.2749;true;0.00
352;freio;acrobat;0;0.5039;0.5325;3.4921;true;1.41
352;freio;acrobat;1;0.5405;0.3861;3.3169;false;1.41
353;freio;clown;0;2.6011;0.5415;3.5314;true;0.00
353;freio;clown;1;2.5875;0.5223;3.2749;true;0.00
353;freio;acrobat;0;0.5875;0.5334;3.4929;true;1.35
353;freio;acrobat;1;0.5405;0.3861;3.3172;false;1.35
354;freio;clown;0;2.5949;0.5225;3.5314;true;0.00
354;freio;clown;1;2.5919;0.5018;3.2749;true;0.00
354;freio;acrobat;0;0.6679;0.5260;3.4926;true;1.30
354;freio;acrobat;1;0.5405;0.3861;3.3175;false;1.30
355;freio;clown;0;2.5921;0.5018;3.5314;true;0.00
355;freio;clown;1;2.5920;0.4976;3.2750;false;0.00
355;freio;acrobat;0;0.7412;0.5106;3.4913;true;1.25
355;freio;acrobat;1;0.5405;0.3860;3.3178;false;1.25
356;freio;clown;0;2.5920;0.4976;3.5314;false;0.00
356;freio;clown;1;2.5920;0.4976;3.2750;false;0.00
356;freio;acrobat;0;0.8035;0.4882;3.4900;true;1.20
356;freio;acrobat;1;0.5405;0.3860;3.3182;false;1.20
357;freio;clown;0;2.5920;0.4976;3.5314;false;0.00
357;freio;clown;1;2.5920;0.4976;3.2750;false;0.00
357;freio;acrobat;0;0.8509;0.4600;3.4892;true;1.16
357;freio;acrobat;1;0.5406;0.3860;3.3186;false;1.16
358;freio;clown;0;2.5920;0.4976;3.5314;false;0.00
358;freio;clown;1;2.5920;0.4976;3.2750;false;0.00
358;freio;acrobat;0;0.8799;0.4276;3.4891;true;1.11
358;freio;acrobat;1;0.5406;0.3860;3.3190;false;1.11
359;freio;clown;0;2.5920;0.4976;3.5314;false;0.00
359;freio;clown;1;2.5920;0.4976;3.2750;false;0.00
359;freio;acrobat;0;0.8872;0.4008;3.4891;false;1.07
359;freio;acrobat;1;0.5407;0.3860;3.3198;false;1.07
360;freio;clown;0;2.5920;0.4976;3.5314;false;0.00
360;freio;clown;1;2.5920;0.4976;3.2750;false;0.00
360;freio;acrobat;0;0.8873;0.4008;3.4895;false;1.03
360;freio;acrobat;1;0.5406;0.3860;3.3193;false;1.03
361;freio;clown;0;2.5920;0.4976;3.5314;false;0.00
361;freio;clown;1;2.5920;0.4976;3.2750;false;0.00
361;freio;acrobat;0;0.8874;0.4008;3.4899;false;0.99
361;freio;acrobat;1;0.5406;0.3860;3.3186;true;0.99
362;freio;clown;0;2.5920;0.4976;3.5314;false;0.00
362;freio;clown;1;2.5920;0.4976;3.2750;false;0.00
362;freio;acrobat;0;0.8875;0.4009;3.4906;false;0.95
362;freio;acrobat;1;0.5507;0.4214;3.3190;true;0.95
363;freio;clown;0;2.5920;0.4976;3.5314;false;0.00
363;freio;clown;1;2.5920;0.4976;3.2750;false;0.00
363;freio;acrobat;0;0.8877;0.4009;3.4912;false;0.91
363;freio;acrobat;1;0.5787;0.4557;3.3198;true;0.91
364;freio;clown;0;2.5920;0.4976;3.5314;false;0.00
364;freio;clown;1;2.5920;0.4976;3.2750;false;0.00
364;freio;acrobat;0;0.8877;0.4009;3.4917;false;0.88
364;freio;acrobat;1;0.6215;0.4868;3.3204;true;0.88
365;freio;clown;0;2.5920;0.4976;3.5314;false;0.00
365;freio;clown;1;2.5920;0.4976;3.2750;false;0.00
365;freio;acrobat;0;0.8878;0.4009;3.4920;false;0.85
365;freio;acrobat;1;0.6758;0.5130;3.3201;true;0.85
366;freio;clown;0;2.5920;0.4976;3.5314;false;0.00
366;freio;clown;1;2.5920;0.4976;3.2750;false;0.00
366;freio;acrobat;0;0.8878;0.4009;3.4922;false;0.81
366;freio;acrobat;1;0.7384;0.5327;3.3189;true;0.81
367;freio;clown;0;2.5920;0.4976;3.5314;false;0.00
367;freio;clown;1;2.5920;0.4976;3.2750;false;0.00
367;freio;acrobat;0;0.8878;0.4009;3.4923;false;0.78
367;freio;acrobat;1;0.8061;0.5449;3.3176;true;0.78
368;freio;clown;0;2.5920;0.4976;3.5314;false;0.00
368;freio;clown;1;2.5920;0.4976;3.2750;false;0.00
368;freio;acrobat;0;0.8878;0.4009;3.4923;false;0.75
368;freio;acrobat;1;0.8758;0.5488;3.3169;true;0.75
369;freio;clown;0;2.5920;0.4976;3.5314;false;0.00
369;freio;clown;1;2.5920;0.4976;3.2750;false;0.00
369;freio;acrobat;0;0.8878;0.4009;3.4923;false;0.72
369;freio;acrobat;1;0.9442;0.5444;3.3172;true;0.72
370;freio;clown;0;2.5920;0.4976;3.5314;false;0.00
370;freio;clown;1;2.5920;0.4976;3.2750;false;0.00
370;freio;acrobat;0;0.8878;0.4009;3.4922;false;0.72
370;freio;acrobat;1;1.0081;0.5318;3.3181;true;0.72
371;freio;clown;0;2.5920;0.4976;3.5314;false;0.00
371;freio;clown;1;2.5920;0.4976;3.2750;false;0.00
371;freio;acrobat;0;0.8878;0.4009;3.4920;false;0.72
371;freio;acrobat;1;1.0642;0.5118;3.3191;true;0.72
372;freio;clown;0;2.5920;0.4976;3.5314;false;0.00
372;freio;clown;1;2.5920;0.4976;3.2750;false;0.00
372;freio;acrobat;0;0.8879;0.4009;3.4918;false;0.72
372;freio;acrobat;1;1.1093;0.4855;3.3196;true;0.72
373;freio;clown;0;2.5920;0.4976;3.5314;false;0.00
373;freio;clown;1;2.5920;0.4976;3.2750;false;0.00
373;freio;acrobat;0;0.8879;0.4009;3.4915;false;0.72
373;freio;acrobat;1;1.1404;0.4544;3.3196;true;0.72
374;freio;clown;0;2.5920;0.4976;3.5314;false;0.00
374;freio;clown;1;2.5920;0.4976;3.2750;false;0.00
374;freio;acrobat;0;0.8879;0.4009;3.4911;false;0.72
374;freio;acrobat;1;1.1543;0.4203;3.3192;true;0.72
375;freio;clown;0;2.5920;0.4976;3.5314;false;0.00
375;freio;clown;1;2.5920;0.4976;3.2750;false;0.00
375;freio;acrobat;0;0.8880;0.4009;3.4907;false;0.72
375;freio;acrobat;1;1.1547;0.4133;3.3197;false;0.72
376;freio;clown;0;2.5920;0.4976;3.5314;false;0.00
376;freio;clown;1;2.5920;0.4976;3.2750;false;0.00
376;freio;acrobat;0;0.8880;0.4009;3.4905;false;0.72
376;freio;acrobat;1;1.1547;0.4133;3.3196;false;0.72
377;freio;clown;0;2.5920;0.4976;3.5314;false;0.00
377;freio;clown;1;2.5920;0.4976;3.2750;false;0.00
377;freio;acrobat;0;0.8880;0.4009;3.4904;false;0.72
377;freio;acrobat;1;1.1548;0.4133;3.3196;false;0.72
378;freio;clown;0;2.5920;0.4976;3.5314;false;0.00
378;freio;clown;1;2.5920;0.4976;3.2750;false;0.00
378;freio;acrobat;0;0.8880;0.4009;3.4902;false;0.72
378;freio;acrobat;1;1.1548;0.4133;3.3195;false;0.72
379;freio;clown;0;2.5920;0.4976;3.5314;false;0.00
379;freio;clown;1;2.5920;0.4976;3.2750;false;0.00
379;freio;acrobat;0;0.8880;0.4009;3.4901;false;0.72
379;freio;acrobat;1;1.1549;0.4133;3.3193;false;0.72
380;freio;clown;0;2.5920;0.4976;3.5314;false;0.00
380;freio;clown;1;2.5920;0.4976;3.2750;false;0.00
380;freio;acrobat;0;0.8880;0.4009;3.4901;false;0.72
380;freio;acrobat;1;1.1549;0.4134;3.3192;false;0.72
381;freio;clown;0;2.5920;0.4976;3.5314;false;0.00
381;freio;clown;1;2.5920;0.4976;3.2750;false;0.00
381;freio;acrobat;0;0.8880;0.4009;3.4901;false;0.72
381;freio;acrobat;1;1.1549;0.4134;3.3190;false;0.72
382;freio;clown;0;2.5920;0.4976;3.5314;false;0.00
382;freio;clown;1;2.5920;0.4976;3.2750;false;0.00
382;freio;acrobat;0;0.8880;0.4009;3.4901;false;0.72
382;freio;acrobat;1;1.1550;0.4134;3.3188;false;0.72
383;freio;clown;0;2.5920;0.4976;3.5314;false;0.00
383;freio;clown;1;2.5920;0.4976;3.2750;false;0.00
383;freio;acrobat;0;0.8880;0.4009;3.4902;false;0.72
383;freio;acrobat;1;1.1550;0.4134;3.3186;false;0.72
384;freio;clown;0;2.5920;0.4976;3.5314;false;0.00
384;freio;clown;1;2.5920;0.4976;3.2750;false;0.00
384;freio;acrobat;0;0.8880;0.4009;3.4903;false;0.72
384;freio;acrobat;1;1.1550;0.4134;3.3184;false;0.72
385;freio;clown;0;2.5920;0.4976;3.5314;false;0.00
385;freio;clown;1;2.5920;0.4976;3.2750;false;0.00
385;freio;acrobat;0;0.8880;0.4009;3.4904;false;0.72
385;freio;acrobat;1;1.1551;0.4134;3.3182;false;0.72
386;freio;clown;0;2.5920;0.4976;3.5314;false;0.00
386;freio;clown;1;2.5920;0.4976;3.2750;false;0.00
386;freio;acrobat;0;0.8879;0.4009;3.4905;false;0.72
386;freio;acrobat;1;1.1551;0.4134;3.3180;false;0.72
387;freio;clown;0;2.5920;0.4976;3.5314;false;0.00
387;freio;clown;1;2.5920;0.4976;3.2750;false;0.00
387;freio;acrobat;0;0.8879;0.4009;3.4907;false;0.72
387;freio;acrobat;1;1.1551;0.4134;3.3177;false;0.72
388;freio;clown;0;2.5920;0.4976;3.5314;false;0.00
388;freio;clown;1;2.5920;0.4976;3.2750;false;0.00
388;freio;acrobat;0;0.8879;0.4009;3.4909;false;0.72
388;freio;acrobat;1;1.1552;0.4134;3.3175;false;0.72
389;freio;clown;0;2.5920;0.4976;3.5314;false;0.00
389;freio;clown;1;2.5920;0.4976;3.2750;false;0.00
389;freio;acrobat;0;0.8879;0.4009;3.4912;false;0.72
389;freio;acrobat;1;1.1552;0.4134;3.3173;false;0.72
390;freio;clown;0;2.5920;0.4976;3.5314;false;0.00
390;freio;clown;1;2.5920;0.4976;3.2750;false;0.00
390;freio;acrobat;0;0.8879;0.4009;3.4915;true;0.72
390;freio;acrobat;1;1.1552;0.4134;3.3170;false;0.72
391;freio;clown;0;2.5920;0.4976;3.5314;false;0.00
391;freio;clown;1;2.5920;0.4976;3.2750;false;0.00
391;freio;acrobat;0;0.8974;0.4363;3.4910;true;0.72
391;freio;acrobat;1;1.1553;0.4134;3.3168;false;0.72
392;freio;clown;0;2.5920;0.4976;3.5314;false;0.00
392;freio;clown;1;2.5920;0.4976;3.2750;false;0.00
392;freio;acrobat;0;0.9240;0.4705;3.4904;true;0.72
392;freio;acrobat;1;1.1553;0.4134;3.3166;false;0.72
393;freio;clown;0;2.5920;0.4976;3.5314;false;0.00
393;freio;clown;1;2.5920;0.4976;3.2750;false;0.00
393;freio;acrobat;0;0.9645;0.5015;3.4900;true;0.72
393;freio;acrobat;1;1.1553;0.4134;3.3165;false;0.72
394;freio;clown;0;2.5920;0.4976;3.5314;false;0.00
394;freio;clown;1;2.5920;0.4976;3.2750;false;0.00
394;freio;acrobat;0;1.0159;0.5275;3.4904;true;0.72
394;freio;acrobat;1;1.1553;0.4134;3.3165;false;0.72
395;freio;clown;0;2.5920;0.4976;3.5314;false;0.00
395;freio;clown;1;2.5920;0.4976;3.2750;false;0.00
395;freio;acrobat;0;1.0752;0.5470;3.4914;true;0.72
395;freio;acrobat;1;1.1553;0.4134;3.3166;false;0.72
396;freio;clown;0;2.5920;0.4976;3.5314;false;0.00
396;freio;clown;1;2.5920;0.4976;3.2750;false;0.00
396;freio;acrobat;0;1.1394;0.5590;3.4923;true;0.22
396;freio;acrobat;1;1.1553;0.4134;3.3167;false;0.22
397;giro;clown;0;2.5932;0.4975;3.5339;false;0.50
397;giro;clown;1;2.5896;0.4972;3.2710;false;0.50
397;giro;acrobat;0;1.2054;0.5627;3.4923;true;0.00
397;giro;acrobat;1;1.1553;0.4134;3.3168;false;0.00
398;giro;clown;0;2.5966;0.4972;3.5358;false;1.00
398;giro;clown;1;2.5797;0.4929;3.2718;false;1.00
398;giro;acrobat;0;1.2702;0.5581;3.4916;true;0.00
398;giro;acrobat;1;1.1553;0.4134;3.3169;false;0.00
399;giro;clown;0;2.5987;0.4970;3.5347;false;1.50
399;giro;clown;1;2.5727;0.4821;3.2918;true;1.50
399;giro;acrobat;0;1.3307;0.5453;3.4908;true;0.00
399;giro;acrobat;1;1.1553;0.4134;3.3170;false;0.00
400;giro;clown;0;2.5974;0.4972;3.5324;false;2.00
400;giro;clown;1;2.5149;0.4929;3.3024;true;2.00
400;giro;acrobat;0;1.3839;0.5252;3.4906;true;0.00
400;giro;acrobat;1;1.1553;0.4134;3.3170;false;0.00
401;giro;clown;0;2.5942;0.4975;3.5313;false;2.40
401;giro;clown;1;2.4283;0.5241;3.3257;true;2.40
401;giro;acrobat;0;1.4268;0.4988;3.4910;true;0.00
401;giro;acrobat;1;1.1553;0.4134;3.3171;false;0.00
402;giro;clown;0;2.5921;0.4976;3.5314;false;2.40
402;giro;clown;1;2.3506;0.5622;3.3419;true;2.40
402;giro;acrobat;0;1.4565;0.4677;3.4917;true;0.00
402;giro;acrobat;1;1.1553;0.4134;3.3170;false;0.00
403;giro;clown;0;2.5915;0.4976;3.5317;false;2.40
403;giro;clown;1;2.2486;0.5729;3.3447;true;2.40
403;giro;acrobat;0;1.4697;0.4336;3.4922;true;0.00
403;giro;acrobat;1;1.1553;0.4134;3.3170;false;0.00
404;giro;clown;0;2.5914;0.4976;3.5319;true;2.40
404;giro;clown;1;2.1601;0.5508;3.3526;true;2.40
404;giro;acrobat;0;1.4701;0.4265;3.4922;true;0.00
404;giro;acrobat;1;1.1553;0.4134;3.3169;false;0.00
405;giro;clown;0;2.5555;0.5406;3.5192;true;2.40
405;giro;clown;1;2.1071;0.5094;3.3617;true;2.40
405;giro;acrobat;0;1.4657;0.4616;3.4922;true;0.00
405;giro;acrobat;1;1.1553;0.4134;3.3168;false;0.00
406;giro;clown;0;2.4749;0.5714;3.4790;true;2.40
406;giro;clown;1;2.1029;0.4919;3.3685;false;2.40
406;giro;acrobat;0;1.4534;0.4947;3.4922;true;0.00
406;giro;acrobat;1;1.1553;0.4134;3.3168;false;0.00
407;giro;clown;0;2.3789;0.5791;3.4156;true;2.40
407;giro;clown;1;2.1051;0.4873;3.3774;false;2.40
407;giro;acrobat;0;1.4346;0.5240;3.4923;true;0.00
407;giro;acrobat;1;1.1553;0.4134;3.3168;false;0.00
408;giro;clown;0;2.2739;0.5637;3.3531;true;2.40
408;giro;clown;1;2.1096;0.4811;3.3893;false;2.40
408;giro;acrobat;0;1.4108;0.5480;3.4923;true;0.00
408;giro;acrobat;1;1.1553;0.4134;3.3168;false;0.00
409;giro;clown;0;2.1794;0.5338;3.3146;true;2.40
409;giro;clown;1;2.1087;0.4717;3.4080;false;2.40
409;giro;acrobat;0;1.3833;0.5651;3.4923;true;0.00
409;giro;acrobat;1;1.1553;0.4134;3.3168;false;0.00
410;giro;clown;0;2.1308;0.4933;3.3021;true;2.40
410;giro;clown;1;2.0995;0.4566;3.4353;false;2.40
410;giro;acrobat;0;1.3536;0.5744;3.4924;true;0.00
410;giro;acrobat;1;1.1553;0.4134;3.3168;false;0.00
411;giro;clown;0;2.1273;0.4873;3.3055;false;2.40
411;giro;clown;1;2.0969;0.4487;3.4473;false;2.40
411;giro;acrobat;0;1.3230;0.5755;3.4924;true;0.00
411;giro;acrobat;1;1.1553;0.4134;3.3168;false;0.00
412;giro;clown;0;2.1255;0.4879;3.3095;false;2.40
412;giro;clown;1;2.0980;0.4484;3.4458;true;2.40
412;giro;acrobat;0;1.2930;0.5682;3.4925;true;0.00
412;giro;acrobat;1;1.1553;0.4134;3.3168;false;0.00
413;giro;clown;0;2.1242;0.4883;3.3139;false;2.40
413;giro;clown;1;2.0689;0.4942;3.4538;true;2.40
413;giro;acrobat;0;1.2650;0.5531;3.4925;true;0.00
413;giro;acrobat;1;1.1553;0.4134;3.3168;false;0.00
414;giro;clown;0;2.1235;0.4884;3.3165;false;2.40
414;giro;clown;1;1.9962;0.5379;3.4693;true;2.40
414;giro;acrobat;0;1.2403;0.5308;3.4925;true;0.00
414;giro;acrobat;1;1.1553;0.4134;3.3168;false;0.00
415;giro;clown;0;2.1236;0.4884;3.3163;false;2.40
415;giro;clown;1;1.8979;0.5635;3.4838;true;2.40
415;giro;acrobat;0;1.2204;0.5027;3.4926;true;0.00
415;giro;acrobat;1;1.1553;0.4134;3.3168;false;0.00
416;giro;clown;0;2.1242;0.4885;3.3128;false;2.40
416;giro;clown;1;1.7954;0.5608;3.4988;true;2.40
416;giro;acrobat;0;1.2067;0.4704;3.4926;true;0.00
416;giro;acrobat;1;1.1553;0.4134;3.3168;false;0.00
417;giro;clown;0;2.1249;0.4887;3.3067;true;2.40
417;giro;clown;1;1.7175;0.5307;3.5129;true;2.40
417;giro;acrobat;0;1.2006;0.4357;3.4926;true;0.00
417;giro;acrobat;1;1.1553;0.4134;3.3168;false;0.00
418;giro;clown;0;2.0820;0.5313;3.3038;true;2.40
418;giro;clown;1;1.6800;0.4865;3.5243;true;2.40
418;giro;acrobat;0;1.2005;0.4286;3.4926;false;0.00
418;giro;acrobat;1;1.1553;0.4134;3.3168;false;0.00
419;giro;clown;0;1.9727;0.5607;3.3062;true;2.40
419;giro;clown;1;1.6783;0.4797;3.5272;false;2.40
419;giro;acrobat;0;1.2005;0.4286;3.4926;false;0.00
419;giro;acrobat;1;1.1553;0.4134;3.3168;false;0.00
420;giro;clown;0;1.8313;0.5704;3.2956;true;2.40
420;giro;clown;1;1.6778;0.4797;3.5296;false;2.40
420;giro;acrobat;0;1.2005;0.4286;3.4926;false;0.00
420;giro;acrobat;1;1.1553;0.4134;3.3168;false;0.00
421;giro;clown;0;1.6873;0.5571;3.2826;true;2.40
421;giro;clown;1;1.6778;0.4797;3.5303;false;2.40
421;giro;acrobat;0;1.2005;0.4286;3.4926;false;0.00
421;giro;acrobat;1;1.1553;0.4134;3.3168;false;0.00
422;giro;clown;0;1.5717;0.5247;3.2786;true;2.40
422;giro;clown;1;1.6779;0.4797;3.5297;false;2.40
422;giro;acrobat;0;1.2005;0.4286;3.4926;false;0.00
422;giro;acrobat;1;1.1553;0.4134;3.3168;false;0.00
423;giro;clown;0;1.5166;0.4809;3.2773;true;2.40
423;giro;clown;1;1.6779;0.4797;3.5284;false;2.40
423;giro;acrobat;0;1.2005;0.4286;3.4926;false;0.00
423;giro;acrobat;1;1.1553;0.4134;3.3168;false;0.00
424;giro;clown;0;1.5154;0.4738;3.2765;false;2.40
424;giro;clown;1;1.6778;0.4797;3.5279;false;2.40
424;giro;acrobat;0;1.2005;0.4286;3.4926;false;0.00
424;giro;acrobat;1;1.1553;0.4134;3.3168;false;0.00
425;giro;clown;0;1.5154;0.4738;3.2755;false;2.40
425;giro;clown;1;1.6779;0.4797;3.5282;false;2.40
425;giro;acrobat;0;1.2005;0.4286;3.4926;false;0.00
425;giro;acrobat;1;1.1553;0.4134;3.3168;false;0.00
426;giro;clown;0;1.5153;0.4737;3.2745;false;2.40
426;giro;clown;1;1.6779;0.4797;3.5297;true;2.40
426;giro;acrobat;0;1.2005;0.4286;3.4926;false;0.00
426;giro;acrobat;1;1.1553;0.4134;3.3168;false;0.00
427;giro;clown;0;1.5154;0.4737;3.2750;false;2.40
427;giro;clown;1;1.6397;0.5222;3.5299;true;2.40
427;giro;acrobat;0;1.2005;0.4286;3.4926;false;0.00
427;giro;acrobat;1;1.1553;0.4134;3.3168;false;0.00
428;giro;clown;0;1.5154;0.4738;3.2763;false;2.40
428;giro;clown;1;1.5438;0.5521;3.5302;true;2.40
428;giro;acrobat;0;1.2005;0.4286;3.4926;false;0.00
428;giro;acrobat;1;1.1553;0.4134;3.3168;false;0.00
429;giro;clown;0;1.5154;0.4738;3.2765;false;2.40
429;giro;clown;1;1.4177;0.5618;3.5335;true;2.40
429;giro;acrobat;0;1.2005;0.4286;3.4926;false;0.00
429;giro;acrobat;1;1.1553;0.4134;3.3168;false;0.00
430;giro;clown;0;1.5155;0.4738;3.2744;false;2.40
430;giro;clown;1;1.2897;0.5489;3.5323;true;2.40
430;giro;acrobat;0;1.2005;0.4286;3.4926;false;0.00
430;giro;acrobat;1;1.1553;0.4134;3.3168;false;0.00
431;giro;clown;0;1.5157;0.4742;3.2688;true;2.40
431;giro;clown;1;1.1879;0.5162;3.5288;true;2.40
431;giro;acrobat;0;1.2005;0.4286;3.4926;false;0.00
431;giro;acrobat;1;1.1553;0.4134;3.3168;false;0.00
432;giro;clown;0;1.4750;0.5167;3.2689;true;2.40
432;giro;clown;1;1.1388;0.4724;3.5295;true;2.40
432;giro;acrobat;0;1.2005;0.4286;3.4926;false;0.00
432;giro;acrobat;1;1.1553;0.4134;3.3168;false;0.00
433;giro;clown;0;1.3721;0.5455;3.2784;true;2.40
433;giro;clown;1;1.1374;0.4654;3.5314;false;2.40
433;giro;acrobat;0;1.2005;0.4286;3.4926;false;0.00
433;giro;acrobat;1;1.1553;0.4134;3.3168;false;0.00
434;giro;clown;0;1.2378;0.5549;3.2784;true;2.40
434;giro;clown;1;1.1373;0.4654;3.5326;false;2.40
434;giro;acrobat;0;1.2005;0.4286;3.4926;false;0.00
434;giro;acrobat;1;1.1553;0.4134;3.3168;false;0.00
435;giro;clown;0;1.1012;0.5415;3.2760;true;2.40
435;giro;clown;1;1.1373;0.4654;3.5323;false;2.40
435;giro;acrobat;0;1.2005;0.4286;3.4926;false;0.00
435;giro;acrobat;1;1.1553;0.4134;3.3168;false;0.00
436;giro;clown;0;0.9919;0.5085;3.2777;true;2.40
436;giro;clown;1;1.1372;0.4654;3.5307;false;2.40
436;giro;acrobat;0;1.2005;0.4286;3.4926;false;0.00
436;giro;acrobat;1;1.1553;0.4134;3.3168;false;0.00
437;giro;clown;0;0.9398;0.4645;3.2785;true;2.40
437;giro;clown;1;1.1370;0.4653;3.5290;false;2.40
437;giro;acrobat;0;1.2005;0.4286;3.4926;false;0.00
437;giro;acrobat;1;1.1553;0.4134;3.3168;false;0.00
438;giro;clown;0;0.9385;0.4575;3.2771;false;2.40
438;giro;clown;1;1.1371;0.4653;3.5293;false;2.40
438;giro;acrobat;0;1.2005;0.4286;3.4926;false;0.00
438;giro;acrobat;1;1.1553;0.4134;3.3168;false;0.00
439;giro;clown;0;0.9383;0.4575;3.2753;false;2.40
439;giro;clown;1;1.1372;0.4654;3.5318;true;2.40
439;giro;acrobat;0;1.2005;0.4286;3.4926;false;0.00
439;giro;acrobat;1;1.1553;0.4134;3.3168;false;0.00
440;giro;clown;0;0.9383;0.4574;3.2745;false;2.40
440;giro;clown;1;1.1002;0.5075;3.5324;true;2.40
440;giro;acrobat;0;1.2005;0.4286;3.4926;false;0.00
440;giro;acrobat;1;1.1553;0.4134;3.3168;false;0.00
441;giro;clown;0;0.9384;0.4575;3.2753;false;2.40
441;giro;clown;1;1.0071;0.5365;3.5314;true;2.40
441;giro;acrobat;0;1.2005;0.4286;3.4926;false;0.00
441;giro;acrobat;1;1.1553;0.4134;3.3168;false;0.00
442;giro;clown;0;0.9384;0.4575;3.2766;false;2.40
442;giro;clown;1;0.8849;0.5449;3.5336;true;2.40
442;giro;acrobat;0;1.2005;0.4286;3.4926;false;0.00
442;giro;acrobat;1;1.1553;0.4134;3.3168;false;0.00
443;giro;clown;0;0.9383;0.4574;3.2772;false;2.40
443;giro;clown;1;0.7606;0.5307;3.5327;true;2.40
443;giro;acrobat;0;1.2005;0.4286;3.4926;false;0.00
443;giro;acrobat;1;1.1553;0.4134;3.3168;false;0.00
444;giro;clown;0;0.9384;0.4575;3.2760;false;2.40
444;giro;clown;1;0.6617;0.4970;3.5294;true;2.40
444;giro;acrobat;0;1.2005;0.4286;3.4926;false;0.00
444;giro;acrobat;1;1.1553;0.4134;3.3168;false;0.00
445;giro;clown;0;0.9387;0.4578;3.2706;false;2.40
445;giro;clown;1;0.6141;0.4527;3.5293;true;2.40
445;giro;acrobat;0;1.2005;0.4286;3.4926;false;0.00
445;giro;acrobat;1;1.1553;0.4134;3.3168;false;0.00
446;giro;clown;0;0.9387;0.4586;3.2599;true;2.40
446;giro;clown;1;0.6128;0.4456;3.5313;false;2.40
446;giro;acrobat;0;1.2005;0.4286;3.4926;false;0.00
446;giro;acrobat;1;1.1553;0.4134;3.3168;false;0.00
447;giro;clown;0;0.8957;0.5006;3.2600;true;2.40
447;giro;clown;1;0.6124;0.4457;3.5336;false;2.40
447;giro;acrobat;0;1.2005;0.4286;3.4926;false;0.00
447;giro;acrobat;1;1.1553;0.4134;3.3168;false;0.00
448;giro;clown;0;0.7872;0.5278;3.2750;true;2.40
448;giro;clown;1;0.6124;0.4456;3.5341;false;2.40
448;giro;acrobat;0;1.2005;0.4286;3.4926;false;0.00
448;giro;acrobat;1;1.1553;0.4134;3.3168;false;0.00
449;giro;clown;0;0.6452;0.5354;3.2768;true;2.40
449;giro;clown;1;0.6126;0.4457;3.5330;false;2.40
449;giro;acrobat;0;1.2005;0.4286;3.4926;false;0.00
449;giro;acrobat;1;1.1553;0.4134;3.3168;false;0.00
450;giro;clown;0;0.5007;0.5204;3.2756;true;2.40
450;giro;clown;1;0.6125;0.4456;3.5314;false;2.40
450;giro;acrobat;0;1.2005;0.4286;3.4926;false;0.00
450;giro;acrobat;1;1.1553;0.4134;3.3168;false;0.00
451;giro;clown;0;0.3856;0.4861;3.2787;true;2.40
451;giro;clown;1;0.6124;0.4456;3.5302;false;2.40
451;giro;acrobat;0;1.2005;0.4286;3.4926;false;0.00
451;giro;acrobat;1;1.1553;0.4134;3.3168;false;0.00
452;giro;clown;0;0.3305;0.4415;3.2796;true;2.40
452;giro;clown;1;0.6125;0.4456;3.5317;false;2.40
452;giro;acrobat;0;1.2005;0.4286;3.4926;false;0.00
452;giro;acrobat;1;1.1553;0.4134;3.3168;false;0.00
453;giro;clown;0;0.3290;0.4345;3.2776;false;2.40
453;giro;clown;1;0.6128;0.4461;3.5380;false;2.40
453;giro;acrobat;0;1.2005;0.4286;3.4926;false;0.00
453;giro;acrobat;1;1.1553;0.4134;3.3168;false;0.00
454;giro;clown;0;0.3287;0.4345;3.2750;false;2.40
454;giro;clown;1;0.6129;0.4468;3.5483;true;2.40
454;giro;acrobat;0;1.2005;0.4286;3.4926;false;0.00
454;giro;acrobat;1;1.1553;0.4134;3.3168;false;0.00
455;giro;clown;0;0.3286;0.4344;3.2738;false;2.40
455;giro;clown;1;0.5699;0.4884;3.5471;true;2.40
455;giro;acrobat;0;1.2005;0.4286;3.4926;false;0.00
455;giro;acrobat;1;1.1553;0.4134;3.3168;false;0.00
456;giro;clown;0;0.3287;0.4345;3.2747;false;2.40
456;giro;clown;1;0.4616;0.5155;3.5337;true;2.40
456;giro;acrobat;0;1.2005;0.4286;3.4926;false;0.00
456;giro;acrobat;1;1.1553;0.4134;3.3168;false;0.00
457;giro;clown;0;0.3288;0.4345;3.2763;false;2.40
457;giro;clown;1;0.3197;0.5229;3.5329;true;2.40
457;giro;acrobat;0;1.2005;0.4286;3.4926;false;0.00
457;giro;acrobat;1;1.1553;0.4134;3.3168;false;0.00
458;giro;clown;0;0.3288;0.4345;3.2772;false;2.40
458;giro;clown;1;0.1754;0.5074;3.5337;true;2.40
458;giro;acrobat;0;1.2005;0.4286;3.4926;false;0.00
458;giro;acrobat;1;1.1553;0.4134;3.3168;false;0.00
459;giro;clown;0;0.3288;0.4345;3.2763;false;2.40
459;giro;clown;1;0.0605;0.4728;3.5300;true;2.40
459;giro;acrobat;0;1.2005;0.4286;3.4926;false;0.00
459;giro;acrobat;1;1.1553;0.4134;3.3168;false;0.00
460;giro;clown;0;0.3291;0.4348;3.2709;false;2.40
460;giro;clown;1;0.0054;0.4281;3.5295;true;2.40
460;giro;acrobat;0;1.2005;0.4286;3.4926;false;0.00
460;giro;acrobat;1;1.1553;0.4134;3.3168;false;0.00
461;giro;clown;0;0.3291;0.4357;3.2600;true;2.40
461;giro;clown;1;0.0039;0.4210;3.5315;false;2.40
461;giro;acrobat;0;1.2005;0.4286;3.4926;false;0.00
461;giro;acrobat;1;1.1553;0.4134;3.3168;false;0.00
462;giro;clown;0;0.2861;0.4775;3.2601;true;2.40
462;giro;clown;1;0.0036;0.4210;3.5338;false;2.40
462;giro;acrobat;0;1.2005;0.4286;3.4926;false;0.00
462;giro;acrobat;1;1.1553;0.4134;3.3168;false;0.00
463;giro;clown;0;0.1777;0.5042;3.2752;true;2.40
463;giro;clown;1;0.0036;0.4210;3.5342;false;2.40
463;giro;acrobat;0;1.2005;0.4286;3.4926;false;0.00
463;giro;acrobat;1;1.1553;0.4134;3.3168;false;0.00
464;giro;clown;0;0.0357;0.5113;3.2770;true;2.40
464;giro;clown;1;0.0037;0.4211;3.5331;false;2.40
464;giro;acrobat;0;1.2005;0.4286;3.4926;false;0.00
464;giro;acrobat;1;1.1553;0.4134;3.3168;false;0.00
465;giro;clown;0;-0.1088;0.4956;3.2757;true;2.40
465;giro;clown;1;0.0037;0.4210;3.5315;false;2.40
465;giro;acrobat;0;1.2005;0.4286;3.4926;false;0.00
465;giro;acrobat;1;1.1553;0.4134;3.3168;false;0.00
466;giro;clown;0;-0.2239;0.4609;3.2788;true;2.40
466;giro;clown;1;0.0035;0.4210;3.5303;false;2.40
466;giro;acrobat;0;1.2005;0.4286;3.4926;false;0.00
466;giro;acrobat;1;1.1553;0.4134;3.3168;false;0.00
467;giro;clown;0;-0.2735;0.4239;3.2840;true;1.96
467;giro;clown;1;0.0035;0.4209;3.5308;false;1.96
467;giro;acrobat;0;1.1993;0.4286;3.4947;false;0.50
467;giro;acrobat;1;1.1567;0.4133;3.3134;false;0.50
468;giro;clown;0;-0.2755;0.4071;3.2910;false;1.72
468;giro;clown;1;0.0035;0.4210;3.5319;false;1.72
468;giro;acrobat;0;1.1937;0.4278;3.4967;false;0.72
468;giro;acrobat;1;1.1600;0.4130;3.3118;false;0.72
469;giro;clown;0;-0.2698;0.4051;3.2966;false;1.75
469;giro;clown;1;0.0036;0.4210;3.5324;true;1.75
469;giro;acrobat;0;1.1861;0.4259;3.4937;false;0.72
469;giro;acrobat;1;1.1636;0.4126;3.3121;false;0.72
470;giro;clown;0;-0.2662;0.4046;3.2943;false;2.04
470;giro;clown;1;-0.0175;0.4568;3.5450;true;2.04
470;giro;acrobat;0;1.1804;0.4232;3.4859;false;0.72
470;giro;acrobat;1;1.1664;0.4123;3.3139;false;0.72
471;giro;clown;0;-0.2681;0.4056;3.2871;false;2.40
471;giro;clown;1;-0.0825;0.4870;3.5921;true;2.40
471;giro;acrobat;0;1.1781;0.4204;3.4765;false;0.72
471;giro;acrobat;1;1.1684;0.4120;3.3163;false;0.72
472;giro;clown;0;-0.2766;0.4081;3.2788;false;2.40
472;giro;clown;1;-0.1639;0.4985;3.6707;true;2.40
472;giro;acrobat;0;1.1787;0.4203;3.4760;true;0.22
472;giro;acrobat;1;1.1674;0.4121;3.3165;false;0.22
473;giro;clown;0;-0.2950;0.4117;3.2705;true;2.40
473;giro;clown;1;-0.2434;0.4849;3.7558;true;2.40
473;giro;acrobat;0;1.1707;0.4535;3.4725;true;0.00
473;giro;acrobat;1;1.1664;0.4122;3.3165;true;0.00
474;giro;clown;0;-0.2997;0.4548;3.3105;true;2.40
474;giro;clown;1;-0.3116;0.4429;3.8086;true;2.40
474;giro;acrobat;0;1.1592;0.4829;3.4580;true;0.52
474;giro;acrobat;1;1.1722;0.4467;3.3210;true;0.52
475;giro;clown;0;-0.2942;0.4808;3.4182;true;2.40
475;giro;clown;1;-0.3589;0.3988;3.8200;true;2.40
475;giro;acrobat;0;1.1473;0.5095;3.4421;true;0.72
475;giro;acrobat;1;1.1779;0.4798;3.3296;true;0.72
476;giro;clown;0;-0.3060;0.4905;3.5524;true;2.40
476;giro;clown;1;-0.3510;0.3800;3.8227;false;2.40
476;giro;acrobat;0;1.1354;0.5326;3.4279;true;0.72
476;giro;acrobat;1;1.1832;0.5097;3.3404;true;0.72
477;giro;clown;0;-0.3358;0.4774;3.6790;true;2.40
477;giro;clown;1;-0.3209;0.3623;3.8403;false;2.40
477;giro;acrobat;0;1.1191;0.5506;3.4195;true;0.20
477;giro;acrobat;1;1.1883;0.5349;3.3501;true;0.20
478;giro;clown;0;-0.3549;0.4434;3.7841;true;2.40
478;giro;clown;1;-0.2886;0.3414;3.8503;false;2.40
478;giro;acrobat;0;1.1067;0.5616;3.4086;true;0.72
478;giro;acrobat;1;1.1927;0.5536;3.3620;true;0.72
479;giro;clown;0;-0.3589;0.4001;3.8374;true;2.40
479;giro;clown;1;-0.2605;0.3207;3.8555;false;2.40
479;giro;acrobat;0;1.0944;0.5649;3.4002;true;0.72
479;giro;acrobat;1;1.1969;0.5647;3.3732;true;0.72
480;giro;clown;0;-0.3557;0.3937;3.8403;false;2.40
480;giro;clown;1;-0.2503;0.3119;3.8573;false;2.40
480;giro;acrobat;0;1.0824;0.5600;3.3940;true;0.72
480;giro;acrobat;1;1.2011;0.5675;3.3834;true;0.72
481;giro;clown;0;-0.3524;0.3941;3.8415;false;2.40
481;giro;clown;1;-0.2529;0.3120;3.8577;true;2.40
481;giro;acrobat;0;1.0711;0.5467;3.3892;true;0.72
481;giro;acrobat;1;1.2054;0.5619;3.3927;true;0.72
482;giro;clown;0;-0.3490;0.3943;3.8423;false;2.40
482;giro;clown;1;-0.2392;0.3608;3.8855;true;2.40
482;giro;acrobat;0;1.0608;0.5258;3.3853;true;0.72
482;giro;acrobat;1;1.2099;0.5481;3.4011;true;0.72
483;giro;clown;0;-0.3469;0.3944;3.8427;false;2.40
483;giro;clown;1;-0.2109;0.4145;3.9561;true;2.40
483;giro;acrobat;0;1.0525;0.4985;3.3823;true;0.72
483;giro;acrobat;1;1.2143;0.5269;3.4087;true;0.72
484;giro;clown;0;-0.3470;0.3944;3.8427;false;2.40
484;giro;clown;1;-0.1900;0.4564;4.0490;true;2.40
484;giro;acrobat;0;1.0469;0.4667;3.3807;true;0.72
484;giro;acrobat;1;1.2183;0.4997;3.4150;true;0.72
485;giro;clown;0;-0.3502;0.3945;3.8422;false;2.40
485;giro;clown;1;-0.1653;0.4649;4.1523;true;2.40
485;giro;acrobat;0;1.0449;0.4323;3.3807;true;0.72
485;giro;acrobat;1;1.2212;0.4679;3.4197;true;0.72
486;giro;clown;0;-0.3561;0.3947;3.8416;true;2.40
486;giro;clown;1;-0.1425;0.4403;4.2306;true;2.40
486;giro;acrobat;0;1.0438;0.4250;3.3787;false;0.72
486;giro;acrobat;1;1.2226;0.4334;3.4219;true;0.72
487;giro;clown;0;-0.3584;0.4374;3.8836;true;2.40
487;giro;clown;1;-0.1270;0.3970;4.2670;true;2.40
487;giro;acrobat;0;1.0438;0.4250;3.3787;false;0.72
487;giro;acrobat;1;1.2228;0.4264;3.4220;false;0.72
488;giro;clown;0;-0.3541;0.4669;3.9906;true;2.40
488;giro;clown;1;-0.1241;0.3902;4.2686;false;2.40
488;giro;acrobat;0;1.0440;0.4251;3.3791;false;0.72
488;giro;acrobat;1;1.2228;0.4264;3.4221;false;0.72
489;giro;clown;0;-0.3619;0.4768;4.1293;true;2.40
489;giro;clown;1;-0.1218;0.3902;4.2690;false;2.40
489;giro;acrobat;0;1.0441;0.4251;3.3796;false;0.72
489;giro;acrobat;1;1.2229;0.4264;3.4222;true;0.72
490;giro;clown;0;-0.3722;0.4639;4.2705;true;2.40
490;giro;clown;1;-0.1213;0.3902;4.2690;false;2.40
490;giro;acrobat;0;1.0451;0.4254;3.3814;false;0.72
490;giro;acrobat;1;1.2147;0.4613;3.4270;true;0.72
491;giro;clown;0;-0.3747;0.4315;4.3837;true;2.40
491;giro;clown;1;-0.1223;0.3902;4.2690;false;2.40
491;giro;acrobat;0;1.0461;0.4256;3.3833;false;0.72
491;giro;acrobat;1;1.1920;0.4940;3.4408;true;0.72
492;giro;clown;0;-0.3753;0.3878;4.4376;true;2.40
492;giro;clown;1;-0.1238;0.3902;4.2690;false;2.40
492;giro;acrobat;0;1.0472;0.4258;3.3851;false;0.72
492;giro;acrobat;1;1.1577;0.5227;3.4622;true;0.72
493;giro;clown;0;-0.3763;0.3807;4.4388;false;2.40
493;giro;clown;1;-0.1241;0.3902;4.2691;false;2.40
493;giro;acrobat;0;1.0481;0.4260;3.3868;false;0.72
493;giro;acrobat;1;1.1144;0.5458;3.4897;true;0.72
494;giro;clown;0;-0.3775;0.3807;4.4389;false;2.40
494;giro;clown;1;-0.1232;0.3902;4.2690;true;2.40
494;giro;acrobat;0;1.0488;0.4261;3.3883;false;0.72
494;giro;acrobat;1;1.0646;0.5620;3.5219;true;0.72
495;giro;clown;0;-0.3778;0.3807;4.4389;false;2.40
495;giro;clown;1;-0.1227;0.4322;4.3048;true;2.40
495;giro;acrobat;0;1.0494;0.4262;3.3894;false;0.72
495;giro;acrobat;1;1.0109;0.5704;3.5569;true;0.72
496;giro;clown;0;-0.3768;0.3807;4.4388;false;2.40
496;giro;clown;1;-0.1218;0.4609;4.3948;true;2.40
496;giro;acrobat;0;1.0498;0.4263;3.3903;false;0.72
496;giro;acrobat;1;0.9556;0.5704;3.5928;true;0.72
497;giro;clown;0;-0.3756;0.3807;4.4388;false;2.40
497;giro;clown;1;-0.1194;0.4689;4.5131;true;2.40
497;giro;acrobat;0;1.0501;0.4263;3.3908;false;0.72
497;giro;acrobat;1;0.9011;0.5621;3.6277;true;0.72
498;giro;clown;0;-0.3752;0.3807;4.4389;false;2.40
498;giro;clown;1;-0.1209;0.4543;4.6332;true;2.40
498;giro;acrobat;0;1.0502;0.4263;3.3911;false;0.72
498;giro;acrobat;1;0.8500;0.5460;3.6601;true;0.72
499;giro;clown;0;-0.3773;0.3808;4.4388;false;2.40
499;giro;clown;1;-0.1244;0.4203;4.7287;true;2.40
499;giro;acrobat;0;1.0503;0.4264;3.3913;false;0.72
499;giro;acrobat;1;0.8052;0.5229;3.6886;true;0.72
500;giro;clown;0;-0.3847;0.3814;4.4384;true;2.40
500;giro;clown;1;-0.1243;0.3759;4.7747;true;2.40
500;giro;acrobat;0;1.0503;0.4264;3.3914;false;0.72
500;giro;acrobat;1;0.7694;0.4941;3.7118;true;0.72
501;giro;clown;0;-0.3866;0.4224;4.4794;true;2.40
501;giro;clown;1;-0.1217;0.3689;4.7761;false;2.40
501;giro;acrobat;0;1.0504;0.4264;3.3915;false;0.72
501;giro;acrobat;1;0.7449;0.4612;3.7278;true;0.72
502;giro;clown;0;-0.3755;0.4468;4.5828;true;2.40
502;giro;clown;1;-0.1197;0.3689;4.7764;false;2.40
502;giro;acrobat;0;1.0505;0.4264;3.3917;false;0.72
502;giro;acrobat;1;0.7342;0.4261;3.7350;true;0.72
503;giro;clown;0;-0.3751;0.4507;4.7179;true;2.40
503;giro;clown;1;-0.1198;0.3689;4.7763;false;2.40
503;giro;acrobat;0;1.0505;0.4264;3.3918;false;0.72
503;giro;acrobat;1;0.7354;0.4187;3.7367;false;0.72
504;giro;clown;0;-0.3769;0.4317;4.8554;true;2.40
504;giro;clown;1;-0.1214;0.3689;4.7763;false;2.40
504;giro;acrobat;0;1.0512;0.4264;3.3929;true;0.72
504;giro;acrobat;1;0.7366;0.4185;3.7377;false;0.72
505;giro;clown;0;-0.3744;0.3943;4.9651;true;2.40
505;giro;clown;1;-0.1236;0.3688;4.7765;false;2.40
505;giro;acrobat;0;1.0427;0.4611;3.3991;true;0.72
505;giro;acrobat;1;0.7372;0.4184;3.7379;false;0.72
506;giro;clown;0;-0.3736;0.3482;5.0175;true;2.40
506;giro;clown;1;-0.1243;0.3687;4.7766;false;2.40
506;giro;acrobat;0;1.0184;0.4932;3.4155;true;0.73
506;giro;acrobat;1;0.7377;0.4183;3.7379;false;0.73
507;giro;clown;0;-0.3753;0.3411;5.0188;false;2.40
507;giro;clown;1;-0.1208;0.3689;4.7763;false;2.40
507;giro;acrobat;0;0.9810;0.5208;3.4404;true;0.77
507;giro;acrobat;1;0.7381;0.4182;3.7378;false;0.77
508;giro;clown;0;-0.3776;0.3411;5.0191;false;2.40
508;giro;clown;1;-0.1139;0.3693;4.7760;true;2.40
508;giro;acrobat;0;0.9333;0.5424;3.4722;true;0.82
508;giro;acrobat;1;0.7388;0.4180;3.7377;false;0.82
509;giro;clown;0;-0.3787;0.3411;5.0192;false;2.40
509;giro;clown;1;-0.1136;0.4092;4.8165;true;2.40
509;giro;acrobat;0;0.8784;0.5569;3.5099;true;0.86
509;giro;acrobat;1;0.7397;0.4179;3.7376;false;0.86
510;giro;clown;0;-0.3778;0.3411;5.0191;false;2.40
510;giro;clown;1;-0.1206;0.4320;4.9183;true;2.40
510;giro;acrobat;0;0.8205;0.5638;3.5531;true;0.91
510;giro;acrobat;1;0.7407;0.4177;3.7375;false;0.91
511;giro;clown;0;-0.3761;0.3411;5.0190;false;2.40
511;giro;clown;1;-0.1187;0.4330;5.0515;true;2.40
511;giro;acrobat;0;0.7634;0.5628;3.6005;true;0.95
511;giro;acrobat;1;0.7418;0.4176;3.7375;false;0.95
512;giro;clown;0;-0.3752;0.3411;5.0191;false;2.40
512;giro;clown;1;-0.1182;0.4112;5.1872;true;2.40
512;giro;acrobat;0;0.7099;0.5538;3.6494;true;0.99
512;giro;acrobat;1;0.7430;0.4174;3.7376;false;0.99
513;giro;clown;0;-0.3770;0.3411;5.0190;false;2.40
513;giro;clown;1;-0.1221;0.3715;5.2951;true;2.40
513;giro;acrobat;0;0.6619;0.5371;3.6962;true;1.03
513;giro;acrobat;1;0.7446;0.4172;3.7379;false;1.03
514;giro;clown;0;-0.3856;0.3419;5.0187;true;2.40
514;giro;clown;1;-0.1223;0.3243;5.3469;true;2.40
514;giro;acrobat;0;0.6207;0.5132;3.7372;true;1.07
514;giro;acrobat;1;0.7462;0.4170;3.7383;false;1.07
515;giro;clown;0;-0.3880;0.3816;5.0595;true;2.40
515;giro;clown;1;-0.1196;0.3172;5.3485;false;2.40
515;giro;acrobat;0;0.5877;0.4834;3.7697;true;1.11
515;giro;acrobat;1;0.7479;0.4169;3.7388;false;1.11
516;giro;clown;0;-0.3753;0.4023;5.1626;true;2.40
516;giro;clown;1;-0.1178;0.3172;5.3486;false;2.40
516;giro;acrobat;0;0.5648;0.4497;3.7913;true;1.15
516;giro;acrobat;1;0.7493;0.4167;3.7391;false;1.15
517;giro;clown;0;-0.3738;0.4016;5.2973;true;2.40
517;giro;clown;1;-0.1181;0.3172;5.3485;false;2.40
517;giro;acrobat;0;0.5543;0.4143;3.8005;true;1.19
517;giro;acrobat;1;0.7505;0.4166;3.7395;false;1.19
518;giro;clown;0;-0.3749;0.3780;5.4343;true;2.40
518;giro;clown;1;-0.1200;0.3172;5.3485;false;2.40
518;giro;acrobat;0;0.5554;0.4071;3.8014;false;1.22
518;giro;acrobat;1;0.7521;0.4164;3.7402;false;1.22
519;giro;clown;0;-0.3719;0.3369;5.5436;true;2.40
519;giro;clown;1;-0.1223;0.3171;5.3487;false;2.40
519;giro;acrobat;0;0.5559;0.4071;3.8016;false;1.26
519;giro;acrobat;1;0.7508;0.4167;3.7395;false;1.26
520;giro;clown;0;-0.3709;0.2890;5.5958;true;2.40
520;giro;clown;1;-0.1228;0.3170;5.3488;false;2.40
520;giro;acrobat;0;0.5561;0.4071;3.8016;false;1.29
520;giro;acrobat;1;0.7492;0.4171;3.7387;false;1.29
521;giro;clown;0;-0.3728;0.2819;5.5972;false;2.40
521;giro;clown;1;-0.1185;0.3173;5.3485;false;2.40
521;giro;acrobat;0;0.5562;0.4072;3.8015;false;1.33
521;giro;acrobat;1;0.7473;0.4174;3.7378;false;1.33
522;giro;clown;0;-0.3752;0.2819;5.5975;false;2.40
522;giro;clown;1;-0.1106;0.3179;5.3481;true;2.40
522;giro;acrobat;0;0.5560;0.4072;3.8013;false;1.36
522;giro;acrobat;1;0.7451;0.4178;3.7368;false;1.36
523;giro;clown;0;-0.3763;0.2819;5.5976;false;2.40
523;giro;clown;1;-0.1108;0.3567;5.3891;true;2.40
523;giro;acrobat;0;0.5557;0.4073;3.8011;false;1.39
523;giro;acrobat;1;0.7427;0.4182;3.7358;false;1.39
524;giro;clown;0;-0.3755;0.2819;5.5975;false;2.40
524;giro;clown;1;-0.1188;0.3771;5.4920;true;2.40
524;giro;acrobat;0;0.5551;0.4074;3.8008;false;1.42
524;giro;acrobat;1;0.7400;0.4185;3.7348;false;1.42
525;giro;clown;0;-0.3739;0.2819;5.5975;false;2.40
525;giro;clown;1;-0.1163;0.3751;5.6267;true;2.40
525;giro;acrobat;0;0.5543;0.4075;3.8004;false;1.45
525;giro;acrobat;1;0.7371;0.4189;3.7337;true;1.45
526;giro;clown;0;-0.3731;0.2819;5.5975;false;2.40
526;giro;clown;1;-0.1156;0.3502;5.7639;true;2.40
526;giro;acrobat;0;0.5527;0.4076;3.7997;false;1.48
526;giro;acrobat;1;0.7331;0.4538;3.7441;true;1.48
527;freio;clown;0;-0.3740;0.2819;5.5975;false;1.90
527;freio;clown;1;-0.1184;0.3179;5.8540;true;1.90
527;freio;acrobat;0;0.5513;0.4077;3.7991;false;1.49
527;freio;acrobat;1;0.7244;0.4858;3.7743;true;1.49
528;freio;clown;0;-0.3768;0.2821;5.5973;false;1.40
528;freio;clown;1;-0.1195;0.2900;5.9008;true;1.40
528;freio;acrobat;0;0.5500;0.4078;3.7986;false;1.48
528;freio;acrobat;1;0.7120;0.5128;3.8205;true;1.48
529;freio;clown;0;-0.3799;0.2823;5.5972;false;0.90
529;freio;clown;1;-0.1194;0.2673;5.9220;true;0.90
529;freio;acrobat;0;0.5489;0.4078;3.7982;false;1.46
529;freio;acrobat;1;0.6959;0.5332;3.8783;true;1.46
530;freio;clown;0;-0.3827;0.2826;5.5972;false;0.40
530;freio;clown;1;-0.1194;0.2525;5.9264;false;0.40
530;freio;acrobat;0;0.5477;0.4079;3.7977;false;1.42
530;freio;acrobat;1;0.6761;0.5464;3.9444;true;1.42
531;freio;clown;0;-0.3823;0.2825;5.5972;true;0.00
531;freio;clown;1;-0.1190;0.2526;5.9265;false;0.00
531;freio;acrobat;0;0.5465;0.4079;3.7972;false;1.36
531;freio;acrobat;1;0.6526;0.5519;4.0150;true;1.36
532;freio;clown;0;-0.3811;0.3027;5.6015;true;0.00
532;freio;clown;1;-0.1184;0.2526;5.9266;true;0.00
532;freio;acrobat;0;0.5449;0.4080;3.7966;false;1.30
532;freio;acrobat;1;0.6258;0.5494;4.0862;true;1.30
533;freio;clown;0;-0.3786;0.3202;5.6134;true;0.00
533;freio;clown;1;-0.1181;0.2733;5.9256;true;0.00
533;freio;acrobat;0;0.5432;0.4082;3.7958;false;1.24
533;freio;acrobat;1;0.5975;0.5388;4.1546;true;1.24
534;freio;clown;0;-0.3757;0.3344;5.6316;true;0.00
534;freio;clown;1;-0.1178;0.2925;5.9224;true;0.00
534;freio;acrobat;0;0.5411;0.4083;3.7949;false;1.19
534;freio;acrobat;1;0.5701;0.5204;4.2175;true;1.19
535;freio;clown;0;-0.3733;0.3446;5.6546;true;0.00
535;freio;clown;1;-0.1173;0.3089;5.9177;true;0.00
535;freio;acrobat;0;0.5389;0.4085;3.7939;true;1.13
535;freio;acrobat;1;0.5465;0.4952;4.2725;true;1.13
536;freio;clown;0;-0.3720;0.3501;5.6811;true;0.00
536;freio;clown;1;-0.1166;0.3217;5.9116;true;0.00
536;freio;acrobat;0;0.5367;0.4428;3.8058;true;1.09
536;freio;acrobat;1;0.5282;0.4646;4.3169;true;1.09
537;freio;clown;0;-0.3716;0.3506;5.7097;true;0.00
537;freio;clown;1;-0.1161;0.3303;5.9045;true;0.00
537;freio;acrobat;0;0.5293;0.4735;3.8387;true;1.04
537;freio;acrobat;1;0.5165;0.4306;4.3476;true;1.04
538;freio;clown;0;-0.3717;0.3461;5.7391;true;0.00
538;freio;clown;1;-0.1157;0.3340;5.8968;true;0.00
538;freio;acrobat;0;0.5164;0.4993;3.8883;true;0.99
538;freio;acrobat;1;0.5121;0.3951;4.3612;true;0.99
539;freio;clown;0;-0.3718;0.3366;5.7680;true;0.00
539;freio;clown;1;-0.1154;0.3328;5.8889;true;0.00
539;freio;acrobat;0;0.4993;0.5187;3.9513;true;0.95
539;freio;acrobat;1;0.5124;0.3895;4.3618;false;0.95
540;freio;clown;0;-0.3719;0.3226;5.7951;true;0.00
540;freio;clown;1;-0.1152;0.3265;5.8811;true;0.00
540;freio;acrobat;0;0.4738;0.5315;4.0209;true;0.91
540;freio;acrobat;1;0.5132;0.3895;4.3622;false;0.91
541;freio;clown;0;-0.3717;0.3051;5.8188;true;0.00
541;freio;clown;1;-0.1151;0.3156;5.8739;true;0.00
541;freio;acrobat;0;0.4431;0.5365;4.0945;true;0.87
541;freio;acrobat;1;0.5139;0.3895;4.3626;false;0.87
542;freio;clown;0;-0.3716;0.2848;5.8380;true;0.00
542;freio;clown;1;-0.1151;0.3007;5.8675;true;0.00
542;freio;acrobat;0;0.4102;0.5331;4.1694;true;0.83
542;freio;acrobat;1;0.5145;0.3895;4.3629;false;0.83
543;freio;clown;0;-0.3715;0.2631;5.8512;true;0.00
543;freio;clown;1;-0.1150;0.2826;5.8624;true;0.00
543;freio;acrobat;0;0.3781;0.5212;4.2431;true;0.79
543;freio;acrobat;1;0.5149;0.3895;4.3630;false;0.79
544;freio;clown;0;-0.3714;0.2412;5.8570;true;0.00
544;freio;clown;1;-0.1150;0.2624;5.8589;true;0.00
544;freio;acrobat;0;0.3491;0.5016;4.3125;true;0.75
544;freio;acrobat;1;0.5153;0.3895;4.3631;false;0.75
545;freio;clown;0;-0.3714;0.2369;5.8572;false;0.00
545;freio;clown;1;-0.1149;0.2412;5.8573;true;0.00
545;freio;acrobat;0;0.3245;0.4754;4.3740;true;0.72
545;freio;acrobat;1;0.5156;0.3895;4.3631;false;0.72
546;freio;clown;0;-0.3714;0.2369;5.8572;false;0.00
546;freio;clown;1;-0.1149;0.2369;5.8572;false;0.00
546;freio;acrobat;0;0.3050;0.4441;4.4237;true;0.72
546;freio;acrobat;1;0.5157;0.3895;4.3631;false;0.72
547;freio;clown;0;-0.3714;0.2369;5.8572;false;0.00
547;freio;clown;1;-0.1149;0.2369;5.8572;false;0.00
547;freio;acrobat;0;0.2916;0.4096;4.4579;true;0.72
547;freio;acrobat;1;0.5157;0.3895;4.3631;false;0.72
548;freio;clown;0;-0.3714;0.2369;5.8572;false;0.00
548;freio;clown;1;-0.1149;0.2369;5.8572;false;0.00
548;freio;acrobat;0;0.2854;0.3739;4.4731;true;0.72
548;freio;acrobat;1;0.5156;0.3895;4.3630;false;0.72
549;freio;clown;0;-0.3714;0.2369;5.8572;false;0.00
549;freio;clown;1;-0.1149;0.2369;5.8572;false;0.00
549;freio;acrobat;0;0.2854;0.3668;4.4736;false;0.72
549;freio;acrobat;1;0.5156;0.3895;4.3630;false;0.72
550;freio;clown;0;-0.3714;0.2369;5.8572;false;0.00
550;freio;clown;1;-0.1149;0.2369;5.8572;false;0.00
550;freio;acrobat;0;0.2853;0.3668;4.4736;false;0.72
550;freio;acrobat;1;0.5152;0.3895;4.3629;false;0.72
551;freio;clown;0;-0.3714;0.2369;5.8572;false;0.00
551;freio;clown;1;-0.1149;0.2369;5.8572;false;0.00
551;freio;acrobat;0;0.2852;0.3668;4.4736;false;0.72
551;freio;acrobat;1;0.5149;0.3895;4.3628;false;0.72
552;freio;clown;0;-0.3714;0.2369;5.8572;false;0.00
552;freio;clown;1;-0.1149;0.2369;5.8572;false;0.00
552;freio;acrobat;0;0.2850;0.3668;4.4735;false;0.72
552;freio;acrobat;1;0.5145;0.3895;4.3627;false;0.72
553;freio;clown;0;-0.3714;0.2369;5.8572;false;0.00
553;freio;clown;1;-0.1149;0.2369;5.8572;false;0.00
553;freio;acrobat;0;0.2848;0.3669;4.4735;false;0.72
553;freio;acrobat;1;0.5142;0.3895;4.3626;false;0.72
554;freio;clown;0;-0.3714;0.2369;5.8572;false;0.00
554;freio;clown;1;-0.1149;0.2369;5.8572;false;0.00
554;freio;acrobat;0;0.2846;0.3669;4.4734;false;0.72
554;freio;acrobat;1;0.5139;0.3895;4.3625;false;0.72
555;freio;clown;0;-0.3714;0.2369;5.8572;false;0.00
555;freio;clown;1;-0.1149;0.2369;5.8572;false;0.00
555;freio;acrobat;0;0.2843;0.3669;4.4733;false;0.72
555;freio;acrobat;1;0.5136;0.3895;4.3624;false;0.72
556;freio;clown;0;-0.3714;0.2369;5.8572;false;0.00
556;freio;clown;1;-0.1149;0.2369;5.8572;false;0.00
556;freio;acrobat;0;0.2841;0.3669;4.4733;false;0.72
556;freio;acrobat;1;0.5133;0.3895;4.3623;false;0.72
557;freio;clown;0;-0.3714;0.2369;5.8572;false;0.00
557;freio;clown;1;-0.1149;0.2369;5.8572;false;0.00
557;freio;acrobat;0;0.2839;0.3669;4.4732;false;0.72
557;freio;acrobat;1;0.5131;0.3895;4.3622;false;0.72
558;freio;clown;0;-0.3714;0.2369;5.8572;false;0.00
558;freio;clown;1;-0.1149;0.2369;5.8572;false;0.00
558;freio;acrobat;0;0.2836;0.3669;4.4731;false;0.72
558;freio;acrobat;1;0.5129;0.3895;4.3621;false;0.72
559;freio;clown;0;-0.3714;0.2369;5.8572;false;0.00
559;freio;clown;1;-0.1149;0.2369;5.8572;false;0.00
559;freio;acrobat;0;0.2834;0.3669;4.4730;false;0.72
559;freio;acrobat;1;0.5127;0.3895;4.3620;false;0.72
560;freio;clown;0;-0.3714;0.2369;5.8572;false;0.00
560;freio;clown;1;-0.1149;0.2369;5.8572;false;0.00
560;freio;acrobat;0;0.2832;0.3669;4.4729;false;0.72
560;freio;acrobat;1;0.5125;0.3895;4.3620;false;0.72
561;freio;clown;0;-0.3714;0.2369;5.8572;false;0.00
561;freio;clown;1;-0.1149;0.2369;5.8572;false;0.00
561;freio;acrobat;0;0.2829;0.3669;4.4728;false;0.72
561;freio;acrobat;1;0.5124;0.3895;4.3619;false;0.72
562;freio;clown;0;-0.3714;0.2369;5.8572;false;0.00
562;freio;clown;1;-0.1149;0.2369;5.8572;false;0.00
562;freio;acrobat;0;0.2827;0.3669;4.4728;false;0.72
562;freio;acrobat;1;0.5123;0.3895;4.3619;false;0.72
563;freio;clown;0;-0.3714;0.2369;5.8572;false;0.00
563;freio;clown;1;-0.1149;0.2369;5.8572;false;0.00
563;freio;acrobat;0;0.2824;0.3669;4.4727;false;0.72
563;freio;acrobat;1;0.5122;0.3895;4.3619;false;0.72
564;freio;clown;0;-0.3714;0.2369;5.8572;false;0.00
564;freio;clown;1;-0.1149;0.2369;5.8572;false;0.00
564;freio;acrobat;0;0.2822;0.3669;4.4726;false;0.72
564;freio;acrobat;1;0.5122;0.3895;4.3618;false;0.72
565;freio;clown;0;-0.3714;0.2369;5.8572;false;0.00
565;freio;clown;1;-0.1149;0.2369;5.8572;false;0.00
565;freio;acrobat;0;0.2820;0.3669;4.4725;false;0.72
565;freio;acrobat;1;0.5122;0.3895;4.3618;true;0.72
566;freio;clown;0;-0.3714;0.2369;5.8572;false;0.00
566;freio;clown;1;-0.1149;0.2369;5.8572;false;0.00
566;freio;acrobat;0;0.2819;0.3669;4.4725;false;0.72
566;freio;acrobat;1;0.5084;0.4234;4.3707;true;0.72
567;freio;clown;0;-0.3714;0.2369;5.8572;false;0.00
567;freio;clown;1;-0.1149;0.2369;5.8572;false;0.00
567;freio;acrobat;0;0.2820;0.3669;4.4725;false;0.72
567;freio;acrobat;1;0.4983;0.4532;4.3955;true;0.72
568;freio;clown;0;-0.3714;0.2369;5.8572;false;0.00
568;freio;clown;1;-0.1149;0.2369;5.8572;false;0.00
568;freio;acrobat;0;0.2829;0.3669;4.4728;true;0.16
568;freio;acrobat;1;0.4839;0.4774;4.4338;true;0.16
569;freio;clown;0;-0.3714;0.2369;5.8572;false;0.00
569;freio;clown;1;-0.1149;0.2369;5.8572;false;0.00
569;freio;acrobat;0;0.2828;0.4010;4.4745;true;0.00
569;freio;acrobat;1;0.4653;0.4949;4.4824;true;0.00
570;freio;clown;0;-0.3714;0.2369;5.8572;false;0.00
570;freio;clown;1;-0.1149;0.2369;5.8572;false;0.00
570;freio;acrobat;0;0.2817;0.4316;4.4789;true;0.00
570;freio;acrobat;1;0.4430;0.5045;4.5382;true;0.00
571;freio;clown;0;-0.3714;0.2369;5.8572;false;0.00
571;freio;clown;1;-0.1149;0.2369;5.8572;false;0.00
571;freio;acrobat;0;0.2796;0.4570;4.4854;true;0.00
571;freio;acrobat;1;0.4178;0.5058;4.5981;true;0.00
572;freio;clown;0;-0.3714;0.2369;5.8572;false;0.00
572;freio;clown;1;-0.1149;0.2369;5.8572;false;0.00
572;freio;acrobat;0;0.2767;0.4760;4.4935;true;0.00
572;freio;acrobat;1;0.3907;0.4986;4.6592;true;0.00
573;freio;clown;0;-0.3714;0.2369;5.8572;false;0.00
573;freio;clown;1;-0.1149;0.2369;5.8572;false;0.00
573;freio;acrobat;0;0.2731;0.4874;4.5028;true;0.00
573;freio;acrobat;1;0.3637;0.4833;4.7188;true;0.00
574;freio;clown;0;-0.3714;0.2369;5.8572;false;0.00
574;freio;clown;1;-0.1149;0.2369;5.8572;false;0.00
574;freio;acrobat;0;0.2689;0.4905;4.5126;true;0.00
574;freio;acrobat;1;0.3386;0.4605;4.7747;true;0.00
575;freio;clown;0;-0.3714;0.2369;5.8572;false;0.00
575;freio;clown;1;-0.1149;0.2369;5.8572;false;0.00
575;freio;acrobat;0;0.2645;0.4852;4.5227;true;0.00
575;freio;acrobat;1;0.3171;0.4316;4.8240;true;0.00
576;freio;clown;0;-0.3714;0.2369;5.8572;false;0.00
576;freio;clown;1;-0.1149;0.2369;5.8572;false;0.00
576;freio;acrobat;0;0.2601;0.4717;4.5326;true;0.00
576;freio;acrobat;1;0.3002;0.3981;4.8640;true;0.00
577;tab;clown;0;-0.3714;0.2369;5.8572;false;0.00
577;tab;clown;1;-0.1149;0.2369;5.8572;false;0.00
577;tab;acrobat;0;0.2559;0.4507;4.5417;true;0.50
577;tab;acrobat;1;0.2875;0.3584;4.8840;true;0.50
578;tab;clown;0;-0.3714;0.2369;5.8572;false;0.00
578;tab;clown;1;-0.1149;0.2369;5.8572;false;0.00
578;tab;acrobat;0;0.2551;0.4233;4.5496;true;1.00
578;tab;acrobat;1;0.2658;0.3193;4.8823;true;1.00
579;tab;clown;0;-0.3714;0.2369;5.8572;false;0.00
579;tab;clown;1;-0.1149;0.2369;5.8572;false;0.00
579;tab;acrobat;0;0.2561;0.3900;4.5545;true;1.50
579;tab;acrobat;1;0.2564;0.3067;4.8670;true;1.50
580;tab;clown;0;-0.3719;0.2369;5.8574;false;0.59
580;tab;clown;1;-0.1107;0.2366;5.8552;false;0.59
580;tab;acrobat;0;0.2552;0.3414;4.5576;true;2.00
580;tab;acrobat;1;0.3290;0.3149;4.8252;true;2.00
581;tab;clown;0;-0.3738;0.2368;5.8591;false;0.72
581;tab;clown;1;-0.1085;0.2340;5.8472;false;0.72
581;tab;acrobat;0;0.2528;0.3123;4.5582;false;2.40
581;tab;acrobat;1;0.4103;0.3492;4.7697;true;2.40
582;tab;clown;0;-0.3747;0.2366;5.8616;false;0.72
582;tab;clown;1;-0.1151;0.2284;5.8382;false;0.72
582;tab;acrobat;0;0.2504;0.3125;4.5594;false;2.40
582;tab;acrobat;1;0.4839;0.3995;4.7259;true;2.40
583;tab;clown;0;-0.3744;0.2363;5.8634;false;0.72
583;tab;clown;1;-0.1277;0.2217;5.8326;false;0.72
583;tab;acrobat;0;0.2478;0.3128;4.5624;false;2.40
583;tab;acrobat;1;0.5751;0.4373;4.6925;true;2.40
584;tab;clown;0;-0.3735;0.2361;5.8638;false;0.72
584;tab;clown;1;-0.1368;0.2135;5.8246;true;0.72
584;tab;acrobat;0;0.2452;0.3131;4.5670;false;2.40
584;tab;acrobat;1;0.6788;0.4464;4.6575;true;2.40
585;tab;clown;0;-0.3723;0.2363;5.8617;false;0.72
585;tab;clown;1;-0.1394;0.2213;5.7979;true;0.72
585;tab;acrobat;0;0.2433;0.3134;4.5721;true;2.40
585;tab;acrobat;1;0.7678;0.4247;4.6238;true;2.40
586;tab;clown;0;-0.3715;0.2368;5.8577;false;0.72
586;tab;clown;1;-0.1431;0.2360;5.7726;true;0.72
586;tab;acrobat;0;0.2765;0.3693;4.5735;true;2.40
586;tab;acrobat;1;0.8353;0.3793;4.5924;true;2.40
587;tab;clown;0;-0.3712;0.2376;5.8525;false;0.72
587;tab;clown;1;-0.1433;0.2557;5.7479;true;0.72
587;tab;acrobat;0;0.3622;0.4159;4.5808;true;2.40
587;tab;acrobat;1;0.8706;0.3234;4.5724;true;2.40
588;tab;clown;0;-0.3712;0.2382;5.8464;false;0.72
588;tab;clown;1;-0.1387;0.2772;5.7234;true;0.72
588;tab;acrobat;0;0.4806;0.4468;4.5981;true;2.40
588;tab;acrobat;1;0.8735;0.3109;4.5688;false;2.40
589;tab;clown;0;-0.3712;0.2386;5.8396;false;0.72
589;tab;clown;1;-0.1288;0.2975;5.7000;true;0.72
589;tab;acrobat;0;0.6130;0.4568;4.6271;true;2.40
589;tab;acrobat;1;0.8742;0.3107;4.5653;false;2.40
590;tab;clown;0;-0.3703;0.2379;5.8315;true;0.72
590;tab;clown;1;-0.1147;0.3104;5.6609;true;0.72
590;tab;acrobat;0;0.7474;0.4440;4.6549;true;2.40
590;tab;acrobat;1;0.8742;0.3103;4.5620;false;2.40
591;tab;clown;0;-0.3657;0.2606;5.8281;true;0.72
591;tab;clown;1;-0.0996;0.3182;5.6217;true;0.72
591;tab;acrobat;0;0.8675;0.4113;4.6729;true;2.40
591;tab;acrobat;1;0.8737;0.3100;4.5591;false;2.40
592;tab;clown;0;-0.3466;0.2807;5.8259;true;0.72
592;tab;clown;1;-0.0856;0.3193;5.5833;true;0.72
592;tab;acrobat;0;0.9544;0.3633;4.6821;true;2.40
592;tab;acrobat;1;0.8732;0.3098;4.5567;false;2.40
593;tab;clown;0;-0.3144;0.2964;5.8246;true;0.72
593;tab;clown;1;-0.0745;0.3129;5.5465;true;0.72
593;tab;acrobat;0;0.9896;0.3069;4.6848;true;2.40
593;tab;acrobat;1;0.8728;0.3097;4.5551;false;2.40
594;tab;clown;0;-0.2718;0.3070;5.8214;true;0.72
594;tab;clown;1;-0.0671;0.2998;5.5130;true;0.72
594;tab;acrobat;0;0.9898;0.3039;4.6844;false;2.40
594;tab;acrobat;1;0.8727;0.3097;4.5552;false;2.40
595;tab;clown;0;-0.2225;0.3135;5.8126;true;0.72
595;tab;clown;1;-0.0633;0.2821;5.4846;true;0.72
595;tab;acrobat;0;0.9899;0.3039;4.6840;false;2.40
595;tab;acrobat;1;0.8726;0.3100;4.5574;false;2.40
596;tab;clown;0;-0.1699;0.3163;5.7982;true;0.72
596;tab;clown;1;-0.0617;0.2622;5.4642;true;0.72
596;tab;acrobat;0;0.9899;0.3039;4.6838;false;2.40
596;tab;acrobat;1;0.8727;0.3103;4.5601;false;2.40
597;tab;clown;0;-0.1169;0.3155;5.7783;true;0.72
597;tab;clown;1;-0.0608;0.2416;5.4543;true;0.72
597;tab;acrobat;0;0.9900;0.3039;4.6836;false;2.40
597;tab;acrobat;1;0.8728;0.3105;4.5632;false;2.40
598;tab;clown;0;-0.0647;0.3096;5.7572;true;0.72
598;tab;clown;1;-0.0592;0.2375;5.4552;false;0.72
598;tab;acrobat;0;0.9900;0.3039;4.6835;false;2.40
598;tab;acrobat;1;0.8731;0.3108;4.5666;true;2.40
599;tab;clown;0;-0.0198;0.3021;5.7307;true;0.72
599;tab;clown;1;-0.0584;0.2377;5.4554;false;0.72
599;tab;acrobat;0;0.9900;0.3039;4.6825;false;2.40
599;tab;acrobat;1;0.9020;0.3666;4.5639;true;2.40
600;tab;clown;0;0.0183;0.2909;5.7057;true;0.72
600;tab;clown;1;-0.0576;0.2379;5.4559;false;0.72
600;tab;acrobat;0;0.9900;0.3039;4.6815;false;2.40
600;tab;acrobat;1;0.9784;0.4127;4.5540;true;2.40
601;tab;clown;0;0.0484;0.2758;5.6852;true;0.72
601;tab;clown;1;-0.0569;0.2379;5.4565;false;0.72
601;tab;acrobat;0;0.9900;0.3039;4.6814;false;2.40
601;tab;acrobat;1;1.0870;0.4425;4.5414;true;2.40
602;tab;clown;0;0.0692;0.2576;5.6713;true;0.72
602;tab;clown;1;-0.0561;0.2378;5.4574;false;0.72
602;tab;acrobat;0;0.9899;0.3040;4.6831;false;2.40
602;tab;acrobat;1;1.2121;0.4517;4.5320;true;2.40
603;tab;clown;0;0.0787;0.2373;5.6655;true;0.72
603;tab;clown;1;-0.0550;0.2376;5.4587;false;0.72
603;tab;acrobat;0;0.9897;0.3040;4.6869;true;2.40
603;tab;acrobat;1;1.3369;0.4391;4.5285;true;2.40
604;tab;clown;0;0.0803;0.2326;5.6673;false;0.77
604;tab;clown;1;-0.0539;0.2374;5.4604;false;0.77
604;tab;acrobat;0;1.0219;0.3603;4.6857;true;2.40
604;tab;acrobat;1;1.4455;0.4057;4.5269;true;2.40
605;tab;clown;0;0.0810;0.2326;5.6684;false;0.81
605;tab;clown;1;-0.0532;0.2373;5.4615;false;0.81
605;tab;acrobat;0;1.1074;0.4076;4.6819;true;2.40
605;tab;acrobat;1;1.5235;0.3566;4.5234;true;2.40
606;tab;clown;0;0.0815;0.2325;5.6694;false;0.85
606;tab;clown;1;-0.0525;0.2372;5.4625;false;0.85
606;tab;acrobat;0;1.2280;0.4390;4.6812;true;2.40
606;tab;acrobat;1;1.5556;0.2998;4.5196;true;2.40
607;tab;clown;0;0.0819;0.2325;5.6702;false;0.89
607;tab;clown;1;-0.0520;0.2371;5.4635;false;0.89
607;tab;acrobat;0;1.3659;0.4499;4.6865;true;2.40
607;tab;acrobat;1;1.5559;0.2968;4.5188;false;2.40
608;tab;clown;0;0.0820;0.2325;5.6707;false;0.93
608;tab;clown;1;-0.0517;0.2370;5.4642;false;0.93
608;tab;acrobat;0;1.5044;0.4384;4.6916;true;2.40
608;tab;acrobat;1;1.5560;0.2968;4.5183;false;2.40
609;tab;clown;0;0.0818;0.2326;5.6707;false;0.97
609;tab;clown;1;-0.0516;0.2371;5.4646;false;0.97
609;tab;acrobat;0;1.6262;0.4063;4.6929;true;2.40
609;tab;acrobat;1;1.5560;0.2968;4.5183;false;2.40
610;tab;clown;0;0.0814;0.2328;5.6705;false;1.01
610;tab;clown;1;-0.0517;0.2371;5.4646;false;1.01
610;tab;acrobat;0;1.7134;0.3584;4.6928;true;2.40
610;tab;acrobat;1;1.5561;0.2968;4.5189;false;2.40
611;tab;clown;0;0.0808;0.2331;5.6699;false;1.05
611;tab;clown;1;-0.0520;0.2372;5.4645;false;1.05
611;tab;acrobat;0;1.7488;0.3019;4.6932;true;2.40
611;tab;acrobat;1;1.5561;0.2968;4.5197;false;2.40
612;tab;clown;0;0.0802;0.2334;5.6691;false;1.09
612;tab;clown;1;-0.0524;0.2373;5.4640;false;1.09
612;tab;acrobat;0;1.7489;0.2989;4.6938;false;2.40
612;tab;acrobat;1;1.5561;0.2968;4.5201;false;2.40
613;tab;clown;0;0.0793;0.2337;5.6679;false;1.12
613;tab;clown;1;-0.0530;0.2374;5.4633;false;1.12
613;tab;acrobat;0;1.7490;0.2989;4.6944;false;2.40
613;tab;acrobat;1;1.5561;0.2968;4.5201;false;2.40
614;tab;clown;0;0.0783;0.2340;5.6663;false;1.16
614;tab;clown;1;-0.0538;0.2376;5.4622;false;1.16
614;tab;acrobat;0;1.7490;0.2989;4.6951;false;2.40
614;tab;acrobat;1;1.5561;0.2968;4.5197;false;2.40
615;tab;clown;0;0.0771;0.2344;5.6642;false;1.19
615;tab;clown;1;-0.0548;0.2378;5.4607;false;1.19
615;tab;acrobat;0;1.7490;0.2989;4.6956;false;2.40
615;tab;acrobat;1;1.5561;0.2968;4.5188;true;2.40
616;tab;clown;0;0.0756;0.2349;5.6615;false;1.22
616;tab;clown;1;-0.0560;0.2381;5.4586;false;1.22
616;tab;acrobat;0;1.7490;0.2989;4.6955;false;2.40
616;tab;acrobat;1;1.5843;0.3543;4.5191;true;2.40
617;tab;clown;0;0.0739;0.2355;5.6583;false;1.25
617;tab;clown;1;-0.0573;0.2383;5.4561;false;1.25
617;tab;acrobat;0;1.7489;0.2989;4.6948;false;2.40
617;tab;acrobat;1;1.6588;0.4050;4.5198;true;2.40
618;tab;clown;0;0.0722;0.2361;5.6544;false;1.29
618;tab;clown;1;-0.0588;0.2386;5.4532;true;1.29
618;tab;acrobat;0;1.7489;0.2989;4.6943;false;2.40
618;tab;acrobat;1;1.7642;0.4411;4.5191;true;2.40
619;tab;clown;0;0.0700;0.2368;5.6494;false;1.32
619;tab;clown;1;-0.0493;0.2629;5.4467;true;1.32
619;tab;acrobat;0;1.7489;0.2989;4.6943;false;2.40
619;tab;acrobat;1;1.8854;0.4571;4.5187;true;2.40
620;tab;clown;0;0.0684;0.2371;5.6449;false;1.35
620;tab;clown;1;-0.0195;0.2844;5.4340;true;1.35
620;tab;acrobat;0;1.7489;0.2989;4.6954;false;2.40
620;tab;acrobat;1;2.0068;0.4509;4.5204;true;2.40
621;tab;clown;0;0.0674;0.2371;5.6418;false;1.38
621;tab;clown;1;0.0265;0.3015;5.4147;true;1.38
621;tab;acrobat;0;1.7488;0.2990;4.6974;false;2.40
621;tab;acrobat;1;2.1130;0.4234;4.5233;true;2.40
622;tab;clown;0;0.0674;0.2369;5.6409;true;1.41
622;tab;clown;1;0.0843;0.3124;5.3890;true;1.41
622;tab;acrobat;0;1.7488;0.2990;4.6995;false;2.40
622;tab;acrobat;1;2.1893;0.3787;4.5243;true;2.40
623;tab;clown;0;0.0827;0.2630;5.6379;true;1.44
623;tab;clown;1;0.1497;0.3157;5.3591;true;1.44
623;tab;acrobat;0;1.7487;0.2991;4.7023;true;2.40
623;tab;acrobat;1;2.2205;0.3237;4.5236;true;2.40
624;tab;clown;0;0.1243;0.2860;5.6256;true;1.46
624;tab;clown;1;0.2184;0.3105;5.3288;true;1.46
624;tab;acrobat;0;1.7818;0.3574;4.7011;true;2.40
624;tab;acrobat;1;2.2208;0.3207;4.5226;false;2.40
625;tab;clown;0;0.1864;0.3035;5.6043;true;1.49
625;tab;clown;1;0.2848;0.2966;5.3001;true;1.49
625;tab;acrobat;0;1.8698;0.4097;4.6956;true;2.40
625;tab;acrobat;1;2.2210;0.3207;4.5215;false;2.40
626;tab;clown;0;0.2633;0.3135;5.5770;true;1.51
626;tab;clown;1;0.3422;0.2753;5.2739;true;1.51
626;tab;acrobat;0;1.9942;0.4484;4.6929;true;2.40
626;tab;acrobat;1;2.2211;0.3207;4.5210;false;2.40
627;tab;clown;0;0.3485;0.3143;5.5465;true;1.54
627;tab;clown;1;0.3840;0.2484;5.2533;true;1.54
627;tab;acrobat;0;2.1367;0.4677;4.6955;true;2.40
627;tab;acrobat;1;2.2211;0.3207;4.5210;false;2.40
628;tab;clown;0;0.4342;0.3055;5.5138;true;1.56
628;tab;clown;1;0.4036;0.2188;5.2429;true;1.56
628;tab;acrobat;0;2.2798;0.4646;4.6976;true;2.40
628;tab;acrobat;1;2.2211;0.3207;4.5213;false;2.40
629;tab;clown;0;0.5123;0.2877;5.4818;true;1.58
629;tab;clown;1;0.4049;0.2127;5.2436;false;1.58
629;tab;acrobat;0;2.4053;0.4398;4.6967;true;2.40
629;tab;acrobat;1;2.2211;0.3207;4.5218;false;2.40
630;tab;clown;0;0.5738;0.2627;5.4544;true;1.60
630;tab;clown;1;0.4055;0.2126;5.2447;false;1.60
630;tab;acrobat;0;2.4951;0.3972;4.6956;true;2.40
630;tab;acrobat;1;2.2212;0.3207;4.5224;false;2.40
631;tab;clown;0;0.6110;0.2328;5.4383;true;1.62
631;tab;clown;1;0.4064;0.2124;5.2465;false;1.62
631;tab;acrobat;0;2.5316;0.3428;4.6960;true;2.40
631;tab;acrobat;1;2.2212;0.3207;4.5228;false;2.40
632;tab;clown;0;0.6182;0.2144;5.4368;false;1.64
632;tab;clown;1;0.4071;0.2122;5.2481;false;1.64
632;tab;acrobat;0;2.5319;0.3398;4.6967;false;2.40
632;tab;acrobat;1;2.2212;0.3207;4.5222;false;2.40
633;tab;clown;0;0.6188;0.2142;5.4382;false;1.66
633;tab;clown;1;0.4070;0.2122;5.2481;false;1.66
633;tab;acrobat;0;2.5320;0.3398;4.6977;false;2.40
633;tab;acrobat;1;2.2211;0.3207;4.5202;true;2.40
634;tab;clown;0;0.6192;0.2141;5.4394;false;1.69
634;tab;clown;1;0.4065;0.2123;5.2473;false;1.69
634;tab;acrobat;0;2.5321;0.3398;4.6985;false;2.40
634;tab;acrobat;1;2.2506;0.3794;4.5211;true;2.40
635;tab;clown;0;0.6195;0.2140;5.4403;false;1.71
635;tab;clown;1;0.4058;0.2124;5.2459;false;1.71
635;tab;acrobat;0;2.5321;0.3398;4.6987;false;2.40
635;tab;acrobat;1;2.3285;0.4330;4.5235;true;2.40
636;tab;clown;0;0.6196;0.2140;5.4408;false;1.74
636;tab;clown;1;0.4048;0.2126;5.2436;false;1.74
636;tab;acrobat;0;2.5320;0.3398;4.6984;false;2.40
636;tab;acrobat;1;2.4387;0.4734;4.5240;true;2.40
637;tab;clown;0;0.6195;0.2140;5.4407;false;1.76
637;tab;clown;1;0.4036;0.2129;5.2405;true;1.76
637;tab;acrobat;0;2.5320;0.3398;4.6979;false;2.40
637;tab;acrobat;1;2.5653;0.4944;4.5231;true;2.40
638;tab;clown;0;0.6184;0.2142;5.4385;false;1.78
638;tab;clown;1;0.4226;0.2464;5.2332;true;1.78
638;tab;acrobat;0;2.5320;0.3398;4.6976;false;2.40
638;tab;acrobat;1;2.6924;0.4932;4.5238;true;2.40
639;tab;clown;0;0.6173;0.2144;5.4357;false;1.80
639;tab;clown;1;0.4755;0.2760;5.2186;true;1.80
639;tab;acrobat;0;2.5320;0.3398;4.6976;false;2.40
639;tab;acrobat;1;2.8036;0.4700;4.5262;true;2.40
640;tab;clown;0;0.6164;0.2146;5.4333;false;1.82
640;tab;clown;1;0.5513;0.2975;5.1958;true;1.82
640;tab;acrobat;0;2.5320;0.3398;4.6980;false;2.40
640;tab;acrobat;1;2.8832;0.4284;4.5279;true;2.40
641;tab;clown;0;0.6161;0.2146;5.4319;false;1.84
641;tab;clown;1;0.6394;0.3072;5.1676;true;1.84
641;tab;acrobat;0;2.5319;0.3399;4.6990;false;2.40
641;tab;acrobat;1;2.9157;0.3746;4.5272;true;2.40
642;tab;clown;0;0.6161;0.2146;5.4322;false;1.86
642;tab;clown;1;0.7295;0.3033;5.1398;true;1.86
642;tab;acrobat;0;2.5318;0.3399;4.7009;false;2.40
642;tab;acrobat;1;2.9160;0.3717;4.5266;false;2.40
643;tab;clown;0;0.6165;0.2146;5.4337;false;1.88
643;tab;clown;1;0.8095;0.2859;5.1166;true;1.88
643;tab;acrobat;0;2.5317;0.3400;4.7046;true;2.40
643;tab;acrobat;1;2.9162;0.3717;4.5254;false;2.40
644;tab;clown;0;0.6169;0.2146;5.4356;true;1.89
644;tab;clown;1;0.8668;0.2577;5.0994;true;1.89
644;tab;acrobat;0;2.5647;0.3985;4.7043;true;2.40
644;tab;acrobat;1;2.9164;0.3717;4.5242;false;2.40
645;tab;clown;0;0.6428;0.2507;5.4292;true;1.91
645;tab;clown;1;0.8884;0.2234;5.0920;false;1.91
645;tab;acrobat;0;2.6522;0.4514;4.6994;true;2.40
645;tab;acrobat;1;2.9164;0.3717;4.5239;false;2.40
646;tab;clown;0;0.7102;0.2825;5.4073;true;1.92
646;tab;clown;1;0.8883;0.2235;5.0905;false;1.92
646;tab;acrobat;0;2.7758;0.4910;4.6983;true;2.40
646;tab;acrobat;1;2.9164;0.3717;4.5242;false;2.40
647;tab;clown;0;0.8063;0.3046;5.3797;true;1.93
647;tab;clown;1;0.8882;0.2236;5.0894;false;1.93
647;tab;acrobat;0;2.9176;0.5111;4.7014;true;2.40
647;tab;acrobat;1;2.9164;0.3717;4.5246;false;2.40
648;tab;clown;0;0.9172;0.3132;5.3519;true;1.95
648;tab;clown;1;0.8883;0.2236;5.0892;false;1.95
648;tab;acrobat;0;3.0601;0.5089;4.7031;true;2.40
648;tab;acrobat;1;2.9164;0.3717;4.5251;false;2.40
649;tab;clown;0;1.0257;0.3065;5.3221;true;1.97
649;tab;clown;1;0.8887;0.2236;5.0899;false;1.97
649;tab;acrobat;0;3.1848;0.4849;4.7017;true;2.40
649;tab;acrobat;1;2.9164;0.3717;4.5252;false;2.40
650;tab;clown;0;1.1151;0.2855;5.2944;true;1.98
650;tab;clown;1;0.8891;0.2235;5.0910;false;1.98
650;tab;acrobat;0;3.2740;0.4428;4.7002;true;2.40
650;tab;acrobat;1;2.9164;0.3717;4.5248;false;2.40
651;tab;clown;0;1.1698;0.2534;5.2777;true;2.00
651;tab;clown;1;0.8896;0.2233;5.0922;false;2.00
651;tab;acrobat;0;3.3105;0.3887;4.7010;true;2.40
651;tab;acrobat;1;2.9163;0.3717;4.5234;false;2.40
652;tab;clown;0;1.1793;0.2329;5.2762;false;2.02
652;tab;clown;1;0.8895;0.2233;5.0921;false;2.02
652;tab;acrobat;0;3.3108;0.3858;4.7022;false;2.40
652;tab;acrobat;1;2.9162;0.3719;4.5205;true;2.40
653;tab;clown;0;1.1800;0.2329;5.2780;false;2.04
653;tab;clown;1;0.8885;0.2235;5.0891;true;2.04
653;tab;acrobat;0;3.3110;0.3858;4.7037;false;2.40
653;tab;acrobat;1;2.9483;0.4287;4.5212;true;2.40
654;tab;clown;0;1.1803;0.2328;5.2790;false;2.06
654;tab;clown;1;0.9143;0.2625;5.0820;true;2.06
654;tab;acrobat;0;3.3110;0.3857;4.7045;false;2.40
654;tab;acrobat;1;3.0332;0.4774;4.5269;true;2.40
655;tab;clown;0;1.1801;0.2328;5.2789;false;2.07
655;tab;clown;1;0.9831;0.2963;5.0677;true;2.07
655;tab;acrobat;0;3.3109;0.3857;4.7044;false;2.40
655;tab;acrobat;1;3.1532;0.5110;4.5301;true;2.40
656;tab;clown;0;1.1797;0.2328;5.2781;false;2.09
656;tab;clown;1;1.0776;0.3185;5.0448;true;2.09
656;tab;acrobat;0;3.3109;0.3858;4.7037;false;2.40
656;tab;acrobat;1;3.2908;0.5244;4.5294;true;2.40
657;tab;clown;0;1.1794;0.2329;5.2771;false;2.10
657;tab;clown;1;1.1821;0.3244;5.0187;true;2.10
657;tab;acrobat;0;3.3109;0.3858;4.7028;false;2.40
657;tab;acrobat;1;3.4290;0.5153;4.5297;true;2.40
658;tab;clown;0;1.1792;0.2329;5.2762;false;2.11
658;tab;clown;1;1.2800;0.3126;4.9963;true;2.11
658;tab;acrobat;0;3.3110;0.3857;4.7018;false;2.40
658;tab;acrobat;1;3.5500;0.4853;4.5323;true;2.40
659;tab;clown;0;1.1791;0.2329;5.2755;false;2.13
659;tab;clown;1;1.3532;0.2852;4.9805;true;2.13
659;tab;acrobat;0;3.3110;0.3857;4.7012;false;2.40
659;tab;acrobat;1;3.6366;0.4389;4.5345;true;2.40
660;tab;clown;0;1.1792;0.2329;5.2757;false;2.14
660;tab;clown;1;1.3833;0.2475;4.9734;true;2.14
660;tab;acrobat;0;3.3110;0.3857;4.7013;false;2.40
660;tab;acrobat;1;3.6719;0.3831;4.5344;true;2.40
661;tab;clown;0;1.1794;0.2329;5.2774;false;2.15
661;tab;clown;1;1.3834;0.2461;4.9728;false;2.15
661;tab;acrobat;0;3.3109;0.3858;4.7027;false;2.40
661;tab;acrobat;1;3.6722;0.3801;4.5335;false;2.40
662;tab;clown;0;1.1801;0.2331;5.2811;true;2.17
662;tab;clown;1;1.3833;0.2462;4.9713;false;2.17
662;tab;acrobat;0;3.3107;0.3859;4.7060;true;2.40
662;tab;acrobat;1;3.6724;0.3801;4.5321;false;2.40
663;tab;clown;0;1.2135;0.2748;5.2737;true;2.18
663;tab;clown;1;1.3832;0.2462;4.9698;false;2.18
663;tab;acrobat;0;3.3433;0.4413;4.7062;true;2.40
663;tab;acrobat;1;3.6726;0.3802;4.5308;false;2.40
664;tab;clown;0;1.2992;0.3113;5.2517;true;2.19
664;tab;clown;1;1.3832;0.2462;4.9695;false;2.19
664;tab;acrobat;0;3.4297;0.4864;4.7035;true;2.40
664;tab;acrobat;1;3.6727;0.3802;4.5305;false;2.40
665;tab;clown;0;1.4172;0.3346;5.2286;true;2.20
665;tab;clown;1;1.3832;0.2462;4.9697;false;2.20
665;tab;acrobat;0;3.5517;0.5148;4.7047;true;2.40
665;tab;acrobat;1;3.6726;0.3802;4.5309;false;2.40
666;tab;clown;0;1.5445;0.3395;5.2039;true;2.21
666;tab;clown;1;1.3832;0.2462;4.9697;false;2.21
666;tab;acrobat;0;3.6918;0.5221;4.7093;true;2.40
666;tab;acrobat;1;3.6726;0.3801;4.5318;false;2.40
667;tab;clown;0;1.6566;0.3250;5.1781;true;2.22
667;tab;clown;1;1.3831;0.2462;4.9691;false;2.22
667;tab;acrobat;0;3.8326;0.5070;4.7114;true;2.40
667;tab;acrobat;1;3.6727;0.3801;4.5327;false;2.40
668;tab;clown;0;1.7309;0.2938;5.1609;true;2.24
668;tab;clown;1;1.3826;0.2463;4.9672;false;2.24
668;tab;acrobat;0;3.9558;0.4718;4.7098;true;2.40
668;tab;acrobat;1;3.6727;0.3801;4.5332;false;2.40
669;tab;clown;0;1.7484;0.2664;5.1584;false;2.25
669;tab;clown;1;1.3817;0.2466;4.9630;false;2.25
669;tab;acrobat;0;4.0440;0.4216;4.7085;true;2.40
669;tab;acrobat;1;3.6727;0.3801;4.5328;false;2.40
670;tab;clown;0;1.7491;0.2664;5.1604;false;2.26
670;tab;clown;1;1.3803;0.2470;4.9546;true;2.26
670;tab;acrobat;0;4.0799;0.3642;4.7094;true;2.40
670;tab;acrobat;1;3.6726;0.3802;4.5305;false;2.40
671;tab;clown;0;1.7495;0.2664;5.1618;false;2.27
671;tab;clown;1;1.4179;0.2911;4.9488;true;2.27
671;tab;acrobat;0;4.0803;0.3612;4.7110;false;2.40
671;tab;acrobat;1;3.6724;0.3804;4.5264;true;2.40
672;tab;clown;0;1.7494;0.2664;5.1619;false;2.28
672;tab;clown;1;1.5162;0.3294;4.9438;true;2.28
672;tab;acrobat;0;4.0805;0.3612;4.7125;false;2.40
672;tab;acrobat;1;3.7054;0.4351;4.5266;true;2.40
673;tab;clown;0;1.7491;0.2664;5.1610;false;2.29
673;tab;clown;1;1.6457;0.3537;4.9241;true;2.29
673;tab;acrobat;0;4.0805;0.3611;4.7133;false;2.40
673;tab;acrobat;1;3.7928;0.4779;4.5339;true;2.40
674;tab;clown;0;1.7489;0.2664;5.1601;false;2.30
674;tab;clown;1;1.7810;0.3581;4.8988;true;2.30
674;tab;acrobat;0;4.0804;0.3612;4.7131;false;2.40
674;tab;acrobat;1;3.9162;0.5032;4.5384;true;2.40
675;tab;clown;0;1.7488;0.2664;5.1594;false;2.31
675;tab;clown;1;1.8967;0.3413;4.8803;true;2.31
675;tab;acrobat;0;4.0803;0.3612;4.7122;false;2.40
675;tab;acrobat;1;4.0577;0.5072;4.5380;true;2.40
676;tab;clown;0;1.7488;0.2664;5.1592;false;2.32
676;tab;clown;1;1.9648;0.3072;4.8696;true;2.32
676;tab;acrobat;0;4.0803;0.3612;4.7110;false;2.40
676;tab;acrobat;1;4.1998;0.4888;4.5383;true;2.40
677;tab;clown;0;1.7489;0.2665;5.1604;false;2.32
677;tab;clown;1;1.9728;0.2889;4.8679;false;2.32
677;tab;acrobat;0;4.0804;0.3612;4.7098;false;2.40
677;tab;acrobat;1;4.3243;0.4505;4.5413;true;2.40
678;tab;clown;0;1.7493;0.2666;5.1640;true;2.33
678;tab;clown;1;1.9728;0.2890;4.8664;false;2.33
678;tab;acrobat;0;4.0805;0.3611;4.7090;false;2.40
678;tab;acrobat;1;4.4134;0.3981;4.5437;true;2.40
679;tab;clown;0;1.7870;0.3126;5.1576;true;2.34
679;tab;clown;1;1.9728;0.2891;4.8648;false;2.34
679;tab;acrobat;0;4.0805;0.3611;4.7093;false;2.40
679;tab;acrobat;1;4.4497;0.3399;4.5435;true;2.40
680;tab;clown;0;1.8824;0.3536;5.1395;true;2.35
680;tab;clown;1;1.9728;0.2891;4.8644;false;2.35
680;tab;acrobat;0;4.0803;0.3612;4.7110;false;2.40
680;tab;acrobat;1;4.4500;0.3369;4.5427;false;2.40
681;tab;clown;0;2.0097;0.3794;5.1220;true;2.35
681;tab;clown;1;1.9728;0.2891;4.8646;false;2.35
681;tab;acrobat;0;4.0801;0.3613;4.7145;true;2.40
681;tab;acrobat;1;4.4502;0.3370;4.5413;false;2.40
682;tab;clown;0;2.1412;0.3838;5.1026;true;2.36
682;tab;clown;1;1.9729;0.2890;4.8648;false;2.36
682;tab;acrobat;0;4.1130;0.4162;4.7148;true;2.40
682;tab;acrobat;1;4.4504;0.3370;4.5400;false;2.40
683;tab;clown;0;2.2487;0.3660;5.0833;true;2.36
683;tab;clown;1;1.9728;0.2890;4.8645;false;2.36
683;tab;acrobat;0;4.2002;0.4600;4.7118;true;2.40
683;tab;acrobat;1;4.4504;0.3370;4.5397;false;2.40
684;tab;clown;0;2.3057;0.3304;5.0739;true;2.36
684;tab;clown;1;1.9725;0.2891;4.8627;false;2.36
684;tab;acrobat;0;4.3233;0.4864;4.7131;true;2.40
684;tab;acrobat;1;4.4504;0.3370;4.5401;false;2.40
685;tab;clown;0;2.3096;0.3183;5.0750;false;2.36
685;tab;clown;1;1.9717;0.2895;4.8578;false;2.36
685;tab;acrobat;0;4.4647;0.4914;4.7177;true;2.40
685;tab;acrobat;1;4.4504;0.3370;4.5408;false;2.40
686;tab;clown;0;2.3102;0.3183;5.0772;false;2.36
686;tab;clown;1;1.9707;0.2897;4.8489;true;2.36
686;tab;acrobat;0;4.6067;0.4741;4.7196;true;2.40
686;tab;acrobat;1;4.4504;0.3370;4.5413;false;2.40
687;tab;clown;0;2.3105;0.3183;5.0783;false;2.36
687;tab;clown;1;2.0117;0.3360;4.8450;true;2.36
687;tab;acrobat;0;4.7310;0.4370;4.7181;true;2.40
687;tab;acrobat;1;4.4505;0.3369;4.5414;false;2.40
688;tab;clown;0;2.3102;0.3183;5.0777;false;2.36
688;tab;clown;1;2.1167;0.3760;4.8440;true;2.36
688;tab;acrobat;0;4.8199;0.3853;4.7171;true;2.40
688;tab;acrobat;1;4.4504;0.3370;4.5409;false;2.40
689;tab;clown;0;2.3099;0.3183;5.0765;false;2.37
689;tab;clown;1;2.2535;0.4008;4.8286;true;2.37
689;tab;acrobat;0;4.8562;0.3274;4.7181;true;2.40
689;tab;acrobat;1;4.4504;0.3370;4.5392;false;2.40
690;tab;clown;0;2.3098;0.3183;5.0757;false;2.37
690;tab;clown;1;2.3935;0.4038;4.8096;true;2.37
690;tab;acrobat;0;4.8565;0.3244;4.7190;false;2.40
690;tab;acrobat;1;4.4502;0.3372;4.5362;true;2.40
691;tab;clown;0;2.3097;0.3183;5.0754;false;2.37
691;tab;clown;1;2.5079;0.3847;4.7972;true;2.37
691;tab;acrobat;0;4.8567;0.3244;4.7203;false;2.40
691;tab;acrobat;1;4.4824;0.3939;4.5369;true;2.40
692;tab;clown;0;2.3098;0.3184;5.0764;false;2.37
692;tab;clown;1;2.5668;0.3479;4.7904;true;2.37
692;tab;acrobat;0;4.8567;0.3244;4.7210;false;2.40
692;tab;acrobat;1;4.5676;0.4422;4.5430;true;2.40
693;tab;clown;0;2.3100;0.3185;5.0798;false;2.38
693;tab;clown;1;2.5695;0.3375;4.7893;false;2.38
693;tab;acrobat;0;4.8567;0.3244;4.7209;false;2.40
693;tab;acrobat;1;4.6878;0.4753;4.5464;true;2.40
694;tab;clown;0;2.3108;0.3187;5.0863;true;2.37
694;tab;clown;1;2.5696;0.3376;4.7874;false;2.37
694;tab;acrobat;0;4.8566;0.3244;4.7205;false;2.40
694;tab;acrobat;1;4.8258;0.4880;4.5459;true;2.40
695;tab;clown;0;2.3522;0.3642;5.0807;true;2.37
695;tab;clown;1;2.5696;0.3376;4.7858;false;2.37
695;tab;acrobat;0;4.8566;0.3244;4.7199;false;2.40
695;tab;acrobat;1;4.9643;0.4784;4.5462;true;2.40
696;tab;clown;0;2.4559;0.4024;5.0598;true;2.37
696;tab;clown;1;2.5696;0.3376;4.7859;false;2.37
696;tab;acrobat;0;4.8566;0.3244;4.7195;false;2.40
696;tab;acrobat;1;5.0857;0.4479;4.5488;true;2.40
697;tab;clown;0;2.5931;0.4241;5.0446;true;2.36
697;tab;clown;1;2.5697;0.3376;4.7866;false;2.36
697;tab;acrobat;0;4.8567;0.3244;4.7193;false;2.40
697;tab;acrobat;1;5.1725;0.4011;4.5507;true;2.40
698;tab;clown;0;2.7335;0.4241;5.0298;true;2.35
698;tab;clown;1;2.5698;0.3375;4.7869;false;2.35
698;tab;acrobat;0;4.8567;0.3244;4.7195;false;2.40
698;tab;acrobat;1;5.2079;0.3451;4.5504;true;2.40
699;tab;clown;0;2.8473;0.4030;5.0135;true;2.34
699;tab;clown;1;2.5697;0.3376;4.7863;false;2.34
699;tab;acrobat;0;4.8566;0.3244;4.7205;false;2.40
699;tab;acrobat;1;5.2082;0.3422;4.5499;false;2.40
700;tab;clown;0;2.9074;0.3659;5.0057;true;2.34
700;tab;clown;1;2.5692;0.3378;4.7829;false;2.34
700;tab;acrobat;0;4.8564;0.3245;4.7229;true;2.40
700;tab;acrobat;1;5.2084;0.3422;4.5489;false;2.40
701;tab;clown;0;2.9114;0.3540;5.0074;false;2.34
701;tab;clown;1;2.5682;0.3383;4.7752;true;2.34
701;tab;acrobat;0;4.8876;0.3833;4.7225;true;2.40
701;tab;acrobat;1;5.2085;0.3422;4.5479;false;2.40
702;tab;clown;0;2.9119;0.3540;5.0094;false;2.33
702;tab;clown;1;2.6074;0.3817;4.7718;true;2.33
702;tab;acrobat;0;4.9698;0.4374;4.7203;true;2.40
702;tab;acrobat;1;5.2086;0.3422;4.5475;false;2.40
703;tab;clown;0;2.9118;0.3540;5.0099;false;2.33
703;tab;clown;1;2.7080;0.4155;4.7725;true;2.33
703;tab;acrobat;0;5.0860;0.4785;4.7210;true;2.40
703;tab;acrobat;1;5.2086;0.3422;4.5476;false;2.40
704;tab;clown;0;2.9116;0.3540;5.0091;false;2.34
704;tab;clown;1;2.8395;0.4329;4.7611;true;2.34
704;tab;acrobat;0;5.2194;0.5003;4.7240;true;2.40
704;tab;acrobat;1;5.2085;0.3422;4.5478;false;2.40
705;tab;clown;0;2.9114;0.3540;5.0078;false;2.34
705;tab;clown;1;2.9753;0.4289;4.7465;true;2.34
705;tab;acrobat;0;5.3534;0.4998;4.7251;true;2.40
705;tab;acrobat;1;5.2085;0.3422;4.5479;false;2.40
706;tab;clown;0;2.9114;0.3540;5.0066;false;2.34
706;tab;clown;1;3.0880;0.4046;4.7375;true;2.34
706;tab;acrobat;0;5.4707;0.4773;4.7238;true;2.40
706;tab;acrobat;1;5.2085;0.3422;4.5476;false;2.40
707;tab;clown;0;2.9114;0.3540;5.0061;false;2.33
707;tab;clown;1;3.1496;0.3658;4.7327;true;2.33
707;tab;acrobat;0;5.5546;0.4363;4.7230;true;2.40
707;tab;acrobat;1;5.2085;0.3422;4.5470;false;2.40
708;tab;clown;0;2.9115;0.3540;5.0085;false;2.33
708;tab;clown;1;3.1543;0.3516;4.7313;false;2.33
708;tab;acrobat;0;5.5889;0.3826;4.7239;true;2.40
708;tab;acrobat;1;5.2085;0.3423;4.5460;false;2.40
709;tab;clown;0;2.9117;0.3543;5.0141;true;2.32
709;tab;clown;1;3.1544;0.3517;4.7294;false;2.32
709;tab;acrobat;0;5.5891;0.3797;4.7245;false;2.40
709;tab;acrobat;1;5.2084;0.3423;4.5441;false;2.40
710;tab;clown;0;2.9500;0.3961;5.0105;true;2.31
710;tab;clown;1;3.1545;0.3517;4.7277;false;2.31
710;tab;acrobat;0;5.5893;0.3797;4.7255;false;2.40
710;tab;acrobat;1;5.2086;0.3423;4.5402;true;2.40
711;tab;clown;0;3.0462;0.4270;4.9961;true;2.31
711;tab;clown;1;3.1545;0.3517;4.7278;false;2.31
711;tab;acrobat;0;5.5894;0.3797;4.7264;false;2.40
711;tab;acrobat;1;5.2406;0.4022;4.5415;true;2.40
712;tab;clown;0;3.1740;0.4406;4.9867;true;2.30
712;tab;clown;1;3.1546;0.3517;4.7287;false;2.30
712;tab;acrobat;0;5.5894;0.3797;4.7266;false;2.40
712;tab;acrobat;1;5.3256;0.4590;4.5476;true;2.40
713;tab;clown;0;3.3072;0.4333;4.9767;true;2.29
713;tab;clown;1;3.1547;0.3517;4.7294;false;2.29
713;tab;acrobat;0;5.5894;0.3797;4.7263;false;2.40
713;tab;acrobat;1;5.4460;0.5038;4.5509;true;2.40
714;tab;clown;0;3.4188;0.4071;4.9637;true;2.29
714;tab;clown;1;3.1547;0.3517;4.7290;false;2.29
714;tab;acrobat;0;5.5894;0.3797;4.7260;false;2.40
714;tab;acrobat;1;5.5841;0.5300;4.5504;true;2.40
715;tab;clown;0;3.4840;0.3679;4.9566;true;2.29
715;tab;clown;1;3.1542;0.3519;4.7253;false;2.29
715;tab;acrobat;0;5.5894;0.3797;4.7259;false;2.40
715;tab;acrobat;1;5.7227;0.5339;4.5506;true;2.40
716;tab;clown;0;3.4919;0.3494;4.9579;false;2.29
716;tab;clown;1;3.1533;0.3527;4.7166;true;2.29
716;tab;acrobat;0;5.5894;0.3797;4.7261;false;2.40
716;tab;acrobat;1;5.8441;0.5153;4.5529;true;2.40
717;tab;clown;0;3.4924;0.3494;4.9602;false;2.29
717;tab;clown;1;3.1911;0.3936;4.7133;true;2.29
717;tab;acrobat;0;5.5893;0.3797;4.7265;false;2.40
717;tab;acrobat;1;5.9310;0.4770;4.5547;true;2.40
718;tab;clown;0;3.4923;0.3493;4.9608;false;2.29
718;tab;clown;1;3.2884;0.4223;4.7178;true;2.29
718;tab;acrobat;0;5.5893;0.3797;4.7273;false;2.40
718;tab;acrobat;1;5.9665;0.4245;4.5543;true;2.40
719;tab;clown;0;3.4921;0.3494;4.9601;false;2.29
719;tab;clown;1;3.4169;0.4342;4.7110;true;2.29
719;tab;acrobat;0;5.5892;0.3798;4.7290;false;2.40
719;tab;acrobat;1;5.9667;0.4215;4.5537;false;2.40
720;tab;clown;0;3.4919;0.3494;4.9586;false;2.29
720;tab;clown;1;3.5506;0.4254;4.6996;true;2.29
720;tab;acrobat;0;5.5892;0.3798;4.7326;true;2.40
720;tab;acrobat;1;5.9669;0.4215;4.5526;false;2.40
721;tab;clown;0;3.4919;0.3494;4.9569;false;2.29
721;tab;clown;1;3.6640;0.3977;4.6930;true;2.29
721;tab;acrobat;0;5.6214;0.4394;4.7318;true;2.40
721;tab;acrobat;1;5.9670;0.4215;4.5516;false;2.40
722;tab;clown;0;3.4919;0.3493;4.9563;false;2.29
722;tab;clown;1;3.7309;0.3576;4.6896;true;2.29
722;tab;acrobat;0;5.7069;0.4953;4.7268;true;2.40
722;tab;acrobat;1;5.9670;0.4215;4.5513;false;2.40
723;tab;clown;0;3.4919;0.3494;4.9590;false;2.29
723;tab;clown;1;3.7393;0.3380;4.6880;false;2.29
723;tab;acrobat;0;5.8276;0.5389;4.7251;true;2.40
723;tab;acrobat;1;5.9670;0.4215;4.5515;false;2.40
724;tab;clown;0;3.4920;0.3498;4.9649;true;2.28
724;tab;clown;1;3.7394;0.3381;4.6859;false;2.28
724;tab;acrobat;0;5.9662;0.5637;4.7270;true;2.40
724;tab;acrobat;1;5.9670;0.4215;4.5519;false;2.40
725;tab;clown;0;3.5295;0.3894;4.9622;true;2.28
725;tab;clown;1;3.7395;0.3382;4.6842;false;2.28
725;tab;acrobat;0;6.1053;0.5663;4.7277;true;2.40
725;tab;acrobat;1;5.9670;0.4215;4.5521;false;2.40
726;tab;clown;0;3.6244;0.4162;4.9497;true;2.28
726;tab;clown;1;3.7396;0.3382;4.6843;false;2.28
726;tab;acrobat;0;6.2272;0.5464;4.7260;true;2.40
726;tab;acrobat;1;5.9670;0.4215;4.5521;false;2.40
727;freio;clown;0;3.7515;0.4247;4.9433;true;2.28
727;freio;clown;1;3.7396;0.3382;4.6853;false;2.28
727;freio;acrobat;0;6.2999;0.5168;4.7246;true;1.90
727;freio;acrobat;1;5.9670;0.4215;4.5519;false;1.90
728;freio;clown;0;3.8838;0.4125;4.9364;true;2.27
728;freio;clown;1;3.7398;0.3381;4.6862;false;2.27
728;freio;acrobat;0;6.3358;0.4873;4.7245;true;1.40
728;freio;acrobat;1;5.9670;0.4215;4.5515;false;1.40
729;freio;clown;0;3.9946;0.3832;4.9258;true;2.23
729;freio;clown;1;3.7398;0.3381;4.6860;false;2.23
729;freio;acrobat;0;6.3499;0.4537;4.7249;true;0.90
729;freio;acrobat;1;5.9670;0.4216;4.5514;false;0.90
730;freio;clown;0;4.0617;0.3438;4.9195;true;2.17
730;freio;clown;1;3.7394;0.3383;4.6824;false;2.17
730;freio;acrobat;0;6.3500;0.4514;4.7247;false;0.40
730;freio;acrobat;1;5.9670;0.4215;4.5518;false;0.40
731;freio;clown;0;4.0740;0.3198;4.9203;false;2.10
731;freio;clown;1;3.7386;0.3392;4.6737;true;2.10
731;freio;acrobat;0;6.3501;0.4514;4.7251;false;0.00
731;freio;acrobat;1;5.9670;0.4215;4.5515;true;0.00
732;freio;clown;0;4.0744;0.3198;4.9224;false;2.01
732;freio;clown;1;3.7679;0.3748;4.6704;true;2.01
732;freio;acrobat;0;6.3502;0.4514;4.7256;true;0.00
732;freio;acrobat;1;5.9716;0.4572;4.5523;true;0.00
733;freio;clown;0;4.0745;0.3197;4.9234;false;1.93
733;freio;clown;1;3.8415;0.3992;4.6761;true;1.93
733;freio;acrobat;0;6.3486;0.4866;4.7256;true;0.00
733;freio;acrobat;1;5.9845;0.4922;4.5532;true;0.00
734;freio;clown;0;4.0743;0.3197;4.9232;false;1.86
734;freio;clown;1;3.9382;0.4115;4.6760;true;1.86
734;freio;acrobat;0;6.3440;0.5202;4.7257;true;0.00
734;freio;acrobat;1;6.0042;0.5243;4.5538;true;0.00
735;freio;clown;0;4.0742;0.3198;4.9224;false;1.78
735;freio;clown;1;4.0417;0.4110;4.6692;true;1.78
735;freio;acrobat;0;6.3371;0.5503;4.7260;true;0.00
735;freio;acrobat;1;6.0291;0.5517;4.5539;true;0.00
736;freio;clown;0;4.0741;0.3198;4.9213;false;1.71
736;freio;clown;1;4.1398;0.3986;4.6627;true;1.71
736;freio;acrobat;0;6.3282;0.5751;4.7264;true;0.00
736;freio;acrobat;1;6.0578;0.5729;4.5535;true;0.00
737;freio;clown;0;4.0741;0.3198;4.9202;false;1.64
737;freio;clown;1;4.2229;0.3771;4.6589;true;1.64
737;freio;acrobat;0;6.3179;0.5933;4.7268;true;0.00
737;freio;acrobat;1;6.0889;0.5867;4.5529;true;0.00
738;freio;clown;0;4.0741;0.3197;4.9194;false;1.58
738;freio;clown;1;4.2831;0.3500;4.6567;true;1.58
738;freio;acrobat;0;6.3067;0.6037;4.7271;true;0.00
738;freio;acrobat;1;6.1209;0.5923;4.5523;true;0.00
739;freio;clown;0;4.0741;0.3197;4.9192;false;1.51
739;freio;clown;1;4.3153;0.3211;4.6551;true;1.51
739;freio;acrobat;0;6.2953;0.6059;4.7272;true;0.00
739;freio;acrobat;1;6.1523;0.5895;4.5519;true;0.00
740;freio;clown;0;4.0741;0.3197;4.9201;false;1.45
740;freio;clown;1;4.3196;0.3069;4.6545;false;1.45
740;freio;acrobat;0;6.2840;0.5998;4.7273;true;0.00
740;freio;acrobat;1;6.1817;0.5785;4.5518;true;0.00
741;freio;clown;0;4.0741;0.3198;4.9222;true;1.39
741;freio;clown;1;4.3198;0.3070;4.6535;false;1.39
741;freio;acrobat;0;6.2735;0.5857;4.7273;true;0.00
741;freio;acrobat;1;6.2075;0.5599;4.5517;true;0.00
742;freio;clown;0;4.0867;0.3446;4.9226;true;1.34
742;freio;clown;1;4.3199;0.3070;4.6522;false;1.34
742;freio;acrobat;0;6.2642;0.5643;4.7273;true;0.00
742;freio;acrobat;1;6.2283;0.5348;4.5517;true;0.00
743;freio;clown;0;4.1195;0.3661;4.9195;true;1.28
743;freio;clown;1;4.3200;0.3071;4.6513;false;1.28
743;freio;acrobat;0;6.2567;0.5370;4.7272;true;0.00
743;freio;acrobat;1;6.2427;0.5045;4.5517;true;0.00
744;freio;clown;0;4.1660;0.3832;4.9153;true;1.23
744;freio;clown;1;4.3200;0.3071;4.6510;false;1.23
744;freio;acrobat;0;6.2516;0.5052;4.7272;true;0.00
744;freio;acrobat;1;6.2490;0.4707;4.5517;true;0.00
745;freio;clown;0;4.2208;0.3954;4.9122;true;1.18
745;freio;clown;1;4.3200;0.3071;4.6510;false;1.18
745;freio;acrobat;0;6.2493;0.4707;4.7272;true;0.00
745;freio;acrobat;1;6.2492;0.4637;4.5517;false;0.00
746;freio;clown;0;4.2798;0.4024;4.9102;true;1.13
746;freio;clown;1;4.3200;0.3071;4.6512;false;1.13
746;freio;acrobat;0;6.2492;0.4637;4.7272;false;0.00
746;freio;acrobat;1;6.2492;0.4637;4.5517;false;0.00
747;freio;clown;0;4.3415;0.4043;4.9084;true;1.08
747;freio;clown;1;4.3201;0.3071;4.6516;false;1.08
747;freio;acrobat;0;6.2492;0.4637;4.7272;false;0.00
747;freio;acrobat;1;6.2492;0.4637;4.5517;false;0.00
748;freio;clown;0;4.4035;0.4013;4.9056;true;1.04
748;freio;clown;1;4.3201;0.3070;4.6519;false;1.04
748;freio;acrobat;0;6.2492;0.4637;4.7272;false;0.00
748;freio;acrobat;1;6.2492;0.4637;4.5517;false;0.00
749;freio;clown;0;4.4628;0.3934;4.9015;true;0.99
749;freio;clown;1;4.3202;0.3070;4.6523;false;0.99
749;freio;acrobat;0;6.2492;0.4637;4.7272;false;0.00
749;freio;acrobat;1;6.2492;0.4637;4.5517;false;0.00
750;freio;clown;0;4.5165;0.3811;4.8968;true;0.95
750;freio;clown;1;4.3203;0.3070;4.6528;false;0.95
750;freio;acrobat;0;6.2492;0.4637;4.7272;false;0.00
750;freio;acrobat;1;6.2492;0.4637;4.5517;false;0.00
751;freio;clown;0;4.5619;0.3651;4.8925;true;0.91
751;freio;clown;1;4.3204;0.3069;4.6532;false;0.91
751;freio;acrobat;0;6.2492;0.4637;4.7272;false;0.00
751;freio;acrobat;1;6.2492;0.4637;4.5517;false;0.00
752;freio;clown;0;4.5960;0.3462;4.8892;true;0.88
752;freio;clown;1;4.3204;0.3069;4.6535;false;0.88
752;freio;acrobat;0;6.2492;0.4637;4.7272;false;0.00
752;freio;acrobat;1;6.2492;0.4637;4.5517;false;0.00
753;freio;clown;0;4.6164;0.3255;4.8876;true;0.85
753;freio;clown;1;4.3204;0.3069;4.6535;false;0.85
753;freio;acrobat;0;6.2492;0.4637;4.7272;false;0.00
753;freio;acrobat;1;6.2492;0.4637;4.5517;false;0.00
754;freio;clown;0;4.6210;0.3106;4.8875;false;0.82
754;freio;clown;1;4.3204;0.3068;4.6537;false;0.82
754;freio;acrobat;0;6.2492;0.4637;4.7272;false;0.00
754;freio;acrobat;1;6.2492;0.4637;4.5517;false;0.00
755;freio;clown;0;4.6211;0.3106;4.8882;false;0.79
755;freio;clown;1;4.3202;0.3069;4.6522;true;0.79
755;freio;acrobat;0;6.2492;0.4637;4.7272;false;0.00
755;freio;acrobat;1;6.2492;0.4637;4.5517;false;0.00
756;freio;clown;0;4.6213;0.3106;4.8889;false;0.76
756;freio;clown;1;4.3281;0.3281;4.6514;true;0.76
756;freio;acrobat;0;6.2492;0.4637;4.7272;false;0.00
756;freio;acrobat;1;6.2492;0.4637;4.5517;false;0.00
757;freio;clown;0;4.6215;0.3106;4.8897;false;0.73
757;freio;clown;1;4.3504;0.3483;4.6514;true;0.73
757;freio;acrobat;0;6.2492;0.4637;4.7272;false;0.00
757;freio;acrobat;1;6.2492;0.4637;4.5517;false;0.00
758;freio;clown;0;4.6216;0.3106;4.8902;false;0.72
758;freio;clown;1;4.3843;0.3663;4.6513;true;0.72
758;freio;acrobat;0;6.2492;0.4637;4.7272;false;0.00
758;freio;acrobat;1;6.2492;0.4637;4.5517;false;0.00
759;freio;clown;0;4.6216;0.3106;4.8906;false;0.72
759;freio;clown;1;4.4272;0.3814;4.6498;true;0.72
759;freio;acrobat;0;6.2492;0.4637;4.7272;false;0.00
759;freio;acrobat;1;6.2492;0.4637;4.5517;false;0.00
760;freio;clown;0;4.6216;0.3106;4.8909;false;0.72
760;freio;clown;1;4.4766;0.3925;4.6468;true;0.72
760;freio;acrobat;0;6.2492;0.4637;4.7272;false;0.00
760;freio;acrobat;1;6.2492;0.4637;4.5517;false;0.00
761;freio;clown;0;4.6216;0.3106;4.8910;false;0.72
761;freio;clown;1;4.5299;0.3991;4.6428;true;0.72
761;freio;acrobat;0;6.2492;0.4637;4.7272;false;0.00
761;freio;acrobat;1;6.2492;0.4637;4.5517;false;0.00
762;freio;clown;0;4.6215;0.3106;4.8911;false;0.72
762;freio;clown;1;4.5847;0.4007;4.6388;true;0.72
762;freio;acrobat;0;6.2492;0.4637;4.7272;false;0.00
762;freio;acrobat;1;6.2492;0.4637;4.5517;false;0.00
763;freio;clown;0;4.6215;0.3106;4.8911;false;0.72
763;freio;clown;1;4.6386;0.3972;4.6355;true;0.72
763;freio;acrobat;0;6.2492;0.4637;4.7272;false;0.00
763;freio;acrobat;1;6.2492;0.4637;4.5517;false;0.00
764;freio;clown;0;4.6215;0.3106;4.8912;false;0.72
764;freio;clown;1;4.6889;0.3889;4.6330;true;0.72
764;freio;acrobat;0;6.2492;0.4637;4.7272;false;0.00
764;freio;acrobat;1;6.2492;0.4637;4.5517;false;0.00
765;freio;clown;0;4.6214;0.3106;4.8912;false;0.72
765;freio;clown;1;4.7331;0.3762;4.6310;true;0.72
765;freio;acrobat;0;6.2492;0.4637;4.7272;false;0.00
765;freio;acrobat;1;6.2492;0.4637;4.5517;false;0.00
766;freio;clown;0;4.6214;0.3106;4.8912;false;0.72
766;freio;clown;1;4.7687;0.3598;4.6291;true;0.72
766;freio;acrobat;0;6.2492;0.4637;4.7272;false;0.00
766;freio;acrobat;1;6.2492;0.4637;4.5517;false;0.00
767;freio;clown;0;4.6214;0.3106;4.8911;false;0.72
767;freio;clown;1;4.7931;0.3407;4.6276;true;0.72
767;freio;acrobat;0;6.2492;0.4637;4.7272;false;0.00
767;freio;acrobat;1;6.2492;0.4637;4.5517;false;0.00
768;freio;clown;0;4.6214;0.3106;4.8910;false;0.72
768;freio;clown;1;4.8040;0.3200;4.6269;true;0.72
768;freio;acrobat;0;6.2492;0.4637;4.7272;false;0.00
768;freio;acrobat;1;6.2492;0.4637;4.5517;false;0.00
769;freio;clown;0;4.6214;0.3106;4.8909;false;0.72
769;freio;clown;1;4.8044;0.3157;4.6278;false;0.72
769;freio;acrobat;0;6.2492;0.4637;4.7272;false;0.00
769;freio;acrobat;1;6.2492;0.4637;4.5517;false;0.00
770;freio;clown;0;4.6214;0.3106;4.8906;false;0.72
770;freio;clown;1;4.8044;0.3158;4.6279;false;0.72
770;freio;acrobat;0;6.2492;0.4637;4.7272;false;0.00
770;freio;acrobat;1;6.2492;0.4637;4.5517;false;0.00
771;freio;clown;0;4.6214;0.3106;4.8903;false;0.72
771;freio;clown;1;4.8045;0.3159;4.6280;false;0.72
771;freio;acrobat;0;6.2492;0.4637;4.7272;false;0.00
771;freio;acrobat;1;6.2492;0.4637;4.5517;false;0.00
772;freio;clown;0;4.6214;0.3106;4.8900;false;0.72
772;freio;clown;1;4.8045;0.3159;4.6279;false;0.72
772;freio;acrobat;0;6.2492;0.4637;4.7272;false;0.00
772;freio;acrobat;1;6.2492;0.4637;4.5517;false;0.00
773;freio;clown;0;4.6214;0.3106;4.8897;false;0.72
773;freio;clown;1;4.8046;0.3160;4.6278;false;0.72
773;freio;acrobat;0;6.2492;0.4637;4.7272;false;0.00
773;freio;acrobat;1;6.2492;0.4637;4.5517;false;0.00
774;freio;clown;0;4.6214;0.3106;4.8895;false;0.72
774;freio;clown;1;4.8046;0.3160;4.6277;false;0.72
774;freio;acrobat;0;6.2492;0.4637;4.7272;false;0.00
774;freio;acrobat;1;6.2492;0.4637;4.5517;false;0.00
775;freio;clown;0;4.6215;0.3106;4.8894;false;0.72
775;freio;clown;1;4.8047;0.3160;4.6275;false;0.72
775;freio;acrobat;0;6.2492;0.4637;4.7272;false;0.00
775;freio;acrobat;1;6.2492;0.4637;4.5517;false;0.00
776;freio;clown;0;4.6215;0.3106;4.8893;false;0.72
776;freio;clown;1;4.8047;0.3161;4.6272;false;0.72
776;freio;acrobat;0;6.2492;0.4637;4.7272;false;0.00
776;freio;acrobat;1;6.2492;0.4637;4.5517;false;0.00
