quadro;trecho;quem;pe;x;y;z;no_ar;vel
1;largada;clown;0;-10.5000;-0.1429;3.5283;false;0.00
1;largada;clown;1;-10.5000;-0.1429;3.2717;false;0.00
1;largada;acrobat;0;-11.8000;-0.2239;3.9878;false;0.00
1;largada;acrobat;1;-11.8000;-0.2239;3.8123;false;0.00
2;largada;clown;0;-10.5000;-0.1429;3.5283;false;0.50
2;largada;clown;1;-10.5000;-0.1429;3.2718;false;0.50
2;largada;acrobat;0;-11.8000;-0.2239;3.9878;false;0.00
2;largada;acrobat;1;-11.8000;-0.2239;3.8123;false;0.00
3;largada;clown;0;-10.5000;-0.1429;3.5283;false;1.00
3;largada;clown;1;-10.5000;-0.1429;3.2718;false;1.00
3;largada;acrobat;0;-11.8000;-0.2239;3.9872;false;0.56
3;largada;acrobat;1;-11.8001;-0.2239;3.8116;false;0.56
4;largada;clown;0;-10.5000;-0.1429;3.5283;false;1.50
4;largada;clown;1;-10.5000;-0.1429;3.2718;false;1.50
4;largada;acrobat;0;-11.8001;-0.2239;3.9868;false;0.72
4;largada;acrobat;1;-11.8001;-0.2239;3.8111;false;0.72
5;largada;clown;0;-10.5000;-0.1429;3.5283;false;2.00
5;largada;clown;1;-10.5000;-0.1429;3.2718;false;2.00
5;largada;acrobat;0;-11.8002;-0.2239;3.9866;false;0.72
5;largada;acrobat;1;-11.8003;-0.2239;3.8108;false;0.72
6;largada;clown;0;-10.5000;-0.1429;3.5283;false;2.40
6;largada;clown;1;-10.5000;-0.1429;3.2718;false;2.40
6;largada;acrobat;0;-11.8002;-0.2239;3.9865;false;0.72
6;largada;acrobat;1;-11.8004;-0.2239;3.8105;false;0.72
7;largada;clown;0;-10.5000;-0.1429;3.5283;false;2.40
7;largada;clown;1;-10.5000;-0.1429;3.2718;false;2.40
7;largada;acrobat;0;-11.8003;-0.2239;3.9865;false;0.72
7;largada;acrobat;1;-11.8004;-0.2239;3.8103;false;0.72
8;largada;clown;0;-10.5000;-0.1429;3.5282;false;2.40
8;largada;clown;1;-10.5000;-0.1429;3.2717;false;2.40
8;largada;acrobat;0;-11.8003;-0.2239;3.9864;false;0.72
8;largada;acrobat;1;-11.8005;-0.2239;3.8101;false;0.72
9;largada;clown;0;-10.5000;-0.1429;3.5282;true;2.40
9;largada;clown;1;-10.5000;-0.1429;3.2717;false;2.40
9;largada;acrobat;0;-11.8003;-0.2239;3.9864;false;0.72
9;largada;acrobat;1;-11.8006;-0.2239;3.8100;false;0.72
10;largada;clown;0;-10.4759;-0.1111;3.5274;true;2.40
10;largada;clown;1;-10.5000;-0.1429;3.2705;true;2.40
10;largada;acrobat;0;-11.8003;-0.2239;3.9865;false;0.72
10;largada;acrobat;1;-11.8006;-0.2239;3.8099;false;0.72
11;largada;clown;0;-10.4089;-0.0824;3.5272;true;2.40
11;largada;clown;1;-10.4745;-0.1110;3.2673;true;2.40
11;largada;acrobat;0;-11.8003;-0.2239;3.9865;false;0.72
11;largada;acrobat;1;-11.8006;-0.2239;3.8099;false;0.72
12;largada;clown;0;-10.3082;-0.0603;3.5296;true;2.40
12;largada;clown;1;-10.4037;-0.0821;3.2684;true;2.40
12;largada;acrobat;0;-11.8003;-0.2239;3.9865;false;0.72
12;largada;acrobat;1;-11.8007;-0.2239;3.8098;false;0.72
13;largada;clown;0;-10.1844;-0.0474;3.5306;true;2.40
13;largada;clown;1;-10.2975;-0.0599;3.2728;true;2.40
13;largada;acrobat;0;-11.8003;-0.2239;3.9866;false;0.72
13;largada;acrobat;1;-11.8006;-0.2239;3.8099;false;0.72
14;largada;clown;0;-10.0495;-0.0453;3.5282;true;2.40
14;largada;clown;1;-10.1672;-0.0468;3.2745;true;2.40
14;largada;acrobat;0;-11.8003;-0.2239;3.9866;false;0.72
14;largada;acrobat;1;-11.8006;-0.2239;3.8099;false;0.72
15;largada;clown;0;-9.9168;-0.0541;3.5264;true;2.40
15;largada;clown;1;-10.0255;-0.0444;3.2720;true;2.40
15;largada;acrobat;0;-11.8003;-0.2239;3.9867;false;0.74
15;largada;acrobat;1;-11.8006;-0.2239;3.8100;false;0.74
16;largada;clown;0;-9.8007;-0.0726;3.5280;true;2.40
16;largada;clown;1;-9.8865;-0.0530;3.2705;true;2.40
16;largada;acrobat;0;-11.8003;-0.2239;3.9868;false;0.80
16;largada;acrobat;1;-11.8006;-0.2239;3.8101;false;0.80
17;largada;clown;0;-9.7176;-0.0978;3.5295;true;2.40
17;largada;clown;1;-9.7654;-0.0708;3.2719;true;2.40
17;largada;acrobat;0;-11.8002;-0.2239;3.9868;false;0.86
17;largada;acrobat;1;-11.8006;-0.2239;3.8102;false;0.86
18;largada;clown;0;-9.6827;-0.1187;3.5288;false;2.40
18;largada;clown;1;-9.6791;-0.0961;3.2722;true;2.40
18;largada;acrobat;0;-11.8002;-0.2239;3.9869;false;0.92
18;largada;acrobat;1;-11.8005;-0.2239;3.8103;false;0.92
19;largada;clown;0;-9.6827;-0.1187;3.5290;false;2.40
19;largada;clown;1;-9.6435;-0.1171;3.2719;false;2.40
19;largada;acrobat;0;-11.8002;-0.2239;3.9870;false;0.98
19;largada;acrobat;1;-11.8005;-0.2239;3.8105;false;0.98
20;largada;clown;0;-9.6827;-0.1187;3.5294;false;2.40
20;largada;clown;1;-9.6435;-0.1171;3.2726;false;2.40
20;largada;acrobat;0;-11.8001;-0.2239;3.9872;false;1.03
20;largada;acrobat;1;-11.8004;-0.2239;3.8107;false;1.03
21;largada;clown;0;-9.6827;-0.1187;3.5295;false;2.40
21;largada;clown;1;-9.6435;-0.1170;3.2729;false;2.40
21;largada;acrobat;0;-11.8001;-0.2239;3.9874;false;1.08
21;largada;acrobat;1;-11.8003;-0.2239;3.8110;false;1.08
22;largada;clown;0;-9.6827;-0.1187;3.5294;false;2.40
22;largada;clown;1;-9.6435;-0.1170;3.2730;false;2.40
22;largada;acrobat;0;-11.8000;-0.2239;3.9877;false;1.13
22;largada;acrobat;1;-11.8003;-0.2239;3.8113;false;1.13
23;largada;clown;0;-9.6827;-0.1187;3.5291;false;2.40
23;largada;clown;1;-9.6435;-0.1170;3.2729;false;2.40
23;largada;acrobat;0;-11.7999;-0.2239;3.9881;true;1.18
23;largada;acrobat;1;-11.8002;-0.2239;3.8117;false;1.18
24;largada;clown;0;-9.6827;-0.1187;3.5288;false;2.40
24;largada;clown;1;-9.6435;-0.1170;3.2726;false;2.40
24;largada;acrobat;0;-11.7933;-0.1980;3.9864;true;1.23
24;largada;acrobat;1;-11.8000;-0.2239;3.8122;false;1.23
25;largada;clown;0;-9.6827;-0.1187;3.5285;false;2.40
25;largada;clown;1;-9.6435;-0.1170;3.2723;false;2.40
25;largada;acrobat;0;-11.7738;-0.1727;3.9815;true;1.27
25;largada;acrobat;1;-11.7999;-0.2238;3.8128;false;1.27
26;largada;clown;0;-9.6827;-0.1187;3.5284;false;2.40
26;largada;clown;1;-9.6435;-0.1170;3.2721;false;2.40
26;largada;acrobat;0;-11.7423;-0.1487;3.9737;true;1.31
26;largada;acrobat;1;-11.7998;-0.2238;3.8131;false;1.31
27;largada;clown;0;-9.6827;-0.1187;3.5283;false;2.40
27;largada;clown;1;-9.6435;-0.1170;3.2719;false;2.40
27;largada;acrobat;0;-11.6997;-0.1267;3.9637;true;1.35
27;largada;acrobat;1;-11.7998;-0.2239;3.8129;true;1.35
28;largada;clown;0;-9.6827;-0.1187;3.5285;false;2.40
28;largada;clown;1;-9.6435;-0.1170;3.2719;false;2.40
28;largada;acrobat;0;-11.6471;-0.1074;3.9520;true;1.39
28;largada;acrobat;1;-11.7927;-0.1979;3.8105;true;1.39
29;largada;clown;0;-9.6827;-0.1187;3.5290;false;2.40
29;largada;clown;1;-9.6435;-0.1170;3.2721;false;2.40
29;largada;acrobat;0;-11.5858;-0.0913;3.9385;true;1.43
29;largada;acrobat;1;-11.7716;-0.1725;3.8050;true;1.43
30;largada;clown;0;-9.6827;-0.1187;3.5298;true;2.40
30;largada;clown;1;-9.6435;-0.1170;3.2726;false;2.40
30;largada;acrobat;0;-11.5173;-0.0789;3.9232;true;1.47
30;largada;acrobat;1;-11.7371;-0.1484;3.7971;true;1.47
31;largada;clown;0;-9.6583;-0.0865;3.5293;true;2.40
31;largada;clown;1;-9.6435;-0.1170;3.2727;false;2.40
31;largada;acrobat;0;-11.4431;-0.0705;3.9060;true;1.50
31;largada;acrobat;1;-11.6902;-0.1260;3.7871;true;1.50
32;largada;clown;0;-9.5907;-0.0568;3.5278;true;2.40
32;largada;clown;1;-9.6435;-0.1170;3.2692;true;2.40
32;largada;acrobat;0;-11.3643;-0.0663;3.8873;true;1.54
32;largada;acrobat;1;-11.6315;-0.1059;3.7748;true;1.54
33;largada;clown;0;-9.4891;-0.0332;3.5303;true;2.40
33;largada;clown;1;-9.6177;-0.0846;3.2637;true;2.40
33;largada;acrobat;0;-11.2820;-0.0670;3.8676;true;1.57
33;largada;acrobat;1;-11.5620;-0.0890;3.7600;true;1.57
34;largada;clown;0;-9.3641;-0.0185;3.5325;true;2.40
34;largada;clown;1;-9.5464;-0.0546;3.2663;true;2.40
34;largada;acrobat;0;-11.1980;-0.0727;3.8483;true;1.60
34;largada;acrobat;1;-11.4832;-0.0758;3.7422;true;1.60
35;largada;clown;0;-9.2284;-0.0143;3.5288;true;2.40
35;largada;clown;1;-9.4392;-0.0311;3.2744;true;2.40
35;largada;acrobat;0;-11.1147;-0.0834;3.8307;true;1.63
35;largada;acrobat;1;-11.3970;-0.0673;3.7219;true;1.63
36;largada;clown;0;-9.0953;-0.0212;3.5249;true;2.40
36;largada;clown;1;-9.3076;-0.0161;3.2771;true;2.40
36;largada;acrobat;0;-11.0348;-0.0989;3.8158;true;1.66
36;largada;acrobat;1;-11.3053;-0.0640;3.7000;true;1.66
37;reto;clown;0;-8.9788;-0.0381;3.5273;true;2.40
37;reto;clown;1;-9.1654;-0.0114;3.2725;true;2.40
37;reto;acrobat;0;-10.9618;-0.1189;3.8038;true;1.69
37;reto;acrobat;1;-11.2102;-0.0664;3.6782;true;1.69
38;reto;clown;0;-8.8950;-0.0623;3.5309;true;2.40
38;reto;clown;1;-9.0256;-0.0179;3.2702;true;2.40
38;reto;acrobat;0;-10.8998;-0.1427;3.7946;true;1.71
38;reto;acrobat;1;-11.1144;-0.0744;3.6582;true;1.71
39;reto;clown;0;-8.8597;-0.0824;3.5299;false;2.40
39;reto;clown;1;-8.9037;-0.0341;3.2725;true;2.40
39;reto;acrobat;0;-10.8534;-0.1695;3.7881;true;1.74
39;reto;acrobat;1;-11.0212;-0.0878;3.6411;true;1.74
40;reto;clown;0;-8.8596;-0.0824;3.5295;false;2.40
40;reto;clown;1;-8.8170;-0.0586;3.2723;true;2.40
40;reto;acrobat;0;-10.8277;-0.1980;3.7845;false;1.76
40;reto;acrobat;1;-10.9349;-0.1064;3.6265;true;1.76
41;reto;clown;0;-8.8597;-0.0825;3.5305;false;2.40
41;reto;clown;1;-8.7813;-0.0794;3.2721;false;2.40
41;reto;acrobat;0;-10.8276;-0.1979;3.7843;false;1.79
41;reto;acrobat;1;-10.8602;-0.1295;3.6150;true;1.79
42;reto;clown;0;-8.8597;-0.0824;3.5307;false;2.40
42;reto;clown;1;-8.7813;-0.0793;3.2735;false;2.40
42;reto;acrobat;0;-10.8275;-0.1979;3.7848;false;1.81
42;reto;acrobat;1;-10.8024;-0.1565;3.6056;true;1.81
43;reto;clown;0;-8.8597;-0.0824;3.5304;false;2.40
43;reto;clown;1;-8.7813;-0.0793;3.2741;false;2.40
43;reto;acrobat;0;-10.8274;-0.1979;3.7853;false;1.83
43;reto;acrobat;1;-10.7668;-0.1864;3.5999;true;1.83
44;reto;clown;0;-8.8596;-0.0824;3.5299;false;2.40
44;reto;clown;1;-8.7813;-0.0792;3.2742;false;2.40
44;reto;acrobat;0;-10.8274;-0.1979;3.7858;false;1.85
44;reto;acrobat;1;-10.7505;-0.1937;3.5984;false;1.85
45;reto;clown;0;-8.8596;-0.0824;3.5293;false;2.40
45;reto;clown;1;-8.7812;-0.0792;3.2739;false;2.40
45;reto;acrobat;0;-10.8274;-0.1979;3.7859;false;1.87
45;reto;acrobat;1;-10.7505;-0.1937;3.5987;false;1.87
46;reto;clown;0;-8.8596;-0.0824;3.5288;false;2.40
46;reto;clown;1;-8.7812;-0.0792;3.2734;false;2.40
46;reto;acrobat;0;-10.8274;-0.1979;3.7859;false;1.89
46;reto;acrobat;1;-10.7504;-0.1937;3.5989;false;1.89
47;reto;clown;0;-8.8596;-0.0824;3.5284;false;2.40
47;reto;clown;1;-8.7812;-0.0792;3.2728;false;2.40
47;reto;acrobat;0;-10.8274;-0.1979;3.7859;false;1.91
47;reto;acrobat;1;-10.7504;-0.1937;3.5991;false;1.91
48;reto;clown;0;-8.8596;-0.0824;3.5283;false;2.40
48;reto;clown;1;-8.7811;-0.0792;3.2723;false;2.40
48;reto;acrobat;0;-10.8274;-0.1979;3.7858;false;1.93
48;reto;acrobat;1;-10.7504;-0.1937;3.5992;false;1.93
49;reto;clown;0;-8.8596;-0.0824;3.5287;false;2.40
49;reto;clown;1;-8.7811;-0.0792;3.2720;false;2.40
49;reto;acrobat;0;-10.8274;-0.1979;3.7856;false;1.95
49;reto;acrobat;1;-10.7504;-0.1937;3.5993;false;1.95
50;reto;clown;0;-8.8596;-0.0824;3.5296;false;2.40
50;reto;clown;1;-8.7811;-0.0792;3.2720;false;2.40
50;reto;acrobat;0;-10.8274;-0.1979;3.7854;false;1.96
50;reto;acrobat;1;-10.7504;-0.1937;3.5992;false;1.96
51;reto;clown;0;-8.8596;-0.0824;3.5312;true;2.40
51;reto;clown;1;-8.7812;-0.0792;3.2724;false;2.40
51;reto;acrobat;0;-10.8274;-0.1979;3.7852;false;1.98
51;reto;acrobat;1;-10.7504;-0.1937;3.5991;false;1.98
52;reto;clown;0;-8.8353;-0.0501;3.5312;true;2.40
52;reto;clown;1;-8.7812;-0.0792;3.2733;false;2.40
52;reto;acrobat;0;-10.8275;-0.1979;3.7849;false;2.00
52;reto;acrobat;1;-10.7504;-0.1937;3.5989;false;2.00
53;reto;clown;0;-8.7678;-0.0202;3.5292;true;2.40
53;reto;clown;1;-8.7812;-0.0792;3.2725;false;2.40
53;reto;acrobat;0;-10.8275;-0.1979;3.7847;false;2.01
53;reto;acrobat;1;-10.7504;-0.1937;3.5987;false;2.01
54;reto;clown;0;-8.6664;0.0037;3.5307;true;2.40
54;reto;clown;1;-8.7811;-0.0792;3.2668;true;2.40
54;reto;acrobat;0;-10.8275;-0.1979;3.7845;false;2.03
54;reto;acrobat;1;-10.7505;-0.1937;3.5985;false;2.03
55;reto;clown;0;-8.5415;0.0188;3.5335;true;2.40
55;reto;clown;1;-8.7555;-0.0465;3.2604;true;2.40
55;reto;acrobat;0;-10.8275;-0.1979;3.7843;false;2.04
55;reto;acrobat;1;-10.7505;-0.1937;3.5983;false;2.04
56;reto;clown;0;-8.4062;0.0236;3.5293;true;2.40
56;reto;clown;1;-8.6845;-0.0162;3.2658;true;2.40
56;reto;acrobat;0;-10.8275;-0.1979;3.7843;false;2.05
56;reto;acrobat;1;-10.7505;-0.1937;3.5981;false;2.05
57;reto;clown;0;-8.2737;0.0170;3.5243;true;2.40
57;reto;clown;1;-8.5772;0.0075;3.2760;true;2.40
57;reto;acrobat;0;-10.8275;-0.1979;3.7844;false;2.06
57;reto;acrobat;1;-10.7505;-0.1937;3.5979;false;2.06
58;reto;clown;0;-8.1579;0.0002;3.5265;true;2.40
58;reto;clown;1;-8.4459;0.0231;3.2785;true;2.40
58;reto;acrobat;0;-10.8275;-0.1979;3.7846;false;2.08
58;reto;acrobat;1;-10.7505;-0.1937;3.5978;false;2.08
59;reto;clown;0;-8.0744;-0.0236;3.5317;true;2.40
59;reto;clown;1;-8.3042;0.0285;3.2728;true;2.40
59;reto;acrobat;0;-10.8275;-0.1979;3.7850;true;2.09
59;reto;acrobat;1;-10.7505;-0.1937;3.5978;false;2.09
60;reto;clown;0;-8.0387;-0.0432;3.5310;false;2.40
60;reto;clown;1;-8.1648;0.0226;3.2706;true;2.40
60;reto;acrobat;0;-10.8128;-0.1613;3.7834;true;2.10
60;reto;acrobat;1;-10.7505;-0.1937;3.5980;false;2.10
61;reto;clown;0;-8.0383;-0.0429;3.5298;false;2.40
61;reto;clown;1;-8.0431;0.0071;3.2732;true;2.40
61;reto;acrobat;0;-10.7707;-0.1258;3.7782;true;2.11
61;reto;acrobat;1;-10.7505;-0.1937;3.5981;false;2.11
62;reto;clown;0;-8.0385;-0.0430;3.5308;false;2.40
62;reto;clown;1;-7.9570;-0.0169;3.2723;true;2.40
62;reto;acrobat;0;-10.7043;-0.0936;3.7710;true;2.12
62;reto;acrobat;1;-10.7506;-0.1937;3.5973;false;2.12
63;reto;clown;0;-8.0385;-0.0430;3.5317;false;2.40
63;reto;clown;1;-7.9215;-0.0373;3.2722;false;2.40
63;reto;acrobat;0;-10.6170;-0.0667;3.7632;true;2.13
63;reto;acrobat;1;-10.7509;-0.1937;3.5948;true;2.13
64;reto;clown;0;-8.0385;-0.0429;3.5314;false;2.40
64;reto;clown;1;-7.9215;-0.0372;3.2742;false;2.40
64;reto;acrobat;0;-10.5132;-0.0467;3.7540;true;2.14
64;reto;acrobat;1;-10.7353;-0.1562;3.5908;true;2.14
65;reto;clown;0;-8.0384;-0.0429;3.5306;false;2.40
65;reto;clown;1;-7.9214;-0.0371;3.2752;false;2.40
65;reto;acrobat;0;-10.3981;-0.0350;3.7414;true;2.15
65;reto;acrobat;1;-10.6896;-0.1200;3.5870;true;2.15
66;reto;clown;0;-8.0383;-0.0429;3.5297;false;2.40
66;reto;clown;1;-7.9214;-0.0370;3.2752;false;2.40
66;reto;acrobat;0;-10.2776;-0.0321;3.7251;true;2.16
66;reto;acrobat;1;-10.6171;-0.0875;3.5839;true;2.16
67;reto;clown;0;-8.0383;-0.0429;3.5288;false;2.40
67;reto;clown;1;-7.9213;-0.0370;3.2748;false;2.40
67;reto;acrobat;0;-10.1571;-0.0387;3.7080;true;2.17
67;reto;acrobat;1;-10.5223;-0.0606;3.5791;true;2.17
68;reto;clown;0;-8.0383;-0.0429;3.5282;false;2.40
68;reto;clown;1;-7.9212;-0.0369;3.2740;false;2.40
68;reto;acrobat;0;-10.0424;-0.0542;3.6942;true;2.18
68;reto;acrobat;1;-10.4109;-0.0408;3.5695;true;2.18
69;reto;clown;0;-8.0383;-0.0429;3.5281;false;2.40
69;reto;clown;1;-7.9212;-0.0369;3.2731;false;2.40
69;reto;acrobat;0;-9.9402;-0.0777;3.6853;true;2.18
69;reto;acrobat;1;-10.2886;-0.0294;3.5548;true;2.18
70;reto;clown;0;-8.0383;-0.0429;3.5286;false;2.40
70;reto;clown;1;-7.9211;-0.0369;3.2723;false;2.40
70;reto;acrobat;0;-9.8580;-0.1071;3.6808;true;2.19
70;reto;acrobat;1;-10.1611;-0.0274;3.5372;true;2.19
71;reto;clown;0;-8.0383;-0.0429;3.5300;false;2.40
71;reto;clown;1;-7.9211;-0.0370;3.2719;false;2.40
71;reto;acrobat;0;-9.8048;-0.1410;3.6781;true;2.20
71;reto;acrobat;1;-10.0336;-0.0349;3.5217;true;2.20
72;reto;clown;0;-8.0384;-0.0428;3.5323;true;2.40
72;reto;clown;1;-7.9211;-0.0370;3.2719;false;2.40
72;reto;acrobat;0;-9.7831;-0.1557;3.6761;false;2.21
72;reto;acrobat;1;-9.9131;-0.0514;3.5105;true;2.21
73;reto;clown;0;-8.0141;-0.0105;3.5327;true;2.40
73;reto;clown;1;-7.9212;-0.0369;3.2729;false;2.40
73;reto;acrobat;0;-9.7829;-0.1556;3.6761;false;2.21
73;reto;acrobat;1;-9.8077;-0.0757;3.5030;true;2.21
74;reto;clown;0;-7.9467;0.0196;3.5302;true;2.40
74;reto;clown;1;-7.9212;-0.0369;3.2735;false;2.40
74;reto;acrobat;0;-9.7828;-0.1556;3.6769;false;2.22
74;reto;acrobat;1;-9.7266;-0.1065;3.4965;true;2.22
75;reto;clown;0;-7.8455;0.0439;3.5307;true;2.40
75;reto;clown;1;-7.9212;-0.0369;3.2714;false;2.40
75;reto;acrobat;0;-9.7828;-0.1557;3.6775;false;2.23
75;reto;acrobat;1;-9.6785;-0.1415;3.4921;true;2.23
76;reto;clown;0;-7.7209;0.0594;3.5335;true;2.40
76;reto;clown;1;-7.9211;-0.0368;3.2638;true;2.40
76;reto;acrobat;0;-9.7828;-0.1557;3.6779;false;2.23
76;reto;acrobat;1;-9.6592;-0.1494;3.4913;false;2.23
77;reto;clown;0;-7.5858;0.0648;3.5295;true;2.40
77;reto;clown;1;-7.8956;-0.0039;3.2591;true;2.40
77;reto;acrobat;0;-9.7828;-0.1556;3.6777;false;2.24
77;reto;acrobat;1;-9.6592;-0.1494;3.4918;false;2.24
78;reto;clown;0;-7.4536;0.0586;3.5245;true;2.40
78;reto;clown;1;-7.8246;0.0263;3.2664;true;2.40
78;reto;acrobat;0;-9.7828;-0.1556;3.6774;false;2.24
78;reto;acrobat;1;-9.6591;-0.1493;3.4921;false;2.24
79;reto;clown;0;-7.3380;0.0421;3.5267;true;2.40
79;reto;clown;1;-7.7175;0.0503;3.2764;true;2.40
79;reto;acrobat;0;-9.7828;-0.1556;3.6770;false;2.25
79;reto;acrobat;1;-9.6591;-0.1493;3.4922;false;2.25
80;reto;clown;0;-7.2550;0.0182;3.5320;true;2.40
80;reto;clown;1;-7.5864;0.0662;3.2788;true;2.40
80;reto;acrobat;0;-9.7828;-0.1556;3.6766;false;2.25
80;reto;acrobat;1;-9.6591;-0.1493;3.4922;false;2.25
81;reto;clown;0;-7.2198;-0.0014;3.5316;false;2.40
81;reto;clown;1;-7.4449;0.0720;3.2730;true;2.40
81;reto;acrobat;0;-9.7828;-0.1556;3.6762;false;2.26
81;reto;acrobat;1;-9.6591;-0.1493;3.4919;false;2.26
82;reto;clown;0;-7.2187;-0.0006;3.5296;false;2.40
82;reto;clown;1;-7.3056;0.0667;3.2717;true;2.40
82;reto;acrobat;0;-9.7829;-0.1556;3.6759;false;2.26
82;reto;acrobat;1;-9.6591;-0.1493;3.4916;false;2.26
83;reto;clown;0;-7.2186;-0.0005;3.5305;false;2.40
83;reto;clown;1;-7.1844;0.0515;3.2739;true;2.40
83;reto;acrobat;0;-9.7829;-0.1556;3.6756;false;2.27
83;reto;acrobat;1;-9.6591;-0.1493;3.4912;false;2.27
84;reto;clown;0;-7.2188;-0.0005;3.5318;false;2.40
84;reto;clown;1;-7.0986;0.0277;3.2722;true;2.40
84;reto;acrobat;0;-9.7829;-0.1556;3.6754;false;2.27
84;reto;acrobat;1;-9.6591;-0.1493;3.4908;false;2.27
85;reto;clown;0;-7.2188;-0.0005;3.5322;false;2.40
85;reto;clown;1;-7.0633;0.0074;3.2724;false;2.40
85;reto;acrobat;0;-9.7829;-0.1556;3.6755;false;2.28
85;reto;acrobat;1;-9.6591;-0.1493;3.4905;false;2.28
86;reto;clown;0;-7.2187;-0.0005;3.5312;false;2.40
86;reto;clown;1;-7.0632;0.0076;3.2749;false;2.40
86;reto;acrobat;0;-9.7829;-0.1556;3.6757;false;2.28
86;reto;acrobat;1;-9.6591;-0.1493;3.4901;false;2.28
87;reto;clown;0;-7.2186;-0.0005;3.5300;false;2.40
87;reto;clown;1;-7.0631;0.0078;3.2761;false;2.40
87;reto;acrobat;0;-9.7828;-0.1556;3.6763;false;2.29
87;reto;acrobat;1;-9.6591;-0.1493;3.4899;false;2.29
88;reto;clown;0;-7.2185;-0.0005;3.5288;false;2.40
88;reto;clown;1;-7.0630;0.0079;3.2761;false;2.40
88;reto;acrobat;0;-9.7828;-0.1556;3.6771;true;2.29
88;reto;acrobat;1;-9.6591;-0.1493;3.4899;false;2.29
89;reto;clown;0;-7.2184;-0.0005;3.5280;false;2.40
89;reto;clown;1;-7.0629;0.0080;3.2755;false;2.40
89;reto;acrobat;0;-9.7654;-0.1156;3.6759;true;2.29
89;reto;acrobat;1;-9.6591;-0.1493;3.4902;false;2.29
90;reto;clown;0;-7.2184;-0.0005;3.5278;false;2.40
90;reto;clown;1;-7.0628;0.0080;3.2744;false;2.40
90;reto;acrobat;0;-9.7161;-0.0772;3.6718;true;2.30
90;reto;acrobat;1;-9.6591;-0.1493;3.4907;false;2.30
91;reto;clown;0;-7.2185;-0.0005;3.5284;false;2.40
91;reto;clown;1;-7.0627;0.0080;3.2732;false;2.40
91;reto;acrobat;0;-9.6392;-0.0432;3.6666;true;2.30
91;reto;acrobat;1;-9.6591;-0.1493;3.4906;false;2.30
92;reto;clown;0;-7.2186;-0.0005;3.5301;false;2.40
92;reto;clown;1;-7.0626;0.0080;3.2722;false;2.40
92;reto;acrobat;0;-9.5396;-0.0159;3.6617;true;2.30
92;reto;acrobat;1;-9.6592;-0.1493;3.4890;false;2.30
93;reto;clown;0;-7.2187;-0.0004;3.5330;true;2.40
93;reto;clown;1;-7.0626;0.0080;3.2716;false;2.40
93;reto;acrobat;0;-9.4231;0.0028;3.6559;true;2.31
93;reto;acrobat;1;-9.6595;-0.1492;3.4850;true;2.31
94;reto;clown;0;-7.1944;0.0320;3.5339;true;2.40
94;reto;clown;1;-7.0626;0.0080;3.2722;false;2.40
94;reto;acrobat;0;-9.2966;0.0117;3.6461;true;2.31
94;reto;acrobat;1;-9.6412;-0.1086;3.4813;true;2.31
95;reto;clown;0;-7.1271;0.0623;3.5308;true;2.40
95;reto;clown;1;-7.0627;0.0080;3.2733;false;2.40
95;reto;acrobat;0;-9.1674;0.0100;3.6327;true;2.31
95;reto;acrobat;1;-9.5880;-0.0699;3.4813;true;2.31
96;reto;clown;0;-7.0260;0.0868;3.5305;true;2.40
96;reto;clown;1;-7.0627;0.0080;3.2733;false;2.40
96;reto;acrobat;0;-9.0422;-0.0021;3.6212;true;2.32
96;reto;acrobat;1;-9.5050;-0.0358;3.4819;true;2.32
97;reto;clown;0;-6.9017;0.1028;3.5330;true;2.40
97;reto;clown;1;-7.0628;0.0081;3.2700;false;2.40
97;reto;acrobat;0;-8.9286;-0.0237;3.6142;true;2.32
97;reto;acrobat;1;-9.3981;-0.0085;3.4798;true;2.32
98;reto;clown;0;-6.7668;0.1084;3.5297;true;2.40
98;reto;clown;1;-7.0627;0.0083;3.2621;true;2.40
98;reto;acrobat;0;-8.8353;-0.0529;3.6115;true;2.32
98;reto;acrobat;1;-9.2742;0.0104;3.4729;true;2.32
99;reto;clown;0;-6.6348;0.1028;3.5247;true;2.40
99;reto;clown;1;-7.0372;0.0411;3.2596;true;2.40
99;reto;acrobat;0;-8.7720;-0.0877;3.6108;true;2.32
99;reto;acrobat;1;-9.1404;0.0193;3.4611;true;2.32
100;reto;clown;0;-6.5195;0.0867;3.5268;true;2.40
100;reto;clown;1;-6.9663;0.0715;3.2668;true;2.40
100;reto;acrobat;0;-8.7450;-0.1093;3.6092;false;2.33
100;reto;acrobat;1;-9.0037;0.0176;3.4479;true;2.33
101;reto;clown;0;-6.4368;0.0632;3.5321;true;2.40
101;reto;clown;1;-6.8593;0.0958;3.2766;true;2.40
101;reto;acrobat;0;-8.7444;-0.1089;3.6087;false;2.33
101;reto;acrobat;1;-8.8709;0.0055;3.4396;true;2.33
102;reto;clown;0;-6.4020;0.0434;3.5317;false;2.40
102;reto;clown;1;-6.7284;0.1121;3.2794;true;2.40
102;reto;acrobat;0;-8.7442;-0.1089;3.6094;false;2.33
102;reto;acrobat;1;-8.7515;-0.0158;3.4349;true;2.33
103;reto;clown;0;-6.4011;0.0442;3.5290;false;2.40
103;reto;clown;1;-6.5873;0.1185;3.2733;true;2.40
103;reto;acrobat;0;-8.7443;-0.1089;3.6104;false;2.33
103;reto;acrobat;1;-8.6553;-0.0452;3.4306;true;2.33
104;reto;clown;0;-6.4004;0.0446;3.5296;false;2.40
104;reto;clown;1;-6.4481;0.1135;3.2727;true;2.40
104;reto;acrobat;0;-8.7443;-0.1089;3.6111;false;2.33
104;reto;acrobat;1;-8.5923;-0.0805;3.4267;true;2.33
105;reto;clown;0;-6.4005;0.0446;3.5312;false;2.40
105;reto;clown;1;-6.3272;0.0984;3.2745;true;2.40
105;reto;acrobat;0;-8.7443;-0.1089;3.6112;false;2.34
105;reto;acrobat;1;-8.5670;-0.0998;3.4258;false;2.34
106;reto;clown;0;-6.4006;0.0446;3.5322;false;2.40
106;reto;clown;1;-6.2418;0.0748;3.2722;true;2.40
106;reto;acrobat;0;-8.7443;-0.1089;3.6107;false;2.34
106;reto;acrobat;1;-8.5670;-0.0998;3.4267;false;2.34
107;reto;clown;0;-6.4006;0.0446;3.5317;false;2.40
107;reto;clown;1;-6.2066;0.0545;3.2725;false;2.40
107;reto;acrobat;0;-8.7443;-0.1089;3.6101;false;2.34
107;reto;acrobat;1;-8.5669;-0.0997;3.4271;false;2.34
108;reto;clown;0;-6.4004;0.0446;3.5302;false;2.40
108;reto;clown;1;-6.2065;0.0549;3.2756;false;2.40
108;reto;acrobat;0;-8.7442;-0.1089;3.6094;false;2.34
108;reto;acrobat;1;-8.5668;-0.0997;3.4272;false;2.34
109;reto;clown;0;-6.4002;0.0446;3.5287;false;2.40
109;reto;clown;1;-6.2063;0.0551;3.2769;false;2.40
109;reto;acrobat;0;-8.7442;-0.1089;3.6089;false;2.34
109;reto;acrobat;1;-8.5668;-0.0997;3.4270;false;2.34
110;reto;clown;0;-6.4002;0.0446;3.5276;false;2.40
110;reto;clown;1;-6.2061;0.0553;3.2769;false;2.40
110;reto;acrobat;0;-8.7442;-0.1089;3.6084;false;2.35
110;reto;acrobat;1;-8.5668;-0.0996;3.4266;false;2.35
111;reto;clown;0;-6.4002;0.0445;3.5273;false;2.40
111;reto;clown;1;-6.2059;0.0554;3.2760;false;2.40
111;reto;acrobat;0;-8.7442;-0.1089;3.6081;false;2.35
111;reto;acrobat;1;-8.5667;-0.0996;3.4261;false;2.35
112;reto;clown;0;-6.4002;0.0446;3.5280;false;2.40
112;reto;clown;1;-6.2057;0.0555;3.2747;false;2.40
112;reto;acrobat;0;-8.7442;-0.1089;3.6080;false;2.35
112;reto;acrobat;1;-8.5667;-0.0996;3.4255;false;2.35
113;reto;clown;0;-6.4004;0.0446;3.5300;false;2.40
113;reto;clown;1;-6.2056;0.0555;3.2732;false;2.40
113;reto;acrobat;0;-8.7442;-0.1089;3.6083;false;2.35
113;reto;acrobat;1;-8.5667;-0.0996;3.4249;false;2.35
114;reto;clown;0;-6.4005;0.0448;3.5335;true;2.40
114;reto;clown;1;-6.2055;0.0554;3.2720;false;2.40
114;reto;acrobat;0;-8.7442;-0.1089;3.6089;false;2.35
114;reto;acrobat;1;-8.5667;-0.0996;3.4244;false;2.35
115;reto;clown;0;-6.3763;0.0772;3.5348;true;2.40
115;reto;clown;1;-6.2055;0.0554;3.2718;false;2.40
115;reto;acrobat;0;-8.7442;-0.1089;3.6100;true;2.35
115;reto;acrobat;1;-8.5667;-0.0996;3.4240;false;2.35
116;reto;clown;0;-6.3090;0.1075;3.5313;true;2.40
116;reto;clown;1;-6.2056;0.0555;3.2727;false;2.40
116;reto;acrobat;0;-8.7263;-0.0677;3.6092;true;2.36
116;reto;acrobat;1;-8.5667;-0.0996;3.4240;false;2.36
117;reto;clown;0;-6.2080;0.1322;3.5302;true;2.40
117;reto;clown;1;-6.2056;0.0555;3.2737;false;2.40
117;reto;acrobat;0;-8.6756;-0.0283;3.6062;true;2.36
117;reto;acrobat;1;-8.5667;-0.0996;3.4245;false;2.36
118;reto;clown;0;-6.0839;0.1483;3.5324;true;2.40
118;reto;clown;1;-6.2056;0.0555;3.2731;false;2.40
118;reto;acrobat;0;-8.5967;0.0064;3.6027;true;2.36
118;reto;acrobat;1;-8.5667;-0.0996;3.4251;false;2.36
119;reto;clown;0;-5.9489;0.1542;3.5298;true;2.40
119;reto;clown;1;-6.2058;0.0557;3.2691;false;2.40
119;reto;acrobat;0;-8.4951;0.0340;3.5999;true;2.36
119;reto;acrobat;1;-8.5667;-0.0996;3.4251;false;2.36
120;reto;clown;0;-5.8171;0.1488;3.5248;true;2.40
120;reto;clown;1;-6.2057;0.0558;3.2625;true;2.40
120;reto;acrobat;0;-8.3767;0.0525;3.5965;true;2.36
120;reto;acrobat;1;-8.5668;-0.0996;3.4237;false;2.36
121;reto;clown;0;-5.7019;0.1329;3.5268;true;2.40
121;reto;clown;1;-6.1802;0.0886;3.2599;true;2.40
121;reto;acrobat;0;-8.2488;0.0606;3.5896;true;2.36
121;reto;acrobat;1;-8.5670;-0.0995;3.4202;true;2.36
122;reto;clown;0;-5.6193;0.1095;3.5321;true;2.40
122;reto;clown;1;-6.1093;0.1191;3.2671;true;2.40
122;reto;acrobat;0;-8.1193;0.0577;3.5795;true;2.36
122;reto;acrobat;1;-8.5482;-0.0581;3.4191;true;2.36
123;reto;clown;0;-5.5845;0.0898;3.5317;false;2.40
123;reto;clown;1;-6.0024;0.1436;3.2771;true;2.40
123;reto;acrobat;0;-7.9950;0.0441;3.5717;true;2.36
123;reto;acrobat;1;-8.4941;-0.0185;3.4202;true;2.36
124;reto;clown;0;-5.5842;0.0902;3.5282;false;2.40
124;reto;clown;1;-5.8716;0.1602;3.2794;true;2.40
124;reto;acrobat;0;-7.8844;0.0209;3.5681;true;2.36
124;reto;acrobat;1;-8.4102;0.0163;3.4218;true;2.36
125;reto;clown;0;-5.5832;0.0909;3.5284;false;2.40
125;reto;clown;1;-5.7306;0.1667;3.2735;true;2.40
125;reto;acrobat;0;-7.7966;-0.0099;3.5679;true;2.37
125;reto;acrobat;1;-8.3026;0.0440;3.4209;true;2.37
126;reto;clown;0;-5.5829;0.0911;3.5301;false;2.40
126;reto;clown;1;-5.5916;0.1621;3.2736;true;2.40
126;reto;acrobat;0;-7.7417;-0.0460;3.5686;true;2.37
126;reto;acrobat;1;-8.1783;0.0628;3.4157;true;2.37
127;reto;clown;0;-5.5830;0.0911;3.5315;false;2.40
127;reto;clown;1;-5.4711;0.1472;3.2751;true;2.40
127;reto;acrobat;0;-7.7201;-0.0579;3.5668;false;2.37
127;reto;acrobat;1;-8.0445;0.0713;3.4065;true;2.37
128;reto;clown;0;-5.5831;0.0911;3.5316;false;2.40
128;reto;clown;1;-5.3860;0.1235;3.2721;true;2.40
128;reto;acrobat;0;-7.7193;-0.0575;3.5664;false;2.37
128;reto;acrobat;1;-7.9084;0.0686;3.3976;true;2.37
129;reto;clown;0;-5.5829;0.0911;3.5303;false;2.40
129;reto;clown;1;-5.3509;0.1034;3.2726;false;2.40
129;reto;acrobat;0;-7.7190;-0.0573;3.5671;false;2.37
129;reto;acrobat;1;-7.7777;0.0554;3.3935;true;2.37
130;reto;clown;0;-5.5827;0.0911;3.5285;false;2.40
130;reto;clown;1;-5.3507;0.1038;3.2761;false;2.40
130;reto;acrobat;0;-7.7190;-0.0573;3.5681;false;2.37
130;reto;acrobat;1;-7.6623;0.0326;3.3915;true;2.37
131;reto;clown;0;-5.5826;0.0910;3.5271;false;2.40
131;reto;clown;1;-5.3504;0.1042;3.2776;false;2.40
131;reto;acrobat;0;-7.7190;-0.0573;3.5690;false;2.37
131;reto;acrobat;1;-7.5721;0.0018;3.3886;true;2.37
132;reto;clown;0;-5.5826;0.0910;3.5266;false;2.40
132;reto;clown;1;-5.3502;0.1044;3.2776;false;2.40
132;reto;acrobat;0;-7.7191;-0.0573;3.5691;false;2.37
132;reto;acrobat;1;-7.5172;-0.0346;3.3859;true;2.37
133;reto;clown;0;-5.5827;0.0910;3.5274;false;2.40
133;reto;clown;1;-5.3499;0.1046;3.2765;false;2.40
133;reto;acrobat;0;-7.7190;-0.0573;3.5688;false;2.37
133;reto;acrobat;1;-7.4960;-0.0455;3.3861;false;2.37
134;reto;clown;0;-5.5829;0.0911;3.5296;false;2.40
134;reto;clown;1;-5.3496;0.1047;3.2748;false;2.40
134;reto;acrobat;0;-7.7190;-0.0573;3.5680;false;2.37
134;reto;acrobat;1;-7.4959;-0.0454;3.3871;false;2.37
135;reto;clown;0;-5.5831;0.0913;3.5338;true;2.40
135;reto;clown;1;-5.3494;0.1047;3.2731;false;2.40
135;reto;acrobat;0;-7.7189;-0.0573;3.5672;false;2.37
135;reto;acrobat;1;-7.4958;-0.0453;3.3875;false;2.37
136;reto;clown;0;-5.5589;0.1238;3.5353;true;2.40
136;reto;clown;1;-5.3493;0.1047;3.2720;false;2.40
136;reto;acrobat;0;-7.7189;-0.0573;3.5665;false;2.38
136;reto;acrobat;1;-7.4957;-0.0452;3.3875;false;2.38
137;reto;clown;0;-5.4916;0.1541;3.5315;true;2.40
137;reto;clown;1;-5.3494;0.1047;3.2722;false;2.40
137;reto;acrobat;0;-7.7189;-0.0573;3.5659;false;2.38
137;reto;acrobat;1;-7.4956;-0.0452;3.3872;false;2.38
138;reto;clown;0;-5.3907;0.1790;3.5297;true;2.40
138;reto;clown;1;-5.3495;0.1047;3.2733;false;2.40
138;reto;acrobat;0;-7.7189;-0.0573;3.5656;false;2.38
138;reto;acrobat;1;-7.4955;-0.0452;3.3867;false;2.38
139;reto;clown;0;-5.2667;0.1953;3.5317;true;2.40
139;reto;clown;1;-5.3495;0.1047;3.2742;false;2.40
139;reto;acrobat;0;-7.7189;-0.0573;3.5657;false;2.38
139;reto;acrobat;1;-7.4955;-0.0451;3.3859;false;2.38
140;reto;clown;0;-5.1318;0.2013;3.5297;true;2.40
140;reto;clown;1;-5.3495;0.1047;3.2732;false;2.40
140;reto;acrobat;0;-7.7189;-0.0573;3.5662;false;2.38
140;reto;acrobat;1;-7.4954;-0.0451;3.3852;false;2.38
141;reto;clown;0;-5.0001;0.1961;3.5248;true;2.40
141;reto;clown;1;-5.3497;0.1049;3.2692;false;2.40
141;reto;acrobat;0;-7.7189;-0.0573;3.5672;false;2.38
141;reto;acrobat;1;-7.4954;-0.0451;3.3844;false;2.38
142;reto;clown;0;-4.8850;0.1803;3.5268;true;2.40
142;reto;clown;1;-5.3496;0.1050;3.2627;true;2.40
142;reto;acrobat;0;-7.7190;-0.0573;3.5687;true;2.38
142;reto;acrobat;1;-7.4954;-0.0451;3.3838;false;2.38
143;reto;clown;0;-4.8025;0.1569;3.5319;true;2.40
143;reto;clown;1;-5.3241;0.1379;3.2600;true;2.40
143;reto;acrobat;0;-7.7004;-0.0157;3.5682;true;2.38
143;reto;acrobat;1;-7.4954;-0.0451;3.3836;false;2.38
144;reto;clown;0;-4.7677;0.1372;3.5316;false;2.40
144;reto;clown;1;-5.2532;0.1684;3.2670;true;2.40
144;reto;acrobat;0;-7.6479;0.0243;3.5654;true;2.38
144;reto;acrobat;1;-7.4954;-0.0451;3.3840;false;2.38
145;reto;clown;0;-4.7674;0.1377;3.5281;false;2.40
145;reto;clown;1;-5.1463;0.1929;3.2771;true;2.40
145;reto;acrobat;0;-7.5665;0.0595;3.5625;true;2.38
145;reto;acrobat;1;-7.4954;-0.0451;3.3846;false;2.38
146;reto;clown;0;-4.7670;0.1381;3.5268;false;2.40
146;reto;clown;1;-5.0157;0.2097;3.2790;true;2.40
146;reto;acrobat;0;-7.4619;0.0875;3.5609;true;2.38
146;reto;acrobat;1;-7.4954;-0.0451;3.3851;false;2.38
147;reto;clown;0;-4.7661;0.1386;3.5288;false;2.40
147;reto;clown;1;-4.8747;0.2163;3.2736;true;2.40
147;reto;acrobat;0;-7.3404;0.1061;3.5594;true;2.38
147;reto;acrobat;1;-7.4954;-0.0451;3.3846;false;2.38
148;reto;clown;0;-4.7660;0.1386;3.5306;false;2.40
148;reto;clown;1;-4.7358;0.2118;3.2743;true;2.40
148;reto;acrobat;0;-7.2095;0.1142;3.5546;true;2.38
148;reto;acrobat;1;-7.4956;-0.0451;3.3825;false;2.38
149;reto;clown;0;-4.7661;0.1386;3.5312;false;2.40
149;reto;clown;1;-4.6156;0.1968;3.2756;true;2.40
149;reto;acrobat;0;-7.0772;0.1112;3.5465;true;2.38
149;reto;acrobat;1;-7.4957;-0.0450;3.3788;true;2.38
150;reto;clown;0;-4.7660;0.1386;3.5303;false;2.40
150;reto;clown;1;-4.5307;0.1729;3.2721;true;2.40
150;reto;acrobat;0;-6.9512;0.0973;3.5405;true;2.38
150;reto;acrobat;1;-7.4763;-0.0031;3.3783;true;2.38
151;reto;clown;0;-4.7658;0.1386;3.5283;false;2.40
151;reto;clown;1;-4.4957;0.1529;3.2727;false;2.40
151;reto;acrobat;0;-6.8401;0.0737;3.5384;true;2.38
151;reto;acrobat;1;-7.4209;0.0369;3.3805;true;2.38
152;reto;clown;0;-4.7656;0.1385;3.5267;false;2.40
152;reto;clown;1;-4.4953;0.1535;3.2766;false;2.40
152;reto;acrobat;0;-6.7533;0.0426;3.5396;true;2.38
152;reto;acrobat;1;-7.3349;0.0722;3.3834;true;2.38
153;reto;clown;0;-4.7656;0.1384;3.5261;false;2.40
153;reto;clown;1;-4.4950;0.1539;3.2781;false;2.40
153;reto;acrobat;0;-6.7012;0.0060;3.5409;true;2.38
153;reto;acrobat;1;-7.2248;0.1003;3.3843;true;2.38
154;reto;clown;0;-4.7657;0.1384;3.5268;false;2.40
154;reto;clown;1;-4.4947;0.1542;3.2780;false;2.40
154;reto;acrobat;0;-6.6810;-0.0018;3.5392;false;2.38
154;reto;acrobat;1;-7.0977;0.1193;3.3813;true;2.38
155;reto;clown;0;-4.7659;0.1386;3.5292;false;2.40
155;reto;clown;1;-4.4943;0.1544;3.2767;false;2.40
155;reto;acrobat;0;-6.6805;-0.0015;3.5382;false;2.39
155;reto;acrobat;1;-6.9615;0.1279;3.3733;true;2.39
156;reto;clown;0;-4.7662;0.1388;3.5338;true;2.40
156;reto;clown;1;-4.4940;0.1545;3.2749;false;2.40
156;reto;acrobat;0;-6.6799;-0.0012;3.5389;false;2.39
156;reto;acrobat;1;-6.8232;0.1253;3.3669;true;2.39
157;reto;clown;0;-4.7420;0.1714;3.5357;true;2.40
157;reto;clown;1;-4.4937;0.1545;3.2730;false;2.40
157;reto;acrobat;0;-6.6798;-0.0012;3.5400;false;2.39
157;reto;acrobat;1;-6.6912;0.1119;3.3650;true;2.39
158;reto;clown;0;-4.6747;0.2017;3.5315;true;2.40
158;reto;clown;1;-4.4937;0.1545;3.2723;false;2.40
158;reto;acrobat;0;-6.6798;-0.0012;3.5410;false;2.39
158;reto;acrobat;1;-6.5757;0.0889;3.3643;true;2.39
159;reto;clown;0;-4.5738;0.2265;3.5290;true;2.40
159;reto;clown;1;-4.4938;0.1545;3.2729;false;2.40
159;reto;acrobat;0;-6.6799;-0.0012;3.5415;false;2.39
159;reto;acrobat;1;-6.4867;0.0577;3.3621;true;2.39
160;reto;clown;0;-4.4499;0.2429;3.5310;true;2.40
160;reto;clown;1;-4.4938;0.1545;3.2741;false;2.40
160;reto;acrobat;0;-6.6799;-0.0012;3.5412;false;2.39
160;reto;acrobat;1;-6.4345;0.0210;3.3599;true;2.39
161;reto;clown;0;-4.3150;0.2489;3.5297;true;2.40
161;reto;clown;1;-4.4937;0.1545;3.2749;false;2.40
161;reto;acrobat;0;-6.6798;-0.0012;3.5404;false;2.39
161;reto;acrobat;1;-6.4144;0.0136;3.3607;false;2.39
162;reto;clown;0;-4.1833;0.2437;3.5247;true;2.40
162;reto;clown;1;-4.4938;0.1546;3.2735;false;2.40
162;reto;acrobat;0;-6.6797;-0.0012;3.5395;false;2.39
162;reto;acrobat;1;-6.4142;0.0137;3.3618;false;2.39
163;reto;clown;0;-4.0682;0.2280;3.5268;true;2.40
163;reto;clown;1;-4.4940;0.1547;3.2694;false;2.40
163;reto;acrobat;0;-6.6796;-0.0012;3.5386;false;2.39
163;reto;acrobat;1;-6.4141;0.0138;3.3622;false;2.39
164;reto;clown;0;-3.9858;0.2046;3.5318;true;2.40
164;reto;clown;1;-4.4940;0.1550;3.2629;true;2.40
164;reto;acrobat;0;-6.6796;-0.0012;3.5380;false;2.39
164;reto;acrobat;1;-6.4140;0.0139;3.3622;false;2.39
165;reto;clown;0;-3.9511;0.1849;3.5313;false;2.40
165;reto;clown;1;-4.4684;0.1879;3.2597;true;2.40
165;reto;acrobat;0;-6.6796;-0.0012;3.5377;false;2.39
165;reto;acrobat;1;-6.4138;0.0140;3.3618;false;2.39
166;reto;clown;0;-3.9507;0.1855;3.5278;false;2.40
166;reto;clown;1;-4.3975;0.2183;3.2670;true;2.40
166;reto;acrobat;0;-6.6796;-0.0012;3.5378;false;2.39
166;reto;acrobat;1;-6.4137;0.0140;3.3611;false;2.39
167;reto;clown;0;-3.9504;0.1859;3.5265;false;2.40
167;reto;clown;1;-4.2907;0.2429;3.2770;true;2.40
167;reto;acrobat;0;-6.6797;-0.0012;3.5384;false;2.39
167;reto;acrobat;1;-6.4136;0.0141;3.3602;false;2.39
168;reto;clown;0;-3.9498;0.1862;3.5273;false;2.40
168;reto;clown;1;-4.1603;0.2597;3.2781;true;2.40
168;reto;acrobat;0;-6.6797;-0.0012;3.5397;false;2.39
168;reto;acrobat;1;-6.4135;0.0141;3.3593;false;2.39
169;reto;clown;0;-3.9493;0.1864;3.5294;false;2.40
169;reto;clown;1;-4.0190;0.2662;3.2736;true;2.40
169;reto;acrobat;0;-6.6798;-0.0011;3.5417;true;2.39
169;reto;acrobat;1;-6.4135;0.0141;3.3584;false;2.39
170;reto;clown;0;-3.9493;0.1864;3.5305;false;2.40
170;reto;clown;1;-3.8802;0.2618;3.2751;true;2.40
170;reto;acrobat;0;-6.6610;0.0407;3.5414;true;2.39
170;reto;acrobat;1;-6.4134;0.0141;3.3579;false;2.39
171;reto;clown;0;-3.9493;0.1864;3.5301;false;2.40
171;reto;clown;1;-3.7602;0.2465;3.2761;true;2.40
171;reto;acrobat;0;-6.6077;0.0809;3.5388;true;2.39
171;reto;acrobat;1;-6.4135;0.0141;3.3580;false;2.39
172;reto;clown;0;-3.9491;0.1864;3.5285;false;2.40
172;reto;clown;1;-3.6754;0.2226;3.2721;true;2.40
172;reto;acrobat;0;-6.5251;0.1164;3.5361;true;2.39
172;reto;acrobat;1;-6.4135;0.0141;3.3585;false;2.39
173;reto;clown;0;-3.9489;0.1863;3.5266;false;2.40
173;reto;clown;1;-3.6400;0.2028;3.2726;false;2.40
173;reto;acrobat;0;-6.4193;0.1447;3.5352;true;2.39
173;reto;acrobat;1;-6.4135;0.0141;3.3592;false;2.39
174;reto;clown;0;-3.9489;0.1862;3.5259;false;2.40
174;reto;clown;1;-3.6397;0.2034;3.2765;false;2.40
174;reto;acrobat;0;-6.2965;0.1636;3.5350;true;2.39
174;reto;acrobat;1;-6.4135;0.0141;3.3595;false;2.39
175;reto;clown;0;-3.9490;0.1862;3.5266;false;2.40
175;reto;clown;1;-3.6393;0.2038;3.2781;false;2.40
175;reto;acrobat;0;-6.1642;0.1719;3.5318;true;2.39
175;reto;acrobat;1;-6.4136;0.0141;3.3586;false;2.39
176;reto;clown;0;-3.9492;0.1863;3.5291;false;2.40
176;reto;clown;1;-3.6390;0.2042;3.2779;false;2.40
176;reto;acrobat;0;-6.0308;0.1689;3.5251;true;2.39
176;reto;acrobat;1;-6.4137;0.0142;3.3561;false;2.39
177;reto;clown;0;-3.9495;0.1866;3.5337;true;2.40
177;reto;clown;1;-3.6386;0.2044;3.2767;false;2.40
177;reto;acrobat;0;-5.9041;0.1550;3.5203;true;2.39
177;reto;acrobat;1;-6.4138;0.0142;3.3528;true;2.39
178;reto;clown;0;-3.9253;0.2192;3.5358;true;2.40
178;reto;clown;1;-3.6383;0.2045;3.2747;false;2.40
178;reto;acrobat;0;-5.7928;0.1314;3.5193;true;2.39
178;reto;acrobat;1;-6.3941;0.0563;3.3525;true;2.39
179;reto;clown;0;-3.8580;0.2494;3.5313;true;2.40
179;reto;clown;1;-3.6381;0.2045;3.2731;false;2.40
179;reto;acrobat;0;-5.7066;0.1001;3.5210;true;2.39
179;reto;acrobat;1;-6.3381;0.0966;3.3551;true;2.39
180;reto;clown;0;-3.7570;0.2742;3.5282;true;2.40
180;reto;clown;1;-3.6381;0.2045;3.2728;false;2.40
180;reto;acrobat;0;-5.6561;0.0635;3.5227;true;2.39
180;reto;acrobat;1;-6.2512;0.1321;3.3588;true;2.39
181;reto;clown;0;-3.6331;0.2905;3.5302;true;2.40
181;reto;clown;1;-3.6381;0.2045;3.2737;false;2.40
181;reto;acrobat;0;-5.6364;0.0575;3.5211;false;2.39
181;reto;acrobat;1;-6.1400;0.1605;3.3615;true;2.39
182;reto;clown;0;-3.4981;0.2965;3.5297;true;2.40
182;reto;clown;1;-3.6380;0.2044;3.2751;false;2.40
182;reto;acrobat;0;-5.6362;0.0577;3.5198;false;2.39
182;reto;acrobat;1;-6.0118;0.1798;3.3590;true;2.39
183;reto;clown;0;-3.3664;0.2912;3.5247;true;2.40
183;reto;clown;1;-3.6379;0.2044;3.2758;false;2.40
183;reto;acrobat;0;-5.6356;0.0580;3.5201;false;2.39
183;reto;acrobat;1;-5.8746;0.1885;3.3520;true;2.39
184;reto;clown;0;-3.2513;0.2754;3.5267;true;2.40
184;reto;clown;1;-3.6381;0.2045;3.2737;false;2.40
184;reto;acrobat;0;-5.6352;0.0582;3.5213;false;2.39
184;reto;acrobat;1;-5.7352;0.1860;3.3475;true;2.39
185;reto;clown;0;-3.1688;0.2519;3.5318;true;2.40
185;reto;clown;1;-3.6383;0.2047;3.2696;false;2.40
185;reto;acrobat;0;-5.6351;0.0582;3.5224;false;2.39
185;reto;acrobat;1;-5.6028;0.1726;3.3471;true;2.39
186;reto;clown;0;-3.1341;0.2319;3.5311;false;2.40
186;reto;clown;1;-3.6384;0.2050;3.2630;true;2.40
186;reto;acrobat;0;-5.6352;0.0582;3.5231;false;2.39
186;reto;acrobat;1;-5.4875;0.1494;3.3472;true;2.39
187;reto;clown;0;-3.1337;0.2326;3.5275;false;2.40
187;reto;clown;1;-3.6128;0.2378;3.2596;true;2.40
187;reto;acrobat;0;-5.6352;0.0582;3.5231;false;2.40
187;reto;acrobat;1;-5.3993;0.1181;3.3453;true;2.40
188;reto;clown;0;-3.1334;0.2330;3.5262;false;2.40
188;reto;clown;1;-3.5418;0.2682;3.2669;true;2.40
188;reto;acrobat;0;-5.6351;0.0582;3.5224;false;2.40
188;reto;acrobat;1;-5.3485;0.0812;3.3433;true;2.40
189;reto;clown;0;-3.1330;0.2333;3.5264;false;2.40
189;reto;clown;1;-3.4349;0.2926;3.2769;true;2.40
189;reto;acrobat;0;-5.6350;0.0582;3.5214;false;2.40
189;reto;acrobat;1;-5.3288;0.0756;3.3444;false;2.40
190;reto;clown;0;-3.1324;0.2335;3.5283;false;2.40
190;reto;clown;1;-3.3045;0.3093;3.2772;true;2.40
190;reto;acrobat;0;-5.6349;0.0581;3.5204;false;2.40
190;reto;acrobat;1;-5.3286;0.0757;3.3457;false;2.40
191;reto;clown;0;-3.1323;0.2336;3.5299;false;2.40
191;reto;clown;1;-3.1631;0.3157;3.2736;true;2.40
191;reto;acrobat;0;-5.6349;0.0581;3.5196;false;2.40
191;reto;acrobat;1;-5.3284;0.0759;3.3462;false;2.40
192;reto;clown;0;-3.1322;0.2336;3.5300;false;2.40
192;reto;clown;1;-3.0243;0.3111;3.2758;true;2.40
192;reto;acrobat;0;-5.6349;0.0581;3.5193;false;2.40
192;reto;acrobat;1;-5.3283;0.0760;3.3461;false;2.40
193;reto;clown;0;-3.1321;0.2336;3.5286;false;2.40
193;reto;clown;1;-2.9045;0.2955;3.2767;true;2.40
193;reto;acrobat;0;-5.6349;0.0581;3.5194;false;2.40
193;reto;acrobat;1;-5.3281;0.0761;3.3455;false;2.40
194;reto;clown;0;-3.1319;0.2335;3.5270;false;2.40
194;reto;clown;1;-2.8192;0.2718;3.2720;true;2.40
194;reto;acrobat;0;-5.6350;0.0581;3.5202;false;2.40
194;reto;acrobat;1;-5.3279;0.0761;3.3447;false;2.40
195;reto;clown;0;-3.1318;0.2334;3.5258;false;2.40
195;reto;clown;1;-2.7838;0.2519;3.2725;false;2.40
195;reto;acrobat;0;-5.6351;0.0582;3.5217;false;2.40
195;reto;acrobat;1;-5.3278;0.0762;3.3437;false;2.40
196;reto;clown;0;-3.1319;0.2334;3.5265;false;2.40
196;reto;clown;1;-2.7835;0.2525;3.2764;false;2.40
196;reto;acrobat;0;-5.6352;0.0582;3.5240;true;2.40
196;reto;acrobat;1;-5.3276;0.0762;3.3426;false;2.40
197;reto;clown;0;-3.1322;0.2335;3.5290;false;2.40
197;reto;clown;1;-2.7832;0.2530;3.2780;false;2.40
197;reto;acrobat;0;-5.6162;0.1003;3.5239;true;2.40
197;reto;acrobat;1;-5.3275;0.0762;3.3418;false;2.40
198;reto;clown;0;-3.1324;0.2338;3.5336;true;2.40
198;reto;clown;1;-2.7828;0.2533;3.2779;false;2.40
198;reto;acrobat;0;-5.5624;0.1406;3.5213;true;2.40
198;reto;acrobat;1;-5.3276;0.0762;3.3415;false;2.40
199;reto;clown;0;-3.1083;0.2664;3.5357;true;2.40
199;reto;clown;1;-2.7824;0.2535;3.2764;false;2.40
199;reto;acrobat;0;-5.4792;0.1763;3.5187;true;2.40
199;reto;acrobat;1;-5.3276;0.0762;3.3418;false;2.40
200;reto;clown;0;-3.0409;0.2965;3.5310;true;2.40
200;reto;clown;1;-2.7821;0.2536;3.2746;false;2.40
200;reto;acrobat;0;-5.3726;0.2047;3.5182;true;2.40
200;reto;acrobat;1;-5.3276;0.0762;3.3424;false;2.40
201;reto;clown;0;-2.9397;0.3211;3.5274;true;2.40
201;reto;clown;1;-2.7819;0.2536;3.2732;false;2.40
201;reto;acrobat;0;-5.2491;0.2237;3.5188;true;2.40
201;reto;acrobat;1;-5.3276;0.0762;3.3431;false;2.40
202;reto;clown;0;-2.8158;0.3373;3.5294;true;2.40
202;reto;clown;1;-2.7820;0.2536;3.2733;false;2.40
202;reto;acrobat;0;-5.1160;0.2320;3.5169;true;2.40
202;reto;acrobat;1;-5.3276;0.0762;3.3431;false;2.40
203;reto;clown;0;-2.6807;0.3431;3.5297;true;2.40
203;reto;clown;1;-2.7819;0.2536;3.2746;false;2.40
203;reto;acrobat;0;-4.9820;0.2292;3.5112;true;2.40
203;reto;acrobat;1;-5.3277;0.0762;3.3420;false;2.40
204;reto;clown;0;-2.5487;0.3377;3.5252;true;2.40
204;reto;clown;1;-2.7817;0.2535;3.2762;false;2.40
204;reto;acrobat;0;-4.8548;0.2151;3.5071;true;2.40
204;reto;acrobat;1;-5.3278;0.0763;3.3396;false;2.40
205;reto;clown;0;-2.4337;0.3216;3.5266;true;2.40
205;reto;clown;1;-2.7817;0.2535;3.2760;false;2.40
205;reto;acrobat;0;-4.7435;0.1915;3.5069;true;2.40
205;reto;acrobat;1;-5.3279;0.0763;3.3363;true;2.40
206;reto;clown;0;-2.3511;0.2981;3.5317;true;2.40
206;reto;clown;1;-2.7819;0.2536;3.2739;false;2.40
206;reto;acrobat;0;-4.6579;0.1600;3.5089;true;2.40
206;reto;acrobat;1;-5.3081;0.1185;3.3361;true;2.40
207;reto;clown;0;-2.3164;0.2780;3.5311;false;2.40
207;reto;clown;1;-2.7821;0.2538;3.2701;false;2.40
207;reto;acrobat;0;-4.6084;0.1233;3.5108;true;2.40
207;reto;acrobat;1;-5.2516;0.1590;3.3388;true;2.40
208;reto;clown;0;-2.3161;0.2786;3.5272;false;2.40
208;reto;clown;1;-2.7822;0.2541;3.2628;true;2.40
208;reto;acrobat;0;-4.5888;0.1186;3.5093;false;2.40
208;reto;acrobat;1;-5.1642;0.1947;3.3438;true;2.40
209;reto;clown;0;-2.3157;0.2791;3.5259;false;2.40
209;reto;clown;1;-2.7566;0.2869;3.2594;true;2.40
209;reto;acrobat;0;-4.5886;0.1188;3.5081;false;2.40
209;reto;acrobat;1;-5.0523;0.2232;3.3464;true;2.40
210;reto;clown;0;-2.3154;0.2794;3.5262;false;2.40
210;reto;clown;1;-2.6856;0.3171;3.2667;true;2.40
210;reto;acrobat;0;-4.5884;0.1189;3.5076;false;2.40
210;reto;acrobat;1;-4.9235;0.2426;3.3446;true;2.40
211;reto;clown;0;-2.3150;0.2796;3.5274;false;2.40
211;reto;clown;1;-2.5786;0.3414;3.2768;true;2.40
211;reto;acrobat;0;-4.5878;0.1192;3.5088;false;2.40
211;reto;acrobat;1;-4.7855;0.2514;3.3383;true;2.40
212;reto;clown;0;-2.3146;0.2797;3.5294;false;2.40
212;reto;clown;1;-2.4482;0.3580;3.2763;true;2.40
212;reto;acrobat;0;-4.5875;0.1192;3.5101;false;2.40
212;reto;acrobat;1;-4.6456;0.2488;3.3352;true;2.40
213;reto;clown;0;-2.3146;0.2797;3.5300;false;2.40
213;reto;clown;1;-2.3065;0.3640;3.2735;true;2.40
213;reto;acrobat;0;-4.5875;0.1192;3.5110;false;2.40
213;reto;acrobat;1;-4.5130;0.2354;3.3359;true;2.40
214;reto;clown;0;-2.3145;0.2797;3.5291;false;2.40
214;reto;clown;1;-2.1676;0.3590;3.2765;true;2.40
214;reto;acrobat;0;-4.5876;0.1192;3.5112;false;2.40
214;reto;acrobat;1;-4.3979;0.2120;3.3365;true;2.40
215;reto;clown;0;-2.3142;0.2796;3.5271;false;2.40
215;reto;clown;1;-2.0480;0.3429;3.2773;true;2.40
215;reto;acrobat;0;-4.5875;0.1192;3.5107;false;2.40
215;reto;acrobat;1;-4.3102;0.1805;3.3346;true;2.40
216;reto;clown;0;-2.3142;0.2796;3.5265;false;2.40
216;reto;clown;1;-1.9621;0.3193;3.2719;true;2.40
216;reto;acrobat;0;-4.5874;0.1192;3.5097;false;2.40
216;reto;acrobat;1;-4.2604;0.1436;3.3327;true;2.40
217;reto;clown;0;-2.3142;0.2795;3.5263;false;2.40
217;reto;clown;1;-1.9267;0.2993;3.2724;false;2.40
217;reto;acrobat;0;-4.5873;0.1192;3.5085;false;2.40
217;reto;acrobat;1;-4.2408;0.1390;3.3341;false;2.40
218;reto;clown;0;-2.3145;0.2796;3.5289;false;2.40
218;reto;clown;1;-1.9263;0.2999;3.2764;false;2.40
218;reto;acrobat;0;-4.5872;0.1192;3.5077;false;2.40
218;reto;acrobat;1;-4.2406;0.1392;3.3354;false;2.40
219;reto;clown;0;-2.3147;0.2799;3.5336;true;2.40
219;reto;clown;1;-1.9260;0.3003;3.2779;false;2.40
219;reto;acrobat;0;-4.5872;0.1192;3.5073;false;2.40
219;reto;acrobat;1;-4.2404;0.1393;3.3359;false;2.40
220;reto;clown;0;-2.2906;0.3124;3.5358;true;2.40
220;reto;clown;1;-1.9256;0.3007;3.2775;false;2.40
220;reto;acrobat;0;-4.5873;0.1191;3.5075;false;2.40
220;reto;acrobat;1;-4.2402;0.1395;3.3358;false;2.40
221;reto;clown;0;-2.2231;0.3425;3.5309;true;2.40
221;reto;clown;1;-1.9253;0.3009;3.2762;false;2.40
221;reto;acrobat;0;-4.5874;0.1192;3.5083;false;2.40
221;reto;acrobat;1;-4.2400;0.1396;3.3352;false;2.40
222;reto;clown;0;-2.1218;0.3668;3.5265;true;2.40
222;reto;clown;1;-1.9249;0.3009;3.2743;false;2.40
222;reto;acrobat;0;-4.5875;0.1192;3.5099;false;2.40
222;reto;acrobat;1;-4.2398;0.1396;3.3343;false;2.40
223;reto;clown;0;-1.9978;0.3828;3.5287;true;2.40
223;reto;clown;1;-1.9248;0.3010;3.2734;false;2.40
223;reto;acrobat;0;-4.5876;0.1193;3.5125;true;2.40
223;reto;acrobat;1;-4.2396;0.1397;3.3332;false;2.40
224;reto;clown;0;-1.8626;0.3883;3.5298;true;2.40
224;reto;clown;1;-1.9248;0.3010;3.2739;false;2.40
224;reto;acrobat;0;-4.5686;0.1614;3.5126;true;2.40
224;reto;acrobat;1;-4.2394;0.1397;3.3320;false;2.40
225;reto;clown;0;-1.7301;0.3827;3.5259;true;2.40
225;reto;clown;1;-1.9246;0.3009;3.2755;false;2.40
225;reto;acrobat;0;-4.5145;0.2018;3.5099;true;2.40
225;reto;acrobat;1;-4.2394;0.1397;3.3313;false;2.40
226;reto;clown;0;-1.6152;0.3662;3.5265;true;2.40
226;reto;clown;1;-1.9245;0.3008;3.2768;false;2.40
226;reto;acrobat;0;-4.4310;0.2375;3.5072;true;2.40
226;reto;acrobat;1;-4.2394;0.1397;3.3312;false;2.40
227;reto;clown;0;-1.5324;0.3423;3.5316;true;2.40
227;reto;clown;1;-1.9246;0.3008;3.2763;false;2.40
227;reto;acrobat;0;-4.3240;0.2659;3.5069;true;2.40
227;reto;acrobat;1;-4.2394;0.1397;3.3316;false;2.40
228;reto;clown;0;-1.4977;0.3221;3.5310;false;2.40
228;reto;clown;1;-1.9247;0.3009;3.2747;false;2.40
228;reto;acrobat;0;-4.2002;0.2850;3.5082;true;2.40
228;reto;acrobat;1;-4.2394;0.1397;3.3324;false;2.40
229;reto;clown;0;-1.4973;0.3227;3.5271;false;2.40
229;reto;clown;1;-1.9250;0.3012;3.2699;true;2.40
229;reto;acrobat;0;-4.0667;0.2933;3.5072;true;2.40
229;reto;acrobat;1;-4.2394;0.1397;3.3330;false;2.40
230;reto;clown;0;-1.4970;0.3232;3.5258;false;2.40
230;reto;clown;1;-1.9008;0.3337;3.2677;true;2.40
230;reto;acrobat;0;-3.9322;0.2903;3.5024;true;2.40
230;reto;acrobat;1;-4.2394;0.1397;3.3329;false;2.40
231;reto;clown;0;-1.4966;0.3235;3.5261;false;2.40
231;reto;clown;1;-1.8333;0.3636;3.2726;true;2.40
231;reto;acrobat;0;-3.8049;0.2763;3.4986;true;2.40
231;reto;acrobat;1;-4.2395;0.1397;3.3315;false;2.40
232;reto;clown;0;-1.4962;0.3237;3.5276;false;2.40
232;reto;clown;1;-1.7318;0.3878;3.2779;true;2.40
232;reto;acrobat;0;-3.6935;0.2525;3.4987;true;2.40
232;reto;acrobat;1;-4.2396;0.1398;3.3292;false;2.40
233;reto;clown;0;-1.4958;0.3238;3.5295;false;2.40
233;reto;clown;1;-1.6078;0.4038;3.2755;true;2.40
233;reto;acrobat;0;-3.6079;0.2211;3.5011;true;2.40
233;reto;acrobat;1;-4.2397;0.1399;3.3259;true;2.40
234;reto;clown;0;-1.4958;0.3238;3.5299;false;2.40
234;reto;clown;1;-1.4726;0.4092;3.2735;true;2.40
234;reto;acrobat;0;-3.5587;0.1843;3.5029;true;2.40
234;reto;acrobat;1;-4.2198;0.1820;3.3255;true;2.40
235;reto;clown;0;-1.4957;0.3238;3.5289;false;2.40
235;reto;clown;1;-1.3398;0.4034;3.2767;true;2.40
235;reto;acrobat;0;-3.5392;0.1798;3.5015;false;2.40
235;reto;acrobat;1;-4.1633;0.2225;3.3291;true;2.40
236;reto;clown;0;-1.4955;0.3237;3.5270;false;2.40
236;reto;clown;1;-1.2250;0.3866;3.2769;true;2.40
236;reto;acrobat;0;-3.5390;0.1800;3.5003;false;2.40
236;reto;acrobat;1;-4.0757;0.2582;3.3337;true;2.40
237;reto;clown;0;-1.4954;0.3236;3.5264;false;2.40
237;reto;clown;1;-1.1422;0.3626;3.2718;true;2.40
237;reto;acrobat;0;-3.5388;0.1802;3.4998;false;2.40
237;reto;acrobat;1;-3.9637;0.2867;3.3367;true;2.40
238;reto;clown;0;-1.4955;0.3236;3.5263;false;2.40
238;reto;clown;1;-1.1074;0.3423;3.2724;false;2.40
238;reto;acrobat;0;-3.5384;0.1804;3.5003;false;2.40
238;reto;acrobat;1;-3.8348;0.3062;3.3348;true;2.40
239;reto;clown;0;-1.4957;0.3237;3.5288;false;2.40
239;reto;clown;1;-1.1070;0.3429;3.2763;false;2.40
239;reto;acrobat;0;-3.5380;0.1805;3.5017;false;2.40
239;reto;acrobat;1;-3.6965;0.3149;3.3295;true;2.40
240;reto;clown;0;-1.4960;0.3240;3.5336;true;2.40
240;reto;clown;1;-1.1067;0.3433;3.2779;false;2.40
240;reto;acrobat;0;-3.5378;0.1805;3.5028;false;2.40
240;reto;acrobat;1;-3.5563;0.3122;3.3275;true;2.40
241;reto;clown;0;-1.4718;0.3565;3.5358;true;2.40
241;reto;clown;1;-1.1063;0.3437;3.2775;false;2.40
241;reto;acrobat;0;-3.5379;0.1805;3.5033;false;2.40
241;reto;acrobat;1;-3.4237;0.2988;3.3290;true;2.40
242;reto;clown;0;-1.4042;0.3863;3.5310;true;2.40
242;reto;clown;1;-1.1060;0.3439;3.2762;false;2.40
242;reto;acrobat;0;-3.5378;0.1805;3.5030;false;2.40
242;reto;acrobat;1;-3.3086;0.2753;3.3298;true;2.40
243;reto;clown;0;-1.3027;0.4104;3.5264;true;2.40
243;reto;clown;1;-1.1056;0.3440;3.2743;false;2.40
243;reto;acrobat;0;-3.5377;0.1805;3.5021;false;2.40
243;reto;acrobat;1;-3.2210;0.2436;3.3279;true;2.40
244;reto;clown;0;-1.1786;0.4261;3.5286;true;2.40
244;reto;clown;1;-1.1055;0.3440;3.2733;false;2.40
244;reto;acrobat;0;-3.5376;0.1805;3.5011;false;2.40
244;reto;acrobat;1;-3.1708;0.2067;3.3258;true;2.40
245;reto;clown;0;-1.0432;0.4313;3.5297;true;2.40
245;reto;clown;1;-1.1055;0.3440;3.2739;false;2.40
245;reto;acrobat;0;-3.5375;0.1805;3.5000;false;2.40
245;reto;acrobat;1;-3.1513;0.2022;3.3273;false;2.40
246;reto;clown;0;-0.9105;0.4253;3.5259;true;2.40
246;reto;clown;1;-1.1053;0.3439;3.2755;false;2.40
246;reto;acrobat;0;-3.5375;0.1804;3.4996;false;2.40
246;reto;acrobat;1;-3.1511;0.2024;3.3286;false;2.40
247;reto;clown;0;-0.7955;0.4086;3.5265;true;2.40
247;reto;clown;1;-1.1052;0.3439;3.2767;false;2.40
247;reto;acrobat;0;-3.5376;0.1804;3.4998;false;2.40
247;reto;acrobat;1;-3.1509;0.2026;3.3291;false;2.40
248;reto;clown;0;-0.7125;0.3842;3.5316;true;2.40
248;reto;clown;1;-1.1053;0.3439;3.2763;false;2.40
248;reto;acrobat;0;-3.5377;0.1804;3.5006;false;2.40
248;reto;acrobat;1;-3.1506;0.2027;3.3290;false;2.40
249;reto;clown;0;-0.6777;0.3638;3.5310;false;2.40
249;reto;clown;1;-1.1054;0.3439;3.2746;false;2.40
249;reto;acrobat;0;-3.5378;0.1805;3.5022;false;2.40
249;reto;acrobat;1;-3.1504;0.2028;3.3284;false;2.40
250;reto;clown;0;-0.6773;0.3644;3.5271;false;2.40
250;reto;clown;1;-1.1057;0.3442;3.2698;true;2.40
250;reto;acrobat;0;-3.5379;0.1806;3.5048;true;2.40
250;reto;acrobat;1;-3.1502;0.2029;3.3275;false;2.40
251;reto;clown;0;-0.6769;0.3649;3.5258;false;2.40
251;reto;clown;1;-1.0815;0.3767;3.2675;true;2.40
251;reto;acrobat;0;-3.5189;0.2227;3.5050;true;2.40
251;reto;acrobat;1;-3.1500;0.2029;3.3263;false;2.40
252;reto;clown;0;-0.6766;0.3652;3.5261;false;2.40
252;reto;clown;1;-1.0138;0.4064;3.2724;true;2.40
252;reto;acrobat;0;-3.4648;0.2630;3.5023;true;2.40
252;reto;acrobat;1;-3.1499;0.2029;3.3252;false;2.40
253;reto;clown;0;-0.6761;0.3654;3.5276;false;2.40
253;reto;clown;1;-0.9122;0.4302;3.2779;true;2.40
253;reto;acrobat;0;-3.3811;0.2986;3.4995;true;2.40
253;reto;acrobat;1;-3.1498;0.2029;3.3246;false;2.40
254;reto;clown;0;-0.6758;0.3655;3.5295;false;2.40
254;reto;clown;1;-0.7880;0.4458;3.2755;true;2.40
254;reto;acrobat;0;-3.2741;0.3270;3.4993;true;2.40
254;reto;acrobat;1;-3.1498;0.2029;3.3247;false;2.40
255;reto;clown;0;-0.6758;0.3655;3.5299;false;2.40
255;reto;clown;1;-0.6524;0.4507;3.2735;true;2.40
255;reto;acrobat;0;-3.1502;0.3459;3.5010;true;2.40
255;reto;acrobat;1;-3.1499;0.2029;3.3253;false;2.40
256;reto;clown;0;-0.6757;0.3655;3.5289;false;2.40
256;reto;clown;1;-0.5194;0.4444;3.2768;true;2.40
256;reto;acrobat;0;-3.0166;0.3540;3.5008;true;2.40
256;reto;acrobat;1;-3.1498;0.2029;3.3262;false;2.40
257;reto;clown;0;-0.6754;0.3654;3.5270;false;2.40
257;reto;clown;1;-0.4044;0.4273;3.2770;true;2.40
257;reto;acrobat;0;-2.8818;0.3509;3.4970;true;2.40
257;reto;acrobat;1;-3.1498;0.2029;3.3268;false;2.40
258;reto;clown;0;-0.6754;0.3653;3.5264;false;2.40
258;reto;clown;1;-0.3215;0.4030;3.2718;true;2.40
258;reto;acrobat;0;-2.7545;0.3367;3.4931;true;2.40
258;reto;acrobat;1;-3.1498;0.2029;3.3264;false;2.40
259;reto;clown;0;-0.6754;0.3653;3.5262;false;2.40
259;reto;clown;1;-0.2866;0.3827;3.2725;false;2.40
259;reto;acrobat;0;-2.6430;0.3127;3.4935;true;2.40
259;reto;acrobat;1;-3.1499;0.2029;3.3250;false;2.40
260;reto;clown;0;-0.6757;0.3654;3.5288;false;2.40
260;reto;clown;1;-0.2863;0.3832;3.2764;false;2.40
260;reto;acrobat;0;-2.5573;0.2811;3.4960;true;2.40
260;reto;acrobat;1;-3.1500;0.2030;3.3227;false;2.40
261;reto;clown;0;-0.6760;0.3657;3.5337;true;2.40
261;reto;clown;1;-0.2860;0.3837;3.2780;false;2.40
261;reto;acrobat;0;-2.5081;0.2442;3.4977;true;2.40
261;reto;acrobat;1;-3.1501;0.2031;3.3194;true;2.40
262;reto;clown;0;-0.6517;0.3981;3.5360;true;2.40
262;reto;clown;1;-0.2856;0.3841;3.2776;false;2.40
262;reto;acrobat;0;-2.4885;0.2397;3.4963;false;2.40
262;reto;acrobat;1;-3.1302;0.2453;3.3195;true;2.40
263;reto;clown;0;-0.5841;0.4278;3.5311;true;2.40
263;reto;clown;1;-0.2852;0.3843;3.2762;false;2.40
263;reto;acrobat;0;-2.4883;0.2399;3.4952;false;2.40
263;reto;acrobat;1;-3.0736;0.2857;3.3224;true;2.40
264;reto;clown;0;-0.4824;0.4515;3.5264;true;2.40
264;reto;clown;1;-0.2848;0.3843;3.2743;false;2.40
264;reto;acrobat;0;-2.4881;0.2401;3.4948;false;2.40
264;reto;acrobat;1;-2.9860;0.3212;3.3272;true;2.40
265;reto;clown;0;-0.3580;0.4667;3.5286;true;2.40
265;reto;clown;1;-0.2847;0.3843;3.2734;false;2.40
265;reto;acrobat;0;-2.4878;0.2402;3.4950;false;2.40
265;reto;acrobat;1;-2.8739;0.3496;3.3306;true;2.40
266;reto;clown;0;-0.2223;0.4713;3.5298;true;2.40
266;reto;clown;1;-0.2847;0.3843;3.2739;false;2.40
266;reto;acrobat;0;-2.4874;0.2403;3.4961;false;2.40
266;reto;acrobat;1;-2.7451;0.3688;3.3283;true;2.40
267;reto;clown;0;-0.0893;0.4647;3.5259;true;2.40
267;reto;clown;1;-0.2846;0.3843;3.2756;false;2.40
267;reto;acrobat;0;-2.4872;0.2404;3.4974;false;2.40
267;reto;acrobat;1;-2.6066;0.3773;3.3238;true;2.40
268;reto;clown;0;0.0261;0.4474;3.5266;true;2.40
268;reto;clown;1;-0.2844;0.3842;3.2769;false;2.40
268;reto;acrobat;0;-2.4871;0.2404;3.4981;false;2.40
268;reto;acrobat;1;-2.4663;0.3744;3.3228;true;2.40
269;reto;clown;0;0.1092;0.4228;3.5317;true;2.40
269;reto;clown;1;-0.2845;0.3842;3.2763;false;2.40
269;reto;acrobat;0;-2.4871;0.2404;3.4981;false;2.40
269;reto;acrobat;1;-2.3336;0.3607;3.3248;true;2.40
270;reto;clown;0;0.1442;0.4023;3.5311;false;2.40
270;reto;clown;1;-0.2846;0.3843;3.2747;false;2.40
270;reto;acrobat;0;-2.4870;0.2404;3.4974;false;2.40
270;reto;acrobat;1;-2.2186;0.3367;3.3258;true;2.40
271;reto;clown;0;0.1445;0.4029;3.5272;false;2.40
271;reto;clown;1;-0.2849;0.3846;3.2697;true;2.40
271;reto;acrobat;0;-2.4869;0.2403;3.4963;false;2.40
271;reto;acrobat;1;-2.1308;0.3049;3.3237;true;2.40
272;reto;clown;0;0.1449;0.4034;3.5259;false;2.40
272;reto;clown;1;-0.2607;0.4170;3.2673;true;2.40
272;reto;acrobat;0;-2.4868;0.2403;3.4955;false;2.40
272;reto;acrobat;1;-2.0803;0.2679;3.3215;true;2.40
273;reto;clown;0;0.1453;0.4037;3.5262;false;2.40
273;reto;clown;1;-0.1929;0.4465;3.2723;true;2.40
273;reto;acrobat;0;-2.4868;0.2403;3.4946;false;2.40
273;reto;acrobat;1;-2.0607;0.2633;3.3231;false;2.40
274;reto;clown;0;0.1457;0.4039;3.5277;false;2.40
274;reto;clown;1;-0.0910;0.4699;3.2780;true;2.40
274;reto;acrobat;0;-2.4868;0.2403;3.4948;false;2.40
274;reto;acrobat;1;-2.0606;0.2635;3.3244;false;2.40
275;reto;clown;0;0.1460;0.4040;3.5296;false;2.40
275;reto;clown;1;0.0334;0.4850;3.2757;true;2.40
275;reto;acrobat;0;-2.4869;0.2403;3.4956;false;2.40
275;reto;acrobat;1;-2.0603;0.2637;3.3249;false;2.40
276;reto;clown;0;0.1461;0.4040;3.5300;false;2.40
276;reto;clown;1;0.1693;0.4893;3.2737;true;2.40
276;reto;acrobat;0;-2.4871;0.2403;3.4973;false;2.40
276;reto;acrobat;1;-2.0601;0.2639;3.3248;false;2.40
277;reto;clown;0;0.1461;0.4040;3.5290;false;2.40
277;reto;clown;1;0.3026;0.4824;3.2769;true;2.40
277;reto;acrobat;0;-2.4872;0.2404;3.4998;true;2.40
277;reto;acrobat;1;-2.0599;0.2640;3.3242;false;2.40
278;reto;clown;0;0.1464;0.4039;3.5270;false;2.40
278;reto;clown;1;0.4180;0.4647;3.2771;true;2.40
278;reto;acrobat;0;-2.4681;0.2825;3.5001;true;2.40
278;reto;acrobat;1;-2.0597;0.2640;3.3232;false;2.40
279;reto;clown;0;0.1464;0.4038;3.5264;false;2.40
279;reto;clown;1;0.5013;0.4398;3.2720;true;2.40
279;reto;acrobat;0;-2.4140;0.3227;3.4974;true;2.40
279;reto;acrobat;1;-2.0595;0.2641;3.3221;false;2.40
280;reto;clown;0;0.1464;0.4038;3.5263;false;2.40
280;reto;clown;1;0.5363;0.4191;3.2726;false;2.40
280;reto;acrobat;0;-2.3302;0.3581;3.4944;true;2.40
280;reto;acrobat;1;-2.0593;0.2641;3.3210;false;2.40
281;reto;clown;0;0.1461;0.4039;3.5290;false;2.40
281;reto;clown;1;0.5366;0.4197;3.2765;false;2.40
281;reto;acrobat;0;-2.2230;0.3863;3.4942;true;2.40
281;reto;acrobat;1;-2.0593;0.2641;3.3207;false;2.40
282;reto;clown;0;0.1459;0.4042;3.5339;true;2.40
282;reto;clown;1;0.5369;0.4202;3.2781;false;2.40
282;reto;acrobat;0;-2.0990;0.4050;3.4962;true;2.40
282;reto;acrobat;1;-2.0593;0.2641;3.3209;false;2.40
283;reto;clown;0;0.1701;0.4366;3.5363;true;2.40
283;reto;clown;1;0.5373;0.4205;3.2777;false;2.40
283;reto;acrobat;0;-1.9653;0.4128;3.4968;true;2.40
283;reto;acrobat;1;-2.0593;0.2641;3.3217;false;2.40
284;reto;clown;0;0.2379;0.4660;3.5313;true;2.40
284;reto;clown;1;0.5377;0.4207;3.2764;false;2.40
284;reto;acrobat;0;-1.8302;0.4093;3.4937;true;2.40
284;reto;acrobat;1;-2.0592;0.2640;3.3226;false;2.40
285;reto;clown;0;0.3398;0.4893;3.5266;true;2.40
285;reto;clown;1;0.5381;0.4208;3.2744;false;2.40
285;reto;acrobat;0;-1.7028;0.3947;3.4896;true;2.40
285;reto;acrobat;1;-2.0591;0.2640;3.3232;false;2.40
286;reto;clown;0;0.4645;0.5040;3.5287;true;2.40
286;reto;clown;1;0.5382;0.4208;3.2735;false;2.40
286;reto;acrobat;0;-1.5911;0.3704;3.4902;true;2.40
286;reto;acrobat;1;-2.0592;0.2640;3.3224;false;2.40
287;reto;clown;0;0.6005;0.5080;3.5300;true;2.40
287;reto;clown;1;0.5382;0.4208;3.2741;false;2.40
287;reto;acrobat;0;-1.5052;0.3386;3.4929;true;2.40
287;reto;acrobat;1;-2.0593;0.2641;3.3210;false;2.40
288;reto;clown;0;0.7338;0.5007;3.5261;true;2.40
288;reto;clown;1;0.5383;0.4208;3.2758;false;2.40
288;reto;acrobat;0;-1.4559;0.3014;3.4947;true;2.40
288;reto;acrobat;1;-2.0595;0.2641;3.3188;false;2.40
289;reto;clown;0;0.8495;0.4827;3.5267;true;2.40
289;reto;clown;1;0.5385;0.4207;3.2771;false;2.40
289;reto;acrobat;0;-1.4363;0.2967;3.4930;false;2.40
289;reto;acrobat;1;-2.0596;0.2642;3.3161;true;2.40
290;reto;clown;0;0.9329;0.4576;3.5319;true;2.40
290;reto;clown;1;0.5384;0.4207;3.2765;false;2.40
290;reto;acrobat;0;-1.4361;0.2970;3.4920;false;2.40
290;reto;acrobat;1;-2.0396;0.3064;3.3152;true;2.40
291;reto;clown;0;0.9680;0.4368;3.5313;false;2.40
291;reto;clown;1;0.5382;0.4207;3.2748;false;2.40
291;reto;acrobat;0;-1.4358;0.2971;3.4916;false;2.40
291;reto;acrobat;1;-1.9830;0.3466;3.3182;true;2.40
292;reto;clown;0;0.9684;0.4373;3.5273;false;2.40
292;reto;clown;1;0.5380;0.4210;3.2697;true;2.40
292;reto;acrobat;0;-1.4356;0.2973;3.4918;false;2.40
292;reto;acrobat;1;-1.8953;0.3820;3.3232;true;2.40
293;reto;clown;0;0.9688;0.4378;3.5260;false;2.40
293;reto;clown;1;0.5623;0.4534;3.2672;true;2.40
293;reto;acrobat;0;-1.4354;0.2974;3.4924;false;2.40
293;reto;acrobat;1;-1.7831;0.4100;3.3268;true;2.40
294;reto;clown;0;0.9691;0.4382;3.5264;false;2.40
294;reto;clown;1;0.6301;0.4826;3.2723;true;2.40
294;reto;acrobat;0;-1.4350;0.2974;3.4938;false;2.40
294;reto;acrobat;1;-1.6541;0.4290;3.3241;true;2.40
295;reto;clown;0;0.9696;0.4384;3.5279;false;2.40
295;reto;clown;1;0.7323;0.5056;3.2782;true;2.40
295;reto;acrobat;0;-1.4349;0.2975;3.4948;false;2.40
295;reto;acrobat;1;-1.5153;0.4370;3.3203;true;2.40
296;reto;clown;0;0.9699;0.4384;3.5298;false;2.40
296;reto;clown;1;0.8570;0.5202;3.2759;true;2.40
296;reto;acrobat;0;-1.4349;0.2975;3.4950;false;2.40
296;reto;acrobat;1;-1.3747;0.4336;3.3200;true;2.40
297;reto;clown;0;0.9699;0.4384;3.5302;false;2.40
297;reto;clown;1;0.9930;0.5240;3.2738;true;2.40
297;reto;acrobat;0;-1.4348;0.2975;3.4945;false;2.40
297;reto;acrobat;1;-1.2419;0.4193;3.3226;true;2.40
298;reto;clown;0;0.9700;0.4384;3.5292;false;2.40
298;reto;clown;1;1.1266;0.5168;3.2771;true;2.40
298;reto;acrobat;0;-1.4347;0.2974;3.4935;false;2.40
298;reto;acrobat;1;-1.1268;0.3949;3.3237;true;2.40
299;reto;clown;0;0.9703;0.4383;3.5272;false;2.40
299;reto;clown;1;1.2423;0.4982;3.2774;true;2.40
299;reto;acrobat;0;-1.4346;0.2974;3.4926;false;2.40
299;reto;acrobat;1;-1.0385;0.3628;3.3210;true;2.40
300;reto;clown;0;0.9703;0.4383;3.5265;false;2.40
300;reto;clown;1;1.3258;0.4728;3.2722;true;2.40
300;reto;acrobat;0;-1.4346;0.2974;3.4921;false;2.40
300;reto;acrobat;1;-0.9879;0.3256;3.3190;true;2.40
301;reto;clown;0;0.9703;0.4382;3.5265;false;2.40
301;reto;clown;1;1.3610;0.4518;3.2728;false;2.40
301;reto;acrobat;0;-1.4346;0.2974;3.4916;false;2.40
301;reto;acrobat;1;-0.9682;0.3208;3.3205;false;2.40
302;reto;clown;0;0.9700;0.4384;3.5292;false;2.40
302;reto;clown;1;1.3614;0.4523;3.2768;false;2.40
302;reto;acrobat;0;-1.4347;0.2974;3.4925;false;2.40
302;reto;acrobat;1;-0.9681;0.3210;3.3219;false;2.40
303;reto;clown;0;0.9697;0.4387;3.5342;true;2.40
303;reto;clown;1;1.3617;0.4528;3.2784;false;2.40
303;reto;acrobat;0;-1.4348;0.2974;3.4941;false;2.40
303;reto;acrobat;1;-0.9678;0.3212;3.3224;false;2.40
304;reto;clown;0;0.9940;0.4709;3.5368;true;2.40
304;reto;clown;1;1.3621;0.4531;3.2780;false;2.40
304;reto;acrobat;0;-1.4350;0.2975;3.4967;true;2.40
304;reto;acrobat;1;-0.9676;0.3214;3.3223;false;2.40
305;reto;clown;0;1.0620;0.5000;3.5317;true;2.40
305;reto;clown;1;1.3624;0.4533;3.2766;false;2.40
305;reto;acrobat;0;-1.4159;0.3395;3.4970;true;2.40
305;reto;acrobat;1;-0.9674;0.3215;3.3215;false;2.40
306;reto;clown;0;1.1641;0.5228;3.5268;true;2.40
306;reto;clown;1;1.3628;0.4534;3.2746;false;2.40
306;reto;acrobat;0;-1.3616;0.3796;3.4944;true;2.40
306;reto;acrobat;1;-0.9672;0.3215;3.3205;false;2.40
307;reto;clown;0;1.2891;0.5370;3.5290;true;2.40
307;reto;clown;1;1.3629;0.4534;3.2737;false;2.40
307;reto;acrobat;0;-1.2776;0.4147;3.4909;true;2.40
307;reto;acrobat;1;-0.9669;0.3216;3.3194;false;2.40
308;reto;clown;0;1.4255;0.5403;3.5302;true;2.40
308;reto;clown;1;1.3629;0.4534;3.2743;false;2.40
308;reto;acrobat;0;-1.1702;0.4425;3.4906;true;2.40
308;reto;acrobat;1;-0.9668;0.3216;3.3185;false;2.40
309;reto;clown;0;1.5591;0.5324;3.5263;true;2.40
309;reto;clown;1;1.3631;0.4534;3.2761;false;2.40
309;reto;acrobat;0;-1.0460;0.4608;3.4930;true;2.40
309;reto;acrobat;1;-0.9668;0.3216;3.3184;false;2.40
310;reto;clown;0;1.6751;0.5140;3.5270;true;2.40
310;reto;clown;1;1.3633;0.4533;3.2774;false;2.40
310;reto;acrobat;0;-0.9120;0.4681;3.4943;true;2.40
310;reto;acrobat;1;-0.9668;0.3216;3.3189;false;2.40
311;reto;clown;0;1.7589;0.4880;3.5322;true;2.40
311;reto;clown;1;1.3632;0.4533;3.2768;false;2.40
311;reto;acrobat;0;-0.7765;0.4641;3.4918;true;2.40
311;reto;acrobat;1;-0.9668;0.3216;3.3198;false;2.40
312;reto;clown;0;1.7944;0.4664;3.5316;false;2.40
312;reto;clown;1;1.3630;0.4534;3.2749;false;2.40
312;reto;acrobat;0;-0.6487;0.4490;3.4879;true;2.40
312;reto;acrobat;1;-0.9666;0.3215;3.3209;false;2.40
313;reto;clown;0;1.7947;0.4669;3.5276;false;2.40
313;reto;clown;1;1.3627;0.4537;3.2697;true;2.40
313;reto;acrobat;0;-0.5368;0.4242;3.4883;true;2.40
313;reto;acrobat;1;-0.9666;0.3215;3.3209;false;2.40
314;reto;clown;0;1.7951;0.4674;3.5263;false;2.40
314;reto;clown;1;1.3871;0.4859;3.2670;true;2.40
314;reto;acrobat;0;-0.4507;0.3919;3.4910;true;2.40
314;reto;acrobat;1;-0.9667;0.3215;3.3202;false;2.40
315;reto;clown;0;1.7954;0.4678;3.5266;false;2.40
315;reto;clown;1;1.4552;0.5146;3.2722;true;2.40
315;reto;acrobat;0;-0.4013;0.3544;3.4929;true;2.40
315;reto;acrobat;1;-0.9668;0.3216;3.3188;false;2.40
316;reto;clown;0;1.7959;0.4680;3.5282;false;2.40
316;reto;clown;1;1.5578;0.5367;3.2784;true;2.40
316;reto;acrobat;0;-0.3816;0.3496;3.4913;false;2.40
316;reto;acrobat;1;-0.9669;0.3216;3.3171;false;2.40
317;reto;clown;0;1.7962;0.4680;3.5301;false;2.40
317;reto;clown;1;1.6831;0.5501;3.2763;true;2.40
317;reto;acrobat;0;-0.3814;0.3498;3.4899;false;2.40
317;reto;acrobat;1;-0.9671;0.3218;3.3134;true;2.40
318;reto;clown;0;1.7962;0.4680;3.5305;false;2.40
318;reto;clown;1;1.8199;0.5524;3.2742;true;2.40
318;reto;acrobat;0;-0.3811;0.3500;3.4896;false;2.40
318;reto;acrobat;1;-0.9471;0.3638;3.3125;true;2.40
319;reto;clown;0;1.7963;0.4680;3.5294;false;2.40
319;reto;clown;1;1.9543;0.5435;3.2775;true;2.40
319;reto;acrobat;0;-0.3809;0.3501;3.4899;false;2.40
319;reto;acrobat;1;-0.8904;0.4039;3.3156;true;2.40
320;reto;clown;0;1.7966;0.4679;3.5273;false;2.40
320;reto;clown;1;2.0707;0.5237;3.2778;true;2.40
320;reto;acrobat;0;-0.3806;0.3502;3.4905;false;2.40
320;reto;acrobat;1;-0.8025;0.4389;3.3208;true;2.40
321;reto;clown;0;1.7966;0.4679;3.5267;false;2.40
321;reto;clown;1;2.1546;0.4977;3.2726;true;2.40
321;reto;acrobat;0;-0.3804;0.3503;3.4916;false;2.40
321;reto;acrobat;1;-0.6901;0.4666;3.3240;true;2.40
322;reto;clown;0;1.7966;0.4678;3.5267;false;2.40
322;reto;clown;1;2.1899;0.4764;3.2732;false;2.40
322;reto;acrobat;0;-0.3802;0.3503;3.4928;false;2.40
322;reto;acrobat;1;-0.5608;0.4849;3.3214;true;2.40
323;reto;clown;0;1.7963;0.4680;3.5296;false;2.40
323;reto;clown;1;2.1902;0.4770;3.2772;false;2.40
323;reto;acrobat;0;-0.3801;0.3503;3.4932;false;2.40
323;reto;acrobat;1;-0.4216;0.4922;3.3181;true;2.40
324;reto;clown;0;1.7960;0.4683;3.5349;true;2.40
324;reto;clown;1;2.1905;0.4774;3.2788;false;2.40
324;reto;acrobat;0;-0.3801;0.3503;3.4930;false;2.40
324;reto;acrobat;1;-0.2806;0.4882;3.3186;true;2.40
325;reto;clown;0;1.8205;0.5004;3.5377;true;2.40
325;reto;clown;1;2.1909;0.4778;3.2784;false;2.40
325;reto;acrobat;0;-0.3800;0.3503;3.4921;false;2.40
325;reto;acrobat;1;-0.1477;0.4732;3.3217;true;2.40
326;reto;clown;0;1.8887;0.5288;3.5325;true;2.40
326;reto;clown;1;2.1913;0.4780;3.2770;false;2.40
326;reto;acrobat;0;-0.3799;0.3503;3.4909;false;2.40
326;reto;acrobat;1;-0.0323;0.4481;3.3227;true;2.40
327;reto;clown;0;1.9913;0.5507;3.5272;true;2.40
327;reto;clown;1;2.1916;0.4781;3.2751;false;2.40
327;reto;acrobat;0;-0.3798;0.3502;3.4905;false;2.40
327;reto;acrobat;1;0.0565;0.4157;3.3197;true;2.40
328;reto;clown;0;2.1169;0.5636;3.5294;true;2.40
328;reto;clown;1;2.1917;0.4781;3.2742;false;2.40
328;reto;acrobat;0;-0.3799;0.3502;3.4905;false;2.40
328;reto;acrobat;1;0.1073;0.3781;3.3176;true;2.40
329;reto;clown;0;2.2540;0.5655;3.5308;true;2.40
329;reto;clown;1;2.1918;0.4781;3.2748;false;2.40
329;reto;acrobat;0;-0.3799;0.3502;3.4906;false;2.40
329;reto;acrobat;1;0.1271;0.3732;3.3192;false;2.40
330;reto;clown;0;2.3883;0.5562;3.5268;true;2.40
330;reto;clown;1;2.1919;0.4780;3.2766;false;2.40
330;reto;acrobat;0;-0.3801;0.3503;3.4922;false;2.40
330;reto;acrobat;1;0.1272;0.3734;3.3206;false;2.40
331;reto;clown;0;2.5050;0.5363;3.5275;true;2.40
331;reto;clown;1;2.1921;0.4779;3.2779;false;2.40
331;reto;acrobat;0;-0.3802;0.3504;3.4949;true;2.40
331;reto;acrobat;1;0.1275;0.3736;3.3211;false;2.40
332;reto;clown;0;2.5891;0.5098;3.5327;true;2.40
332;reto;clown;1;2.1920;0.4779;3.2773;false;2.40
332;reto;acrobat;0;-0.3611;0.3923;3.4952;true;2.40
332;reto;acrobat;1;0.1277;0.3737;3.3208;false;2.40
333;reto;clown;0;2.6246;0.4882;3.5322;false;2.40
333;reto;clown;1;2.1918;0.4780;3.2753;false;2.40
333;reto;acrobat;0;-0.3067;0.4322;3.4927;true;2.40
333;reto;acrobat;1;0.1279;0.3738;3.3201;false;2.40
334;reto;clown;0;2.6249;0.4887;3.5282;false;2.40
334;reto;clown;1;2.1915;0.4784;3.2699;true;2.40
334;reto;acrobat;0;-0.2224;0.4669;3.4888;true;2.40
334;reto;acrobat;1;0.1282;0.3739;3.3192;false;2.40
335;reto;clown;0;2.6253;0.4893;3.5269;false;2.40
335;reto;clown;1;2.2160;0.5105;3.2671;true;2.40
335;reto;acrobat;0;-0.1148;0.4942;3.4883;true;2.40
335;reto;acrobat;1;0.1284;0.3739;3.3179;false;2.40
336;reto;clown;0;2.6257;0.4896;3.5273;false;2.40
336;reto;clown;1;2.2841;0.5390;3.2725;true;2.40
336;reto;acrobat;0;0.0097;0.5119;3.4910;true;2.40
336;reto;acrobat;1;0.1285;0.3739;3.3173;false;2.40
337;freio;clown;0;2.6259;0.4897;3.5283;false;1.90
337;freio;clown;1;2.3621;0.5572;3.2784;true;1.90
337;freio;acrobat;0;0.1440;0.5186;3.4929;true;2.40
337;freio;acrobat;1;0.1285;0.3739;3.3173;false;2.40
338;freio;clown;0;2.6263;0.4898;3.5297;false;1.40
338;freio;clown;1;2.4287;0.5676;3.2790;true;1.40
338;freio;acrobat;0;0.2799;0.5139;3.4911;true;2.40
338;freio;acrobat;1;0.1285;0.3739;3.3180;false;2.40
339;freio;clown;0;2.6264;0.4898;3.5303;false;0.90
339;freio;clown;1;2.4551;0.5735;3.2786;true;0.90
339;freio;acrobat;0;0.4053;0.4986;3.4876;true;2.35
339;freio;acrobat;1;0.1286;0.3739;3.3192;false;2.35
340;freio;clown;0;2.6264;0.4898;3.5304;false;0.40
340;freio;clown;1;2.4425;0.5767;3.2787;true;0.40
340;freio;acrobat;0;0.5115;0.4748;3.4872;true;2.27
340;freio;acrobat;1;0.1287;0.3738;3.3199;false;2.27
341;freio;clown;0;2.6264;0.4898;3.5304;false;0.00
341;freio;clown;1;2.4240;0.5771;3.2781;true;0.00
341;freio;acrobat;0;0.5926;0.4457;3.4897;true;2.18
341;freio;acrobat;1;0.1287;0.3738;3.3199;false;2.18
342;freio;clown;0;2.6264;0.4898;3.5306;false;0.00
342;freio;clown;1;2.4564;0.5748;3.2777;true;0.00
342;freio;acrobat;0;0.6435;0.4134;3.4916;true;2.10
342;freio;acrobat;1;0.1287;0.3738;3.3195;false;2.10
343;freio;clown;0;2.6264;0.4898;3.5308;false;0.00
343;freio;clown;1;2.4872;0.5699;3.2768;true;0.00
343;freio;acrobat;0;0.6638;0.3961;3.4908;false;2.01
343;freio;acrobat;1;0.1286;0.3738;3.3192;false;2.01
344;freio;clown;0;2.6264;0.4898;3.5309;false;0.00
344;freio;clown;1;2.5155;0.5625;3.2760;true;0.00
344;freio;acrobat;0;0.6639;0.3963;3.4896;false;1.94
344;freio;acrobat;1;0.1285;0.3739;3.3175;true;1.94
345;freio;clown;0;2.6264;0.4898;3.5310;false;0.00
345;freio;clown;1;2.5406;0.5528;3.2754;true;0.00
345;freio;acrobat;0;0.6641;0.3964;3.4891;false;1.86
345;freio;acrobat;1;0.1397;0.4064;3.3173;true;1.86
346;freio;clown;0;2.6264;0.4898;3.5311;false;0.00
346;freio;clown;1;2.5617;0.5412;3.2751;true;0.00
346;freio;acrobat;0;0.6643;0.3966;3.4890;false;1.79
346;freio;acrobat;1;0.1703;0.4368;3.3183;true;1.79
347;freio;clown;0;2.6264;0.4898;3.5312;false;0.00
347;freio;clown;1;2.5778;0.5279;3.2750;true;0.00
347;freio;acrobat;0;0.6645;0.3967;3.4892;false;1.72
347;freio;acrobat;1;0.2162;0.4641;3.3202;true;1.72
348;freio;clown;0;2.6264;0.4898;3.5312;false;0.00
348;freio;clown;1;2.5882;0.5134;3.2750;true;0.00
348;freio;acrobat;0;0.6646;0.3968;3.4896;false;1.65
348;freio;acrobat;1;0.2736;0.4875;3.3222;true;1.65
349;freio;clown;0;2.6264;0.4898;3.5312;false;0.00
349;freio;clown;1;2.5920;0.4982;3.2749;true;0.00
349;freio;acrobat;0;0.6648;0.3968;3.4901;false;1.59
349;freio;acrobat;1;0.3391;0.5067;3.3233;true;1.59
350;freio;clown;0;2.6264;0.4898;3.5312;false;0.00
350;freio;clown;1;2.5920;0.4976;3.2750;false;0.00
350;freio;acrobat;0;0.6650;0.3969;3.4910;false;1.53
350;freio;acrobat;1;0.4096;0.5215;3.3221;true;1.53
351;freio;clown;0;2.6264;0.4898;3.5312;false;0.00
351;freio;clown;1;2.5920;0.4976;3.2750;false;0.00
351;freio;acrobat;0;0.6652;0.3969;3.4917;false;1.47
351;freio;acrobat;1;0.4832;0.5320;3.3201;true;1.47
352;freio;clown;0;2.6264;0.4898;3.5312;false;0.00
352;freio;clown;1;2.5920;0.4976;3.2750;false;0.00
352;freio;acrobat;0;0.6652;0.3969;3.4922;false;1.41
352;freio;acrobat;1;0.5589;0.5383;3.3182;true;1.41
353;freio;clown;0;2.6264;0.4898;3.5312;false;0.00
353;freio;clown;1;2.5920;0.4976;3.2750;false;0.00
353;freio;acrobat;0;0.6652;0.3969;3.4925;false;1.35
353;freio;acrobat;1;0.6362;0.5401;3.3171;true;1.35
354;freio;clown;0;2.6264;0.4898;3.5312;false;0.00
354;freio;clown;1;2.5920;0.4976;3.2750;false;0.00
354;freio;acrobat;0;0.6652;0.3969;3.4925;false;1.30
354;freio;acrobat;1;0.7132;0.5376;3.3173;true;1.30
355;freio;clown;0;2.6264;0.4898;3.5312;false;0.00
355;freio;clown;1;2.5920;0.4976;3.2750;false;0.00
355;freio;acrobat;0;0.6652;0.3969;3.4923;false;1.25
355;freio;acrobat;1;0.7878;0.5307;3.3186;true;1.25
356;freio;clown;0;2.6264;0.4898;3.5312;false;0.00
356;freio;clown;1;2.5920;0.4976;3.2750;false;0.00
356;freio;acrobat;0;0.6653;0.3969;3.4919;false;1.20
356;freio;acrobat;1;0.8580;0.5196;3.3203;true;1.20
357;freio;clown;0;2.6264;0.4898;3.5312;false;0.00
357;freio;clown;1;2.5920;0.4976;3.2750;false;0.00
357;freio;acrobat;0;0.6653;0.3969;3.4914;false;1.16
357;freio;acrobat;1;0.9135;0.5047;3.3213;true;1.16
358;freio;clown;0;2.6264;0.4898;3.5312;false;0.00
358;freio;clown;1;2.5920;0.4976;3.2750;false;0.00
358;freio;acrobat;0;0.6654;0.3969;3.4909;false;1.11
358;freio;acrobat;1;0.9595;0.4865;3.3216;true;1.11
359;freio;clown;0;2.6264;0.4898;3.5312;false;0.00
359;freio;clown;1;2.5920;0.4976;3.2750;false;0.00
359;freio;acrobat;0;0.6655;0.3968;3.4903;false;1.07
359;freio;acrobat;1;0.9948;0.4655;3.3212;true;1.07
360;freio;clown;0;2.6264;0.4898;3.5312;false;0.00
360;freio;clown;1;2.5920;0.4976;3.2750;false;0.00
360;freio;acrobat;0;0.6655;0.3968;3.4899;false;1.03
360;freio;acrobat;1;1.0180;0.4425;3.3204;true;1.03
361;freio;clown;0;2.6264;0.4898;3.5312;false;0.00
361;freio;clown;1;2.5920;0.4976;3.2750;false;0.00
361;freio;acrobat;0;0.6655;0.3968;3.4896;false;0.99
361;freio;acrobat;1;1.0272;0.4180;3.3198;true;0.99
362;freio;clown;0;2.6264;0.4898;3.5312;false;0.00
362;freio;clown;1;2.5920;0.4976;3.2750;false;0.00
362;freio;acrobat;0;0.6656;0.3968;3.4890;false;0.95
362;freio;acrobat;1;1.0258;0.4136;3.3207;false;0.95
363;freio;clown;0;2.6264;0.4898;3.5312;false;0.00
363;freio;clown;1;2.5920;0.4976;3.2750;false;0.00
363;freio;acrobat;0;0.6656;0.3968;3.4889;false;0.91
363;freio;acrobat;1;1.0259;0.4136;3.3208;false;0.91
364;freio;clown;0;2.6264;0.4898;3.5312;false;0.00
364;freio;clown;1;2.5920;0.4976;3.2750;false;0.00
364;freio;acrobat;0;0.6656;0.3968;3.4890;false;0.88
364;freio;acrobat;1;1.0260;0.4137;3.3208;false;0.88
365;freio;clown;0;2.6264;0.4898;3.5312;false;0.00
365;freio;clown;1;2.5920;0.4976;3.2750;false;0.00
365;freio;acrobat;0;0.6656;0.3968;3.4891;false;0.85
365;freio;acrobat;1;1.0261;0.4137;3.3207;false;0.85
366;freio;clown;0;2.6264;0.4898;3.5312;false;0.00
366;freio;clown;1;2.5920;0.4976;3.2750;false;0.00
366;freio;acrobat;0;0.6655;0.3968;3.4893;false;0.81
366;freio;acrobat;1;1.0262;0.4138;3.3206;false;0.81
367;freio;clown;0;2.6264;0.4898;3.5312;false;0.00
367;freio;clown;1;2.5920;0.4976;3.2750;false;0.00
367;freio;acrobat;0;0.6655;0.3968;3.4896;false;0.78
367;freio;acrobat;1;1.0263;0.4138;3.3205;false;0.78
368;freio;clown;0;2.6264;0.4898;3.5312;false;0.00
368;freio;clown;1;2.5920;0.4976;3.2750;false;0.00
368;freio;acrobat;0;0.6655;0.3968;3.4899;false;0.75
368;freio;acrobat;1;1.0263;0.4139;3.3203;false;0.75
369;freio;clown;0;2.6264;0.4898;3.5312;false;0.00
369;freio;clown;1;2.5920;0.4976;3.2750;false;0.00
369;freio;acrobat;0;0.6654;0.3968;3.4903;false;0.72
369;freio;acrobat;1;1.0264;0.4139;3.3200;false;0.72
370;freio;clown;0;2.6264;0.4898;3.5312;false;0.00
370;freio;clown;1;2.5920;0.4976;3.2750;false;0.00
370;freio;acrobat;0;0.6654;0.3968;3.4908;false;0.72
370;freio;acrobat;1;1.0265;0.4139;3.3198;false;0.72
371;freio;clown;0;2.6264;0.4898;3.5312;false;0.00
371;freio;clown;1;2.5920;0.4976;3.2750;false;0.00
371;freio;acrobat;0;0.6653;0.3968;3.4913;false;0.72
371;freio;acrobat;1;1.0265;0.4140;3.3195;false;0.72
372;freio;clown;0;2.6264;0.4898;3.5312;false;0.00
372;freio;clown;1;2.5920;0.4976;3.2750;false;0.00
372;freio;acrobat;0;0.6653;0.3969;3.4918;false;0.72
372;freio;acrobat;1;1.0266;0.4140;3.3193;false;0.72
373;freio;clown;0;2.6264;0.4898;3.5312;false;0.00
373;freio;clown;1;2.5920;0.4976;3.2750;false;0.00
373;freio;acrobat;0;0.6652;0.3969;3.4925;false;0.72
373;freio;acrobat;1;1.0267;0.4140;3.3190;false;0.72
374;freio;clown;0;2.6264;0.4898;3.5312;false;0.00
374;freio;clown;1;2.5920;0.4976;3.2750;false;0.00
374;freio;acrobat;0;0.6652;0.3969;3.4931;true;0.72
374;freio;acrobat;1;1.0267;0.4140;3.3187;false;0.72
375;freio;clown;0;2.6264;0.4898;3.5312;false;0.00
375;freio;clown;1;2.5920;0.4976;3.2750;false;0.00
375;freio;acrobat;0;0.6704;0.4229;3.4926;true;0.72
375;freio;acrobat;1;1.0268;0.4140;3.3184;false;0.72
376;freio;clown;0;2.6264;0.4898;3.5312;false;0.00
376;freio;clown;1;2.5920;0.4976;3.2750;false;0.00
376;freio;acrobat;0;0.6852;0.4485;3.4915;true;0.72
376;freio;acrobat;1;1.0268;0.4140;3.3180;false;0.72
377;freio;clown;0;2.6264;0.4898;3.5312;false;0.00
377;freio;clown;1;2.5920;0.4976;3.2750;false;0.00
377;freio;acrobat;0;0.7088;0.4729;3.4902;true;0.72
377;freio;acrobat;1;1.0269;0.4140;3.3176;false;0.72
378;freio;clown;0;2.6264;0.4898;3.5312;false;0.00
378;freio;clown;1;2.5920;0.4976;3.2750;false;0.00
378;freio;acrobat;0;0.7400;0.4954;3.4891;true;0.72
378;freio;acrobat;1;1.0270;0.4140;3.3173;false;0.72
379;freio;clown;0;2.6264;0.4898;3.5312;false;0.00
379;freio;clown;1;2.5920;0.4976;3.2750;false;0.00
379;freio;acrobat;0;0.7779;0.5153;3.4885;true;0.72
379;freio;acrobat;1;1.0270;0.4140;3.3170;false;0.72
380;freio;clown;0;2.6264;0.4898;3.5312;false;0.00
380;freio;clown;1;2.5920;0.4976;3.2750;false;0.00
380;freio;acrobat;0;0.8214;0.5320;3.4886;true;0.72
380;freio;acrobat;1;1.0270;0.4140;3.3168;false;0.72
381;freio;clown;0;2.6264;0.4898;3.5312;false;0.00
381;freio;clown;1;2.5920;0.4976;3.2750;false;0.00
381;freio;acrobat;0;0.8694;0.5451;3.4894;true;0.72
381;freio;acrobat;1;1.0270;0.4140;3.3167;false;0.72
382;freio;clown;0;2.6264;0.4898;3.5312;false;0.00
382;freio;clown;1;2.5920;0.4976;3.2750;false;0.00
382;freio;acrobat;0;0.9206;0.5541;3.4906;true;0.72
382;freio;acrobat;1;1.0270;0.4140;3.3167;false;0.72
383;freio;clown;0;2.6264;0.4898;3.5312;false;0.00
383;freio;clown;1;2.5920;0.4976;3.2750;false;0.00
383;freio;acrobat;0;0.9741;0.5588;3.4918;true;0.72
383;freio;acrobat;1;1.0270;0.4140;3.3168;false;0.72
384;freio;clown;0;2.6264;0.4898;3.5312;false;0.00
384;freio;clown;1;2.5920;0.4976;3.2750;false;0.00
384;freio;acrobat;0;1.0285;0.5590;3.4925;true;0.72
384;freio;acrobat;1;1.0270;0.4140;3.3169;false;0.72
385;freio;clown;0;2.6264;0.4898;3.5312;false;0.00
385;freio;clown;1;2.5920;0.4976;3.2750;false;0.00
385;freio;acrobat;0;1.0825;0.5548;3.4925;true;0.72
385;freio;acrobat;1;1.0270;0.4140;3.3171;false;0.72
386;freio;clown;0;2.6264;0.4898;3.5312;false;0.00
386;freio;clown;1;2.5920;0.4976;3.2750;false;0.00
386;freio;acrobat;0;1.1348;0.5463;3.4918;true;0.72
386;freio;acrobat;1;1.0270;0.4140;3.3174;false;0.72
387;freio;clown;0;2.6264;0.4898;3.5312;false;0.00
387;freio;clown;1;2.5920;0.4976;3.2750;false;0.00
387;freio;acrobat;0;1.1838;0.5337;3.4907;true;0.72
387;freio;acrobat;1;1.0271;0.4140;3.3177;false;0.72
388;freio;clown;0;2.6264;0.4898;3.5312;false;0.00
388;freio;clown;1;2.5920;0.4976;3.2750;false;0.00
388;freio;acrobat;0;1.2283;0.5175;3.4897;true;0.72
388;freio;acrobat;1;1.0271;0.4140;3.3181;false;0.72
389;freio;clown;0;2.6264;0.4898;3.5312;false;0.00
389;freio;clown;1;2.5920;0.4976;3.2750;false;0.00
389;freio;acrobat;0;1.2667;0.4981;3.4889;true;0.72
389;freio;acrobat;1;1.0272;0.4140;3.3185;false;0.72
390;freio;clown;0;2.6264;0.4898;3.5312;false;0.00
390;freio;clown;1;2.5920;0.4976;3.2750;false;0.00
390;freio;acrobat;0;1.2976;0.4761;3.4886;true;0.72
390;freio;acrobat;1;1.0272;0.4140;3.3190;false;0.72
391;freio;clown;0;2.6264;0.4898;3.5312;false;0.00
391;freio;clown;1;2.5920;0.4976;3.2750;false;0.00
391;freio;acrobat;0;1.3195;0.4522;3.4887;true;0.72
391;freio;acrobat;1;1.0273;0.4140;3.3193;false;0.72
392;freio;clown;0;2.6264;0.4898;3.5312;false;0.00
392;freio;clown;1;2.5920;0.4976;3.2750;false;0.00
392;freio;acrobat;0;1.3308;0.4271;3.4887;false;0.72
392;freio;acrobat;1;1.0273;0.4140;3.3201;false;0.72
393;freio;clown;0;2.6264;0.4898;3.5312;false;0.00
393;freio;clown;1;2.5920;0.4976;3.2750;false;0.00
393;freio;acrobat;0;1.3308;0.4271;3.4888;false;0.72
393;freio;acrobat;1;1.0273;0.4140;3.3201;false;0.72
394;freio;clown;0;2.6264;0.4898;3.5312;false;0.00
394;freio;clown;1;2.5920;0.4976;3.2750;false;0.00
394;freio;acrobat;0;1.3309;0.4272;3.4890;false;0.72
394;freio;acrobat;1;1.0273;0.4139;3.3201;false;0.72
395;freio;clown;0;2.6264;0.4898;3.5312;false;0.00
395;freio;clown;1;2.5920;0.4976;3.2750;false;0.00
395;freio;acrobat;0;1.3310;0.4272;3.4892;false;0.72
395;freio;acrobat;1;1.0273;0.4139;3.3201;false;0.72
396;freio;clown;0;2.6264;0.4898;3.5312;false;0.00
396;freio;clown;1;2.5920;0.4976;3.2750;false;0.00
396;freio;acrobat;0;1.3311;0.4272;3.4896;false;0.22
396;freio;acrobat;1;1.0272;0.4140;3.3196;true;0.22
397;giro;clown;0;2.6258;0.4898;3.5299;false;0.50
397;giro;clown;1;2.5895;0.4972;3.2709;false;0.50
397;giro;acrobat;0;1.3312;0.4273;3.4901;true;0.00
397;giro;acrobat;1;1.0288;0.4399;3.3197;true;0.00
398;giro;clown;0;2.6263;0.4898;3.5310;false;1.00
398;giro;clown;1;2.5797;0.4929;3.2718;false;1.00
398;giro;acrobat;0;1.3301;0.4531;3.4902;true;0.00
398;giro;acrobat;1;1.0331;0.4653;3.3196;true;0.00
399;giro;clown;0;2.6267;0.4898;3.5312;false;1.50
399;giro;clown;1;2.5727;0.4821;3.2918;false;1.50
399;giro;acrobat;0;1.3268;0.4781;3.4904;true;0.00
399;giro;acrobat;1;1.0400;0.4893;3.3194;true;0.00
400;giro;clown;0;2.6256;0.4898;3.5311;false;2.00
400;giro;clown;1;2.5810;0.4738;3.3225;true;2.00
400;giro;acrobat;0;1.3217;0.5016;3.4907;true;0.00
400;giro;acrobat;1;1.0490;0.5113;3.3190;true;0.00
401;giro;clown;0;2.6248;0.4898;3.5314;false;2.40
401;giro;clown;1;2.5611;0.4927;3.3517;true;2.40
401;giro;acrobat;0;1.3149;0.5229;3.4911;true;0.00
401;giro;acrobat;1;1.0598;0.5305;3.3186;true;0.00
402;giro;clown;0;2.6263;0.4898;3.5312;false;2.40
402;giro;clown;1;2.4880;0.5061;3.3760;true;2.40
402;giro;acrobat;0;1.3068;0.5413;3.4915;true;0.00
402;giro;acrobat;1;1.0720;0.5464;3.3181;true;0.00
403;giro;clown;0;2.6295;0.4900;3.5292;false;2.40
403;giro;clown;1;2.3813;0.5251;3.3968;true;2.40
403;giro;acrobat;0;1.2975;0.5563;3.4919;true;0.00
403;giro;acrobat;1;1.0853;0.5585;3.3177;true;0.00
404;giro;clown;0;2.6327;0.4901;3.5257;true;2.40
404;giro;clown;1;2.2697;0.5560;3.4118;true;2.40
404;giro;acrobat;0;1.2875;0.5673;3.4922;true;0.00
404;giro;acrobat;1;1.0993;0.5664;3.3173;true;0.00
405;giro;clown;0;2.6076;0.5212;3.5190;true;2.40
405;giro;clown;1;2.1700;0.5757;3.4236;true;2.40
405;giro;acrobat;0;1.2769;0.5741;3.4925;true;0.00
405;giro;acrobat;1;1.1136;0.5698;3.3170;true;0.00
406;giro;clown;0;2.5346;0.5483;3.5040;true;2.40
406;giro;clown;1;2.0768;0.5584;3.4462;true;2.40
406;giro;acrobat;0;1.2660;0.5765;3.4925;true;0.00
406;giro;acrobat;1;1.1280;0.5688;3.3171;true;0.00
407;giro;clown;0;2.4370;0.5674;3.4670;true;2.40
407;giro;clown;1;1.9885;0.5215;3.4883;true;2.40
407;giro;acrobat;0;1.2551;0.5743;3.4925;true;0.00
407;giro;acrobat;1;1.1420;0.5633;3.3171;true;0.00
408;giro;clown;0;2.3291;0.5698;3.4053;true;2.40
408;giro;clown;1;1.9190;0.4902;3.5263;true;2.40
408;giro;acrobat;0;1.2445;0.5677;3.4925;true;0.00
408;giro;acrobat;1;1.1554;0.5535;3.3171;true;0.00
409;giro;clown;0;2.2039;0.5543;3.3415;true;2.40
409;giro;clown;1;1.8876;0.4698;3.5311;false;2.40
409;giro;acrobat;0;1.2344;0.5569;3.4925;true;0.00
409;giro;acrobat;1;1.1676;0.5396;3.3171;true;0.00
410;giro;clown;0;2.0581;0.5376;3.3083;true;2.40
410;giro;clown;1;1.8787;0.4770;3.5222;false;2.40
410;giro;acrobat;0;1.2252;0.5421;3.4926;true;0.00
410;giro;acrobat;1;1.1784;0.5223;3.3171;true;0.00
411;giro;clown;0;1.9213;0.5219;3.2987;true;2.40
411;giro;clown;1;1.8735;0.4810;3.5194;false;2.40
411;giro;acrobat;0;1.2170;0.5239;3.4926;true;0.00
411;giro;acrobat;1;1.1874;0.5018;3.3171;true;0.00
412;giro;clown;0;1.8219;0.4994;3.2878;true;2.40
412;giro;clown;1;1.8712;0.4826;3.5204;false;2.40
412;giro;acrobat;0;1.2102;0.5028;3.4926;true;0.00
412;giro;acrobat;1;1.1943;0.4789;3.3171;true;0.00
413;giro;clown;0;1.7786;0.4774;3.2797;false;2.40
413;giro;clown;1;1.8704;0.4829;3.5227;false;2.40
413;giro;acrobat;0;1.2050;0.4794;3.4926;true;0.00
413;giro;acrobat;1;1.1987;0.4543;3.3171;true;0.00
414;giro;clown;0;1.7780;0.4781;3.2760;false;2.40
414;giro;clown;1;1.8702;0.4829;3.5249;false;2.40
414;giro;acrobat;0;1.2016;0.4544;3.4926;true;0.00
414;giro;acrobat;1;1.2003;0.4286;3.3171;false;0.00
415;giro;clown;0;1.7777;0.4784;3.2752;false;2.40
415;giro;clown;1;1.8701;0.4829;3.5267;false;2.40
415;giro;acrobat;0;1.2005;0.4286;3.4926;false;0.00
415;giro;acrobat;1;1.2003;0.4286;3.3171;false;0.00
416;giro;clown;0;1.7775;0.4786;3.2757;false;2.40
416;giro;clown;1;1.8702;0.4828;3.5277;false;2.40
416;giro;acrobat;0;1.2005;0.4286;3.4926;false;0.00
416;giro;acrobat;1;1.2003;0.4286;3.3171;false;0.00
417;giro;clown;0;1.7774;0.4786;3.2764;false;2.40
417;giro;clown;1;1.8702;0.4828;3.5279;false;2.40
417;giro;acrobat;0;1.2005;0.4286;3.4926;false;0.00
417;giro;acrobat;1;1.2003;0.4286;3.3171;false;0.00
418;giro;clown;0;1.7774;0.4786;3.2769;false;2.40
418;giro;clown;1;1.8703;0.4828;3.5272;false;2.40
418;giro;acrobat;0;1.2005;0.4286;3.4926;false;0.00
418;giro;acrobat;1;1.2003;0.4286;3.3171;false;0.00
419;giro;clown;0;1.7774;0.4786;3.2772;false;2.40
419;giro;clown;1;1.8703;0.4829;3.5261;false;2.40
419;giro;acrobat;0;1.2005;0.4286;3.4926;false;0.00
419;giro;acrobat;1;1.2003;0.4286;3.3171;false;0.00
420;giro;clown;0;1.7773;0.4786;3.2771;false;2.40
420;giro;clown;1;1.8703;0.4829;3.5247;false;2.40
420;giro;acrobat;0;1.2005;0.4286;3.4926;false;0.00
420;giro;acrobat;1;1.2003;0.4286;3.3171;false;0.00
421;giro;clown;0;1.7773;0.4786;3.2771;false;2.40
421;giro;clown;1;1.8703;0.4829;3.5234;false;2.40
421;giro;acrobat;0;1.2005;0.4286;3.4926;false;0.00
421;giro;acrobat;1;1.2003;0.4286;3.3171;false;0.00
422;giro;clown;0;1.7773;0.4786;3.2773;false;2.40
422;giro;clown;1;1.8702;0.4830;3.5225;true;2.40
422;giro;acrobat;0;1.2005;0.4286;3.4926;false;0.00
422;giro;acrobat;1;1.2003;0.4286;3.3171;false;0.00
423;giro;clown;0;1.7773;0.4786;3.2779;false;2.40
423;giro;clown;1;1.8453;0.5138;3.5216;true;2.40
423;giro;acrobat;0;1.2005;0.4286;3.4926;false;0.00
423;giro;acrobat;1;1.2003;0.4286;3.3171;false;0.00
424;giro;clown;0;1.7774;0.4786;3.2770;false;2.40
424;giro;clown;1;1.7762;0.5397;3.5216;true;2.40
424;giro;acrobat;0;1.2005;0.4286;3.4926;false;0.00
424;giro;acrobat;1;1.2003;0.4286;3.3171;false;0.00
425;giro;clown;0;1.7775;0.4788;3.2711;true;2.40
425;giro;clown;1;1.6722;0.5569;3.5277;true;2.40
425;giro;acrobat;0;1.2005;0.4286;3.4926;false;0.00
425;giro;acrobat;1;1.2003;0.4286;3.3171;false;0.00
426;giro;clown;0;1.7520;0.5103;3.2637;true;2.40
426;giro;clown;1;1.5438;0.5632;3.5346;true;2.40
426;giro;acrobat;0;1.2005;0.4286;3.4926;false;0.00
426;giro;acrobat;1;1.2003;0.4286;3.3171;false;0.00
427;giro;clown;0;1.6807;0.5360;3.2691;true;2.40
427;giro;clown;1;1.4046;0.5577;3.5310;true;2.40
427;giro;acrobat;0;1.2005;0.4286;3.4926;false;0.00
427;giro;acrobat;1;1.2003;0.4286;3.3171;false;0.00
428;giro;clown;0;1.5726;0.5523;3.2807;true;2.40
428;giro;clown;1;1.2686;0.5403;3.5250;true;2.40
428;giro;acrobat;0;1.2005;0.4286;3.4926;false;0.00
428;giro;acrobat;1;1.2003;0.4286;3.3171;false;0.00
429;giro;clown;0;1.4400;0.5587;3.2834;true;2.40
429;giro;clown;1;1.1492;0.5132;3.5279;true;2.40
429;giro;acrobat;0;1.2005;0.4286;3.4926;false;0.00
429;giro;acrobat;1;1.2003;0.4286;3.3171;false;0.00
430;giro;clown;0;1.2968;0.5534;3.2760;true;2.40
430;giro;clown;1;1.0627;0.4811;3.5344;true;2.40
430;giro;acrobat;0;1.2005;0.4286;3.4926;false;0.00
430;giro;acrobat;1;1.2003;0.4286;3.3171;false;0.00
431;giro;clown;0;1.1553;0.5363;3.2731;true;2.40
431;giro;clown;1;1.0251;0.4570;3.5340;false;2.40
431;giro;acrobat;0;1.2005;0.4286;3.4926;false;0.00
431;giro;acrobat;1;1.2003;0.4286;3.3171;false;0.00
432;giro;clown;0;1.0310;0.5102;3.2760;true;2.40
432;giro;clown;1;1.0246;0.4575;3.5324;false;2.40
432;giro;acrobat;0;1.2005;0.4286;3.4926;false;0.00
432;giro;acrobat;1;1.2003;0.4286;3.3171;false;0.00
433;giro;clown;0;0.9424;0.4780;3.2752;true;2.40
433;giro;clown;1;1.0247;0.4574;3.5335;false;2.40
433;giro;acrobat;0;1.2005;0.4286;3.4926;false;0.00
433;giro;acrobat;1;1.2003;0.4286;3.3171;false;0.00
434;giro;clown;0;0.9052;0.4529;3.2751;false;2.40
434;giro;clown;1;1.0248;0.4574;3.5344;false;2.40
434;giro;acrobat;0;1.2005;0.4286;3.4926;false;0.00
434;giro;acrobat;1;1.2003;0.4286;3.3171;false;0.00
435;giro;clown;0;0.9051;0.4530;3.2771;false;2.40
435;giro;clown;1;1.0247;0.4574;3.5341;false;2.40
435;giro;acrobat;0;1.2005;0.4286;3.4926;false;0.00
435;giro;acrobat;1;1.2003;0.4286;3.3171;false;0.00
436;giro;clown;0;0.9051;0.4530;3.2780;false;2.40
436;giro;clown;1;1.0246;0.4575;3.5333;false;2.40
436;giro;acrobat;0;1.2005;0.4286;3.4926;false;0.00
436;giro;acrobat;1;1.2003;0.4286;3.3171;false;0.00
437;giro;clown;0;0.9050;0.4531;3.2780;false;2.40
437;giro;clown;1;1.0246;0.4575;3.5322;false;2.40
437;giro;acrobat;0;1.2005;0.4286;3.4926;false;0.00
437;giro;acrobat;1;1.2003;0.4286;3.3171;false;0.00
438;giro;clown;0;0.9050;0.4532;3.2775;false;2.40
438;giro;clown;1;1.0245;0.4574;3.5313;false;2.40
438;giro;acrobat;0;1.2005;0.4286;3.4926;false;0.00
438;giro;acrobat;1;1.2003;0.4286;3.3171;false;0.00
439;giro;clown;0;0.9049;0.4532;3.2766;false;2.40
439;giro;clown;1;1.0245;0.4574;3.5306;false;2.40
439;giro;acrobat;0;1.2005;0.4286;3.4926;false;0.00
439;giro;acrobat;1;1.2003;0.4286;3.3171;false;0.00
440;giro;clown;0;0.9048;0.4532;3.2755;false;2.40
440;giro;clown;1;1.0245;0.4574;3.5305;false;2.40
440;giro;acrobat;0;1.2005;0.4286;3.4926;false;0.00
440;giro;acrobat;1;1.2003;0.4286;3.3171;false;0.00
441;giro;clown;0;0.9048;0.4532;3.2747;false;2.40
441;giro;clown;1;1.0245;0.4574;3.5312;false;2.40
441;giro;acrobat;0;1.2005;0.4286;3.4926;false;0.00
441;giro;acrobat;1;1.2003;0.4286;3.3171;false;0.00
442;giro;clown;0;0.9048;0.4531;3.2742;false;2.40
442;giro;clown;1;1.0246;0.4575;3.5331;false;2.40
442;giro;acrobat;0;1.2005;0.4286;3.4926;false;0.00
442;giro;acrobat;1;1.2003;0.4286;3.3171;false;0.00
443;giro;clown;0;0.9048;0.4531;3.2744;false;2.40
443;giro;clown;1;1.0246;0.4576;3.5363;true;2.40
443;giro;acrobat;0;1.2005;0.4286;3.4926;false;0.00
443;giro;acrobat;1;1.2003;0.4286;3.3171;false;0.00
444;giro;clown;0;0.9049;0.4532;3.2756;false;2.40
444;giro;clown;1;0.9997;0.4882;3.5374;true;2.40
444;giro;acrobat;0;1.2005;0.4286;3.4926;false;0.00
444;giro;acrobat;1;1.2003;0.4286;3.3171;false;0.00
445;giro;clown;0;0.9049;0.4532;3.2763;false;2.40
445;giro;clown;1;0.9302;0.5134;3.5333;true;2.40
445;giro;acrobat;0;1.2005;0.4286;3.4926;false;0.00
445;giro;acrobat;1;1.2003;0.4286;3.3171;false;0.00
446;giro;clown;0;0.9049;0.4532;3.2731;true;2.40
446;giro;clown;1;0.8258;0.5297;3.5331;true;2.40
446;giro;acrobat;0;1.2005;0.4286;3.4926;false;0.00
446;giro;acrobat;1;1.2003;0.4286;3.3171;false;0.00
447;giro;clown;0;0.8800;0.4842;3.2677;true;2.40
447;giro;clown;1;0.6969;0.5349;3.5367;true;2.40
447;giro;acrobat;0;1.2005;0.4286;3.4926;false;0.00
447;giro;acrobat;1;1.2003;0.4286;3.3171;false;0.00
448;giro;clown;0;0.8105;0.5094;3.2715;true;2.40
448;giro;clown;1;0.5568;0.5283;3.5329;true;2.40
448;giro;acrobat;0;1.2005;0.4286;3.4926;false;0.00
448;giro;acrobat;1;1.2003;0.4286;3.3171;false;0.00
449;giro;clown;0;0.7052;0.5250;3.2807;true;2.40
449;giro;clown;1;0.4195;0.5098;3.5271;true;2.40
449;giro;acrobat;0;1.2005;0.4286;3.4926;false;0.00
449;giro;acrobat;1;1.2003;0.4286;3.3171;false;0.00
450;giro;clown;0;0.5760;0.5303;3.2821;true;2.40
450;giro;clown;1;0.2991;0.4818;3.5291;true;2.40
450;giro;acrobat;0;1.2005;0.4286;3.4926;false;0.00
450;giro;acrobat;1;1.2003;0.4286;3.3171;false;0.00
451;giro;clown;0;0.4360;0.5236;3.2754;true;2.40
451;giro;clown;1;0.2117;0.4490;3.5347;true;2.40
451;giro;acrobat;0;1.2005;0.4286;3.4926;false;0.00
451;giro;acrobat;1;1.2003;0.4286;3.3171;false;0.00
452;giro;clown;0;0.2974;0.5051;3.2735;true;2.40
452;giro;clown;1;0.1739;0.4242;3.5340;false;2.40
452;giro;acrobat;0;1.2005;0.4286;3.4926;false;0.00
452;giro;acrobat;1;1.2003;0.4286;3.3171;false;0.00
453;giro;clown;0;0.1758;0.4778;3.2762;true;2.40
453;giro;clown;1;0.1735;0.4245;3.5328;false;2.40
453;giro;acrobat;0;1.2005;0.4286;3.4926;false;0.00
453;giro;acrobat;1;1.2003;0.4286;3.3171;false;0.00
454;giro;clown;0;0.0889;0.4445;3.2752;true;2.40
454;giro;clown;1;0.1737;0.4244;3.5339;false;2.40
454;giro;acrobat;0;1.2005;0.4286;3.4926;false;0.00
454;giro;acrobat;1;1.2003;0.4286;3.3171;false;0.00
455;giro;clown;0;0.0521;0.4190;3.2752;false;2.40
455;giro;clown;1;0.1737;0.4244;3.5349;false;2.40
455;giro;acrobat;0;1.2005;0.4286;3.4926;false;0.00
455;giro;acrobat;1;1.2003;0.4286;3.3171;false;0.00
456;giro;clown;0;0.0520;0.4191;3.2774;false;2.40
456;giro;clown;1;0.1737;0.4245;3.5345;false;2.40
456;giro;acrobat;0;1.2005;0.4286;3.4926;false;0.00
456;giro;acrobat;1;1.2003;0.4286;3.3171;false;0.00
457;giro;clown;0;0.0519;0.4192;3.2784;false;2.40
457;giro;clown;1;0.1736;0.4245;3.5335;false;2.40
457;giro;acrobat;0;1.2005;0.4286;3.4926;false;0.00
457;giro;acrobat;1;1.2003;0.4286;3.3171;false;0.00
458;giro;clown;0;0.0519;0.4193;3.2784;false;2.40
458;giro;clown;1;0.1735;0.4245;3.5324;false;2.40
458;giro;acrobat;0;1.2005;0.4286;3.4926;false;0.00
458;giro;acrobat;1;1.2003;0.4286;3.3171;false;0.00
459;giro;clown;0;0.0518;0.4193;3.2778;false;2.40
459;giro;clown;1;0.1735;0.4245;3.5314;false;2.40
459;giro;acrobat;0;1.2005;0.4286;3.4926;false;0.00
459;giro;acrobat;1;1.2003;0.4286;3.3171;false;0.00
460;giro;clown;0;0.0517;0.4193;3.2768;false;2.40
460;giro;clown;1;0.1734;0.4245;3.5307;false;2.40
460;giro;acrobat;0;1.2005;0.4286;3.4926;false;0.00
460;giro;acrobat;1;1.2003;0.4286;3.3171;false;0.00
461;giro;clown;0;0.0516;0.4193;3.2757;false;2.40
461;giro;clown;1;0.1734;0.4245;3.5306;false;2.40
461;giro;acrobat;0;1.2005;0.4286;3.4926;false;0.00
461;giro;acrobat;1;1.2003;0.4286;3.3171;false;0.00
462;giro;clown;0;0.0516;0.4193;3.2748;false;2.40
462;giro;clown;1;0.1735;0.4245;3.5315;false;2.40
462;giro;acrobat;0;1.2005;0.4286;3.4926;false;0.00
462;giro;acrobat;1;1.2003;0.4286;3.3171;false;0.00
463;giro;clown;0;0.0516;0.4193;3.2743;false;2.40
463;giro;clown;1;0.1736;0.4245;3.5335;false;2.40
463;giro;acrobat;0;1.2005;0.4286;3.4926;false;0.00
463;giro;acrobat;1;1.2003;0.4286;3.3171;false;0.00
464;giro;clown;0;0.0516;0.4193;3.2745;false;2.40
464;giro;clown;1;0.1736;0.4246;3.5370;true;2.40
464;giro;acrobat;0;1.2005;0.4286;3.4926;false;0.00
464;giro;acrobat;1;1.2003;0.4286;3.3171;false;0.00
465;giro;clown;0;0.0517;0.4193;3.2758;false;2.40
465;giro;clown;1;0.1485;0.4552;3.5381;true;2.40
465;giro;acrobat;0;1.2005;0.4286;3.4926;false;0.00
465;giro;acrobat;1;1.2003;0.4286;3.3171;false;0.00
466;giro;clown;0;0.0517;0.4193;3.2766;false;2.40
466;giro;clown;1;0.0789;0.4800;3.5337;true;2.40
466;giro;acrobat;0;1.2005;0.4286;3.4926;false;0.00
466;giro;acrobat;1;1.2003;0.4286;3.3171;false;0.00
467;giro;clown;0;0.0516;0.4194;3.2745;false;1.96
467;giro;clown;1;0.0005;0.4938;3.5565;true;1.96
467;giro;acrobat;0;1.1993;0.4286;3.4947;false;0.50
467;giro;acrobat;1;1.2007;0.4286;3.3162;false;0.50
468;giro;clown;0;0.0512;0.4194;3.2712;true;1.72
468;giro;clown;1;-0.0592;0.4974;3.5973;true;1.72
468;giro;acrobat;0;1.1937;0.4278;3.4967;false;0.72
468;giro;acrobat;1;1.2022;0.4286;3.3154;false;0.72
469;giro;clown;0;0.0412;0.4420;3.2835;true;1.75
469;giro;clown;1;-0.0834;0.4851;3.6456;true;1.75
469;giro;acrobat;0;1.1861;0.4259;3.4937;false;0.72
469;giro;acrobat;1;1.2042;0.4285;3.3154;false;0.72
470;giro;clown;0;0.0188;0.4667;3.3395;true;2.04
470;giro;clown;1;-0.0839;0.4583;3.6976;true;2.04
470;giro;acrobat;0;1.1804;0.4232;3.4860;false;0.72
470;giro;acrobat;1;1.2061;0.4284;3.3162;false;0.72
471;giro;clown;0;-0.0205;0.4927;3.4163;true;2.40
471;giro;clown;1;-0.0847;0.4256;3.7575;true;2.40
471;giro;acrobat;0;1.1781;0.4204;3.4766;false;0.72
471;giro;acrobat;1;1.2076;0.4282;3.3175;false;0.72
472;giro;clown;0;-0.0932;0.4921;3.4615;true;2.40
472;giro;clown;1;-0.1093;0.4034;3.8287;true;2.40
472;giro;acrobat;0;1.1787;0.4204;3.4761;true;0.22
472;giro;acrobat;1;1.2068;0.4283;3.3176;false;0.22
473;giro;clown;0;-0.1832;0.4657;3.5236;true;2.40
473;giro;clown;1;-0.1218;0.3864;3.8898;true;2.40
473;giro;acrobat;0;1.1730;0.4446;3.4736;true;0.00
473;giro;acrobat;1;1.2066;0.4283;3.3176;true;0.00
474;giro;clown;0;-0.2662;0.4319;3.6256;true;2.40
474;giro;clown;1;-0.1280;0.3730;3.9161;false;2.40
474;giro;acrobat;0;1.1589;0.4665;3.4633;true;0.52
474;giro;acrobat;1;1.2082;0.4537;3.3209;true;0.52
475;giro;clown;0;-0.3117;0.4182;3.7596;true;2.40
475;giro;clown;1;-0.1403;0.3826;3.9284;false;2.40
475;giro;acrobat;0;1.1386;0.4879;3.4528;true;0.72
475;giro;acrobat;1;1.2042;0.4781;3.3288;true;0.72
476;giro;clown;0;-0.3381;0.4087;3.8790;true;2.40
476;giro;clown;1;-0.1458;0.3893;3.9369;false;2.40
476;giro;acrobat;0;1.1177;0.5082;3.4437;true;0.72
476;giro;acrobat;1;1.1962;0.5006;3.3415;true;0.72
477;giro;clown;0;-0.3595;0.3888;3.9513;true;2.40
477;giro;clown;1;-0.1460;0.3926;3.9413;false;2.40
477;giro;acrobat;0;1.1338;0.5239;3.4232;true;0.20
477;giro;acrobat;1;1.2095;0.5224;3.3438;true;0.20
478;giro;clown;0;-0.3690;0.3869;3.9821;false;2.40
478;giro;clown;1;-0.1431;0.3937;3.9434;false;2.40
478;giro;acrobat;0;1.0670;0.5438;3.4382;true;0.72
478;giro;acrobat;1;1.1687;0.5381;3.3752;true;0.72
479;giro;clown;0;-0.3756;0.3894;3.9841;false;2.40
479;giro;clown;1;-0.1391;0.3937;3.9444;false;2.40
479;giro;acrobat;0;1.0395;0.5563;3.4361;true;0.72
479;giro;acrobat;1;1.1477;0.5518;3.3987;true;0.72
480;giro;clown;0;-0.3770;0.3907;3.9855;false;2.40
480;giro;clown;1;-0.1352;0.3935;3.9448;false;2.40
480;giro;acrobat;0;1.0104;0.5647;3.4366;true;0.72
480;giro;acrobat;1;1.1225;0.5617;3.4241;true;0.72
481;giro;clown;0;-0.3759;0.3913;3.9864;false;2.40
481;giro;clown;1;-0.1324;0.3932;3.9448;false;2.40
481;giro;acrobat;0;0.9802;0.5686;3.4393;true;0.72
481;giro;acrobat;1;1.0936;0.5679;3.4505;true;0.72
482;giro;clown;0;-0.3741;0.3915;3.9870;false;2.40
482;giro;clown;1;-0.1310;0.3931;3.9446;false;2.40
482;giro;acrobat;0;0.9492;0.5675;3.4440;true;0.72
482;giro;acrobat;1;1.0621;0.5700;3.4769;true;0.72
483;giro;clown;0;-0.3724;0.3916;3.9872;false;2.40
483;giro;clown;1;-0.1312;0.3931;3.9444;false;2.40
483;giro;acrobat;0;0.9183;0.5615;3.4500;true;0.72
483;giro;acrobat;1;1.0289;0.5679;3.5029;true;0.72
484;giro;clown;0;-0.3713;0.3916;3.9874;false;2.40
484;giro;clown;1;-0.1329;0.3932;3.9441;false;2.40
484;giro;acrobat;0;0.8878;0.5508;3.4569;true;0.72
484;giro;acrobat;1;0.9957;0.5614;3.5283;true;0.72
485;giro;clown;0;-0.3707;0.3916;3.9874;false;2.40
485;giro;clown;1;-0.1359;0.3934;3.9440;false;2.40
485;giro;acrobat;0;0.8587;0.5358;3.4644;true;0.72
485;giro;acrobat;1;0.9636;0.5505;3.5531;true;0.72
486;giro;clown;0;-0.3706;0.3916;3.9874;false;2.40
486;giro;clown;1;-0.1401;0.3937;3.9441;false;2.40
486;giro;acrobat;0;0.8317;0.5171;3.4722;true;0.72
486;giro;acrobat;1;0.9339;0.5355;3.5771;true;0.72
487;giro;clown;0;-0.3706;0.3916;3.9874;false;2.40
487;giro;clown;1;-0.1453;0.3940;3.9443;true;2.40
487;giro;acrobat;0;0.8080;0.4953;3.4802;true;0.72
487;giro;acrobat;1;0.9075;0.5168;3.5998;true;0.72
488;giro;clown;0;-0.3710;0.3916;3.9874;false;2.40
488;giro;clown;1;-0.1477;0.4249;3.9686;true;2.40
488;giro;acrobat;0;0.7884;0.4711;3.4881;true;0.72
488;giro;acrobat;1;0.8853;0.4949;3.6208;true;0.72
489;giro;clown;0;-0.3740;0.3917;3.9873;true;2.40
489;giro;clown;1;-0.1428;0.4500;4.0356;true;2.40
489;giro;acrobat;0;0.7742;0.4453;3.4961;true;0.72
489;giro;acrobat;1;0.8679;0.4706;3.6391;true;0.72
490;giro;clown;0;-0.3791;0.4226;4.0123;true;2.40
490;giro;clown;1;-0.1305;0.4657;4.1370;true;2.40
490;giro;acrobat;0;0.7664;0.4190;3.5034;false;0.72
490;giro;acrobat;1;0.8562;0.4449;3.6533;true;0.72
491;giro;clown;0;-0.3765;0.4478;4.0823;true;2.40
491;giro;clown;1;-0.1221;0.4711;4.2621;true;2.40
491;giro;acrobat;0;0.7665;0.4190;3.5036;false;0.72
491;giro;acrobat;1;0.8505;0.4185;3.6625;false;0.72
492;giro;clown;0;-0.3694;0.4641;4.1881;true;2.40
492;giro;clown;1;-0.1248;0.4659;4.3975;true;2.40
492;giro;acrobat;0;0.7667;0.4191;3.5040;false;0.72
492;giro;acrobat;1;0.8507;0.4185;3.6629;false;0.72
493;giro;clown;0;-0.3693;0.4701;4.3180;true;2.40
493;giro;clown;1;-0.1289;0.4489;4.5302;true;2.40
493;giro;acrobat;0;0.7670;0.4191;3.5044;false;0.72
493;giro;acrobat;1;0.8509;0.4185;3.6634;false;0.72
494;giro;clown;0;-0.3764;0.4645;4.4589;true;2.40
494;giro;clown;1;-0.1248;0.4225;4.6468;true;2.40
494;giro;acrobat;0;0.7674;0.4191;3.5049;false;0.72
494;giro;acrobat;1;0.8512;0.4185;3.6639;false;0.72
495;giro;clown;0;-0.3794;0.4475;4.5980;true;2.40
495;giro;clown;1;-0.1190;0.3914;4.7312;true;2.40
495;giro;acrobat;0;0.7677;0.4190;3.5055;false;0.72
495;giro;acrobat;1;0.8516;0.4185;3.6644;false;0.72
496;giro;clown;0;-0.3769;0.4221;4.7202;true;2.40
496;giro;clown;1;-0.1196;0.3678;4.7673;false;2.40
496;giro;acrobat;0;0.7682;0.4190;3.5060;false;0.72
496;giro;acrobat;1;0.8520;0.4185;3.6649;false;0.72
497;giro;clown;0;-0.3771;0.3833;4.8087;true;2.40
497;giro;clown;1;-0.1204;0.3679;4.7674;false;2.40
497;giro;acrobat;0;0.7686;0.4190;3.5065;false;0.72
497;giro;acrobat;1;0.8525;0.4185;3.6655;false;0.72
498;giro;clown;0;-0.3776;0.3534;4.8469;false;2.40
498;giro;clown;1;-0.1194;0.3679;4.7674;false;2.40
498;giro;acrobat;0;0.7691;0.4190;3.5070;false;0.72
498;giro;acrobat;1;0.8529;0.4185;3.6660;false;0.72
499;giro;clown;0;-0.3763;0.3534;4.8469;false;2.40
499;giro;clown;1;-0.1192;0.3679;4.7674;false;2.40
499;giro;acrobat;0;0.7695;0.4190;3.5074;false;0.72
499;giro;acrobat;1;0.8534;0.4184;3.6665;false;0.72
500;giro;clown;0;-0.3757;0.3534;4.8469;false;2.40
500;giro;clown;1;-0.1194;0.3679;4.7674;false;2.40
500;giro;acrobat;0;0.7699;0.4189;3.5078;false;0.72
500;giro;acrobat;1;0.8539;0.4184;3.6670;false;0.72
501;giro;clown;0;-0.3756;0.3534;4.8469;false;2.40
501;giro;clown;1;-0.1200;0.3679;4.7674;false;2.40
501;giro;acrobat;0;0.7703;0.4189;3.5081;false;0.72
501;giro;acrobat;1;0.8544;0.4184;3.6674;false;0.72
502;giro;clown;0;-0.3759;0.3534;4.8469;false;2.40
502;giro;clown;1;-0.1207;0.3679;4.7675;false;2.40
502;giro;acrobat;0;0.7707;0.4189;3.5084;false;0.72
502;giro;acrobat;1;0.8550;0.4183;3.6678;false;0.72
503;giro;clown;0;-0.3765;0.3535;4.8470;false;2.40
503;giro;clown;1;-0.1213;0.3679;4.7675;false;2.40
503;giro;acrobat;0;0.7710;0.4188;3.5086;false;0.72
503;giro;acrobat;1;0.8554;0.4183;3.6682;false;0.72
504;giro;clown;0;-0.3771;0.3535;4.8470;false;2.40
504;giro;clown;1;-0.1217;0.3679;4.7675;false;2.40
504;giro;acrobat;0;0.7713;0.4188;3.5087;false;0.72
504;giro;acrobat;1;0.8559;0.4183;3.6685;false;0.72
505;giro;clown;0;-0.3777;0.3534;4.8470;false;2.40
505;giro;clown;1;-0.1218;0.3679;4.7675;false;2.40
505;giro;acrobat;0;0.7715;0.4188;3.5087;false;0.72
505;giro;acrobat;1;0.8564;0.4182;3.6687;false;0.72
506;giro;clown;0;-0.3780;0.3534;4.8470;false;2.40
506;giro;clown;1;-0.1212;0.3679;4.7675;false;2.40
506;giro;acrobat;0;0.7717;0.4188;3.5087;false;0.73
506;giro;acrobat;1;0.8567;0.4182;3.6689;false;0.73
507;giro;clown;0;-0.3779;0.3534;4.8470;false;2.40
507;giro;clown;1;-0.1198;0.3679;4.7674;true;2.40
507;giro;acrobat;0;0.7717;0.4188;3.5087;false;0.77
507;giro;acrobat;1;0.8571;0.4182;3.6691;false;0.77
508;giro;clown;0;-0.3771;0.3534;4.8470;false;2.40
508;giro;clown;1;-0.1192;0.3975;4.7912;true;2.40
508;giro;acrobat;0;0.7717;0.4188;3.5086;false;0.82
508;giro;acrobat;1;0.8574;0.4181;3.6692;false;0.82
509;giro;clown;0;-0.3773;0.3535;4.8470;false;2.40
509;giro;clown;1;-0.1207;0.4191;4.8574;true;2.40
509;giro;acrobat;0;0.7717;0.4188;3.5084;false;0.86
509;giro;acrobat;1;0.8577;0.4181;3.6693;false;0.86
510;giro;clown;0;-0.3822;0.3536;4.8469;true;2.40
510;giro;clown;1;-0.1182;0.4292;4.9575;true;2.40
510;giro;acrobat;0;0.7715;0.4188;3.5082;false;0.91
510;giro;acrobat;1;0.8579;0.4181;3.6693;false;0.91
511;giro;clown;0;-0.3902;0.3838;4.8722;true;2.40
511;giro;clown;1;-0.1146;0.4258;5.0817;true;2.40
511;giro;acrobat;0;0.7713;0.4189;3.5079;false;0.95
511;giro;acrobat;1;0.8580;0.4181;3.6692;false;0.95
512;giro;clown;0;-0.3853;0.4050;4.9426;true;2.40
512;giro;clown;1;-0.1196;0.4090;5.2169;true;2.40
512;giro;acrobat;0;0.7710;0.4189;3.5076;false;0.99
512;giro;acrobat;1;0.8580;0.4181;3.6691;false;0.99
513;giro;clown;0;-0.3726;0.4135;5.0496;true;2.40
513;giro;clown;1;-0.1249;0.3792;5.3501;true;2.40
513;giro;acrobat;0;0.7706;0.4189;3.5072;false;1.03
513;giro;acrobat;1;0.8579;0.4181;3.6689;false;1.03
514;giro;clown;0;-0.3685;0.4100;5.1813;true;2.40
514;giro;clown;1;-0.1219;0.3412;5.4677;true;2.40
514;giro;acrobat;0;0.7701;0.4189;3.5067;false;1.07
514;giro;acrobat;1;0.8577;0.4181;3.6686;false;1.07
515;giro;clown;0;-0.3754;0.3940;5.3237;true;2.40
515;giro;clown;1;-0.1160;0.3012;5.5533;true;2.40
515;giro;acrobat;0;0.7695;0.4190;3.5063;false;1.11
515;giro;acrobat;1;0.8574;0.4182;3.6683;false;1.11
516;giro;clown;0;-0.3776;0.3656;5.4648;true;2.40
516;giro;clown;1;-0.1164;0.2726;5.5914;false;2.40
516;giro;acrobat;0;0.7688;0.4190;3.5058;false;1.15
516;giro;acrobat;1;0.8569;0.4182;3.6678;false;1.15
517;giro;clown;0;-0.3743;0.3290;5.5887;true;2.40
517;giro;clown;1;-0.1177;0.2730;5.5918;false;2.40
517;giro;acrobat;0;0.7681;0.4190;3.5052;false;1.19
517;giro;acrobat;1;0.8564;0.4183;3.6674;false;1.19
518;giro;clown;0;-0.3749;0.2886;5.6775;true;2.40
518;giro;clown;1;-0.1164;0.2729;5.5916;false;2.40
518;giro;acrobat;0;0.7673;0.4191;3.5047;true;1.22
518;giro;acrobat;1;0.8556;0.4183;3.6668;false;1.22
519;giro;clown;0;-0.3747;0.2591;5.7153;false;2.40
519;giro;clown;1;-0.1153;0.2728;5.5915;false;2.40
519;giro;acrobat;0;0.7637;0.4446;3.5106;true;1.26
519;giro;acrobat;1;0.8546;0.4184;3.6661;false;1.26
520;giro;clown;0;-0.3724;0.2592;5.7153;false;2.40
520;giro;clown;1;-0.1156;0.2729;5.5916;false;2.40
520;giro;acrobat;0;0.7539;0.4690;3.5284;true;1.29
520;giro;acrobat;1;0.8534;0.4184;3.6653;false;1.29
521;giro;clown;0;-0.3713;0.2593;5.7154;false;2.40
521;giro;clown;1;-0.1165;0.2729;5.5917;false;2.40
521;giro;acrobat;0;0.7382;0.4913;3.5573;true;1.33
521;giro;acrobat;1;0.8522;0.4185;3.6646;false;1.33
522;giro;clown;0;-0.3712;0.2594;5.7155;false;2.40
522;giro;clown;1;-0.1176;0.2730;5.5918;false;2.40
522;giro;acrobat;0;0.7167;0.5111;3.5962;true;1.36
522;giro;acrobat;1;0.8513;0.4185;3.6641;false;1.36
523;giro;clown;0;-0.3717;0.2595;5.7155;false;2.40
523;giro;clown;1;-0.1186;0.2729;5.5918;false;2.40
523;giro;acrobat;0;0.6896;0.5275;3.6440;true;1.39
523;giro;acrobat;1;0.8508;0.4185;3.6638;false;1.39
524;giro;clown;0;-0.3726;0.2595;5.7156;false;2.40
524;giro;clown;1;-0.1194;0.2729;5.5919;false;2.40
524;giro;acrobat;0;0.6576;0.5401;3.6996;true;1.42
524;giro;acrobat;1;0.8512;0.4185;3.6640;true;1.42
525;giro;clown;0;-0.3736;0.2595;5.7157;false;2.40
525;giro;clown;1;-0.1195;0.2729;5.5919;false;2.40
525;giro;acrobat;0;0.6222;0.5484;3.7623;true;1.45
525;giro;acrobat;1;0.8489;0.4441;3.6714;true;1.45
526;giro;clown;0;-0.3745;0.2595;5.7157;false;2.40
526;giro;clown;1;-0.1188;0.2729;5.5918;false;2.40
526;giro;acrobat;0;0.5853;0.5522;3.8314;true;1.48
526;giro;acrobat;1;0.8401;0.4683;3.6918;true;1.48
527;freio;clown;0;-0.3750;0.2595;5.7158;false;1.90
527;freio;clown;1;-0.1174;0.2730;5.5918;false;1.90
527;freio;acrobat;0;0.5489;0.5516;3.9049;true;1.49
527;freio;acrobat;1;0.8244;0.4906;3.7238;true;1.49
528;freio;clown;0;-0.3752;0.2595;5.7158;false;1.40
528;freio;clown;1;-0.1158;0.2730;5.5917;true;1.40
528;freio;acrobat;0;0.5140;0.5465;3.9805;true;1.48
528;freio;acrobat;1;0.8023;0.5100;3.7660;true;1.48
529;freio;clown;0;-0.3750;0.2595;5.7158;false;0.90
529;freio;clown;1;-0.1148;0.2882;5.5966;true;0.90
529;freio;acrobat;0;0.4808;0.5362;4.0561;true;1.46
529;freio;acrobat;1;0.7752;0.5259;3.8171;true;1.46
530;freio;clown;0;-0.3747;0.2595;5.7157;false;0.40
530;freio;clown;1;-0.1148;0.3023;5.6052;true;0.40
530;freio;acrobat;0;0.4488;0.5195;4.1292;true;1.42
530;freio;acrobat;1;0.7449;0.5371;3.8760;true;1.42
531;freio;clown;0;-0.3745;0.2595;5.7157;true;0.00
531;freio;clown;1;-0.1155;0.3149;5.6114;true;0.00
531;freio;acrobat;0;0.4179;0.4985;4.1973;true;1.36
531;freio;acrobat;1;0.7129;0.5437;3.9410;true;1.36
532;freio;clown;0;-0.3742;0.2748;5.7170;true;0.00
532;freio;clown;1;-0.1164;0.3257;5.6252;true;0.00
532;freio;acrobat;0;0.3886;0.4749;4.2592;true;1.30
532;freio;acrobat;1;0.6806;0.5458;4.0110;true;1.30
533;freio;clown;0;-0.3740;0.2892;5.7206;true;0.00
533;freio;clown;1;-0.1169;0.3344;5.6418;true;0.00
533;freio;acrobat;0;0.3619;0.4489;4.3122;true;1.24
533;freio;acrobat;1;0.6489;0.5433;4.0842;true;1.24
534;freio;clown;0;-0.3736;0.3024;5.7262;true;0.00
534;freio;clown;1;-0.1171;0.3408;5.6606;true;0.00
534;freio;acrobat;0;0.3405;0.4212;4.3525;true;1.19
534;freio;acrobat;1;0.6186;0.5359;4.1572;true;1.19
535;freio;clown;0;-0.3733;0.3139;5.7335;true;0.00
535;freio;clown;1;-0.1169;0.3446;5.6810;true;0.00
535;freio;acrobat;0;0.3290;0.3929;4.3732;true;1.13
535;freio;acrobat;1;0.5905;0.5238;4.2239;true;1.13
536;freio;clown;0;-0.3729;0.3235;5.7424;true;0.00
536;freio;clown;1;-0.1165;0.3457;5.7025;true;0.00
536;freio;acrobat;0;0.3254;0.3646;4.3803;false;1.09
536;freio;acrobat;1;0.5630;0.5073;4.2865;true;1.09
537;freio;clown;0;-0.3726;0.3308;5.7524;true;0.00
537;freio;clown;1;-0.1161;0.3440;5.7245;true;0.00
537;freio;acrobat;0;0.3252;0.3647;4.3804;false;1.04
537;freio;acrobat;1;0.5368;0.4869;4.3435;true;1.04
538;freio;clown;0;-0.3723;0.3356;5.7632;true;0.00
538;freio;clown;1;-0.1157;0.3397;5.7465;true;0.00
538;freio;acrobat;0;0.3249;0.3647;4.3803;false;0.99
538;freio;acrobat;1;0.5131;0.4631;4.3934;true;0.99
539;freio;clown;0;-0.3721;0.3378;5.7747;true;0.00
539;freio;clown;1;-0.1155;0.3328;5.7680;true;0.00
539;freio;acrobat;0;0.3246;0.3648;4.3802;false;0.95
539;freio;acrobat;1;0.4933;0.4366;4.4349;true;0.95
540;freio;clown;0;-0.3720;0.3373;5.7865;true;0.00
540;freio;clown;1;-0.1153;0.3234;5.7884;true;0.00
540;freio;acrobat;0;0.3242;0.3648;4.3800;false;0.91
540;freio;acrobat;1;0.4782;0.4085;4.4665;true;0.91
541;freio;clown;0;-0.3719;0.3341;5.7982;true;0.00
541;freio;clown;1;-0.1152;0.3120;5.8072;true;0.00
541;freio;acrobat;0;0.3240;0.3648;4.3799;false;0.87
541;freio;acrobat;1;0.4689;0.3797;4.4864;true;0.87
542;freio;clown;0;-0.3718;0.3282;5.8097;true;0.00
542;freio;clown;1;-0.1151;0.2987;5.8237;true;0.00
542;freio;acrobat;0;0.3239;0.3648;4.3799;false;0.83
542;freio;acrobat;1;0.4658;0.3513;4.4931;false;0.83
543;freio;clown;0;-0.3717;0.3199;5.8205;true;0.00
543;freio;clown;1;-0.1151;0.2841;5.8376;true;0.00
543;freio;acrobat;0;0.3240;0.3648;4.3799;false;0.79
543;freio;acrobat;1;0.4658;0.3513;4.4931;false;0.79
544;freio;clown;0;-0.3717;0.3094;5.8305;true;0.00
544;freio;clown;1;-0.1150;0.2686;5.8481;true;0.00
544;freio;acrobat;0;0.3241;0.3648;4.3799;false;0.75
544;freio;acrobat;1;0.4658;0.3513;4.4931;false;0.75
545;freio;clown;0;-0.3716;0.2970;5.8394;true;0.00
545;freio;clown;1;-0.1150;0.2527;5.8549;true;0.00
545;freio;acrobat;0;0.3241;0.3648;4.3800;false;0.72
545;freio;acrobat;1;0.4659;0.3513;4.4931;false;0.72
546;freio;clown;0;-0.3715;0.2831;5.8467;true;0.00
546;freio;clown;1;-0.1149;0.2369;5.8572;false;0.00
546;freio;acrobat;0;0.3242;0.3648;4.3800;false;0.72
546;freio;acrobat;1;0.4659;0.3513;4.4932;false;0.72
547;freio;clown;0;-0.3715;0.2682;5.8524;true;0.00
547;freio;clown;1;-0.1149;0.2369;5.8572;false;0.00
547;freio;acrobat;0;0.3243;0.3648;4.3800;false;0.72
547;freio;acrobat;1;0.4659;0.3513;4.4932;false;0.72
548;freio;clown;0;-0.3715;0.2526;5.8560;true;0.00
548;freio;clown;1;-0.1149;0.2369;5.8572;false;0.00
548;freio;acrobat;0;0.3244;0.3648;4.3801;false;0.72
548;freio;acrobat;1;0.4660;0.3513;4.4932;false;0.72
549;freio;clown;0;-0.3714;0.2369;5.8572;false;0.00
549;freio;clown;1;-0.1149;0.2369;5.8572;false;0.00
549;freio;acrobat;0;0.3244;0.3648;4.3801;false;0.72
549;freio;acrobat;1;0.4661;0.3513;4.4932;false;0.72
550;freio;clown;0;-0.3714;0.2369;5.8572;false;0.00
550;freio;clown;1;-0.1149;0.2369;5.8572;false;0.00
550;freio;acrobat;0;0.3245;0.3648;4.3801;false;0.72
550;freio;acrobat;1;0.4661;0.3513;4.4933;false;0.72
551;freio;clown;0;-0.3714;0.2369;5.8572;false;0.00
551;freio;clown;1;-0.1149;0.2369;5.8572;false;0.00
551;freio;acrobat;0;0.3246;0.3648;4.3802;false;0.72
551;freio;acrobat;1;0.4662;0.3513;4.4933;false;0.72
552;freio;clown;0;-0.3714;0.2369;5.8572;false;0.00
552;freio;clown;1;-0.1149;0.2369;5.8572;false;0.00
552;freio;acrobat;0;0.3247;0.3648;4.3802;false;0.72
552;freio;acrobat;1;0.4663;0.3513;4.4933;false;0.72
553;freio;clown;0;-0.3714;0.2369;5.8572;false;0.00
553;freio;clown;1;-0.1149;0.2369;5.8572;false;0.00
553;freio;acrobat;0;0.3248;0.3648;4.3803;false;0.72
553;freio;acrobat;1;0.4663;0.3513;4.4934;false;0.72
554;freio;clown;0;-0.3714;0.2369;5.8572;false;0.00
554;freio;clown;1;-0.1149;0.2369;5.8572;false;0.00
554;freio;acrobat;0;0.3248;0.3648;4.3803;false;0.72
554;freio;acrobat;1;0.4664;0.3513;4.4934;false;0.72
555;freio;clown;0;-0.3714;0.2369;5.8572;false;0.00
555;freio;clown;1;-0.1149;0.2369;5.8572;false;0.00
555;freio;acrobat;0;0.3249;0.3648;4.3803;false;0.72
555;freio;acrobat;1;0.4665;0.3513;4.4934;false;0.72
556;freio;clown;0;-0.3714;0.2369;5.8572;false;0.00
556;freio;clown;1;-0.1149;0.2369;5.8572;false;0.00
556;freio;acrobat;0;0.3250;0.3648;4.3804;false;0.72
556;freio;acrobat;1;0.4666;0.3513;4.4935;false;0.72
557;freio;clown;0;-0.3714;0.2369;5.8572;false;0.00
557;freio;clown;1;-0.1149;0.2369;5.8572;false;0.00
557;freio;acrobat;0;0.3251;0.3648;4.3804;false;0.72
557;freio;acrobat;1;0.4666;0.3513;4.4935;false;0.72
558;freio;clown;0;-0.3714;0.2369;5.8572;false;0.00
558;freio;clown;1;-0.1149;0.2369;5.8572;false;0.00
558;freio;acrobat;0;0.3252;0.3648;4.3804;false;0.72
558;freio;acrobat;1;0.4667;0.3513;4.4936;false;0.72
559;freio;clown;0;-0.3714;0.2369;5.8572;false;0.00
559;freio;clown;1;-0.1149;0.2369;5.8572;false;0.00
559;freio;acrobat;0;0.3252;0.3648;4.3805;false;0.72
559;freio;acrobat;1;0.4668;0.3513;4.4936;false;0.72
560;freio;clown;0;-0.3714;0.2369;5.8572;false;0.00
560;freio;clown;1;-0.1149;0.2369;5.8572;false;0.00
560;freio;acrobat;0;0.3253;0.3648;4.3805;false;0.72
560;freio;acrobat;1;0.4669;0.3513;4.4936;false;0.72
561;freio;clown;0;-0.3714;0.2369;5.8572;false;0.00
561;freio;clown;1;-0.1149;0.2369;5.8572;false;0.00
561;freio;acrobat;0;0.3253;0.3648;4.3805;false;0.72
561;freio;acrobat;1;0.4669;0.3513;4.4937;false;0.72
562;freio;clown;0;-0.3714;0.2369;5.8572;false;0.00
562;freio;clown;1;-0.1149;0.2369;5.8572;false;0.00
562;freio;acrobat;0;0.3254;0.3648;4.3805;false;0.72
562;freio;acrobat;1;0.4670;0.3513;4.4937;false;0.72
563;freio;clown;0;-0.3714;0.2369;5.8572;false;0.00
563;freio;clown;1;-0.1149;0.2369;5.8572;false;0.00
563;freio;acrobat;0;0.3254;0.3648;4.3806;false;0.72
563;freio;acrobat;1;0.4671;0.3513;4.4937;false;0.72
564;freio;clown;0;-0.3714;0.2369;5.8572;false;0.00
564;freio;clown;1;-0.1149;0.2369;5.8572;false;0.00
564;freio;acrobat;0;0.3255;0.3648;4.3806;false;0.72
564;freio;acrobat;1;0.4671;0.3513;4.4938;false;0.72
565;freio;clown;0;-0.3714;0.2369;5.8572;false;0.00
565;freio;clown;1;-0.1149;0.2369;5.8572;false;0.00
565;freio;acrobat;0;0.3255;0.3647;4.3806;false;0.72
565;freio;acrobat;1;0.4672;0.3513;4.4938;false;0.72
566;freio;clown;0;-0.3714;0.2369;5.8572;false;0.00
566;freio;clown;1;-0.1149;0.2369;5.8572;false;0.00
566;freio;acrobat;0;0.3256;0.3647;4.3806;false;0.72
566;freio;acrobat;1;0.4673;0.3513;4.4938;false;0.72
567;freio;clown;0;-0.3714;0.2369;5.8572;false;0.00
567;freio;clown;1;-0.1149;0.2369;5.8572;false;0.00
567;freio;acrobat;0;0.3256;0.3647;4.3806;false;0.72
567;freio;acrobat;1;0.4673;0.3513;4.4938;false;0.72
568;freio;clown;0;-0.3714;0.2369;5.8572;false;0.00
568;freio;clown;1;-0.1149;0.2369;5.8572;false;0.00
568;freio;acrobat;0;0.3258;0.3647;4.3807;true;0.16
568;freio;acrobat;1;0.4677;0.3513;4.4940;false;0.16
569;freio;clown;0;-0.3714;0.2369;5.8572;false;0.00
569;freio;clown;1;-0.1149;0.2369;5.8572;false;0.00
569;freio;acrobat;0;0.3252;0.3901;4.3824;true;0.00
569;freio;acrobat;1;0.4676;0.3513;4.4939;true;0.00
570;freio;clown;0;-0.3714;0.2369;5.8572;false;0.00
570;freio;clown;1;-0.1149;0.2369;5.8572;false;0.00
570;freio;acrobat;0;0.3233;0.4138;4.3871;true;0.00
570;freio;acrobat;1;0.4671;0.3767;4.4952;true;0.00
571;freio;clown;0;-0.3714;0.2369;5.8572;false;0.00
571;freio;clown;1;-0.1149;0.2369;5.8572;false;0.00
571;freio;acrobat;0;0.3202;0.4351;4.3944;true;0.00
571;freio;acrobat;1;0.4656;0.4007;4.4989;true;0.00
572;freio;clown;0;-0.3714;0.2369;5.8572;false;0.00
572;freio;clown;1;-0.1149;0.2369;5.8572;false;0.00
572;freio;acrobat;0;0.3161;0.4536;4.4039;true;0.00
572;freio;acrobat;1;0.4633;0.4227;4.5045;true;0.00
573;freio;clown;0;-0.3714;0.2369;5.8572;false;0.00
573;freio;clown;1;-0.1149;0.2369;5.8572;false;0.00
573;freio;acrobat;0;0.3113;0.4687;4.4153;true;0.00
573;freio;acrobat;1;0.4602;0.4419;4.5119;true;0.00
574;freio;clown;0;-0.3714;0.2369;5.8572;false;0.00
574;freio;clown;1;-0.1149;0.2369;5.8572;false;0.00
574;freio;acrobat;0;0.3057;0.4799;4.4282;true;0.00
574;freio;acrobat;1;0.4564;0.4578;4.5207;true;0.00
575;freio;clown;0;-0.3714;0.2369;5.8572;false;0.00
575;freio;clown;1;-0.1149;0.2369;5.8572;false;0.00
575;freio;acrobat;0;0.2996;0.4869;4.4422;true;0.00
575;freio;acrobat;1;0.4521;0.4699;4.5307;true;0.00
576;freio;clown;0;-0.3714;0.2369;5.8572;false;0.00
576;freio;clown;1;-0.1149;0.2369;5.8572;false;0.00
576;freio;acrobat;0;0.2932;0.4894;4.4570;true;0.00
576;freio;acrobat;1;0.4475;0.4779;4.5416;true;0.00
577;tab;clown;0;-0.3714;0.2369;5.8572;false;0.00
577;tab;clown;1;-0.1149;0.2369;5.8572;false;0.00
577;tab;acrobat;0;0.3283;0.4807;4.4755;true;0.50
577;tab;acrobat;1;0.4834;0.4766;4.5347;true;0.50
578;tab;clown;0;-0.3714;0.2369;5.8572;false;0.00
578;tab;clown;1;-0.1149;0.2369;5.8572;false;0.00
578;tab;acrobat;0;0.3940;0.4541;4.5023;true;1.00
578;tab;acrobat;1;0.5426;0.4590;4.5323;true;1.00
579;tab;clown;0;-0.3714;0.2369;5.8572;false;0.00
579;tab;clown;1;-0.1149;0.2369;5.8572;false;0.00
579;tab;acrobat;0;0.4646;0.4266;4.5347;true;1.50
579;tab;acrobat;1;0.6076;0.4384;4.5329;true;1.50
580;tab;clown;0;-0.3719;0.2369;5.8574;false;0.59
580;tab;clown;1;-0.1107;0.2366;5.8552;false;0.59
580;tab;acrobat;0;0.5293;0.4047;4.5788;true;2.00
580;tab;acrobat;1;0.6657;0.4223;4.5374;true;2.00
581;tab;clown;0;-0.3738;0.2368;5.8591;false;0.72
581;tab;clown;1;-0.1085;0.2340;5.8473;false;0.72
581;tab;acrobat;0;0.6161;0.3782;4.6171;true;2.40
581;tab;acrobat;1;0.7391;0.3988;4.5352;true;2.40
582;tab;clown;0;-0.3747;0.2366;5.8616;false;0.72
582;tab;clown;1;-0.1150;0.2284;5.8382;false;0.72
582;tab;acrobat;0;0.6969;0.3488;4.6453;true;2.40
582;tab;acrobat;1;0.8062;0.3708;4.5295;true;2.40
583;tab;clown;0;-0.3744;0.2363;5.8634;false;0.72
583;tab;clown;1;-0.1276;0.2217;5.8326;false;0.72
583;tab;acrobat;0;0.7604;0.3146;4.6636;true;2.40
583;tab;acrobat;1;0.8610;0.3376;4.5239;true;2.40
584;tab;clown;0;-0.3735;0.2361;5.8638;false;0.72
584;tab;clown;1;-0.1412;0.2160;5.8313;false;0.72
584;tab;acrobat;0;0.7953;0.2964;4.6768;false;2.40
584;tab;acrobat;1;0.8946;0.3005;4.5231;true;2.40
585;tab;clown;0;-0.3725;0.2362;5.8627;false;0.72
585;tab;clown;1;-0.1526;0.2121;5.8329;false;0.72
585;tab;acrobat;0;0.7993;0.2996;4.6851;false;2.40
585;tab;acrobat;1;0.9133;0.2967;4.5249;false;2.40
586;tab;clown;0;-0.3717;0.2364;5.8603;false;0.72
586;tab;clown;1;-0.1609;0.2099;5.8359;false;0.72
586;tab;acrobat;0;0.8035;0.3022;4.6878;false;2.40
586;tab;acrobat;1;0.9178;0.2997;4.5293;false;2.40
587;tab;clown;0;-0.3714;0.2370;5.8567;false;0.72
587;tab;clown;1;-0.1664;0.2089;5.8389;true;0.72
587;tab;acrobat;0;0.8067;0.3038;4.6875;false;2.40
587;tab;acrobat;1;0.9211;0.3017;4.5306;false;2.40
588;tab;clown;0;-0.3716;0.2379;5.8516;false;0.72
588;tab;clown;1;-0.1734;0.2192;5.8334;true;0.72
588;tab;acrobat;0;0.8090;0.3047;4.6858;false;2.40
588;tab;acrobat;1;0.9235;0.3029;4.5300;false;2.40
589;tab;clown;0;-0.3722;0.2389;5.8457;false;0.72
589;tab;clown;1;-0.1780;0.2293;5.8204;true;0.72
589;tab;acrobat;0;0.8105;0.3052;4.6834;false;2.40
589;tab;acrobat;1;0.9251;0.3035;4.5283;false;2.40
590;tab;clown;0;-0.3731;0.2399;5.8382;true;0.72
590;tab;clown;1;-0.1794;0.2404;5.8022;true;0.72
590;tab;acrobat;0;0.8115;0.3054;4.6811;false;2.40
590;tab;acrobat;1;0.9262;0.3038;4.5262;false;2.40
591;tab;clown;0;-0.3703;0.2564;5.8321;true;0.72
591;tab;clown;1;-0.1787;0.2510;5.7787;true;0.72
591;tab;acrobat;0;0.8120;0.3055;4.6791;false;2.40
591;tab;acrobat;1;0.9268;0.3039;4.5240;false;2.40
592;tab;clown;0;-0.3596;0.2718;5.8271;true;0.72
592;tab;clown;1;-0.1753;0.2611;5.7512;true;0.72
592;tab;acrobat;0;0.8124;0.3055;4.6777;false;2.40
592;tab;acrobat;1;0.9272;0.3039;4.5221;false;2.40
593;tab;clown;0;-0.3409;0.2853;5.8240;true;0.72
593;tab;clown;1;-0.1690;0.2710;5.7212;true;0.72
593;tab;acrobat;0;0.8125;0.3055;4.6767;false;2.40
593;tab;acrobat;1;0.9274;0.3039;4.5206;false;2.40
594;tab;clown;0;-0.3142;0.2960;5.8223;true;0.72
594;tab;clown;1;-0.1596;0.2805;5.6899;true;0.72
594;tab;acrobat;0;0.8125;0.3055;4.6763;false;2.40
594;tab;acrobat;1;0.9274;0.3039;4.5195;false;2.40
595;tab;clown;0;-0.2802;0.3036;5.8207;true;0.72
595;tab;clown;1;-0.1472;0.2891;5.6587;true;0.72
595;tab;acrobat;0;0.8125;0.3055;4.6763;false;2.40
595;tab;acrobat;1;0.9274;0.3038;4.5190;false;2.40
596;tab;clown;0;-0.2397;0.3083;5.8172;true;0.72
596;tab;clown;1;-0.1321;0.2961;5.6283;true;0.72
596;tab;acrobat;0;0.8124;0.3055;4.6767;false;2.40
596;tab;acrobat;1;0.9274;0.3038;4.5190;false;2.40
597;tab;clown;0;-0.1945;0.3108;5.8102;true;0.72
597;tab;clown;1;-0.1150;0.3007;5.5992;true;0.72
597;tab;acrobat;0;0.8124;0.3055;4.6775;false;2.40
597;tab;acrobat;1;0.9273;0.3038;4.5194;false;2.40
598;tab;clown;0;-0.1466;0.3117;5.7984;true;0.72
598;tab;clown;1;-0.0964;0.3020;5.5717;true;0.72
598;tab;acrobat;0;0.8123;0.3055;4.6785;true;2.40
598;tab;acrobat;1;0.9272;0.3039;4.5203;false;2.40
599;tab;clown;0;-0.0981;0.3116;5.7813;true;0.72
599;tab;clown;1;-0.0774;0.2994;5.5457;true;0.72
599;tab;acrobat;0;0.8317;0.3466;4.6789;true;2.40
599;tab;acrobat;1;0.9271;0.3039;4.5219;false;2.40
600;tab;clown;0;-0.0508;0.3101;5.7599;true;0.72
600;tab;clown;1;-0.0590;0.2926;5.5209;true;0.72
600;tab;acrobat;0;0.8868;0.3841;4.6791;true;2.40
600;tab;acrobat;1;0.9271;0.3039;4.5234;false;2.40
601;tab;clown;0;-0.0058;0.3066;5.7356;true;0.72
601;tab;clown;1;-0.0418;0.2821;5.4977;true;0.72
601;tab;acrobat;0;0.9721;0.4152;4.6815;true;2.40
601;tab;acrobat;1;0.9271;0.3039;4.5236;true;2.40
602;tab;clown;0;0.0365;0.3006;5.7104;true;0.72
602;tab;clown;1;-0.0263;0.2686;5.4768;true;0.72
602;tab;acrobat;0;1.0817;0.4374;4.6866;true;2.40
602;tab;acrobat;1;0.9467;0.3451;4.5221;true;2.40
603;tab;clown;0;0.0767;0.2916;5.6858;true;0.72
603;tab;clown;1;-0.0119;0.2532;5.4587;true;0.72
603;tab;acrobat;0;1.2090;0.4490;4.6910;true;2.40
603;tab;acrobat;1;1.0024;0.3828;4.5219;true;2.40
604;tab;clown;0;0.1199;0.2797;5.6589;true;0.77
604;tab;clown;1;0.0070;0.2366;5.4404;true;0.77
604;tab;acrobat;0;1.3461;0.4494;4.6914;true;2.40
604;tab;acrobat;1;1.0886;0.4141;4.5241;true;2.40
605;tab;clown;0;0.1602;0.2653;5.6359;true;0.81
605;tab;clown;1;0.0237;0.2195;5.4280;false;0.81
605;tab;acrobat;0;1.4846;0.4384;4.6889;true;2.40
605;tab;acrobat;1;1.1993;0.4366;4.5264;true;2.40
606;tab;clown;0;0.1954;0.2491;5.6172;true;0.85
606;tab;clown;1;0.0234;0.2195;5.4277;false;0.85
606;tab;acrobat;0;1.6159;0.4165;4.6877;true;2.40
606;tab;acrobat;1;1.3272;0.4488;4.5255;true;2.40
607;tab;clown;0;0.2238;0.2317;5.6035;true;0.89
607;tab;clown;1;0.0233;0.2195;5.4276;false;0.89
607;tab;acrobat;0;1.7309;0.3865;4.6901;true;2.40
607;tab;acrobat;1;1.4647;0.4501;4.5217;true;2.40
608;tab;clown;0;0.2431;0.2152;5.5947;false;0.93
608;tab;clown;1;0.0235;0.2195;5.4277;false;0.93
608;tab;acrobat;0;1.8182;0.3522;4.6939;true;2.40
608;tab;acrobat;1;1.6029;0.4412;4.5183;true;2.40
609;tab;clown;0;0.2432;0.2153;5.5944;false;0.97
609;tab;clown;1;0.0240;0.2196;5.4283;false;0.97
609;tab;acrobat;0;1.8678;0.3147;4.6958;true;2.40
609;tab;acrobat;1;1.7340;0.4225;4.5183;true;2.40
610;tab;clown;0;0.2434;0.2155;5.5944;false;1.01
610;tab;clown;1;0.0246;0.2196;5.4290;false;1.01
610;tab;acrobat;0;1.8877;0.3095;4.6956;false;2.40
610;tab;acrobat;1;1.8488;0.3939;4.5200;true;2.40
611;tab;clown;0;0.2437;0.2156;5.5946;false;1.05
611;tab;clown;1;0.0252;0.2195;5.4298;false;1.05
611;tab;acrobat;0;1.8877;0.3095;4.6962;false;2.40
611;tab;acrobat;1;1.9363;0.3592;4.5208;true;2.40
612;tab;clown;0;0.2442;0.2157;5.5951;false;1.09
612;tab;clown;1;0.0257;0.2195;5.4307;false;1.09
612;tab;acrobat;0;1.8876;0.3095;4.6968;false;2.40
612;tab;acrobat;1;1.9859;0.3207;4.5206;true;2.40
613;tab;clown;0;0.2447;0.2157;5.5957;false;1.12
613;tab;clown;1;0.0263;0.2195;5.4315;false;1.12
613;tab;acrobat;0;1.8876;0.3095;4.6972;false;2.40
613;tab;acrobat;1;2.0054;0.3161;4.5212;false;2.40
614;tab;clown;0;0.2453;0.2157;5.5966;false;1.16
614;tab;clown;1;0.0268;0.2194;5.4323;false;1.16
614;tab;acrobat;0;1.8876;0.3095;4.6970;false;2.40
614;tab;acrobat;1;2.0054;0.3162;4.5218;false;2.40
615;tab;clown;0;0.2460;0.2157;5.5975;false;1.19
615;tab;clown;1;0.0272;0.2194;5.4329;false;1.19
615;tab;acrobat;0;1.8877;0.3095;4.6967;false;2.40
615;tab;acrobat;1;2.0054;0.3162;4.5220;false;2.40
616;tab;clown;0;0.2466;0.2156;5.5985;false;1.22
616;tab;clown;1;0.0274;0.2193;5.4334;false;1.22
616;tab;acrobat;0;1.8877;0.3095;4.6963;false;2.40
616;tab;acrobat;1;2.0054;0.3162;4.5221;false;2.40
617;tab;clown;0;0.2472;0.2155;5.5994;false;1.25
617;tab;clown;1;0.0274;0.2193;5.4335;false;1.25
617;tab;acrobat;0;1.8877;0.3095;4.6959;false;2.40
617;tab;acrobat;1;2.0055;0.3162;4.5219;false;2.40
618;tab;clown;0;0.2477;0.2155;5.6003;false;1.29
618;tab;clown;1;0.0272;0.2193;5.4335;false;1.29
618;tab;acrobat;0;1.8877;0.3095;4.6955;false;2.40
618;tab;acrobat;1;2.0055;0.3162;4.5216;false;2.40
619;tab;clown;0;0.2480;0.2154;5.6011;false;1.32
619;tab;clown;1;0.0269;0.2193;5.4330;false;1.32
619;tab;acrobat;0;1.8878;0.3095;4.6952;false;2.40
619;tab;acrobat;1;2.0055;0.3162;4.5212;false;2.40
620;tab;clown;0;0.2483;0.2154;5.6016;false;1.35
620;tab;clown;1;0.0263;0.2194;5.4322;false;1.35
620;tab;acrobat;0;1.8878;0.3095;4.6950;false;2.40
620;tab;acrobat;1;2.0056;0.3162;4.5208;false;2.40
621;tab;clown;0;0.2483;0.2153;5.6019;false;1.38
621;tab;clown;1;0.0255;0.2194;5.4309;false;1.38
621;tab;acrobat;0;1.8878;0.3095;4.6949;false;2.40
621;tab;acrobat;1;2.0056;0.3162;4.5205;false;2.40
622;tab;clown;0;0.2482;0.2153;5.6018;false;1.41
622;tab;clown;1;0.0245;0.2196;5.4290;false;1.41
622;tab;acrobat;0;1.8878;0.3095;4.6950;false;2.40
622;tab;acrobat;1;2.0056;0.3162;4.5202;false;2.40
623;tab;clown;0;0.2478;0.2153;5.6013;false;1.44
623;tab;clown;1;0.0232;0.2197;5.4266;true;1.44
623;tab;acrobat;0;1.8878;0.3095;4.6953;false;2.40
623;tab;acrobat;1;2.0056;0.3162;4.5200;false;2.40
624;tab;clown;0;0.2471;0.2154;5.6001;false;1.46
624;tab;clown;1;0.0305;0.2391;5.4212;true;1.46
624;tab;acrobat;0;1.8877;0.3095;4.6958;false;2.40
624;tab;acrobat;1;2.0056;0.3162;4.5199;false;2.40
625;tab;clown;0;0.2461;0.2155;5.5984;false;1.49
625;tab;clown;1;0.0549;0.2577;5.4109;true;1.49
625;tab;acrobat;0;1.8877;0.3096;4.6966;true;2.40
625;tab;acrobat;1;2.0056;0.3162;4.5200;false;2.40
626;tab;clown;0;0.2452;0.2157;5.5965;false;1.51
626;tab;clown;1;0.0952;0.2745;5.3956;true;1.51
626;tab;acrobat;0;1.9068;0.3517;4.6966;true;2.40
626;tab;acrobat;1;2.0056;0.3162;4.5204;false;2.40
627;tab;clown;0;0.2446;0.2157;5.5951;false;1.54
627;tab;clown;1;0.1489;0.2887;5.3738;true;1.54
627;tab;acrobat;0;1.9607;0.3924;4.6960;true;2.40
627;tab;acrobat;1;2.0056;0.3162;4.5207;false;2.40
628;tab;clown;0;0.2445;0.2157;5.5949;false;1.56
628;tab;clown;1;0.2137;0.2992;5.3448;true;1.56
628;tab;acrobat;0;2.0440;0.4288;4.6968;true;2.40
628;tab;acrobat;1;2.0056;0.3162;4.5199;false;2.40
629;tab;clown;0;0.2453;0.2157;5.5970;true;1.58
629;tab;clown;1;0.2879;0.3048;5.3102;true;1.58
629;tab;acrobat;0;2.1509;0.4580;4.6996;true;2.40
629;tab;acrobat;1;2.0070;0.3184;4.5170;true;2.40
630;tab;clown;0;0.2571;0.2370;5.5964;true;1.60
630;tab;clown;1;0.3702;0.3055;5.2749;true;1.60
630;tab;acrobat;0;2.2747;0.4782;4.7016;true;2.40
630;tab;acrobat;1;2.0253;0.3587;4.5147;true;2.40
631;tab;clown;0;0.2876;0.2572;5.5851;true;1.62
631;tab;clown;1;0.4574;0.3010;5.2427;true;1.62
631;tab;acrobat;0;2.4075;0.4880;4.6997;true;2.40
631;tab;acrobat;1;2.0814;0.3998;4.5172;true;2.40
632;tab;clown;0;0.3352;0.2748;5.5638;true;1.64
632;tab;clown;1;0.5446;0.2910;5.2120;true;1.64
632;tab;acrobat;0;2.5412;0.4867;4.6954;true;2.40
632;tab;acrobat;1;2.1684;0.4364;4.5233;true;2.40
633;tab;clown;0;0.3978;0.2894;5.5354;true;1.66
633;tab;clown;1;0.6245;0.2789;5.1826;true;1.66
633;tab;acrobat;0;2.6679;0.4746;4.6933;true;2.40
633;tab;acrobat;1;2.2797;0.4663;4.5280;true;2.40
634;tab;clown;0;0.4740;0.3000;5.5039;true;1.69
634;tab;clown;1;0.6934;0.2625;5.1551;true;1.69
634;tab;acrobat;0;2.7804;0.4474;4.6949;true;2.40
634;tab;acrobat;1;2.4089;0.4848;4.5286;true;2.40
635;tab;clown;0;0.5610;0.3060;5.4724;true;1.71
635;tab;clown;1;0.7460;0.2433;5.1334;true;1.71
635;tab;acrobat;0;2.8675;0.4152;4.6987;true;2.40
635;tab;acrobat;1;2.5475;0.4936;4.5253;true;2.40
636;tab;clown;0;0.6544;0.3067;5.4422;true;1.74
636;tab;clown;1;0.7764;0.2228;5.1228;true;1.74
636;tab;acrobat;0;2.9175;0.3784;4.7012;true;2.40
636;tab;acrobat;1;2.6872;0.4913;4.5220;true;2.40
637;tab;clown;0;0.7482;0.3018;5.4107;true;1.76
637;tab;clown;1;0.7913;0.2236;5.1204;false;1.76
637;tab;acrobat;0;2.9377;0.3739;4.7007;false;2.40
637;tab;acrobat;1;2.8201;0.4780;4.5226;true;2.40
638;tab;clown;0;0.8367;0.2915;5.3791;true;1.78
638;tab;clown;1;0.7915;0.2237;5.1206;false;1.78
638;tab;acrobat;0;2.9379;0.3739;4.7010;false;2.40
638;tab;acrobat;1;2.9360;0.4550;4.5254;true;2.40
639;tab;clown;0;0.9144;0.2761;5.3530;true;1.80
639;tab;clown;1;0.7911;0.2236;5.1199;false;1.80
639;tab;acrobat;0;2.9378;0.3739;4.7019;false;2.40
639;tab;acrobat;1;3.0244;0.4237;4.5266;true;2.40
640;tab;clown;0;0.9746;0.2567;5.3357;true;1.82
640;tab;clown;1;0.7908;0.2236;5.1192;false;1.82
640;tab;acrobat;0;2.9377;0.3739;4.7026;false;2.40
640;tab;acrobat;1;3.0746;0.3864;4.5266;true;2.40
641;tab;clown;0;1.0086;0.2350;5.3266;true;1.84
641;tab;clown;1;0.7908;0.2236;5.1191;false;1.84
641;tab;acrobat;0;2.9377;0.3739;4.7028;false;2.40
641;tab;acrobat;1;3.0944;0.3817;4.5276;false;2.40
642;tab;clown;0;1.0226;0.2318;5.3218;false;1.86
642;tab;clown;1;0.7911;0.2237;5.1198;false;1.86
642;tab;acrobat;0;2.9378;0.3739;4.7025;false;2.40
642;tab;acrobat;1;3.0945;0.3817;4.5283;false;2.40
643;tab;clown;0;1.0221;0.2322;5.3194;false;1.88
643;tab;clown;1;0.7917;0.2237;5.1211;false;1.88
643;tab;acrobat;0;2.9378;0.3739;4.7021;false;2.40
643;tab;acrobat;1;3.0945;0.3817;4.5286;false;2.40
644;tab;clown;0;1.0221;0.2325;5.3184;false;1.89
644;tab;clown;1;0.7923;0.2237;5.1226;false;1.89
644;tab;acrobat;0;2.9378;0.3739;4.7016;false;2.40
644;tab;acrobat;1;3.0945;0.3818;4.5287;false;2.40
645;tab;clown;0;1.0223;0.2327;5.3185;false;1.91
645;tab;clown;1;0.7928;0.2236;5.1239;false;1.91
645;tab;acrobat;0;2.9379;0.3739;4.7011;false;2.40
645;tab;acrobat;1;3.0946;0.3818;4.5285;false;2.40
646;tab;clown;0;1.0228;0.2328;5.3192;false;1.92
646;tab;clown;1;0.7931;0.2235;5.1249;false;1.92
646;tab;acrobat;0;2.9379;0.3739;4.7006;false;2.40
646;tab;acrobat;1;3.0946;0.3818;4.5282;false;2.40
647;tab;clown;0;1.0234;0.2329;5.3205;false;1.93
647;tab;clown;1;0.7932;0.2235;5.1253;false;1.93
647;tab;acrobat;0;2.9379;0.3739;4.7002;false;2.40
647;tab;acrobat;1;3.0947;0.3818;4.5277;false;2.40
648;tab;clown;0;1.0240;0.2329;5.3220;false;1.95
648;tab;clown;1;0.7930;0.2235;5.1249;false;1.95
648;tab;acrobat;0;2.9379;0.3739;4.7000;false;2.40
648;tab;acrobat;1;3.0947;0.3818;4.5272;false;2.40
649;tab;clown;0;1.0245;0.2328;5.3234;false;1.97
649;tab;clown;1;0.7925;0.2235;5.1236;false;1.97
649;tab;acrobat;0;2.9379;0.3739;4.7000;false;2.40
649;tab;acrobat;1;3.0947;0.3818;4.5267;false;2.40
650;tab;clown;0;1.0249;0.2328;5.3244;false;1.98
650;tab;clown;1;0.7917;0.2237;5.1213;false;1.98
650;tab;acrobat;0;2.9379;0.3739;4.7003;false;2.40
650;tab;acrobat;1;3.0948;0.3818;4.5263;false;2.40
651;tab;clown;0;1.0251;0.2327;5.3250;false;2.00
651;tab;clown;1;0.7906;0.2238;5.1178;true;2.00
651;tab;acrobat;0;2.9379;0.3739;4.7010;false;2.40
651;tab;acrobat;1;3.0948;0.3818;4.5259;false;2.40
652;tab;clown;0;1.0248;0.2327;5.3247;false;2.02
652;tab;clown;1;0.8066;0.2510;5.1120;true;2.02
652;tab;acrobat;0;2.9378;0.3740;4.7020;true;2.40
652;tab;acrobat;1;3.0948;0.3818;4.5258;false;2.40
653;tab;clown;0;1.0243;0.2328;5.3234;false;2.04
653;tab;clown;1;0.8541;0.2769;5.1025;true;2.04
653;tab;acrobat;0;2.9573;0.4153;4.7022;true;2.40
653;tab;acrobat;1;3.0948;0.3818;4.5261;false;2.40
654;tab;clown;0;1.0238;0.2328;5.3218;false;2.06
654;tab;clown;1;0.9275;0.2997;5.0866;true;2.06
654;tab;acrobat;0;3.0124;0.4535;4.7017;true;2.40
654;tab;acrobat;1;3.0947;0.3818;4.5266;false;2.40
655;tab;clown;0;1.0236;0.2329;5.3210;false;2.07
655;tab;clown;1;1.0207;0.3168;5.0623;true;2.07
655;tab;acrobat;0;3.0978;0.4855;4.7027;true;2.40
655;tab;acrobat;1;3.0947;0.3818;4.5267;false;2.40
656;tab;clown;0;1.0239;0.2329;5.3223;false;2.09
656;tab;clown;1;1.1280;0.3270;5.0342;true;2.09
656;tab;acrobat;0;3.2075;0.5084;4.7064;true;2.40
656;tab;acrobat;1;3.0947;0.3819;4.5250;false;2.40
657;tab;clown;0;1.0248;0.2330;5.3265;false;2.10
657;tab;clown;1;1.2425;0.3293;5.0097;true;2.10
657;tab;acrobat;0;3.3352;0.5206;4.7102;true;2.40
657;tab;acrobat;1;3.0947;0.3820;4.5204;true;2.40
658;tab;clown;0;1.0262;0.2330;5.3318;true;2.11
658;tab;clown;1;1.3546;0.3231;4.9870;true;2.11
658;tab;acrobat;0;3.4726;0.5211;4.7090;true;2.40
658;tab;acrobat;1;3.1149;0.4233;4.5179;true;2.40
659;tab;clown;0;1.0468;0.2620;5.3303;true;2.13
659;tab;clown;1;1.4536;0.3090;4.9634;true;2.13
659;tab;acrobat;0;3.6113;0.5095;4.7046;true;2.40
659;tab;acrobat;1;3.1729;0.4605;4.5224;true;2.40
660;tab;clown;0;1.1020;0.2897;5.3132;true;2.14
660;tab;clown;1;1.5290;0.2886;4.9428;true;2.14
660;tab;acrobat;0;3.7435;0.4834;4.7026;true;2.40
660;tab;acrobat;1;3.2631;0.4901;4.5305;true;2.40
661;tab;clown;0;1.1866;0.3131;5.2852;true;2.15
661;tab;clown;1;1.5695;0.2640;4.9332;true;2.15
661;tab;acrobat;0;3.8596;0.4493;4.7047;true;2.40
661;tab;acrobat;1;3.3789;0.5102;4.5375;true;2.40
662;tab;clown;0;1.2949;0.3304;5.2548;true;2.17
662;tab;clown;1;1.5872;0.2657;4.9324;false;2.17
662;tab;acrobat;0;3.9495;0.4085;4.7090;true;2.40
662;tab;acrobat;1;3.5128;0.5192;4.5396;true;2.40
663;tab;clown;0;1.4185;0.3404;5.2300;true;2.18
663;tab;clown;1;1.5879;0.2660;4.9342;false;2.18
663;tab;acrobat;0;4.0019;0.3645;4.7121;true;2.40
663;tab;acrobat;1;3.6565;0.5161;4.5364;true;2.40
664;tab;clown;0;1.5466;0.3415;5.2063;true;2.19
664;tab;clown;1;1.5883;0.2664;4.9331;false;2.19
664;tab;acrobat;0;4.0243;0.3551;4.7115;false;2.40
664;tab;acrobat;1;3.8019;0.5005;4.5326;true;2.40
665;tab;clown;0;1.6673;0.3337;5.1797;true;2.20
665;tab;clown;1;1.5881;0.2664;4.9317;false;2.20
665;tab;acrobat;0;4.0248;0.3553;4.7114;false;2.40
665;tab;acrobat;1;3.9406;0.4736;4.5340;true;2.40
666;tab;clown;0;1.7690;0.3166;5.1597;true;2.21
666;tab;clown;1;1.5878;0.2664;4.9310;false;2.21
666;tab;acrobat;0;4.0248;0.3553;4.7125;false;2.40
666;tab;acrobat;1;4.0619;0.4376;4.5373;true;2.40
667;tab;clown;0;1.8378;0.2947;5.1498;true;2.22
667;tab;clown;1;1.5879;0.2664;4.9315;false;2.22
667;tab;acrobat;0;4.0247;0.3553;4.7138;false;2.40
667;tab;acrobat;1;4.1548;0.3952;4.5386;true;2.40
668;tab;clown;0;1.8634;0.2806;5.1444;false;2.24
668;tab;clown;1;1.5885;0.2664;4.9331;false;2.24
668;tab;acrobat;0;4.0246;0.3553;4.7143;false;2.40
668;tab;acrobat;1;4.2082;0.3502;4.5387;true;2.40
669;tab;clown;0;1.8631;0.2812;5.1409;false;2.25
669;tab;clown;1;1.5890;0.2664;4.9349;false;2.25
669;tab;acrobat;0;4.0246;0.3553;4.7142;false;2.40
669;tab;acrobat;1;4.2299;0.3405;4.5400;false;2.40
670;tab;clown;0;1.8632;0.2817;5.1394;false;2.26
670;tab;clown;1;1.5894;0.2663;4.9361;false;2.26
670;tab;acrobat;0;4.0247;0.3553;4.7135;false;2.40
670;tab;acrobat;1;4.2299;0.3405;4.5411;false;2.40
671;tab;clown;0;1.8636;0.2820;5.1395;false;2.27
671;tab;clown;1;1.5895;0.2662;4.9366;false;2.27
671;tab;acrobat;0;4.0248;0.3554;4.7128;false;2.40
671;tab;acrobat;1;4.2300;0.3406;4.5416;false;2.40
672;tab;clown;0;1.8642;0.2822;5.1406;false;2.28
672;tab;clown;1;1.5892;0.2662;4.9360;false;2.28
672;tab;acrobat;0;4.0248;0.3554;4.7120;false;2.40
672;tab;acrobat;1;4.2301;0.3406;4.5417;false;2.40
673;tab;clown;0;1.8648;0.2823;5.1423;false;2.29
673;tab;clown;1;1.5886;0.2663;4.9339;false;2.29
673;tab;acrobat;0;4.0249;0.3554;4.7112;false;2.40
673;tab;acrobat;1;4.2301;0.3407;4.5414;false;2.40
674;tab;clown;0;1.8654;0.2823;5.1441;false;2.30
674;tab;clown;1;1.5877;0.2665;4.9301;false;2.30
674;tab;acrobat;0;4.0249;0.3553;4.7106;false;2.40
674;tab;acrobat;1;4.2302;0.3407;4.5409;false;2.40
675;tab;clown;0;1.8658;0.2822;5.1456;false;2.31
675;tab;clown;1;1.5867;0.2668;4.9245;true;2.31
675;tab;acrobat;0;4.0249;0.3553;4.7103;false;2.40
675;tab;acrobat;1;4.2303;0.3407;4.5402;false;2.40
676;tab;clown;0;1.8659;0.2822;5.1461;false;2.32
676;tab;clown;1;1.6093;0.2987;4.9190;true;2.32
676;tab;acrobat;0;4.0249;0.3553;4.7103;false;2.40
676;tab;acrobat;1;4.2304;0.3408;4.5394;false;2.40
677;tab;clown;0;1.8656;0.2822;5.1453;false;2.32
677;tab;clown;1;1.6742;0.3298;4.9143;true;2.32
677;tab;acrobat;0;4.0249;0.3553;4.7108;false;2.40
677;tab;acrobat;1;4.2305;0.3408;4.5387;false;2.40
678;tab;clown;0;1.8652;0.2823;5.1439;false;2.33
678;tab;clown;1;1.7717;0.3570;4.9032;true;2.33
678;tab;acrobat;0;4.0248;0.3554;4.7117;true;2.40
678;tab;acrobat;1;4.2305;0.3408;4.5381;false;2.40
679;tab;clown;0;1.8651;0.2823;5.1431;false;2.34
679;tab;clown;1;1.8917;0.3766;4.8827;true;2.34
679;tab;acrobat;0;4.0437;0.3960;4.7121;true;2.40
679;tab;acrobat;1;4.2305;0.3407;4.5378;false;2.40
680;tab;clown;0;1.8652;0.2823;5.1442;false;2.35
680;tab;clown;1;2.0245;0.3869;4.8622;true;2.35
680;tab;acrobat;0;4.0972;0.4321;4.7122;true;2.40
680;tab;acrobat;1;4.2305;0.3408;4.5383;false;2.40
681;tab;clown;0;1.8656;0.2824;5.1480;false;2.35
681;tab;clown;1;2.1573;0.3867;4.8469;true;2.35
681;tab;acrobat;0;4.1803;0.4609;4.7136;true;2.40
681;tab;acrobat;1;4.2304;0.3408;4.5390;false;2.40
682;tab;clown;0;1.8707;0.2865;5.1521;true;2.36
682;tab;clown;1;2.2755;0.3757;4.8294;true;2.36
682;tab;acrobat;0;4.2872;0.4799;4.7174;true;2.40
682;tab;acrobat;1;4.2304;0.3408;4.5394;false;2.40
683;tab;clown;0;1.8916;0.3153;5.1522;true;2.36
683;tab;clown;1;2.3642;0.3559;4.8121;true;2.36
683;tab;acrobat;0;4.4103;0.4904;4.7210;true;2.40
683;tab;acrobat;1;4.2304;0.3408;4.5385;false;2.40
684;tab;clown;0;1.9590;0.3471;5.1366;true;2.36
684;tab;clown;1;2.4079;0.3314;4.8054;false;2.36
684;tab;acrobat;0;4.5427;0.4899;4.7203;true;2.40
684;tab;acrobat;1;4.2303;0.3409;4.5354;false;2.40
685;tab;clown;0;2.0608;0.3740;5.1134;true;2.36
685;tab;clown;1;2.4085;0.3318;4.8087;false;2.36
685;tab;acrobat;0;4.6765;0.4768;4.7160;true;2.40
685;tab;acrobat;1;4.2303;0.3411;4.5307;true;2.40
686;tab;clown;0;2.1872;0.3937;5.0931;true;2.36
686;tab;clown;1;2.4090;0.3321;4.8102;false;2.36
686;tab;acrobat;0;4.8034;0.4538;4.7141;true;2.40
686;tab;acrobat;1;4.2506;0.3823;4.5301;true;2.40
687;tab;clown;0;2.3254;0.4040;5.0791;true;2.36
687;tab;clown;1;2.4095;0.3325;4.8085;false;2.36
687;tab;acrobat;0;4.9146;0.4226;4.7161;true;2.40
687;tab;acrobat;1;4.3085;0.4199;4.5349;true;2.40
688;tab;clown;0;2.4619;0.4034;5.0603;true;2.36
688;tab;clown;1;2.4095;0.3326;4.8070;false;2.36
688;tab;acrobat;0;5.0003;0.3859;4.7204;true;2.40
688;tab;acrobat;1;4.3981;0.4512;4.5427;true;2.40
689;tab;clown;0;2.5816;0.3921;5.0433;true;2.37
689;tab;clown;1;2.4094;0.3326;4.8065;false;2.37
689;tab;acrobat;0;5.0498;0.3465;4.7234;true;2.40
689;tab;acrobat;1;4.5129;0.4742;4.5493;true;2.40
690;tab;clown;0;2.6690;0.3724;5.0360;true;2.37
690;tab;clown;1;2.4096;0.3326;4.8074;false;2.37
690;tab;acrobat;0;5.0696;0.3416;4.7222;false;2.40
690;tab;acrobat;1;4.6454;0.4875;4.5518;true;2.40
691;tab;clown;0;2.7082;0.3506;5.0319;false;2.37
691;tab;clown;1;2.4102;0.3325;4.8095;false;2.37
691;tab;acrobat;0;5.0701;0.3419;4.7213;false;2.40
691;tab;acrobat;1;4.7869;0.4900;4.5479;true;2.40
692;tab;clown;0;2.7081;0.3513;5.0277;false;2.37
692;tab;clown;1;2.4105;0.3324;4.8112;false;2.37
692;tab;acrobat;0;5.0707;0.3422;4.7220;false;2.40
692;tab;acrobat;1;4.9300;0.4811;4.5452;true;2.40
693;tab;clown;0;2.7083;0.3519;5.0257;false;2.38
693;tab;clown;1;2.4107;0.3323;4.8120;false;2.38
693;tab;acrobat;0;5.0708;0.3422;4.7233;false;2.40
693;tab;acrobat;1;5.0659;0.4618;4.5472;true;2.40
694;tab;clown;0;2.7088;0.3523;5.0259;false;2.37
694;tab;clown;1;2.4104;0.3323;4.8114;false;2.37
694;tab;acrobat;0;5.0707;0.3422;4.7244;false;2.40
694;tab;acrobat;1;5.1840;0.4336;4.5500;true;2.40
695;tab;clown;0;2.7094;0.3525;5.0274;false;2.37
695;tab;clown;1;2.4098;0.3325;4.8087;false;2.37
695;tab;acrobat;0;5.0706;0.3422;4.7248;false;2.40
695;tab;acrobat;1;5.2730;0.4030;4.5506;true;2.40
696;tab;clown;0;2.7101;0.3526;5.0296;false;2.37
696;tab;clown;1;2.4089;0.3328;4.8036;true;2.37
696;tab;acrobat;0;5.0707;0.3422;4.7246;false;2.40
696;tab;acrobat;1;5.3201;0.3696;4.5500;true;2.40
697;tab;clown;0;2.7107;0.3526;5.0318;false;2.36
697;tab;clown;1;2.4317;0.3645;4.7986;true;2.36
697;tab;acrobat;0;5.0707;0.3422;4.7240;false;2.40
697;tab;acrobat;1;5.3366;0.3694;4.5515;false;2.40
698;tab;clown;0;2.7108;0.3526;5.0328;false;2.35
698;tab;clown;1;2.4965;0.3929;4.7957;true;2.35
698;tab;acrobat;0;5.0708;0.3422;4.7231;false;2.40
698;tab;acrobat;1;5.3367;0.3695;4.5525;false;2.40
699;tab;clown;0;2.7106;0.3526;5.0322;false;2.34
699;tab;clown;1;2.5938;0.4150;4.7887;true;2.34
699;tab;acrobat;0;5.0709;0.3422;4.7224;false;2.40
699;tab;acrobat;1;5.3369;0.3696;4.5530;false;2.40
700;tab;clown;0;2.7103;0.3526;5.0306;false;2.34
700;tab;clown;1;2.7131;0.4281;4.7743;true;2.34
700;tab;acrobat;0;5.0710;0.3422;4.7218;false;2.40
700;tab;acrobat;1;5.3370;0.3697;4.5529;false;2.40
701;tab;clown;0;2.7102;0.3526;5.0291;false;2.34
701;tab;clown;1;2.8445;0.4314;4.7607;true;2.34
701;tab;acrobat;0;5.0710;0.3422;4.7215;false;2.40
701;tab;acrobat;1;5.3371;0.3698;4.5525;false;2.40
702;tab;clown;0;2.7102;0.3526;5.0294;false;2.33
702;tab;clown;1;2.9743;0.4252;4.7523;true;2.33
702;tab;acrobat;0;5.0709;0.3422;4.7216;false;2.40
702;tab;acrobat;1;5.3373;0.3698;4.5519;false;2.40
703;tab;clown;0;2.7104;0.3527;5.0327;false;2.33
703;tab;clown;1;3.0897;0.4094;4.7400;true;2.33
703;tab;acrobat;0;5.0709;0.3422;4.7222;false;2.40
703;tab;acrobat;1;5.3374;0.3699;4.5511;false;2.40
704;tab;clown;0;2.7108;0.3530;5.0381;true;2.34
704;tab;clown;1;3.1766;0.3867;4.7269;true;2.34
704;tab;acrobat;0;5.0708;0.3422;4.7233;false;2.40
704;tab;acrobat;1;5.3375;0.3699;4.5503;false;2.40
705;tab;clown;0;2.7350;0.3842;5.0393;true;2.34
705;tab;clown;1;3.2198;0.3613;4.7224;false;2.34
705;tab;acrobat;0;5.0707;0.3422;4.7250;true;2.40
705;tab;acrobat;1;5.3376;0.3699;4.5495;false;2.40
706;tab;clown;0;2.8014;0.4116;5.0275;true;2.34
706;tab;clown;1;3.2203;0.3617;4.7261;false;2.34
706;tab;acrobat;0;5.0895;0.3848;4.7251;true;2.40
706;tab;acrobat;1;5.3376;0.3699;4.5490;false;2.40
707;tab;clown;0;2.9018;0.4307;5.0094;true;2.33
707;tab;clown;1;3.2207;0.3621;4.7279;false;2.33
707;tab;acrobat;0;5.1427;0.4267;4.7237;true;2.40
707;tab;acrobat;1;5.3376;0.3699;4.5491;false;2.40
708;tab;clown;0;3.0264;0.4403;4.9964;true;2.33
708;tab;clown;1;3.2212;0.3624;4.7275;false;2.33
708;tab;acrobat;0;5.2249;0.4652;4.7231;true;2.40
708;tab;acrobat;1;5.3375;0.3699;4.5496;false;2.40
709;tab;clown;0;3.1634;0.4384;4.9887;true;2.32
709;tab;clown;1;3.2215;0.3626;4.7254;false;2.32
709;tab;acrobat;0;5.3295;0.4977;4.7249;true;2.40
709;tab;acrobat;1;5.3375;0.3699;4.5501;false;2.40
710;tab;clown;0;3.2997;0.4248;4.9752;true;2.31
710;tab;clown;1;3.2215;0.3626;4.7244;false;2.31
710;tab;acrobat;0;5.4502;0.5222;4.7272;true;2.40
710;tab;acrobat;1;5.3375;0.3699;4.5501;false;2.40
711;tab;clown;0;3.4212;0.4007;4.9625;true;2.31
711;tab;clown;1;3.2217;0.3626;4.7252;false;2.31
711;tab;acrobat;0;5.5797;0.5372;4.7269;true;2.40
711;tab;acrobat;1;5.3375;0.3699;4.5490;false;2.40
712;tab;clown;0;3.5141;0.3689;4.9583;true;2.30
712;tab;clown;1;3.2223;0.3625;4.7277;false;2.30
712;tab;acrobat;0;5.7106;0.5400;4.7232;true;2.40
712;tab;acrobat;1;5.3374;0.3699;4.5465;false;2.40
713;tab;clown;0;3.5643;0.3378;4.9567;true;2.29
713;tab;clown;1;3.2227;0.3624;4.7299;false;2.29
713;tab;acrobat;0;5.8352;0.5302;4.7211;true;2.40
713;tab;acrobat;1;5.3412;0.3759;4.5440;false;2.40
714;tab;clown;0;3.5831;0.3367;4.9528;false;2.29
714;tab;clown;1;3.2229;0.3622;4.7312;false;2.29
714;tab;acrobat;0;5.9441;0.5105;4.7223;true;2.40
714;tab;acrobat;1;5.3510;0.3897;4.5418;true;2.40
715;tab;clown;0;3.5833;0.3373;4.9497;false;2.29
715;tab;clown;1;3.2226;0.3622;4.7301;false;2.29
715;tab;acrobat;0;6.0279;0.4820;4.7253;true;2.40
715;tab;acrobat;1;5.3579;0.4129;4.5394;true;2.40
716;tab;clown;0;3.5836;0.3378;4.9488;false;2.29
716;tab;clown;1;3.2219;0.3624;4.7265;false;2.29
716;tab;acrobat;0;6.0762;0.4468;4.7277;true;2.40
716;tab;acrobat;1;5.4153;0.4554;4.5436;true;2.40
717;tab;clown;0;3.5841;0.3381;4.9496;false;2.29
717;tab;clown;1;3.2210;0.3630;4.7199;true;2.29
717;tab;acrobat;0;6.0955;0.4428;4.7264;false;2.40
717;tab;acrobat;1;5.5046;0.4939;4.5510;true;2.40
718;tab;clown;0;3.5847;0.3383;4.9516;false;2.29
718;tab;clown;1;3.2427;0.3926;4.7138;true;2.29
718;tab;acrobat;0;6.0957;0.4430;4.7252;false;2.40
718;tab;acrobat;1;5.6189;0.5260;4.5563;true;2.40
719;tab;clown;0;3.5853;0.3383;4.9539;false;2.29
719;tab;clown;1;3.3053;0.4163;4.7143;true;2.29
719;tab;acrobat;0;6.0959;0.4432;4.7247;false;2.40
719;tab;acrobat;1;5.7505;0.5495;4.5572;true;2.40
720;tab;clown;0;3.5855;0.3383;4.9554;false;2.29
720;tab;clown;1;3.4003;0.4312;4.7139;true;2.29
720;tab;acrobat;0;6.0965;0.4434;4.7258;false;2.40
720;tab;acrobat;1;5.8912;0.5627;4.5529;true;2.40
721;tab;clown;0;3.5853;0.3383;4.9552;false;2.29
721;tab;clown;1;3.5175;0.4363;4.7051;true;2.29
721;tab;acrobat;0;6.0967;0.4435;4.7271;false;2.40
721;tab;acrobat;1;6.0336;0.5645;4.5511;true;2.40
722;tab;clown;0;3.5852;0.3383;4.9536;false;2.29
722;tab;clown;1;3.6474;0.4299;4.6942;true;2.29
722;tab;acrobat;0;6.0967;0.4435;4.7280;false;2.40
722;tab;acrobat;1;6.1686;0.5549;4.5531;true;2.40
723;tab;clown;0;3.5852;0.3383;4.9513;false;2.29
723;tab;clown;1;3.7788;0.4122;4.6888;true;2.29
723;tab;acrobat;0;6.0967;0.4435;4.7283;false;2.40
723;tab;acrobat;1;6.2858;0.5344;4.5549;true;2.40
724;tab;clown;0;3.5852;0.3382;4.9509;false;2.28
724;tab;clown;1;3.8985;0.3847;4.6816;true;2.28
724;tab;acrobat;0;6.0967;0.4435;4.7278;false;2.40
724;tab;acrobat;1;6.3748;0.5048;4.5540;true;2.40
725;tab;clown;0;3.5852;0.3383;4.9530;false;2.28
725;tab;clown;1;3.9929;0.3528;4.6706;true;2.28
725;tab;acrobat;0;6.0969;0.4435;4.7268;false;2.40
725;tab;acrobat;1;6.4254;0.4686;4.5525;true;2.40
726;tab;clown;0;3.5852;0.3385;4.9575;false;2.28
726;tab;clown;1;4.0476;0.3195;4.6651;true;2.28
726;tab;acrobat;0;6.0970;0.4434;4.7255;false;2.40
726;tab;acrobat;1;6.4454;0.4632;4.5540;false;2.40
727;freio;clown;0;3.5856;0.3391;4.9659;true;2.28
727;freio;clown;1;4.0686;0.3129;4.6668;false;2.28
727;freio;acrobat;0;6.0971;0.4434;4.7248;false;1.90
727;freio;acrobat;1;6.4455;0.4633;4.5552;false;1.90
728;freio;clown;0;3.6093;0.3684;4.9704;true;2.27
728;freio;clown;1;4.0690;0.3133;4.6697;false;2.27
728;freio;acrobat;0;6.0971;0.4434;4.7244;false;1.40
728;freio;acrobat;1;6.4456;0.4634;4.5557;false;1.40
729;freio;clown;0;3.6725;0.3916;4.9603;true;2.23
729;freio;clown;1;4.0694;0.3137;4.6708;false;2.23
729;freio;acrobat;0;6.0971;0.4434;4.7243;false;0.90
729;freio;acrobat;1;6.4457;0.4635;4.5558;false;0.90
730;freio;clown;0;3.7654;0.4063;4.9430;true;2.17
730;freio;clown;1;4.0696;0.3139;4.6706;false;2.17
730;freio;acrobat;0;6.0971;0.4434;4.7243;false;0.40
730;freio;acrobat;1;6.4458;0.4635;4.5558;false;0.40
731;freio;clown;0;3.8772;0.4125;4.9315;true;2.10
731;freio;clown;1;4.0700;0.3141;4.6691;false;2.10
731;freio;acrobat;0;6.0970;0.4434;4.7248;false;0.00
731;freio;acrobat;1;6.4460;0.4636;4.5552;true;0.00
732;freio;clown;0;3.9957;0.4116;4.9283;true;2.01
732;freio;clown;1;4.0702;0.3142;4.6677;false;2.01
732;freio;acrobat;0;6.0969;0.4434;4.7253;true;0.00
732;freio;acrobat;1;6.4443;0.4894;4.5553;true;0.00
733;freio;clown;0;4.1128;0.4031;4.9221;true;1.93
733;freio;clown;1;4.0702;0.3142;4.6674;false;1.93
733;freio;acrobat;0;6.0983;0.4694;4.7252;true;0.00
733;freio;acrobat;1;6.4394;0.5145;4.5553;true;0.00
734;freio;clown;0;4.2203;0.3887;4.9121;true;1.86
734;freio;clown;1;4.0704;0.3142;4.6682;false;1.86
734;freio;acrobat;0;6.1021;0.4949;4.7253;true;0.00
734;freio;acrobat;1;6.4317;0.5380;4.5550;true;0.00
735;freio;clown;0;4.3120;0.3697;4.9047;true;1.78
735;freio;clown;1;4.0707;0.3141;4.6698;false;1.78
735;freio;acrobat;0;6.1082;0.5192;4.7256;true;0.00
735;freio;acrobat;1;6.4216;0.5592;4.5545;true;0.00
736;freio;clown;0;4.3838;0.3482;4.9031;true;1.71
736;freio;clown;1;4.0710;0.3140;4.6713;false;1.71
736;freio;acrobat;0;6.1161;0.5415;4.7259;true;0.00
736;freio;acrobat;1;6.4094;0.5776;4.5540;true;0.00
737;freio;clown;0;4.4319;0.3267;4.9032;true;1.64
737;freio;clown;1;4.0711;0.3139;4.6719;false;1.64
737;freio;acrobat;0;6.1255;0.5610;4.7263;true;0.00
737;freio;acrobat;1;6.3955;0.5924;4.5533;true;0.00
738;freio;clown;0;4.4531;0.3104;4.9014;false;1.58
738;freio;clown;1;4.0712;0.3138;4.6727;false;1.58
738;freio;acrobat;0;6.1363;0.5773;4.7267;true;0.00
738;freio;acrobat;1;6.3804;0.6034;4.5527;true;0.00
739;freio;clown;0;4.4531;0.3108;4.8987;false;1.51
739;freio;clown;1;4.0709;0.3138;4.6716;false;1.51
739;freio;acrobat;0;6.1480;0.5898;4.7271;true;0.00
739;freio;acrobat;1;6.3644;0.6101;4.5522;true;0.00
740;freio;clown;0;4.4533;0.3112;4.8972;false;1.45
740;freio;clown;1;4.0706;0.3140;4.6695;false;1.45
740;freio;acrobat;0;6.1603;0.5981;4.7274;true;0.00
740;freio;acrobat;1;6.3480;0.6123;4.5518;true;0.00
741;freio;clown;0;4.4535;0.3114;4.8966;false;1.39
741;freio;clown;1;4.0702;0.3142;4.6666;false;1.39
741;freio;acrobat;0;6.1730;0.6021;4.7273;true;0.00
741;freio;acrobat;1;6.3316;0.6100;4.5518;true;0.00
742;freio;clown;0;4.4537;0.3117;4.8967;false;1.34
742;freio;clown;1;4.0697;0.3145;4.6626;true;1.34
742;freio;acrobat;0;6.1856;0.6015;4.7273;true;0.00
742;freio;acrobat;1;6.3156;0.6033;4.5518;true;0.00
743;freio;clown;0;4.4540;0.3118;4.8973;false;1.28
743;freio;clown;1;4.0764;0.3318;4.6591;true;1.28
743;freio;acrobat;0;6.1980;0.5964;4.7273;true;0.00
743;freio;acrobat;1;6.3004;0.5923;4.5518;true;0.00
744;freio;clown;0;4.4543;0.3119;4.8982;false;1.23
744;freio;clown;1;4.0955;0.3474;4.6573;true;1.23
744;freio;acrobat;0;6.2097;0.5870;4.7273;true;0.00
744;freio;acrobat;1;6.2865;0.5775;4.5518;true;0.00
745;freio;clown;0;4.4545;0.3120;4.8993;false;1.18
745;freio;clown;1;4.1241;0.3611;4.6574;true;1.18
745;freio;acrobat;0;6.2205;0.5736;4.7273;true;0.00
745;freio;acrobat;1;6.2742;0.5591;4.5518;true;0.00
746;freio;clown;0;4.4548;0.3120;4.9003;false;1.13
746;freio;clown;1;4.1599;0.3730;4.6588;true;1.13
746;freio;acrobat;0;6.2300;0.5566;4.7273;true;0.00
746;freio;acrobat;1;6.2639;0.5379;4.5517;true;0.00
747;freio;clown;0;4.4550;0.3120;4.9014;false;1.08
747;freio;clown;1;4.2018;0.3830;4.6599;true;1.08
747;freio;acrobat;0;6.2379;0.5364;4.7272;true;0.00
747;freio;acrobat;1;6.2560;0.5145;4.5517;true;0.00
748;freio;clown;0;4.4551;0.3120;4.9022;false;1.04
748;freio;clown;1;4.2482;0.3909;4.6597;true;1.04
748;freio;acrobat;0;6.2440;0.5138;4.7272;true;0.00
748;freio;acrobat;1;6.2510;0.4895;4.5517;true;0.00
749;freio;clown;0;4.4552;0.3120;4.9026;false;0.99
749;freio;clown;1;4.2979;0.3966;4.6578;true;0.99
749;freio;acrobat;0;6.2479;0.4893;4.7272;true;0.00
749;freio;acrobat;1;6.2492;0.4637;4.5517;false;0.00
750;freio;clown;0;4.4551;0.3120;4.9028;false;0.95
750;freio;clown;1;4.3496;0.3997;4.6544;true;0.95
750;freio;acrobat;0;6.2492;0.4637;4.7272;false;0.00
750;freio;acrobat;1;6.2492;0.4637;4.5517;false;0.00
751;freio;clown;0;4.4551;0.3120;4.9028;false;0.91
751;freio;clown;1;4.4020;0.4006;4.6506;true;0.91
751;freio;acrobat;0;6.2492;0.4637;4.7272;false;0.00
751;freio;acrobat;1;6.2492;0.4637;4.5517;false;0.00
752;freio;clown;0;4.4550;0.3120;4.9024;false;0.88
752;freio;clown;1;4.4526;0.3995;4.6469;true;0.88
752;freio;acrobat;0;6.2492;0.4637;4.7272;false;0.00
752;freio;acrobat;1;6.2492;0.4637;4.5517;false;0.00
753;freio;clown;0;4.4549;0.3120;4.9019;false;0.85
753;freio;clown;1;4.5023;0.3960;4.6441;true;0.85
753;freio;acrobat;0;6.2492;0.4637;4.7272;false;0.00
753;freio;acrobat;1;6.2492;0.4637;4.5517;false;0.00
754;freio;clown;0;4.4549;0.3120;4.9014;false;0.82
754;freio;clown;1;4.5491;0.3902;4.6422;true;0.82
754;freio;acrobat;0;6.2492;0.4637;4.7272;false;0.00
754;freio;acrobat;1;6.2492;0.4637;4.5517;false;0.00
755;freio;clown;0;4.4549;0.3120;4.9008;false;0.79
755;freio;clown;1;4.5916;0.3823;4.6410;true;0.79
755;freio;acrobat;0;6.2492;0.4637;4.7272;false;0.00
755;freio;acrobat;1;6.2492;0.4637;4.5517;false;0.00
756;freio;clown;0;4.4549;0.3120;4.9002;false;0.76
756;freio;clown;1;4.6287;0.3724;4.6401;true;0.76
756;freio;acrobat;0;6.2492;0.4637;4.7272;false;0.00
756;freio;acrobat;1;6.2492;0.4637;4.5517;false;0.00
757;freio;clown;0;4.4549;0.3120;4.8996;false;0.73
757;freio;clown;1;4.6590;0.3610;4.6392;true;0.73
757;freio;acrobat;0;6.2492;0.4637;4.7272;false;0.00
757;freio;acrobat;1;6.2492;0.4637;4.5517;false;0.00
758;freio;clown;0;4.4550;0.3120;4.8992;false;0.72
758;freio;clown;1;4.6836;0.3483;4.6383;true;0.72
758;freio;acrobat;0;6.2492;0.4637;4.7272;false;0.00
758;freio;acrobat;1;6.2492;0.4637;4.5517;false;0.00
759;freio;clown;0;4.4550;0.3120;4.8988;false;0.72
759;freio;clown;1;4.7021;0.3348;4.6374;true;0.72
759;freio;acrobat;0;6.2492;0.4637;4.7272;false;0.00
759;freio;acrobat;1;6.2492;0.4637;4.5517;false;0.00
760;freio;clown;0;4.4550;0.3120;4.8985;false;0.72
760;freio;clown;1;4.7102;0.3234;4.6375;false;0.72
760;freio;acrobat;0;6.2492;0.4637;4.7272;false;0.00
760;freio;acrobat;1;6.2492;0.4637;4.5517;false;0.00
761;freio;clown;0;4.4550;0.3120;4.8986;false;0.72
761;freio;clown;1;4.7103;0.3235;4.6375;false;0.72
761;freio;acrobat;0;6.2492;0.4637;4.7272;false;0.00
761;freio;acrobat;1;6.2492;0.4637;4.5517;false;0.00
762;freio;clown;0;4.4550;0.3120;4.8988;false;0.72
762;freio;clown;1;4.7104;0.3236;4.6373;false;0.72
762;freio;acrobat;0;6.2492;0.4637;4.7272;false;0.00
762;freio;acrobat;1;6.2492;0.4637;4.5517;false;0.00
763;freio;clown;0;4.4550;0.3120;4.8991;false;0.72
763;freio;clown;1;4.7105;0.3237;4.6371;false;0.72
763;freio;acrobat;0;6.2492;0.4637;4.7272;false;0.00
763;freio;acrobat;1;6.2492;0.4637;4.5517;false;0.00
764;freio;clown;0;4.4549;0.3120;4.8995;false;0.72
764;freio;clown;1;4.7105;0.3237;4.6369;false;0.72
764;freio;acrobat;0;6.2492;0.4637;4.7272;false;0.00
764;freio;acrobat;1;6.2492;0.4637;4.5517;false;0.00
765;freio;clown;0;4.4549;0.3120;4.9000;false;0.72
765;freio;clown;1;4.7106;0.3238;4.6366;false;0.72
765;freio;acrobat;0;6.2492;0.4637;4.7272;false;0.00
765;freio;acrobat;1;6.2492;0.4637;4.5517;false;0.00
766;freio;clown;0;4.4549;0.3120;4.9005;false;0.72
766;freio;clown;1;4.7106;0.3238;4.6363;false;0.72
766;freio;acrobat;0;6.2492;0.4637;4.7272;false;0.00
766;freio;acrobat;1;6.2492;0.4637;4.5517;false;0.00
767;freio;clown;0;4.4549;0.3120;4.9012;false;0.72
767;freio;clown;1;4.7107;0.3239;4.6359;false;0.72
767;freio;acrobat;0;6.2492;0.4637;4.7272;false;0.00
767;freio;acrobat;1;6.2492;0.4637;4.5517;false;0.00
768;freio;clown;0;4.4549;0.3121;4.9020;true;0.72
768;freio;clown;1;4.7107;0.3239;4.6356;false;0.72
768;freio;acrobat;0;6.2492;0.4637;4.7272;false;0.00
768;freio;acrobat;1;6.2492;0.4637;4.5517;false;0.00
769;freio;clown;0;4.4591;0.3278;4.9022;true;0.72
769;freio;clown;1;4.7108;0.3239;4.6351;false;0.72
769;freio;acrobat;0;6.2492;0.4637;4.7272;false;0.00
769;freio;acrobat;1;6.2492;0.4637;4.5517;false;0.00
770;freio;clown;0;4.4713;0.3434;4.9013;true;0.72
770;freio;clown;1;4.7109;0.3239;4.6346;false;0.72
770;freio;acrobat;0;6.2492;0.4637;4.7272;false;0.00
770;freio;acrobat;1;6.2492;0.4637;4.5517;false;0.00
771;freio;clown;0;4.4907;0.3585;4.8995;true;0.72
771;freio;clown;1;4.7109;0.3240;4.6341;false;0.72
771;freio;acrobat;0;6.2492;0.4637;4.7272;false;0.00
771;freio;acrobat;1;6.2492;0.4637;4.5517;false;0.00
772;freio;clown;0;4.5165;0.3726;4.8974;true;0.72
772;freio;clown;1;4.7110;0.3240;4.6338;false;0.72
772;freio;acrobat;0;6.2492;0.4637;4.7272;false;0.00
772;freio;acrobat;1;6.2492;0.4637;4.5517;false;0.00
773;freio;clown;0;4.5480;0.3854;4.8953;true;0.72
773;freio;clown;1;4.7110;0.3240;4.6335;false;0.72
773;freio;acrobat;0;6.2492;0.4637;4.7272;false;0.00
773;freio;acrobat;1;6.2492;0.4637;4.5517;false;0.00
774;freio;clown;0;4.5842;0.3964;4.8938;true;0.72
774;freio;clown;1;4.7110;0.3240;4.6334;false;0.72
774;freio;acrobat;0;6.2492;0.4637;4.7272;false;0.00
774;freio;acrobat;1;6.2492;0.4637;4.5517;false;0.00
775;freio;clown;0;4.6244;0.4053;4.8928;true;0.72
775;freio;clown;1;4.7110;0.3240;4.6334;false;0.72
775;freio;acrobat;0;6.2492;0.4637;4.7272;false;0.00
775;freio;acrobat;1;6.2492;0.4637;4.5517;false;0.00
776;freio;clown;0;4.6675;0.4119;4.8920;true;0.72
776;freio;clown;1;4.7110;0.3240;4.6336;false;0.72
776;freio;acrobat;0;6.2492;0.4637;4.7272;false;0.00
776;freio;acrobat;1;6.2492;0.4637;4.5517;false;0.00
